target,malaria,target_renamed,malaria_renamed,T-cid,M-cid,T-lig,M-lig,T-gene,M-gene,pubchem_cid,smiles,blast_evalue,blast_alignment_length,blast_bit_score,blast_percent_identity,ligand_D,M_D_align_evalue,M_D_rmsd,M_D_align_len,3d_align_evalue,3d_rmsd,3d_align_len,T-lig-code,M-lig-code,ligand_id
1C14,3AM3,1C14_renamed.pdb,3AM3_renamed.pdb,A,A,"['NAD: NICOTINAMIDE-ADENINE-DINUCLEOTIDE', 'TCL: TRICLOSAN']","['NAD: NICOTINAMIDE-ADENINE-DINUCLEOTIDE', 'TCL: TRICLOSAN']",['N/A'],['FabI'],,,6.74e-20,237,87.0,25.738,,,,,,,,"['NAD', 'TCL']","['NAD', 'TCL']",NAD
1C14,1UH5,1C14_renamed.pdb,1UH5_renamed.pdb,A,A,"['NAD: NICOTINAMIDE-ADENINE-DINUCLEOTIDE', 'TCL: TRICLOSAN']","['TCL: TRICLOSAN', 'NAD: NICOTINAMIDE-ADENINE-DINUCLEOTIDE']",['N/A'],['FabI'],,,2.78e-19,237,85.5,25.316,,,,,,,,"['NAD', 'TCL']","['TCL', 'NAD']",NAD
1C14,2OL4,1C14_renamed.pdb,2OL4_renamed.pdb,A,A,"['NAD: NICOTINAMIDE-ADENINE-DINUCLEOTIDE', 'TCL: TRICLOSAN']","['NAD: NICOTINAMIDE-ADENINE-DINUCLEOTIDE', 'JPN: 2-(2,4-DICHLOROPHENOXY)-5-(3-PHENYLPROPYL)PHENOL']",['N/A'],['FabI'],,,7.72e-19,237,84.3,24.051,,,,,,,,"['NAD', 'TCL']","['NAD', 'JPN']",NAD
1C14,1VRW,1C14_renamed.pdb,1VRW_renamed.pdb,A,A,"['NAD: NICOTINAMIDE-ADENINE-DINUCLEOTIDE', 'TCL: TRICLOSAN']","['NAI: 1,4-DIHYDRONICOTINAMIDE ADENINE DINUCLEOTIDE']",['N/A'],['N/A'],,,8.04e-19,237,84.0,24.051,,,,,,,,"['NAD', 'TCL']",['NAI'],NAD
1C14,3AM5,1C14_renamed.pdb,3AM5_renamed.pdb,A,A,"['NAD: NICOTINAMIDE-ADENINE-DINUCLEOTIDE', 'TCL: TRICLOSAN']","['NAD: NICOTINAMIDE-ADENINE-DINUCLEOTIDE', 'TCL: TRICLOSAN']",['N/A'],['fabI'],,,1.37e-18,237,83.6,25.316,,,,,,,,"['NAD', 'TCL']","['NAD', 'TCL']",NAD
1C14,1NHG,1C14_renamed.pdb,1NHG_renamed.pdb,A,A,"['NAD: NICOTINAMIDE-ADENINE-DINUCLEOTIDE', 'TCL: TRICLOSAN']","['NAD: NICOTINAMIDE-ADENINE-DINUCLEOTIDE', 'TCL: TRICLOSAN']",['N/A'],"['N/A', 'N/A']",,,2.72e-14,141,70.1,29.078,,,,,,,,"['NAD', 'TCL']","['NAD', 'TCL']",NAD
1D7O,3AM3,1D7O_renamed.pdb,3AM3_renamed.pdb,A,A,"['NAD: NICOTINAMIDE-ADENINE-DINUCLEOTIDE', 'TCL: TRICLOSAN']","['NAD: NICOTINAMIDE-ADENINE-DINUCLEOTIDE', 'TCL: TRICLOSAN']",['N/A'],['FabI'],,,3.62e-102,321,301.0,47.975,,,,,,,,"['NAD', 'TCL']","['NAD', 'TCL']",NAD
1D7O,3AM5,1D7O_renamed.pdb,3AM5_renamed.pdb,A,A,"['NAD: NICOTINAMIDE-ADENINE-DINUCLEOTIDE', 'TCL: TRICLOSAN']","['NAD: NICOTINAMIDE-ADENINE-DINUCLEOTIDE', 'TCL: TRICLOSAN']",['N/A'],['fabI'],,,4.78e-101,321,298.0,47.664,,,,,,,,"['NAD', 'TCL']","['NAD', 'TCL']",NAD
1D7O,1UH5,1D7O_renamed.pdb,1UH5_renamed.pdb,A,A,"['NAD: NICOTINAMIDE-ADENINE-DINUCLEOTIDE', 'TCL: TRICLOSAN']","['TCL: TRICLOSAN', 'NAD: NICOTINAMIDE-ADENINE-DINUCLEOTIDE']",['N/A'],['FabI'],,,6.21e-101,321,298.0,47.664,,,,,,,,"['NAD', 'TCL']","['TCL', 'NAD']",NAD
1D7O,2OL4,1D7O_renamed.pdb,2OL4_renamed.pdb,A,A,"['NAD: NICOTINAMIDE-ADENINE-DINUCLEOTIDE', 'TCL: TRICLOSAN']","['NAD: NICOTINAMIDE-ADENINE-DINUCLEOTIDE', 'JPN: 2-(2,4-DICHLOROPHENOXY)-5-(3-PHENYLPROPYL)PHENOL']",['N/A'],['FabI'],,,6.69e-101,321,298.0,47.664,,,,,,,,"['NAD', 'TCL']","['NAD', 'JPN']",NAD
1D7O,1VRW,1D7O_renamed.pdb,1VRW_renamed.pdb,A,A,"['NAD: NICOTINAMIDE-ADENINE-DINUCLEOTIDE', 'TCL: TRICLOSAN']","['NAI: 1,4-DIHYDRONICOTINAMIDE ADENINE DINUCLEOTIDE']",['N/A'],['N/A'],,,6.77e-101,321,298.0,47.664,,,,,,,,"['NAD', 'TCL']",['NAI'],NAD
1D7O,1NHG,1D7O_renamed.pdb,1NHG_renamed.pdb,A,A,"['NAD: NICOTINAMIDE-ADENINE-DINUCLEOTIDE', 'TCL: TRICLOSAN']","['NAD: NICOTINAMIDE-ADENINE-DINUCLEOTIDE', 'TCL: TRICLOSAN']",['N/A'],"['N/A', 'N/A']",,,2.14e-88,225,263.0,55.111,,,,,,,,"['NAD', 'TCL']","['NAD', 'TCL']",NAD
1D7O,1NHG,1D7O_renamed.pdb,1NHG_renamed.pdb,A,C,"['NAD: NICOTINAMIDE-ADENINE-DINUCLEOTIDE', 'TCL: TRICLOSAN']","['NAD: NICOTINAMIDE-ADENINE-DINUCLEOTIDE', 'TCL: TRICLOSAN']",['N/A'],"['N/A', 'N/A']",,,3.53e-12,53,60.5,54.717,,,,,,,,"['NAD', 'TCL']","['NAD', 'TCL']",NAD
1D8A,3AM3,1D8A_renamed.pdb,3AM3_renamed.pdb,A,A,"['NAD: NICOTINAMIDE-ADENINE-DINUCLEOTIDE', 'TCL: TRICLOSAN']","['NAD: NICOTINAMIDE-ADENINE-DINUCLEOTIDE', 'TCL: TRICLOSAN']",['N/A'],['FabI'],,,6.04e-20,237,87.0,25.738,,,,,,,,"['NAD', 'TCL']","['NAD', 'TCL']",NAD
1D8A,1UH5,1D8A_renamed.pdb,1UH5_renamed.pdb,A,A,"['NAD: NICOTINAMIDE-ADENINE-DINUCLEOTIDE', 'TCL: TRICLOSAN']","['TCL: TRICLOSAN', 'NAD: NICOTINAMIDE-ADENINE-DINUCLEOTIDE']",['N/A'],['FabI'],,,2.51e-19,237,85.5,25.316,,,,,,,,"['NAD', 'TCL']","['TCL', 'NAD']",NAD
1D8A,2OL4,1D8A_renamed.pdb,2OL4_renamed.pdb,A,A,"['NAD: NICOTINAMIDE-ADENINE-DINUCLEOTIDE', 'TCL: TRICLOSAN']","['NAD: NICOTINAMIDE-ADENINE-DINUCLEOTIDE', 'JPN: 2-(2,4-DICHLOROPHENOXY)-5-(3-PHENYLPROPYL)PHENOL']",['N/A'],['FabI'],,,7.8e-19,237,84.3,24.051,,,,,,,,"['NAD', 'TCL']","['NAD', 'JPN']",NAD
1D8A,1VRW,1D8A_renamed.pdb,1VRW_renamed.pdb,A,A,"['NAD: NICOTINAMIDE-ADENINE-DINUCLEOTIDE', 'TCL: TRICLOSAN']","['NAI: 1,4-DIHYDRONICOTINAMIDE ADENINE DINUCLEOTIDE']",['N/A'],['N/A'],,,7.96e-19,237,84.0,24.051,,,,,,,,"['NAD', 'TCL']",['NAI'],NAD
1D8A,3AM5,1D8A_renamed.pdb,3AM5_renamed.pdb,A,A,"['NAD: NICOTINAMIDE-ADENINE-DINUCLEOTIDE', 'TCL: TRICLOSAN']","['NAD: NICOTINAMIDE-ADENINE-DINUCLEOTIDE', 'TCL: TRICLOSAN']",['N/A'],['fabI'],,,1.37e-18,237,83.2,25.316,,,,,,,,"['NAD', 'TCL']","['NAD', 'TCL']",NAD
1D8A,1NHG,1D8A_renamed.pdb,1NHG_renamed.pdb,A,A,"['NAD: NICOTINAMIDE-ADENINE-DINUCLEOTIDE', 'TCL: TRICLOSAN']","['NAD: NICOTINAMIDE-ADENINE-DINUCLEOTIDE', 'TCL: TRICLOSAN']",['N/A'],"['N/A', 'N/A']",,,2.81e-14,141,69.7,29.078,,,,,,,,"['NAD', 'TCL']","['NAD', 'TCL']",NAD
1P45,3AM3,1P45_renamed.pdb,3AM3_renamed.pdb,A,A,"['NAD: NICOTINAMIDE-ADENINE-DINUCLEOTIDE', 'TCL: TRICLOSAN']","['NAD: NICOTINAMIDE-ADENINE-DINUCLEOTIDE', 'TCL: TRICLOSAN']",['INHA OR RV1484 OR MT1531 OR MTCY277.05'],['FabI'],,,3.27e-09,183,56.2,27.322,,,,,,,,"['NAD', 'TCL']","['NAD', 'TCL']",NAD
1P45,1NHG,1P45_renamed.pdb,1NHG_renamed.pdb,A,A,"['NAD: NICOTINAMIDE-ADENINE-DINUCLEOTIDE', 'TCL: TRICLOSAN']","['NAD: NICOTINAMIDE-ADENINE-DINUCLEOTIDE', 'TCL: TRICLOSAN']",['INHA OR RV1484 OR MT1531 OR MTCY277.05'],"['N/A', 'N/A']",,,3.85e-09,180,55.5,27.222,,,,,,,,"['NAD', 'TCL']","['NAD', 'TCL']",NAD
1P45,1UH5,1P45_renamed.pdb,1UH5_renamed.pdb,A,A,"['NAD: NICOTINAMIDE-ADENINE-DINUCLEOTIDE', 'TCL: TRICLOSAN']","['TCL: TRICLOSAN', 'NAD: NICOTINAMIDE-ADENINE-DINUCLEOTIDE']",['INHA OR RV1484 OR MT1531 OR MTCY277.05'],['FabI'],,,4.69e-09,183,55.8,27.322,,,,,,,,"['NAD', 'TCL']","['TCL', 'NAD']",NAD
1P45,1VRW,1P45_renamed.pdb,1VRW_renamed.pdb,A,A,"['NAD: NICOTINAMIDE-ADENINE-DINUCLEOTIDE', 'TCL: TRICLOSAN']","['NAI: 1,4-DIHYDRONICOTINAMIDE ADENINE DINUCLEOTIDE']",['INHA OR RV1484 OR MT1531 OR MTCY277.05'],['N/A'],,,7.98e-09,83,55.1,38.554,,,,,,,,"['NAD', 'TCL']",['NAI'],NAD
1P45,2OL4,1P45_renamed.pdb,2OL4_renamed.pdb,A,A,"['NAD: NICOTINAMIDE-ADENINE-DINUCLEOTIDE', 'TCL: TRICLOSAN']","['NAD: NICOTINAMIDE-ADENINE-DINUCLEOTIDE', 'JPN: 2-(2,4-DICHLOROPHENOXY)-5-(3-PHENYLPROPYL)PHENOL']",['INHA OR RV1484 OR MT1531 OR MTCY277.05'],['FabI'],,,8.03e-09,83,55.1,38.554,,,,,,,,"['NAD', 'TCL']","['NAD', 'JPN']",NAD
1P45,3AM5,1P45_renamed.pdb,3AM5_renamed.pdb,A,A,"['NAD: NICOTINAMIDE-ADENINE-DINUCLEOTIDE', 'TCL: TRICLOSAN']","['NAD: NICOTINAMIDE-ADENINE-DINUCLEOTIDE', 'TCL: TRICLOSAN']",['INHA OR RV1484 OR MT1531 OR MTCY277.05'],['fabI'],,,2.19e-08,183,53.9,27.322,,,,,,,,"['NAD', 'TCL']","['NAD', 'TCL']",NAD
1QG6,3AM3,1QG6_renamed.pdb,3AM3_renamed.pdb,A,A,"['NAD: NICOTINAMIDE-ADENINE-DINUCLEOTIDE', 'TCL: TRICLOSAN']","['NAD: NICOTINAMIDE-ADENINE-DINUCLEOTIDE', 'TCL: TRICLOSAN']",['FABI'],['FabI'],,,6.04e-20,237,87.0,25.738,,,,,,,,"['NAD', 'TCL']","['NAD', 'TCL']",NAD
1QG6,1UH5,1QG6_renamed.pdb,1UH5_renamed.pdb,A,A,"['NAD: NICOTINAMIDE-ADENINE-DINUCLEOTIDE', 'TCL: TRICLOSAN']","['TCL: TRICLOSAN', 'NAD: NICOTINAMIDE-ADENINE-DINUCLEOTIDE']",['FABI'],['FabI'],,,2.51e-19,237,85.5,25.316,,,,,,,,"['NAD', 'TCL']","['TCL', 'NAD']",NAD
1QG6,2OL4,1QG6_renamed.pdb,2OL4_renamed.pdb,A,A,"['NAD: NICOTINAMIDE-ADENINE-DINUCLEOTIDE', 'TCL: TRICLOSAN']","['NAD: NICOTINAMIDE-ADENINE-DINUCLEOTIDE', 'JPN: 2-(2,4-DICHLOROPHENOXY)-5-(3-PHENYLPROPYL)PHENOL']",['FABI'],['FabI'],,,7.8e-19,237,84.3,24.051,,,,,,,,"['NAD', 'TCL']","['NAD', 'JPN']",NAD
1QG6,1VRW,1QG6_renamed.pdb,1VRW_renamed.pdb,A,A,"['NAD: NICOTINAMIDE-ADENINE-DINUCLEOTIDE', 'TCL: TRICLOSAN']","['NAI: 1,4-DIHYDRONICOTINAMIDE ADENINE DINUCLEOTIDE']",['FABI'],['N/A'],,,7.96e-19,237,84.0,24.051,,,,,,,,"['NAD', 'TCL']",['NAI'],NAD
1QG6,3AM5,1QG6_renamed.pdb,3AM5_renamed.pdb,A,A,"['NAD: NICOTINAMIDE-ADENINE-DINUCLEOTIDE', 'TCL: TRICLOSAN']","['NAD: NICOTINAMIDE-ADENINE-DINUCLEOTIDE', 'TCL: TRICLOSAN']",['FABI'],['fabI'],,,1.37e-18,237,83.2,25.316,,,,,,,,"['NAD', 'TCL']","['NAD', 'TCL']",NAD
1QG6,1NHG,1QG6_renamed.pdb,1NHG_renamed.pdb,A,A,"['NAD: NICOTINAMIDE-ADENINE-DINUCLEOTIDE', 'TCL: TRICLOSAN']","['NAD: NICOTINAMIDE-ADENINE-DINUCLEOTIDE', 'TCL: TRICLOSAN']",['FABI'],"['N/A', 'N/A']",,,2.81e-14,141,69.7,29.078,,,,,,,,"['NAD', 'TCL']","['NAD', 'TCL']",NAD
1QSG,3AM3,1QSG_renamed.pdb,3AM3_renamed.pdb,A,A,"['GLC: alpha-D-glucopyranose', 'NAD: NICOTINAMIDE-ADENINE-DINUCLEOTIDE', 'TCL: TRICLOSAN']","['NAD: NICOTINAMIDE-ADENINE-DINUCLEOTIDE', 'TCL: TRICLOSAN']",['N/A'],['FabI'],,,6.82e-20,237,87.0,25.738,,,,,,,,"['GLC', 'NAD', 'TCL']","['NAD', 'TCL']",GLC
1QSG,1UH5,1QSG_renamed.pdb,1UH5_renamed.pdb,A,A,"['GLC: alpha-D-glucopyranose', 'NAD: NICOTINAMIDE-ADENINE-DINUCLEOTIDE', 'TCL: TRICLOSAN']","['TCL: TRICLOSAN', 'NAD: NICOTINAMIDE-ADENINE-DINUCLEOTIDE']",['N/A'],['FabI'],,,3.19e-19,237,85.1,25.316,,,,,,,,"['GLC', 'NAD', 'TCL']","['TCL', 'NAD']",GLC
1QSG,2OL4,1QSG_renamed.pdb,2OL4_renamed.pdb,A,A,"['GLC: alpha-D-glucopyranose', 'NAD: NICOTINAMIDE-ADENINE-DINUCLEOTIDE', 'TCL: TRICLOSAN']","['NAD: NICOTINAMIDE-ADENINE-DINUCLEOTIDE', 'JPN: 2-(2,4-DICHLOROPHENOXY)-5-(3-PHENYLPROPYL)PHENOL']",['N/A'],['FabI'],,,8.35e-19,237,84.3,24.051,,,,,,,,"['GLC', 'NAD', 'TCL']","['NAD', 'JPN']",GLC
1QSG,1VRW,1QSG_renamed.pdb,1VRW_renamed.pdb,A,A,"['GLC: alpha-D-glucopyranose', 'NAD: NICOTINAMIDE-ADENINE-DINUCLEOTIDE', 'TCL: TRICLOSAN']","['NAI: 1,4-DIHYDRONICOTINAMIDE ADENINE DINUCLEOTIDE']",['N/A'],['N/A'],,,9.04e-19,237,84.0,24.051,,,,,,,,"['GLC', 'NAD', 'TCL']",['NAI'],GLC
1QSG,3AM5,1QSG_renamed.pdb,3AM5_renamed.pdb,A,A,"['GLC: alpha-D-glucopyranose', 'NAD: NICOTINAMIDE-ADENINE-DINUCLEOTIDE', 'TCL: TRICLOSAN']","['NAD: NICOTINAMIDE-ADENINE-DINUCLEOTIDE', 'TCL: TRICLOSAN']",['N/A'],['fabI'],,,1.79e-18,237,83.2,25.316,,,,,,,,"['GLC', 'NAD', 'TCL']","['NAD', 'TCL']",GLC
1QSG,1NHG,1QSG_renamed.pdb,1NHG_renamed.pdb,A,A,"['GLC: alpha-D-glucopyranose', 'NAD: NICOTINAMIDE-ADENINE-DINUCLEOTIDE', 'TCL: TRICLOSAN']","['NAD: NICOTINAMIDE-ADENINE-DINUCLEOTIDE', 'TCL: TRICLOSAN']",['N/A'],"['N/A', 'N/A']",,,3.17e-14,141,69.7,29.078,,,,,,,,"['GLC', 'NAD', 'TCL']","['NAD', 'TCL']",GLC
2B35,3AM3,2B35_renamed.pdb,3AM3_renamed.pdb,A,A,"['TCL: TRICLOSAN', 'NAD: NICOTINAMIDE-ADENINE-DINUCLEOTIDE']","['NAD: NICOTINAMIDE-ADENINE-DINUCLEOTIDE', 'TCL: TRICLOSAN']",['inhA'],['FabI'],,,3.27e-09,183,56.2,27.322,,,,,,,,"['TCL', 'NAD']","['NAD', 'TCL']",TCL
2B35,1NHG,2B35_renamed.pdb,1NHG_renamed.pdb,A,A,"['TCL: TRICLOSAN', 'NAD: NICOTINAMIDE-ADENINE-DINUCLEOTIDE']","['NAD: NICOTINAMIDE-ADENINE-DINUCLEOTIDE', 'TCL: TRICLOSAN']",['inhA'],"['N/A', 'N/A']",,,3.85e-09,180,55.5,27.222,,,,,,,,"['TCL', 'NAD']","['NAD', 'TCL']",TCL
2B35,1UH5,2B35_renamed.pdb,1UH5_renamed.pdb,A,A,"['TCL: TRICLOSAN', 'NAD: NICOTINAMIDE-ADENINE-DINUCLEOTIDE']","['TCL: TRICLOSAN', 'NAD: NICOTINAMIDE-ADENINE-DINUCLEOTIDE']",['inhA'],['FabI'],,,4.69e-09,183,55.8,27.322,,,,,,,,"['TCL', 'NAD']","['TCL', 'NAD']",TCL
2B35,1VRW,2B35_renamed.pdb,1VRW_renamed.pdb,A,A,"['TCL: TRICLOSAN', 'NAD: NICOTINAMIDE-ADENINE-DINUCLEOTIDE']","['NAI: 1,4-DIHYDRONICOTINAMIDE ADENINE DINUCLEOTIDE']",['inhA'],['N/A'],,,7.98e-09,83,55.1,38.554,,,,,,,,"['TCL', 'NAD']",['NAI'],TCL
2B35,2OL4,2B35_renamed.pdb,2OL4_renamed.pdb,A,A,"['TCL: TRICLOSAN', 'NAD: NICOTINAMIDE-ADENINE-DINUCLEOTIDE']","['NAD: NICOTINAMIDE-ADENINE-DINUCLEOTIDE', 'JPN: 2-(2,4-DICHLOROPHENOXY)-5-(3-PHENYLPROPYL)PHENOL']",['inhA'],['FabI'],,,8.03e-09,83,55.1,38.554,,,,,,,,"['TCL', 'NAD']","['NAD', 'JPN']",TCL
2B35,3AM5,2B35_renamed.pdb,3AM5_renamed.pdb,A,A,"['TCL: TRICLOSAN', 'NAD: NICOTINAMIDE-ADENINE-DINUCLEOTIDE']","['NAD: NICOTINAMIDE-ADENINE-DINUCLEOTIDE', 'TCL: TRICLOSAN']",['inhA'],['fabI'],,,2.19e-08,183,53.9,27.322,,,,,,,,"['TCL', 'NAD']","['NAD', 'TCL']",TCL
2BL9,1J3I,2BL9_renamed.pdb,1J3I_renamed.pdb,A,A,"['NDP: NADPH DIHYDRO-NICOTINAMIDE-ADENINE-DINUCLEOTIDE PHOSPHATE', 'CP6: 5-(4-CHLORO-PHENYL)-6-ETHYL-PYRIMIDINE-2,4-DIAMINE']","['WRA: 6,6-DIMETHYL-1-[3-(2,4,5-TRICHLOROPHENOXY)PROPOXY]-1,6-DIHYDRO-1,3,5-TRIAZINE-2,4-DIAMINE', 'NDP: NADPH DIHYDRO-NICOTINAMIDE-ADENINE-DINUCLEOTIDE PHOSPHATE', ""UMP: 2'-DEOXYURIDINE 5'-MONOPHOSPHATE""]",['N/A'],"['N/A', 'N/A']",,,8.48e-109,237,314.0,63.713,,,,,,,,"['NDP', 'CP6']","['WRA', 'NDP', 'UMP']",NDP
2BL9,1J3J,2BL9_renamed.pdb,1J3J_renamed.pdb,A,A,"['NDP: NADPH DIHYDRO-NICOTINAMIDE-ADENINE-DINUCLEOTIDE PHOSPHATE', 'CP6: 5-(4-CHLORO-PHENYL)-6-ETHYL-PYRIMIDINE-2,4-DIAMINE']","['CP6: 5-(4-CHLORO-PHENYL)-6-ETHYL-PYRIMIDINE-2,4-DIAMINE', 'NDP: NADPH DIHYDRO-NICOTINAMIDE-ADENINE-DINUCLEOTIDE PHOSPHATE', ""UMP: 2'-DEOXYURIDINE 5'-MONOPHOSPHATE""]",['N/A'],"['N/A', 'N/A']",,,2.15e-108,237,313.0,63.291,,,,,,,,"['NDP', 'CP6']","['CP6', 'NDP', 'UMP']",NDP
2BL9,1J3K,2BL9_renamed.pdb,1J3K_renamed.pdb,A,A,"['NDP: NADPH DIHYDRO-NICOTINAMIDE-ADENINE-DINUCLEOTIDE PHOSPHATE', 'CP6: 5-(4-CHLORO-PHENYL)-6-ETHYL-PYRIMIDINE-2,4-DIAMINE']","['WRA: 6,6-DIMETHYL-1-[3-(2,4,5-TRICHLOROPHENOXY)PROPOXY]-1,6-DIHYDRO-1,3,5-TRIAZINE-2,4-DIAMINE', 'NDP: NADPH DIHYDRO-NICOTINAMIDE-ADENINE-DINUCLEOTIDE PHOSPHATE', ""UMP: 2'-DEOXYURIDINE 5'-MONOPHOSPHATE""]",['N/A'],"['N/A', 'N/A']",,,1.6499999999999998e-106,237,308.0,62.447,,,,,,,,"['NDP', 'CP6']","['WRA', 'NDP', 'UMP']",NDP
2BLA,1J3J,2BLA_renamed.pdb,1J3J_renamed.pdb,A,A,"['NDP: NADPH DIHYDRO-NICOTINAMIDE-ADENINE-DINUCLEOTIDE PHOSPHATE', 'CP6: 5-(4-CHLORO-PHENYL)-6-ETHYL-PYRIMIDINE-2,4-DIAMINE', 'MES: 2-(N-MORPHOLINO)-ETHANESULFONIC ACID']","['CP6: 5-(4-CHLORO-PHENYL)-6-ETHYL-PYRIMIDINE-2,4-DIAMINE', 'NDP: NADPH DIHYDRO-NICOTINAMIDE-ADENINE-DINUCLEOTIDE PHOSPHATE', ""UMP: 2'-DEOXYURIDINE 5'-MONOPHOSPHATE""]",['N/A'],"['N/A', 'N/A']",,,1.6400000000000005e-110,237,318.0,64.557,,,,,,,,"['NDP', 'CP6', 'MES']","['CP6', 'NDP', 'UMP']",NDP
2BLA,1J3K,2BLA_renamed.pdb,1J3K_renamed.pdb,A,A,"['NDP: NADPH DIHYDRO-NICOTINAMIDE-ADENINE-DINUCLEOTIDE PHOSPHATE', 'CP6: 5-(4-CHLORO-PHENYL)-6-ETHYL-PYRIMIDINE-2,4-DIAMINE', 'MES: 2-(N-MORPHOLINO)-ETHANESULFONIC ACID']","['WRA: 6,6-DIMETHYL-1-[3-(2,4,5-TRICHLOROPHENOXY)PROPOXY]-1,6-DIHYDRO-1,3,5-TRIAZINE-2,4-DIAMINE', 'NDP: NADPH DIHYDRO-NICOTINAMIDE-ADENINE-DINUCLEOTIDE PHOSPHATE', ""UMP: 2'-DEOXYURIDINE 5'-MONOPHOSPHATE""]",['N/A'],"['N/A', 'N/A']",,,1.23e-108,237,313.0,63.713,,,,,,,,"['NDP', 'CP6', 'MES']","['WRA', 'NDP', 'UMP']",NDP
2BLA,1J3I,2BLA_renamed.pdb,1J3I_renamed.pdb,A,A,"['NDP: NADPH DIHYDRO-NICOTINAMIDE-ADENINE-DINUCLEOTIDE PHOSPHATE', 'CP6: 5-(4-CHLORO-PHENYL)-6-ETHYL-PYRIMIDINE-2,4-DIAMINE', 'MES: 2-(N-MORPHOLINO)-ETHANESULFONIC ACID']","['WRA: 6,6-DIMETHYL-1-[3-(2,4,5-TRICHLOROPHENOXY)PROPOXY]-1,6-DIHYDRO-1,3,5-TRIAZINE-2,4-DIAMINE', 'NDP: NADPH DIHYDRO-NICOTINAMIDE-ADENINE-DINUCLEOTIDE PHOSPHATE', ""UMP: 2'-DEOXYURIDINE 5'-MONOPHOSPHATE""]",['N/A'],"['N/A', 'N/A']",,,2.9199999999999998e-108,237,313.0,63.713,,,,,,,,"['NDP', 'CP6', 'MES']","['WRA', 'NDP', 'UMP']",NDP
2J50,4RGJ,2J50_renamed.pdb,4RGJ_renamed.pdb,A,A,"['627: N-[(3E)-5-[(2R)-2-METHOXY-2-PHENYLACETYL]PYRROLO[3,4-C]PYRAZOL-3(5H)-YLIDENE]-4-(4-METHYLPIPERAZIN-1-YL)BENZAMIDE', 'SO4: SULFATE ION']",[],['N/A'],"['CDPK4, CPK4, PF07_0072']",,,1.4999999999999998e-49,264,171.0,35.227,,,,,,,,"['627', 'SO4']",[],627
2J50,5DYK,2J50_renamed.pdb,5DYK_renamed.pdb,A,A,"['627: N-[(3E)-5-[(2R)-2-METHOXY-2-PHENYLACETYL]PYRROLO[3,4-C]PYRAZOL-3(5H)-YLIDENE]-4-(4-METHYLPIPERAZIN-1-YL)BENZAMIDE', 'SO4: SULFATE ION']","['EDO: 1,2-ETHANEDIOL', 'SO4: SULFATE ION', 'GOL: GLYCEROL']",['N/A'],['PF3D7_1436600'],,,4.54e-40,263,147.0,31.939,,,,,,,,"['627', 'SO4']","['EDO', 'SO4', 'GOL']",627
2J50,1V0B,2J50_renamed.pdb,1V0B_renamed.pdb,A,A,"['627: N-[(3E)-5-[(2R)-2-METHOXY-2-PHENYLACETYL]PYRROLO[3,4-C]PYRAZOL-3(5H)-YLIDENE]-4-(4-METHYLPIPERAZIN-1-YL)BENZAMIDE', 'SO4: SULFATE ION']",[],['N/A'],['N/A'],,,5.25e-35,286,127.0,29.72,,,,,,,,"['627', 'SO4']",[],627
2J50,1V0O,2J50_renamed.pdb,1V0O_renamed.pdb,A,A,"['627: N-[(3E)-5-[(2R)-2-METHOXY-2-PHENYLACETYL]PYRROLO[3,4-C]PYRAZOL-3(5H)-YLIDENE]-4-(4-METHYLPIPERAZIN-1-YL)BENZAMIDE', 'SO4: SULFATE ION']","[""INR: 2',3-DIOXO-1,1',2',3-TETRAHYDRO-2,3'-BIINDOLE-5'-SULFONIC ACID""]",['N/A'],['N/A'],,,5.310000000000001e-35,286,127.0,29.72,,,,,,,,"['627', 'SO4']",['INR'],627
2J50,1OB3,2J50_renamed.pdb,1OB3_renamed.pdb,A,A,"['627: N-[(3E)-5-[(2R)-2-METHOXY-2-PHENYLACETYL]PYRROLO[3,4-C]PYRAZOL-3(5H)-YLIDENE]-4-(4-METHYLPIPERAZIN-1-YL)BENZAMIDE', 'SO4: SULFATE ION']",[],['N/A'],['N/A'],,,6.620000000000001e-35,286,127.0,29.72,,,,,,,,"['627', 'SO4']",[],627
2O2S,2OL4,2O2S_renamed.pdb,2OL4_renamed.pdb,A,A,"['NAD: NICOTINAMIDE-ADENINE-DINUCLEOTIDE', 'TCL: TRICLOSAN']","['NAD: NICOTINAMIDE-ADENINE-DINUCLEOTIDE', 'JPN: 2-(2,4-DICHLOROPHENOXY)-5-(3-PHENYLPROPYL)PHENOL']",['ENR'],['FabI'],,,4.98e-101,321,300.0,47.04,,,,,,,,"['NAD', 'TCL']","['NAD', 'JPN']",NAD
2O2S,1UH5,2O2S_renamed.pdb,1UH5_renamed.pdb,A,A,"['NAD: NICOTINAMIDE-ADENINE-DINUCLEOTIDE', 'TCL: TRICLOSAN']","['TCL: TRICLOSAN', 'NAD: NICOTINAMIDE-ADENINE-DINUCLEOTIDE']",['ENR'],['FabI'],,,5.5e-101,321,299.0,47.04,,,,,,,,"['NAD', 'TCL']","['TCL', 'NAD']",NAD
2O2S,1VRW,2O2S_renamed.pdb,1VRW_renamed.pdb,A,A,"['NAD: NICOTINAMIDE-ADENINE-DINUCLEOTIDE', 'TCL: TRICLOSAN']","['NAI: 1,4-DIHYDRONICOTINAMIDE ADENINE DINUCLEOTIDE']",['ENR'],['N/A'],,,5.8e-101,321,299.0,47.04,,,,,,,,"['NAD', 'TCL']",['NAI'],NAD
2O2S,3AM3,2O2S_renamed.pdb,3AM3_renamed.pdb,A,A,"['NAD: NICOTINAMIDE-ADENINE-DINUCLEOTIDE', 'TCL: TRICLOSAN']","['NAD: NICOTINAMIDE-ADENINE-DINUCLEOTIDE', 'TCL: TRICLOSAN']",['ENR'],['FabI'],,,2.1e-100,321,298.0,46.729,,,,,,,,"['NAD', 'TCL']","['NAD', 'TCL']",NAD
2O2S,3AM5,2O2S_renamed.pdb,3AM5_renamed.pdb,A,A,"['NAD: NICOTINAMIDE-ADENINE-DINUCLEOTIDE', 'TCL: TRICLOSAN']","['NAD: NICOTINAMIDE-ADENINE-DINUCLEOTIDE', 'TCL: TRICLOSAN']",['ENR'],['fabI'],,,4.750000000000001e-100,321,296.0,46.729,,,,,,,,"['NAD', 'TCL']","['NAD', 'TCL']",NAD
2O2S,1NHG,2O2S_renamed.pdb,1NHG_renamed.pdb,A,A,"['NAD: NICOTINAMIDE-ADENINE-DINUCLEOTIDE', 'TCL: TRICLOSAN']","['NAD: NICOTINAMIDE-ADENINE-DINUCLEOTIDE', 'TCL: TRICLOSAN']",['ENR'],"['N/A', 'N/A']",,,2.83e-83,226,250.0,50.885,,,,,,,,"['NAD', 'TCL']","['NAD', 'TCL']",NAD
2O2S,1NHG,2O2S_renamed.pdb,1NHG_renamed.pdb,A,C,"['NAD: NICOTINAMIDE-ADENINE-DINUCLEOTIDE', 'TCL: TRICLOSAN']","['NAD: NICOTINAMIDE-ADENINE-DINUCLEOTIDE', 'TCL: TRICLOSAN']",['ENR'],"['N/A', 'N/A']",,,2.21e-14,54,66.6,59.259,,,,,,,,"['NAD', 'TCL']","['NAD', 'TCL']",NAD
2PD3,3AM3,2PD3_renamed.pdb,3AM3_renamed.pdb,A,A,"['NAD: NICOTINAMIDE-ADENINE-DINUCLEOTIDE', 'TCL: TRICLOSAN']","['NAD: NICOTINAMIDE-ADENINE-DINUCLEOTIDE', 'TCL: TRICLOSAN']",['N/A'],['FabI'],,,3.26e-18,223,82.8,27.354,,,,,,,,"['NAD', 'TCL']","['NAD', 'TCL']",NAD
2PD3,1UH5,2PD3_renamed.pdb,1UH5_renamed.pdb,A,A,"['NAD: NICOTINAMIDE-ADENINE-DINUCLEOTIDE', 'TCL: TRICLOSAN']","['TCL: TRICLOSAN', 'NAD: NICOTINAMIDE-ADENINE-DINUCLEOTIDE']",['N/A'],['FabI'],,,4.17e-18,223,82.4,27.803,,,,,,,,"['NAD', 'TCL']","['TCL', 'NAD']",NAD
2PD3,1VRW,2PD3_renamed.pdb,1VRW_renamed.pdb,A,A,"['NAD: NICOTINAMIDE-ADENINE-DINUCLEOTIDE', 'TCL: TRICLOSAN']","['NAI: 1,4-DIHYDRONICOTINAMIDE ADENINE DINUCLEOTIDE']",['N/A'],['N/A'],,,5.11e-18,223,82.0,27.803,,,,,,,,"['NAD', 'TCL']",['NAI'],NAD
2PD3,2OL4,2PD3_renamed.pdb,2OL4_renamed.pdb,A,A,"['NAD: NICOTINAMIDE-ADENINE-DINUCLEOTIDE', 'TCL: TRICLOSAN']","['NAD: NICOTINAMIDE-ADENINE-DINUCLEOTIDE', 'JPN: 2-(2,4-DICHLOROPHENOXY)-5-(3-PHENYLPROPYL)PHENOL']",['N/A'],['FabI'],,,5.21e-18,223,82.0,27.803,,,,,,,,"['NAD', 'TCL']","['NAD', 'JPN']",NAD
2PD3,3AM5,2PD3_renamed.pdb,3AM5_renamed.pdb,A,A,"['NAD: NICOTINAMIDE-ADENINE-DINUCLEOTIDE', 'TCL: TRICLOSAN']","['NAD: NICOTINAMIDE-ADENINE-DINUCLEOTIDE', 'TCL: TRICLOSAN']",['N/A'],['fabI'],,,1.72e-17,223,80.5,27.803,,,,,,,,"['NAD', 'TCL']","['NAD', 'TCL']",NAD
2PD3,1NHG,2PD3_renamed.pdb,1NHG_renamed.pdb,A,A,"['NAD: NICOTINAMIDE-ADENINE-DINUCLEOTIDE', 'TCL: TRICLOSAN']","['NAD: NICOTINAMIDE-ADENINE-DINUCLEOTIDE', 'TCL: TRICLOSAN']",['N/A'],"['N/A', 'N/A']",,,1.88e-15,126,73.6,36.508,,,,,,,,"['NAD', 'TCL']","['NAD', 'TCL']",NAD
2QIO,3AM3,2QIO_renamed.pdb,3AM3_renamed.pdb,A,A,"['NAD: NICOTINAMIDE-ADENINE-DINUCLEOTIDE', 'TCL: TRICLOSAN']","['NAD: NICOTINAMIDE-ADENINE-DINUCLEOTIDE', 'TCL: TRICLOSAN']",['fabI'],['FabI'],,,9.17e-24,323,97.4,24.458,,,,,,,,"['NAD', 'TCL']","['NAD', 'TCL']",NAD
2QIO,1VRW,2QIO_renamed.pdb,1VRW_renamed.pdb,A,A,"['NAD: NICOTINAMIDE-ADENINE-DINUCLEOTIDE', 'TCL: TRICLOSAN']","['NAI: 1,4-DIHYDRONICOTINAMIDE ADENINE DINUCLEOTIDE']",['fabI'],['N/A'],,,1.41e-23,323,97.1,25.077,,,,,,,,"['NAD', 'TCL']",['NAI'],NAD
2QIO,1UH5,2QIO_renamed.pdb,1UH5_renamed.pdb,A,A,"['NAD: NICOTINAMIDE-ADENINE-DINUCLEOTIDE', 'TCL: TRICLOSAN']","['TCL: TRICLOSAN', 'NAD: NICOTINAMIDE-ADENINE-DINUCLEOTIDE']",['fabI'],['FabI'],,,1.42e-23,323,97.1,25.077,,,,,,,,"['NAD', 'TCL']","['TCL', 'NAD']",NAD
2QIO,2OL4,2QIO_renamed.pdb,2OL4_renamed.pdb,A,A,"['NAD: NICOTINAMIDE-ADENINE-DINUCLEOTIDE', 'TCL: TRICLOSAN']","['NAD: NICOTINAMIDE-ADENINE-DINUCLEOTIDE', 'JPN: 2-(2,4-DICHLOROPHENOXY)-5-(3-PHENYLPROPYL)PHENOL']",['fabI'],['FabI'],,,1.5099999999999998e-23,323,97.1,25.077,,,,,,,,"['NAD', 'TCL']","['NAD', 'JPN']",NAD
2QIO,3AM5,2QIO_renamed.pdb,3AM5_renamed.pdb,A,A,"['NAD: NICOTINAMIDE-ADENINE-DINUCLEOTIDE', 'TCL: TRICLOSAN']","['NAD: NICOTINAMIDE-ADENINE-DINUCLEOTIDE', 'TCL: TRICLOSAN']",['fabI'],['fabI'],,,6.01e-23,323,95.1,25.077,,,,,,,,"['NAD', 'TCL']","['NAD', 'TCL']",NAD
2QIO,1NHG,2QIO_renamed.pdb,1NHG_renamed.pdb,A,A,"['NAD: NICOTINAMIDE-ADENINE-DINUCLEOTIDE', 'TCL: TRICLOSAN']","['NAD: NICOTINAMIDE-ADENINE-DINUCLEOTIDE', 'TCL: TRICLOSAN']",['fabI'],"['N/A', 'N/A']",,,2.32e-17,226,78.2,26.549,,,,,,,,"['NAD', 'TCL']","['NAD', 'TCL']",NAD
2QIO,1NHG,2QIO_renamed.pdb,1NHG_renamed.pdb,A,C,"['NAD: NICOTINAMIDE-ADENINE-DINUCLEOTIDE', 'TCL: TRICLOSAN']","['NAD: NICOTINAMIDE-ADENINE-DINUCLEOTIDE', 'TCL: TRICLOSAN']",['fabI'],"['N/A', 'N/A']",,,5.49e-06,44,42.7,40.909,,,,,,,,"['NAD', 'TCL']","['NAD', 'TCL']",NAD
2VRX,4RGJ,2VRX_renamed.pdb,4RGJ_renamed.pdb,A,A,['447: N-(4-{[6-methoxy-7-(3-morpholin-4-ylpropoxy)quinazolin-4-yl]amino}phenyl)benzamide'],[],"['N/A', 'N/A']","['CDPK4, CPK4, PF07_0072']",,,3.18e-49,257,170.0,35.409,,,,,,,,['447'],[],447
2VRX,5DYK,2VRX_renamed.pdb,5DYK_renamed.pdb,A,A,['447: N-(4-{[6-methoxy-7-(3-morpholin-4-ylpropoxy)quinazolin-4-yl]amino}phenyl)benzamide'],"['EDO: 1,2-ETHANEDIOL', 'SO4: SULFATE ION', 'GOL: GLYCEROL']","['N/A', 'N/A']",['PF3D7_1436600'],,,1.3700000000000002e-43,293,158.0,31.741,,,,,,,,['447'],"['EDO', 'SO4', 'GOL']",447
2VRX,1V0O,2VRX_renamed.pdb,1V0O_renamed.pdb,A,A,['447: N-(4-{[6-methoxy-7-(3-morpholin-4-ylpropoxy)quinazolin-4-yl]amino}phenyl)benzamide'],"[""INR: 2',3-DIOXO-1,1',2',3-TETRAHYDRO-2,3'-BIINDOLE-5'-SULFONIC ACID""]","['N/A', 'N/A']",['N/A'],,,1.5900000000000002e-35,288,129.0,31.597,,,,,,,,['447'],['INR'],447
2VRX,1V0B,2VRX_renamed.pdb,1V0B_renamed.pdb,A,A,['447: N-(4-{[6-methoxy-7-(3-morpholin-4-ylpropoxy)quinazolin-4-yl]amino}phenyl)benzamide'],[],"['N/A', 'N/A']",['N/A'],,,1.7800000000000002e-35,288,128.0,31.25,,,,,,,,['447'],[],447
2VRX,1OB3,2VRX_renamed.pdb,1OB3_renamed.pdb,A,A,['447: N-(4-{[6-methoxy-7-(3-morpholin-4-ylpropoxy)quinazolin-4-yl]amino}phenyl)benzamide'],[],"['N/A', 'N/A']",['N/A'],,,1.9e-35,288,128.0,31.597,,,,,,,,['447'],[],447
2WYW,3AM3,2WYW_renamed.pdb,3AM3_renamed.pdb,A,A,"['NAD: NICOTINAMIDE-ADENINE-DINUCLEOTIDE', 'TCL: TRICLOSAN']","['NAD: NICOTINAMIDE-ADENINE-DINUCLEOTIDE', 'TCL: TRICLOSAN']",['N/A'],['FabI'],,,3.9099999999999997e-28,237,109.0,29.536,,,,,,,,"['NAD', 'TCL']","['NAD', 'TCL']",NAD
2WYW,1UH5,2WYW_renamed.pdb,1UH5_renamed.pdb,A,A,"['NAD: NICOTINAMIDE-ADENINE-DINUCLEOTIDE', 'TCL: TRICLOSAN']","['TCL: TRICLOSAN', 'NAD: NICOTINAMIDE-ADENINE-DINUCLEOTIDE']",['N/A'],['FabI'],,,4.21e-28,237,109.0,29.536,,,,,,,,"['NAD', 'TCL']","['TCL', 'NAD']",NAD
2WYW,2OL4,2WYW_renamed.pdb,2OL4_renamed.pdb,A,A,"['NAD: NICOTINAMIDE-ADENINE-DINUCLEOTIDE', 'TCL: TRICLOSAN']","['NAD: NICOTINAMIDE-ADENINE-DINUCLEOTIDE', 'JPN: 2-(2,4-DICHLOROPHENOXY)-5-(3-PHENYLPROPYL)PHENOL']",['N/A'],['FabI'],,,4.39e-28,237,109.0,29.536,,,,,,,,"['NAD', 'TCL']","['NAD', 'JPN']",NAD
2WYW,1VRW,2WYW_renamed.pdb,1VRW_renamed.pdb,A,A,"['NAD: NICOTINAMIDE-ADENINE-DINUCLEOTIDE', 'TCL: TRICLOSAN']","['NAI: 1,4-DIHYDRONICOTINAMIDE ADENINE DINUCLEOTIDE']",['N/A'],['N/A'],,,5.45e-28,237,109.0,29.536,,,,,,,,"['NAD', 'TCL']",['NAI'],NAD
2WYW,3AM5,2WYW_renamed.pdb,3AM5_renamed.pdb,A,A,"['NAD: NICOTINAMIDE-ADENINE-DINUCLEOTIDE', 'TCL: TRICLOSAN']","['NAD: NICOTINAMIDE-ADENINE-DINUCLEOTIDE', 'TCL: TRICLOSAN']",['N/A'],['fabI'],,,2.2400000000000002e-27,237,107.0,29.536,,,,,,,,"['NAD', 'TCL']","['NAD', 'TCL']",NAD
2WYW,1NHG,2WYW_renamed.pdb,1NHG_renamed.pdb,A,A,"['NAD: NICOTINAMIDE-ADENINE-DINUCLEOTIDE', 'TCL: TRICLOSAN']","['NAD: NICOTINAMIDE-ADENINE-DINUCLEOTIDE', 'TCL: TRICLOSAN']",['N/A'],"['N/A', 'N/A']",,,2.45e-22,140,91.7,36.429,,,,,,,,"['NAD', 'TCL']","['NAD', 'TCL']",NAD
2Y7J,4RGJ,2Y7J_renamed.pdb,4RGJ_renamed.pdb,A,A,"['B49: N-[2-(diethylamino)ethyl]-5-[(Z)-(5-fluoro-2-oxo-1,2-dihydro-3H-indol-3-ylidene)methyl]-2,4-dimethyl-1H-pyrrole-3-carbo xamide']",[],['N/A'],"['CDPK4, CPK4, PF07_0072']",,,1.1e-52,277,182.0,32.852,,,,,,,,['B49'],[],B49
2Y7J,5DYK,2Y7J_renamed.pdb,5DYK_renamed.pdb,A,A,"['B49: N-[2-(diethylamino)ethyl]-5-[(Z)-(5-fluoro-2-oxo-1,2-dihydro-3H-indol-3-ylidene)methyl]-2,4-dimethyl-1H-pyrrole-3-carbo xamide']","['EDO: 1,2-ETHANEDIOL', 'SO4: SULFATE ION', 'GOL: GLYCEROL']",['N/A'],['PF3D7_1436600'],,,1.03e-34,274,135.0,31.752,,,,,,,,['B49'],"['EDO', 'SO4', 'GOL']",B49
3F4B,1VRW,3F4B_renamed.pdb,1VRW_renamed.pdb,A,A,"['NAD: NICOTINAMIDE-ADENINE-DINUCLEOTIDE', 'TCL: TRICLOSAN']","['NAI: 1,4-DIHYDRONICOTINAMIDE ADENINE DINUCLEOTIDE']",['pbfabI'],['N/A'],,,4.33e-177,336,493.0,72.024,,,,,,,,"['NAD', 'TCL']",['NAI'],NAD
3F4B,2OL4,3F4B_renamed.pdb,2OL4_renamed.pdb,A,A,"['NAD: NICOTINAMIDE-ADENINE-DINUCLEOTIDE', 'TCL: TRICLOSAN']","['NAD: NICOTINAMIDE-ADENINE-DINUCLEOTIDE', 'JPN: 2-(2,4-DICHLOROPHENOXY)-5-(3-PHENYLPROPYL)PHENOL']",['pbfabI'],['FabI'],,,2.93e-176,330,491.0,73.333,,,,,,,,"['NAD', 'TCL']","['NAD', 'JPN']",NAD
3F4B,1UH5,3F4B_renamed.pdb,1UH5_renamed.pdb,A,A,"['NAD: NICOTINAMIDE-ADENINE-DINUCLEOTIDE', 'TCL: TRICLOSAN']","['TCL: TRICLOSAN', 'NAD: NICOTINAMIDE-ADENINE-DINUCLEOTIDE']",['pbfabI'],['FabI'],,,2.52e-175,329,488.0,73.252,,,,,,,,"['NAD', 'TCL']","['TCL', 'NAD']",NAD
3F4B,3AM3,3F4B_renamed.pdb,3AM3_renamed.pdb,A,A,"['NAD: NICOTINAMIDE-ADENINE-DINUCLEOTIDE', 'TCL: TRICLOSAN']","['NAD: NICOTINAMIDE-ADENINE-DINUCLEOTIDE', 'TCL: TRICLOSAN']",['pbfabI'],['FabI'],,,1.79e-174,329,486.0,72.948,,,,,,,,"['NAD', 'TCL']","['NAD', 'TCL']",NAD
3F4B,3AM5,3F4B_renamed.pdb,3AM5_renamed.pdb,A,A,"['NAD: NICOTINAMIDE-ADENINE-DINUCLEOTIDE', 'TCL: TRICLOSAN']","['NAD: NICOTINAMIDE-ADENINE-DINUCLEOTIDE', 'TCL: TRICLOSAN']",['pbfabI'],['fabI'],,,1.87e-174,329,486.0,72.948,,,,,,,,"['NAD', 'TCL']","['NAD', 'TCL']",NAD
3F4B,1NHG,3F4B_renamed.pdb,1NHG_renamed.pdb,A,A,"['NAD: NICOTINAMIDE-ADENINE-DINUCLEOTIDE', 'TCL: TRICLOSAN']","['NAD: NICOTINAMIDE-ADENINE-DINUCLEOTIDE', 'TCL: TRICLOSAN']",['pbfabI'],"['N/A', 'N/A']",,,1.05e-133,230,379.0,78.696,,,,,,,,"['NAD', 'TCL']","['NAD', 'TCL']",NAD
3F4B,1NHG,3F4B_renamed.pdb,1NHG_renamed.pdb,A,C,"['NAD: NICOTINAMIDE-ADENINE-DINUCLEOTIDE', 'TCL: TRICLOSAN']","['NAD: NICOTINAMIDE-ADENINE-DINUCLEOTIDE', 'TCL: TRICLOSAN']",['pbfabI'],"['N/A', 'N/A']",,,3.23e-31,60,111.0,85.0,,,,,,,,"['NAD', 'TCL']","['NAD', 'TCL']",NAD
3GR6,3AM3,3GR6_renamed.pdb,3AM3_renamed.pdb,A,A,"['NAP: NADP NICOTINAMIDE-ADENINE-DINUCLEOTIDE PHOSPHATE', 'TCL: TRICLOSAN']","['NAD: NICOTINAMIDE-ADENINE-DINUCLEOTIDE', 'TCL: TRICLOSAN']",['fabI'],['FabI'],,,3.44e-18,219,82.0,28.311,,,,,,,,"['NAP', 'TCL']","['NAD', 'TCL']",NAP
3GR6,1UH5,3GR6_renamed.pdb,1UH5_renamed.pdb,A,A,"['NAP: NADP NICOTINAMIDE-ADENINE-DINUCLEOTIDE PHOSPHATE', 'TCL: TRICLOSAN']","['TCL: TRICLOSAN', 'NAD: NICOTINAMIDE-ADENINE-DINUCLEOTIDE']",['fabI'],['FabI'],,,4.12e-18,219,82.0,29.224,,,,,,,,"['NAP', 'TCL']","['TCL', 'NAD']",NAP
3GR6,1VRW,3GR6_renamed.pdb,1VRW_renamed.pdb,A,A,"['NAP: NADP NICOTINAMIDE-ADENINE-DINUCLEOTIDE PHOSPHATE', 'TCL: TRICLOSAN']","['NAI: 1,4-DIHYDRONICOTINAMIDE ADENINE DINUCLEOTIDE']",['fabI'],['N/A'],,,4.22e-18,219,82.0,29.224,,,,,,,,"['NAP', 'TCL']",['NAI'],NAP
3GR6,2OL4,3GR6_renamed.pdb,2OL4_renamed.pdb,A,A,"['NAP: NADP NICOTINAMIDE-ADENINE-DINUCLEOTIDE PHOSPHATE', 'TCL: TRICLOSAN']","['NAD: NICOTINAMIDE-ADENINE-DINUCLEOTIDE', 'JPN: 2-(2,4-DICHLOROPHENOXY)-5-(3-PHENYLPROPYL)PHENOL']",['fabI'],['FabI'],,,5.04e-18,219,82.0,29.224,,,,,,,,"['NAP', 'TCL']","['NAD', 'JPN']",NAP
3GR6,3AM5,3GR6_renamed.pdb,3AM5_renamed.pdb,A,A,"['NAP: NADP NICOTINAMIDE-ADENINE-DINUCLEOTIDE PHOSPHATE', 'TCL: TRICLOSAN']","['NAD: NICOTINAMIDE-ADENINE-DINUCLEOTIDE', 'TCL: TRICLOSAN']",['fabI'],['fabI'],,,1.62e-17,219,80.5,29.224,,,,,,,,"['NAP', 'TCL']","['NAD', 'TCL']",NAP
3GR6,1NHG,3GR6_renamed.pdb,1NHG_renamed.pdb,A,A,"['NAP: NADP NICOTINAMIDE-ADENINE-DINUCLEOTIDE PHOSPHATE', 'TCL: TRICLOSAN']","['NAD: NICOTINAMIDE-ADENINE-DINUCLEOTIDE', 'TCL: TRICLOSAN']",['fabI'],"['N/A', 'N/A']",,,2.1e-13,124,67.4,36.29,,,,,,,,"['NAP', 'TCL']","['NAD', 'TCL']",NAP
3KRR,1V0B,3KRR_renamed.pdb,1V0B_renamed.pdb,A,A,"['DQX: 8-[3,5-difluoro-4-(morpholin-4-ylmethyl)phenyl]-2-(1-piperidin-4-yl-1H-pyrazol-4-yl)quinoxaline']",[],['N/A'],['N/A'],,,5.930000000000001e-21,202,90.1,32.178,,,,,,,,['DQX'],[],DQX
3KRR,1V0O,3KRR_renamed.pdb,1V0O_renamed.pdb,A,A,"['DQX: 8-[3,5-difluoro-4-(morpholin-4-ylmethyl)phenyl]-2-(1-piperidin-4-yl-1H-pyrazol-4-yl)quinoxaline']","[""INR: 2',3-DIOXO-1,1',2',3-TETRAHYDRO-2,3'-BIINDOLE-5'-SULFONIC ACID""]",['N/A'],['N/A'],,,6.360000000000001e-21,202,90.1,32.178,,,,,,,,['DQX'],['INR'],DQX
3KRR,1OB3,3KRR_renamed.pdb,1OB3_renamed.pdb,A,A,"['DQX: 8-[3,5-difluoro-4-(morpholin-4-ylmethyl)phenyl]-2-(1-piperidin-4-yl-1H-pyrazol-4-yl)quinoxaline']",[],['N/A'],['N/A'],,,9.52e-21,200,89.4,32.0,,,,,,,,['DQX'],[],DQX
3KRR,4RGJ,3KRR_renamed.pdb,4RGJ_renamed.pdb,A,A,"['DQX: 8-[3,5-difluoro-4-(morpholin-4-ylmethyl)phenyl]-2-(1-piperidin-4-yl-1H-pyrazol-4-yl)quinoxaline']",[],['N/A'],"['CDPK4, CPK4, PF07_0072']",,,3.86e-15,224,75.1,32.143,,,,,,,,['DQX'],[],DQX
3MY0,4RGJ,3MY0_renamed.pdb,4RGJ_renamed.pdb,A,A,"['LDN: 4-[6-(4-piperazin-1-ylphenyl)pyrazolo[1,5-a]pyrimidin-3-yl]quinoline']",[],"['ACVRL1, ACVRL1 (ALK1), ACVRLK1, ALK1']","['CDPK4, CPK4, PF07_0072']",,,6.51e-12,219,65.5,26.027,,,,,,,,['LDN'],[],LDN
3MY0,5DYK,3MY0_renamed.pdb,5DYK_renamed.pdb,A,A,"['LDN: 4-[6-(4-piperazin-1-ylphenyl)pyrazolo[1,5-a]pyrimidin-3-yl]quinoline']","['EDO: 1,2-ETHANEDIOL', 'SO4: SULFATE ION', 'GOL: GLYCEROL']","['ACVRL1, ACVRL1 (ALK1), ACVRLK1, ALK1']",['PF3D7_1436600'],,,4.62e-06,253,47.8,25.296,,,,,,,,['LDN'],"['EDO', 'SO4', 'GOL']",LDN
3NRC,3AM3,3NRC_renamed.pdb,3AM3_renamed.pdb,A,A,"['NAD: NICOTINAMIDE-ADENINE-DINUCLEOTIDE', 'TCL: TRICLOSAN']","['NAD: NICOTINAMIDE-ADENINE-DINUCLEOTIDE', 'TCL: TRICLOSAN']","['fabI, fabI gene, FTT_0782']",['FabI'],,,4.7e-16,233,76.6,24.893,,,,,,,,"['NAD', 'TCL']","['NAD', 'TCL']",NAD
3NRC,1UH5,3NRC_renamed.pdb,1UH5_renamed.pdb,A,A,"['NAD: NICOTINAMIDE-ADENINE-DINUCLEOTIDE', 'TCL: TRICLOSAN']","['TCL: TRICLOSAN', 'NAD: NICOTINAMIDE-ADENINE-DINUCLEOTIDE']","['fabI, fabI gene, FTT_0782']",['FabI'],,,2.25e-15,233,74.7,25.322,,,,,,,,"['NAD', 'TCL']","['TCL', 'NAD']",NAD
3NRC,1VRW,3NRC_renamed.pdb,1VRW_renamed.pdb,A,A,"['NAD: NICOTINAMIDE-ADENINE-DINUCLEOTIDE', 'TCL: TRICLOSAN']","['NAI: 1,4-DIHYDRONICOTINAMIDE ADENINE DINUCLEOTIDE']","['fabI, fabI gene, FTT_0782']",['N/A'],,,3.55e-15,233,74.3,24.464,,,,,,,,"['NAD', 'TCL']",['NAI'],NAD
3NRC,2OL4,3NRC_renamed.pdb,2OL4_renamed.pdb,A,A,"['NAD: NICOTINAMIDE-ADENINE-DINUCLEOTIDE', 'TCL: TRICLOSAN']","['NAD: NICOTINAMIDE-ADENINE-DINUCLEOTIDE', 'JPN: 2-(2,4-DICHLOROPHENOXY)-5-(3-PHENYLPROPYL)PHENOL']","['fabI, fabI gene, FTT_0782']",['FabI'],,,3.96e-15,233,73.9,24.464,,,,,,,,"['NAD', 'TCL']","['NAD', 'JPN']",NAD
3NRC,3AM5,3NRC_renamed.pdb,3AM5_renamed.pdb,A,A,"['NAD: NICOTINAMIDE-ADENINE-DINUCLEOTIDE', 'TCL: TRICLOSAN']","['NAD: NICOTINAMIDE-ADENINE-DINUCLEOTIDE', 'TCL: TRICLOSAN']","['fabI, fabI gene, FTT_0782']",['fabI'],,,1.66e-14,233,72.0,24.893,,,,,,,,"['NAD', 'TCL']","['NAD', 'TCL']",NAD
3NRC,1NHG,3NRC_renamed.pdb,1NHG_renamed.pdb,A,A,"['NAD: NICOTINAMIDE-ADENINE-DINUCLEOTIDE', 'TCL: TRICLOSAN']","['NAD: NICOTINAMIDE-ADENINE-DINUCLEOTIDE', 'TCL: TRICLOSAN']","['fabI, fabI gene, FTT_0782']","['N/A', 'N/A']",,,9.29e-13,141,65.9,31.206,,,,,,,,"['NAD', 'TCL']","['NAD', 'TCL']",NAD
3OIF,3AM3,3OIF_renamed.pdb,3AM3_renamed.pdb,A,A,"['NAD: NICOTINAMIDE-ADENINE-DINUCLEOTIDE', 'TCL: TRICLOSAN']","['NAD: NICOTINAMIDE-ADENINE-DINUCLEOTIDE', 'TCL: TRICLOSAN']",['FabI'],['FabI'],,,6.860000000000001e-27,320,106.0,27.187,,,,,,,,"['NAD', 'TCL']","['NAD', 'TCL']",NAD
3OIF,1UH5,3OIF_renamed.pdb,1UH5_renamed.pdb,A,A,"['NAD: NICOTINAMIDE-ADENINE-DINUCLEOTIDE', 'TCL: TRICLOSAN']","['TCL: TRICLOSAN', 'NAD: NICOTINAMIDE-ADENINE-DINUCLEOTIDE']",['FabI'],['FabI'],,,7.45e-27,320,106.0,27.5,,,,,,,,"['NAD', 'TCL']","['TCL', 'NAD']",NAD
3OIF,2OL4,3OIF_renamed.pdb,2OL4_renamed.pdb,A,A,"['NAD: NICOTINAMIDE-ADENINE-DINUCLEOTIDE', 'TCL: TRICLOSAN']","['NAD: NICOTINAMIDE-ADENINE-DINUCLEOTIDE', 'JPN: 2-(2,4-DICHLOROPHENOXY)-5-(3-PHENYLPROPYL)PHENOL']",['FabI'],['FabI'],,,9.79e-27,320,105.0,27.5,,,,,,,,"['NAD', 'TCL']","['NAD', 'JPN']",NAD
3OIF,1VRW,3OIF_renamed.pdb,1VRW_renamed.pdb,A,A,"['NAD: NICOTINAMIDE-ADENINE-DINUCLEOTIDE', 'TCL: TRICLOSAN']","['NAI: 1,4-DIHYDRONICOTINAMIDE ADENINE DINUCLEOTIDE']",['FabI'],['N/A'],,,9.79e-27,320,105.0,27.5,,,,,,,,"['NAD', 'TCL']",['NAI'],NAD
3OIF,3AM5,3OIF_renamed.pdb,3AM5_renamed.pdb,A,A,"['NAD: NICOTINAMIDE-ADENINE-DINUCLEOTIDE', 'TCL: TRICLOSAN']","['NAD: NICOTINAMIDE-ADENINE-DINUCLEOTIDE', 'TCL: TRICLOSAN']",['FabI'],['fabI'],,,3.5400000000000003e-26,320,104.0,27.5,,,,,,,,"['NAD', 'TCL']","['NAD', 'TCL']",NAD
3OIF,1NHG,3OIF_renamed.pdb,1NHG_renamed.pdb,A,A,"['NAD: NICOTINAMIDE-ADENINE-DINUCLEOTIDE', 'TCL: TRICLOSAN']","['NAD: NICOTINAMIDE-ADENINE-DINUCLEOTIDE', 'TCL: TRICLOSAN']",['FabI'],"['N/A', 'N/A']",,,7.64e-20,225,85.1,29.778,,,,,,,,"['NAD', 'TCL']","['NAD', 'TCL']",NAD
3PJD,3AM3,3PJD_renamed.pdb,3AM3_renamed.pdb,A,A,"['NAD: NICOTINAMIDE-ADENINE-DINUCLEOTIDE', 'TCL: TRICLOSAN']","['NAD: NICOTINAMIDE-ADENINE-DINUCLEOTIDE', 'TCL: TRICLOSAN']","['ENVM, fabI']",['FabI'],,,4.31e-20,237,87.8,26.16,,,,,,,,"['NAD', 'TCL']","['NAD', 'TCL']",NAD
3PJD,1UH5,3PJD_renamed.pdb,1UH5_renamed.pdb,A,A,"['NAD: NICOTINAMIDE-ADENINE-DINUCLEOTIDE', 'TCL: TRICLOSAN']","['TCL: TRICLOSAN', 'NAD: NICOTINAMIDE-ADENINE-DINUCLEOTIDE']","['ENVM, fabI']",['FabI'],,,1.9e-19,237,85.9,25.738,,,,,,,,"['NAD', 'TCL']","['TCL', 'NAD']",NAD
3PJD,1VRW,3PJD_renamed.pdb,1VRW_renamed.pdb,A,A,"['NAD: NICOTINAMIDE-ADENINE-DINUCLEOTIDE', 'TCL: TRICLOSAN']","['NAI: 1,4-DIHYDRONICOTINAMIDE ADENINE DINUCLEOTIDE']","['ENVM, fabI']",['N/A'],,,4.43e-19,237,85.1,24.473,,,,,,,,"['NAD', 'TCL']",['NAI'],NAD
3PJD,2OL4,3PJD_renamed.pdb,2OL4_renamed.pdb,A,A,"['NAD: NICOTINAMIDE-ADENINE-DINUCLEOTIDE', 'TCL: TRICLOSAN']","['NAD: NICOTINAMIDE-ADENINE-DINUCLEOTIDE', 'JPN: 2-(2,4-DICHLOROPHENOXY)-5-(3-PHENYLPROPYL)PHENOL']","['ENVM, fabI']",['FabI'],,,5.08e-19,237,84.7,24.473,,,,,,,,"['NAD', 'TCL']","['NAD', 'JPN']",NAD
3PJD,3AM5,3PJD_renamed.pdb,3AM5_renamed.pdb,A,A,"['NAD: NICOTINAMIDE-ADENINE-DINUCLEOTIDE', 'TCL: TRICLOSAN']","['NAD: NICOTINAMIDE-ADENINE-DINUCLEOTIDE', 'TCL: TRICLOSAN']","['ENVM, fabI']",['fabI'],,,8.66e-19,237,84.0,25.738,,,,,,,,"['NAD', 'TCL']","['NAD', 'TCL']",NAD
3PJD,1NHG,3PJD_renamed.pdb,1NHG_renamed.pdb,A,A,"['NAD: NICOTINAMIDE-ADENINE-DINUCLEOTIDE', 'TCL: TRICLOSAN']","['NAD: NICOTINAMIDE-ADENINE-DINUCLEOTIDE', 'TCL: TRICLOSAN']","['ENVM, fabI']","['N/A', 'N/A']",,,2.25e-14,139,70.5,30.216,,,,,,,,"['NAD', 'TCL']","['NAD', 'TCL']",NAD
3PJE,3AM3,3PJE_renamed.pdb,3AM3_renamed.pdb,A,A,"['NAD: NICOTINAMIDE-ADENINE-DINUCLEOTIDE', 'TCL: TRICLOSAN']","['NAD: NICOTINAMIDE-ADENINE-DINUCLEOTIDE', 'TCL: TRICLOSAN']","['ENVM, fabI']",['FabI'],,,1.11e-19,237,86.7,25.738,,,,,,,,"['NAD', 'TCL']","['NAD', 'TCL']",NAD
3PJE,1UH5,3PJE_renamed.pdb,1UH5_renamed.pdb,A,A,"['NAD: NICOTINAMIDE-ADENINE-DINUCLEOTIDE', 'TCL: TRICLOSAN']","['TCL: TRICLOSAN', 'NAD: NICOTINAMIDE-ADENINE-DINUCLEOTIDE']","['ENVM, fabI']",['FabI'],,,4.55e-19,237,84.7,25.316,,,,,,,,"['NAD', 'TCL']","['TCL', 'NAD']",NAD
3PJE,1VRW,3PJE_renamed.pdb,1VRW_renamed.pdb,A,A,"['NAD: NICOTINAMIDE-ADENINE-DINUCLEOTIDE', 'TCL: TRICLOSAN']","['NAI: 1,4-DIHYDRONICOTINAMIDE ADENINE DINUCLEOTIDE']","['ENVM, fabI']",['N/A'],,,1.31e-18,237,83.6,24.051,,,,,,,,"['NAD', 'TCL']",['NAI'],NAD
3PJE,2OL4,3PJE_renamed.pdb,2OL4_renamed.pdb,A,A,"['NAD: NICOTINAMIDE-ADENINE-DINUCLEOTIDE', 'TCL: TRICLOSAN']","['NAD: NICOTINAMIDE-ADENINE-DINUCLEOTIDE', 'JPN: 2-(2,4-DICHLOROPHENOXY)-5-(3-PHENYLPROPYL)PHENOL']","['ENVM, fabI']",['FabI'],,,1.58e-18,237,83.6,24.051,,,,,,,,"['NAD', 'TCL']","['NAD', 'JPN']",NAD
3PJE,3AM5,3PJE_renamed.pdb,3AM5_renamed.pdb,A,A,"['NAD: NICOTINAMIDE-ADENINE-DINUCLEOTIDE', 'TCL: TRICLOSAN']","['NAD: NICOTINAMIDE-ADENINE-DINUCLEOTIDE', 'TCL: TRICLOSAN']","['ENVM, fabI']",['fabI'],,,2.4e-18,237,82.8,25.316,,,,,,,,"['NAD', 'TCL']","['NAD', 'TCL']",NAD
3PJE,1NHG,3PJE_renamed.pdb,1NHG_renamed.pdb,A,A,"['NAD: NICOTINAMIDE-ADENINE-DINUCLEOTIDE', 'TCL: TRICLOSAN']","['NAD: NICOTINAMIDE-ADENINE-DINUCLEOTIDE', 'TCL: TRICLOSAN']","['ENVM, fabI']","['N/A', 'N/A']",,,6.18e-14,139,68.9,29.496,,,,,,,,"['NAD', 'TCL']","['NAD', 'TCL']",NAD
3PJF,3AM3,3PJF_renamed.pdb,3AM3_renamed.pdb,A,A,"['NAD: NICOTINAMIDE-ADENINE-DINUCLEOTIDE', 'TCL: TRICLOSAN']","['NAD: NICOTINAMIDE-ADENINE-DINUCLEOTIDE', 'TCL: TRICLOSAN']","['ENVM, fabI']",['FabI'],,,9.66e-20,237,86.7,25.738,,,,,,,,"['NAD', 'TCL']","['NAD', 'TCL']",NAD
3PJF,1UH5,3PJF_renamed.pdb,1UH5_renamed.pdb,A,A,"['NAD: NICOTINAMIDE-ADENINE-DINUCLEOTIDE', 'TCL: TRICLOSAN']","['TCL: TRICLOSAN', 'NAD: NICOTINAMIDE-ADENINE-DINUCLEOTIDE']","['ENVM, fabI']",['FabI'],,,4.83e-19,237,84.7,25.738,,,,,,,,"['NAD', 'TCL']","['TCL', 'NAD']",NAD
3PJF,1VRW,3PJF_renamed.pdb,1VRW_renamed.pdb,A,A,"['NAD: NICOTINAMIDE-ADENINE-DINUCLEOTIDE', 'TCL: TRICLOSAN']","['NAI: 1,4-DIHYDRONICOTINAMIDE ADENINE DINUCLEOTIDE']","['ENVM, fabI']",['N/A'],,,1.22e-18,237,84.0,24.051,,,,,,,,"['NAD', 'TCL']",['NAI'],NAD
3PJF,2OL4,3PJF_renamed.pdb,2OL4_renamed.pdb,A,A,"['NAD: NICOTINAMIDE-ADENINE-DINUCLEOTIDE', 'TCL: TRICLOSAN']","['NAD: NICOTINAMIDE-ADENINE-DINUCLEOTIDE', 'JPN: 2-(2,4-DICHLOROPHENOXY)-5-(3-PHENYLPROPYL)PHENOL']","['ENVM, fabI']",['FabI'],,,1.48e-18,237,83.6,24.051,,,,,,,,"['NAD', 'TCL']","['NAD', 'JPN']",NAD
3PJF,3AM5,3PJF_renamed.pdb,3AM5_renamed.pdb,A,A,"['NAD: NICOTINAMIDE-ADENINE-DINUCLEOTIDE', 'TCL: TRICLOSAN']","['NAD: NICOTINAMIDE-ADENINE-DINUCLEOTIDE', 'TCL: TRICLOSAN']","['ENVM, fabI']",['fabI'],,,2.49e-18,237,82.8,25.738,,,,,,,,"['NAD', 'TCL']","['NAD', 'TCL']",NAD
3PJF,1NHG,3PJF_renamed.pdb,1NHG_renamed.pdb,A,A,"['NAD: NICOTINAMIDE-ADENINE-DINUCLEOTIDE', 'TCL: TRICLOSAN']","['NAD: NICOTINAMIDE-ADENINE-DINUCLEOTIDE', 'TCL: TRICLOSAN']","['ENVM, fabI']","['N/A', 'N/A']",,,5.94e-14,139,68.9,29.496,,,,,,,,"['NAD', 'TCL']","['NAD', 'TCL']",NAD
3PRS,1LS5,3PRS_renamed.pdb,1LS5_renamed.pdb,A,A,"['RIT: RITONAVIR', 'DMS: DIMETHYL SULFOXIDE', '1PE: PENTAETHYLENE GLYCOL', 'PGE: TRIETHYLENE GLYCOL', 'GOL: GLYCEROL']",[],['N/A'],"['N/A', 'N/A']",,,4.93e-12,319,65.5,25.078,,,,,,,,"['RIT', 'DMS', '1PE', 'PGE', 'GOL']",[],RIT
3PRS,5JOD,3PRS_renamed.pdb,5JOD_renamed.pdb,A,A,"['RIT: RITONAVIR', 'DMS: DIMETHYL SULFOXIDE', '1PE: PENTAETHYLENE GLYCOL', 'PGE: TRIETHYLENE GLYCOL', 'GOL: GLYCEROL']",['GOL: GLYCEROL'],['N/A'],['PFBG_05102'],,,7.65e-12,319,65.5,25.078,,,,,,,,"['RIT', 'DMS', '1PE', 'PGE', 'GOL']",['GOL'],RIT
3PRS,1LEE,3PRS_renamed.pdb,1LEE_renamed.pdb,A,A,"['RIT: RITONAVIR', 'DMS: DIMETHYL SULFOXIDE', '1PE: PENTAETHYLENE GLYCOL', 'PGE: TRIETHYLENE GLYCOL', 'GOL: GLYCEROL']","['R36: 4-AMINO-N-{4-[2-(2,6-DIMETHYL-PHENOXY)-ACETYLAMINO]-3-HYDROXY-1-ISOBUTYL-5-PHENYL-PENTYL}-BENZAMIDE']",['N/A'],['N/A'],,,9.52e-11,310,61.6,24.839,,,,,,,,"['RIT', 'DMS', '1PE', 'PGE', 'GOL']",['R36'],RIT
3PRS,3F9Q,3PRS_renamed.pdb,3F9Q_renamed.pdb,A,A,"['RIT: RITONAVIR', 'DMS: DIMETHYL SULFOXIDE', '1PE: PENTAETHYLENE GLYCOL', 'PGE: TRIETHYLENE GLYCOL', 'GOL: GLYCEROL']",[],['N/A'],['N/A'],,,9.6e-11,310,61.6,24.839,,,,,,,,"['RIT', 'DMS', '1PE', 'PGE', 'GOL']",[],RIT
3PRS,1LF3,3PRS_renamed.pdb,1LF3_renamed.pdb,A,A,"['RIT: RITONAVIR', 'DMS: DIMETHYL SULFOXIDE', '1PE: PENTAETHYLENE GLYCOL', 'PGE: TRIETHYLENE GLYCOL', 'GOL: GLYCEROL']","['EH5: N-(1-BENZYL-3-{[3-(1,3-DIOXO-1,3-DIHYDRO-ISOINDOL-2-YL)-PROPIONYL]-[2-(HEXAHYDRO-BENZO[1,3]DIOXOL-5-YL)-ETHYL]-AMINO}-2-HYDROXY-PROPYL)-4-BENZYLOXY-3,5-DIMETHOXY-BENZAMIDE']",['N/A'],['N/A'],,,1.01e-10,310,61.6,24.839,,,,,,,,"['RIT', 'DMS', '1PE', 'PGE', 'GOL']",['EH5'],RIT
3PRS,1ME6,3PRS_renamed.pdb,1ME6_renamed.pdb,A,A,"['RIT: RITONAVIR', 'DMS: DIMETHYL SULFOXIDE', '1PE: PENTAETHYLENE GLYCOL', 'PGE: TRIETHYLENE GLYCOL', 'GOL: GLYCEROL']",['IVS: 3-HYDROXY-6-METHYL-4-(3-METHYL-2-(3-METHYL-2-(3-METHYL-BUTYRYLAMINO)-BUTYRYLAMINO)-BUTYRYLAMINO)-HEPTANOIC ACID ETHYL ESTER'],['N/A'],['PF00026'],,,1.2e-10,310,61.6,24.839,,,,,,,,"['RIT', 'DMS', '1PE', 'PGE', 'GOL']",['IVS'],RIT
3Q4U,4RGJ,3Q4U_renamed.pdb,4RGJ_renamed.pdb,A,A,"['LDN: 4-[6-(4-piperazin-1-ylphenyl)pyrazolo[1,5-a]pyrimidin-3-yl]quinoline', 'EDO: 1,2-ETHANEDIOL', 'FLC: CITRATE ANION']",[],"['ACVR1, ACVRLK2']","['CDPK4, CPK4, PF07_0072']",,,3.82e-15,215,75.1,29.302,,,,,,,,"['LDN', 'EDO', 'FLC']",[],LDN
3Q4U,1V0B,3Q4U_renamed.pdb,1V0B_renamed.pdb,A,A,"['LDN: 4-[6-(4-piperazin-1-ylphenyl)pyrazolo[1,5-a]pyrimidin-3-yl]quinoline', 'EDO: 1,2-ETHANEDIOL', 'FLC: CITRATE ANION']",[],"['ACVR1, ACVRLK2']",['N/A'],,,3.7e-09,211,56.2,26.066,,,,,,,,"['LDN', 'EDO', 'FLC']",[],LDN
3Q4U,1V0O,3Q4U_renamed.pdb,1V0O_renamed.pdb,A,A,"['LDN: 4-[6-(4-piperazin-1-ylphenyl)pyrazolo[1,5-a]pyrimidin-3-yl]quinoline', 'EDO: 1,2-ETHANEDIOL', 'FLC: CITRATE ANION']","[""INR: 2',3-DIOXO-1,1',2',3-TETRAHYDRO-2,3'-BIINDOLE-5'-SULFONIC ACID""]","['ACVR1, ACVRLK2']",['N/A'],,,3.73e-09,211,56.2,26.066,,,,,,,,"['LDN', 'EDO', 'FLC']",['INR'],LDN
3Q4U,1OB3,3Q4U_renamed.pdb,1OB3_renamed.pdb,A,A,"['LDN: 4-[6-(4-piperazin-1-ylphenyl)pyrazolo[1,5-a]pyrimidin-3-yl]quinoline', 'EDO: 1,2-ETHANEDIOL', 'FLC: CITRATE ANION']",[],"['ACVR1, ACVRLK2']",['N/A'],,,5.46e-09,211,55.8,25.592,,,,,,,,"['LDN', 'EDO', 'FLC']",[],LDN
3Q4U,2PML,3Q4U_renamed.pdb,2PML_renamed.pdb,A,X,"['LDN: 4-[6-(4-piperazin-1-ylphenyl)pyrazolo[1,5-a]pyrimidin-3-yl]quinoline', 'EDO: 1,2-ETHANEDIOL', 'FLC: CITRATE ANION']","['MN: MANGANESE (II) ION', 'ANP: PHOSPHOAMINOPHOSPHONIC ACID-ADENYLATE ESTER']","['ACVR1, ACVRLK2']",['PFB0605w'],,,1.71e-08,193,54.7,24.352,,,,,,,,"['LDN', 'EDO', 'FLC']","['MN', 'ANP']",LDN
3Q4U,5DYK,3Q4U_renamed.pdb,5DYK_renamed.pdb,A,A,"['LDN: 4-[6-(4-piperazin-1-ylphenyl)pyrazolo[1,5-a]pyrimidin-3-yl]quinoline', 'EDO: 1,2-ETHANEDIOL', 'FLC: CITRATE ANION']","['EDO: 1,2-ETHANEDIOL', 'SO4: SULFATE ION', 'GOL: GLYCEROL']","['ACVR1, ACVRLK2']",['PF3D7_1436600'],,,2.28e-08,251,55.1,25.896,,,,,,,,"['LDN', 'EDO', 'FLC']","['EDO', 'SO4', 'GOL']",LDN
3Q70,1LEE,3Q70_renamed.pdb,1LEE_renamed.pdb,A,A,"['RIT: RITONAVIR', 'ZN: ZINC ION', 'MRD: (4R)-2-METHYLPENTANE-2,4-DIOL']","['R36: 4-AMINO-N-{4-[2-(2,6-DIMETHYL-PHENOXY)-ACETYLAMINO]-3-HYDROXY-1-ISOBUTYL-5-PHENYL-PENTYL}-BENZAMIDE']",['N/A'],['N/A'],,,9.16e-26,334,105.0,27.545,,,,,,,,"['RIT', 'ZN', 'MRD']",['R36'],RIT
3Q70,3F9Q,3Q70_renamed.pdb,3F9Q_renamed.pdb,A,A,"['RIT: RITONAVIR', 'ZN: ZINC ION', 'MRD: (4R)-2-METHYLPENTANE-2,4-DIOL']",[],['N/A'],['N/A'],,,1.17e-25,334,104.0,27.246,,,,,,,,"['RIT', 'ZN', 'MRD']",[],RIT
3Q70,1ME6,3Q70_renamed.pdb,1ME6_renamed.pdb,A,A,"['RIT: RITONAVIR', 'ZN: ZINC ION', 'MRD: (4R)-2-METHYLPENTANE-2,4-DIOL']",['IVS: 3-HYDROXY-6-METHYL-4-(3-METHYL-2-(3-METHYL-2-(3-METHYL-BUTYRYLAMINO)-BUTYRYLAMINO)-BUTYRYLAMINO)-HEPTANOIC ACID ETHYL ESTER'],['N/A'],['PF00026'],,,1.51e-25,334,104.0,27.545,,,,,,,,"['RIT', 'ZN', 'MRD']",['IVS'],RIT
3Q70,1LF3,3Q70_renamed.pdb,1LF3_renamed.pdb,A,A,"['RIT: RITONAVIR', 'ZN: ZINC ION', 'MRD: (4R)-2-METHYLPENTANE-2,4-DIOL']","['EH5: N-(1-BENZYL-3-{[3-(1,3-DIOXO-1,3-DIHYDRO-ISOINDOL-2-YL)-PROPIONYL]-[2-(HEXAHYDRO-BENZO[1,3]DIOXOL-5-YL)-ETHYL]-AMINO}-2-HYDROXY-PROPYL)-4-BENZYLOXY-3,5-DIMETHOXY-BENZAMIDE']",['N/A'],['N/A'],,,1.71e-25,334,104.0,27.545,,,,,,,,"['RIT', 'ZN', 'MRD']",['EH5'],RIT
3Q70,5BWY,3Q70_renamed.pdb,5BWY_renamed.pdb,A,A,"['RIT: RITONAVIR', 'ZN: ZINC ION', 'MRD: (4R)-2-METHYLPENTANE-2,4-DIOL']",[],['N/A'],['PFAG_05140'],,,3.6e-25,334,104.0,27.545,,,,,,,,"['RIT', 'ZN', 'MRD']",[],RIT
3Q70,1PFZ,3Q70_renamed.pdb,1PFZ_renamed.pdb,A,A,"['RIT: RITONAVIR', 'ZN: ZINC ION', 'MRD: (4R)-2-METHYLPENTANE-2,4-DIOL']",['GOL: GLYCEROL'],['N/A'],['N/A'],,,4.75e-25,334,103.0,27.545,,,,,,,,"['RIT', 'ZN', 'MRD']",['GOL'],RIT
3Q70,2BJU,3Q70_renamed.pdb,2BJU_renamed.pdb,A,A,"['RIT: RITONAVIR', 'ZN: ZINC ION', 'MRD: (4R)-2-METHYLPENTANE-2,4-DIOL']",['IH4: N-(R-CARBOXY-ETHYL)-ALPHA-(S)-(2-PHENYLETHYL)'],['N/A'],['N/A'],,,1.05e-24,334,103.0,27.545,,,,,,,,"['RIT', 'ZN', 'MRD']",['IH4'],RIT
3SOA,4RGJ,3SOA_renamed.pdb,4RGJ_renamed.pdb,A,A,"['DB8: 4-[(2,4-dichloro-5-methoxyphenyl)amino]-6-methoxy-7-[3-(4-methylpiperazin-1-yl)propoxy]quinoline-3-carbonitrile']",[],"['camk2a, camka, kiaa0968, camk2b, camkb']","['CDPK4, CPK4, PF07_0072']",,,3.99e-62,333,209.0,34.835,,,,,,,,['DB8'],[],DB8
3SOA,5DYK,3SOA_renamed.pdb,5DYK_renamed.pdb,A,A,"['DB8: 4-[(2,4-dichloro-5-methoxyphenyl)amino]-6-methoxy-7-[3-(4-methylpiperazin-1-yl)propoxy]quinoline-3-carbonitrile']","['EDO: 1,2-ETHANEDIOL', 'SO4: SULFATE ION', 'GOL: GLYCEROL']","['camk2a, camka, kiaa0968, camk2b, camkb']",['PF3D7_1436600'],,,1.8900000000000002e-32,265,130.0,32.83,,,,,,,,['DB8'],"['EDO', 'SO4', 'GOL']",DB8
3TI1,1V0O,3TI1_renamed.pdb,1V0O_renamed.pdb,A,A,"['B49: N-[2-(diethylamino)ethyl]-5-[(Z)-(5-fluoro-2-oxo-1,2-dihydro-3H-indol-3-ylidene)methyl]-2,4-dimethyl-1H-pyrrole-3-carbo xamide', 'EDO: 1,2-ETHANEDIOL']","[""INR: 2',3-DIOXO-1,1',2',3-TETRAHYDRO-2,3'-BIINDOLE-5'-SULFONIC ACID""]",['CDK2'],['N/A'],,,4.13e-130,288,371.0,63.194,,,,,,,,"['B49', 'EDO']",['INR'],B49
3TI1,1V0B,3TI1_renamed.pdb,1V0B_renamed.pdb,A,A,"['B49: N-[2-(diethylamino)ethyl]-5-[(Z)-(5-fluoro-2-oxo-1,2-dihydro-3H-indol-3-ylidene)methyl]-2,4-dimethyl-1H-pyrrole-3-carbo xamide', 'EDO: 1,2-ETHANEDIOL']",[],['CDK2'],['N/A'],,,4.3600000000000004e-130,288,371.0,63.194,,,,,,,,"['B49', 'EDO']",[],B49
3TI1,1OB3,3TI1_renamed.pdb,1OB3_renamed.pdb,A,A,"['B49: N-[2-(diethylamino)ethyl]-5-[(Z)-(5-fluoro-2-oxo-1,2-dihydro-3H-indol-3-ylidene)methyl]-2,4-dimethyl-1H-pyrrole-3-carbo xamide', 'EDO: 1,2-ETHANEDIOL']",[],['CDK2'],['N/A'],,,6.25e-130,288,370.0,62.847,,,,,,,,"['B49', 'EDO']",[],B49
3TI1,3NIE,3TI1_renamed.pdb,3NIE_renamed.pdb,A,A,"['B49: N-[2-(diethylamino)ethyl]-5-[(Z)-(5-fluoro-2-oxo-1,2-dihydro-3H-indol-3-ylidene)methyl]-2,4-dimethyl-1H-pyrrole-3-carbo xamide', 'EDO: 1,2-ETHANEDIOL']",['ANP: PHOSPHOAMINOPHOSPHONIC ACID-ADENYLATE ESTER'],['CDK2'],['map2'],,,2.02e-48,350,166.0,32.857,,,,,,,,"['B49', 'EDO']",['ANP'],B49
3TNE,3F9Q,3TNE_renamed.pdb,3F9Q_renamed.pdb,A,A,['RIT: RITONAVIR'],[],['N/A'],['N/A'],,,3.9399999999999996e-23,334,97.8,27.545,,,,,,,,['RIT'],[],RIT
3TNE,1ME6,3TNE_renamed.pdb,1ME6_renamed.pdb,A,A,['RIT: RITONAVIR'],['IVS: 3-HYDROXY-6-METHYL-4-(3-METHYL-2-(3-METHYL-2-(3-METHYL-BUTYRYLAMINO)-BUTYRYLAMINO)-BUTYRYLAMINO)-HEPTANOIC ACID ETHYL ESTER'],['N/A'],['PF00026'],,,4.0599999999999995e-23,331,97.8,28.399,,,,,,,,['RIT'],['IVS'],RIT
3TNE,1LEE,3TNE_renamed.pdb,1LEE_renamed.pdb,A,A,['RIT: RITONAVIR'],"['R36: 4-AMINO-N-{4-[2-(2,6-DIMETHYL-PHENOXY)-ACETYLAMINO]-3-HYDROXY-1-ISOBUTYL-5-PHENYL-PENTYL}-BENZAMIDE']",['N/A'],['N/A'],,,4.1e-23,334,97.8,27.545,,,,,,,,['RIT'],['R36'],RIT
3TNE,1LF3,3TNE_renamed.pdb,1LF3_renamed.pdb,A,A,['RIT: RITONAVIR'],"['EH5: N-(1-BENZYL-3-{[3-(1,3-DIOXO-1,3-DIHYDRO-ISOINDOL-2-YL)-PROPIONYL]-[2-(HEXAHYDRO-BENZO[1,3]DIOXOL-5-YL)-ETHYL]-AMINO}-2-HYDROXY-PROPYL)-4-BENZYLOXY-3,5-DIMETHOXY-BENZAMIDE']",['N/A'],['N/A'],,,4.2199999999999997e-23,331,97.8,28.399,,,,,,,,['RIT'],['EH5'],RIT
3TNE,5BWY,3TNE_renamed.pdb,5BWY_renamed.pdb,A,A,['RIT: RITONAVIR'],[],['N/A'],['PFAG_05140'],,,5.98e-23,331,97.8,28.399,,,,,,,,['RIT'],[],RIT
3TNE,3QRV,3TNE_renamed.pdb,3QRV_renamed.pdb,A,A,['RIT: RITONAVIR'],[],['N/A'],['PMI'],,,6.03e-23,337,97.4,27.003,,,,,,,,['RIT'],[],RIT
3TNE,1PFZ,3TNE_renamed.pdb,1PFZ_renamed.pdb,A,A,['RIT: RITONAVIR'],['GOL: GLYCEROL'],['N/A'],['N/A'],,,6.489999999999999e-23,331,97.8,28.399,,,,,,,,['RIT'],['GOL'],RIT
3TNE,2BJU,3TNE_renamed.pdb,2BJU_renamed.pdb,A,A,['RIT: RITONAVIR'],['IH4: N-(R-CARBOXY-ETHYL)-ALPHA-(S)-(2-PHENYLETHYL)'],['N/A'],['N/A'],,,1.09e-22,331,97.8,28.399,,,,,,,,['RIT'],['IH4'],RIT
3ZBF,4RGJ,3ZBF_renamed.pdb,4RGJ_renamed.pdb,A,A,"['VGH: 3-[(1R)-1-(2,6-dichloro-3-fluorophenyl)ethoxy]-5-(1-piperidin-4-yl-1H-pyrazol-4-yl)pyridin-2-amine']",[],['N/A'],"['CDPK4, CPK4, PF07_0072']",,,1.42e-17,228,82.8,28.509,,,,,,,,['VGH'],[],VGH
3ZBF,5DYK,3ZBF_renamed.pdb,5DYK_renamed.pdb,A,A,"['VGH: 3-[(1R)-1-(2,6-dichloro-3-fluorophenyl)ethoxy]-5-(1-piperidin-4-yl-1H-pyrazol-4-yl)pyridin-2-amine']","['EDO: 1,2-ETHANEDIOL', 'SO4: SULFATE ION', 'GOL: GLYCEROL']",['N/A'],['PF3D7_1436600'],,,4.01e-10,297,60.5,24.242,,,,,,,,['VGH'],"['EDO', 'SO4', 'GOL']",VGH
4ACD,1OB3,4ACD_renamed.pdb,1OB3_renamed.pdb,A,A,['GR9: 3-AMINO-6-{4-[(4-METHYLPIPERAZIN-1-YL)SULFONYL]PHENYL}-N-PYRIDIN-3-YLPYRAZINE-2-CARBOXAMIDE'],[],['N/A'],['N/A'],,,2.5899999999999997e-46,302,162.0,33.113,,,,,,,,['GR9'],[],GR9
4ACD,1V0O,4ACD_renamed.pdb,1V0O_renamed.pdb,A,A,['GR9: 3-AMINO-6-{4-[(4-METHYLPIPERAZIN-1-YL)SULFONYL]PHENYL}-N-PYRIDIN-3-YLPYRAZINE-2-CARBOXAMIDE'],"[""INR: 2',3-DIOXO-1,1',2',3-TETRAHYDRO-2,3'-BIINDOLE-5'-SULFONIC ACID""]",['N/A'],['N/A'],,,4.4199999999999995e-46,302,161.0,32.781,,,,,,,,['GR9'],['INR'],GR9
4ACD,1V0B,4ACD_renamed.pdb,1V0B_renamed.pdb,A,A,['GR9: 3-AMINO-6-{4-[(4-METHYLPIPERAZIN-1-YL)SULFONYL]PHENYL}-N-PYRIDIN-3-YLPYRAZINE-2-CARBOXAMIDE'],[],['N/A'],['N/A'],,,4.5599999999999996e-46,302,161.0,32.781,,,,,,,,['GR9'],[],GR9
4ACD,3NIE,4ACD_renamed.pdb,3NIE_renamed.pdb,A,A,['GR9: 3-AMINO-6-{4-[(4-METHYLPIPERAZIN-1-YL)SULFONYL]PHENYL}-N-PYRIDIN-3-YLPYRAZINE-2-CARBOXAMIDE'],['ANP: PHOSPHOAMINOPHOSPHONIC ACID-ADENYLATE ESTER'],['N/A'],['map2'],,,1.0799999999999999e-30,379,122.0,28.496,,,,,,,,['GR9'],['ANP'],GR9
4ALI,3AM3,4ALI_renamed.pdb,3AM3_renamed.pdb,A,A,"['NAP: NADP NICOTINAMIDE-ADENINE-DINUCLEOTIDE PHOSPHATE', 'TCL: TRICLOSAN', 'GLU: GLUTAMIC ACID']","['NAD: NICOTINAMIDE-ADENINE-DINUCLEOTIDE', 'TCL: TRICLOSAN']",['N/A'],['FabI'],,,3.31e-18,219,82.8,28.311,,,,,,,,"['NAP', 'TCL', 'GLU']","['NAD', 'TCL']",NAP
4ALI,1VRW,4ALI_renamed.pdb,1VRW_renamed.pdb,A,A,"['NAP: NADP NICOTINAMIDE-ADENINE-DINUCLEOTIDE PHOSPHATE', 'TCL: TRICLOSAN', 'GLU: GLUTAMIC ACID']","['NAI: 1,4-DIHYDRONICOTINAMIDE ADENINE DINUCLEOTIDE']",['N/A'],['N/A'],,,4.76e-18,219,82.4,29.224,,,,,,,,"['NAP', 'TCL', 'GLU']",['NAI'],NAP
4ALI,1UH5,4ALI_renamed.pdb,1UH5_renamed.pdb,A,A,"['NAP: NADP NICOTINAMIDE-ADENINE-DINUCLEOTIDE PHOSPHATE', 'TCL: TRICLOSAN', 'GLU: GLUTAMIC ACID']","['TCL: TRICLOSAN', 'NAD: NICOTINAMIDE-ADENINE-DINUCLEOTIDE']",['N/A'],['FabI'],,,4.76e-18,219,82.4,29.224,,,,,,,,"['NAP', 'TCL', 'GLU']","['TCL', 'NAD']",NAP
4ALI,2OL4,4ALI_renamed.pdb,2OL4_renamed.pdb,A,A,"['NAP: NADP NICOTINAMIDE-ADENINE-DINUCLEOTIDE PHOSPHATE', 'TCL: TRICLOSAN', 'GLU: GLUTAMIC ACID']","['NAD: NICOTINAMIDE-ADENINE-DINUCLEOTIDE', 'JPN: 2-(2,4-DICHLOROPHENOXY)-5-(3-PHENYLPROPYL)PHENOL']",['N/A'],['FabI'],,,5.61e-18,219,82.0,29.224,,,,,,,,"['NAP', 'TCL', 'GLU']","['NAD', 'JPN']",NAP
4ALI,3AM5,4ALI_renamed.pdb,3AM5_renamed.pdb,A,A,"['NAP: NADP NICOTINAMIDE-ADENINE-DINUCLEOTIDE PHOSPHATE', 'TCL: TRICLOSAN', 'GLU: GLUTAMIC ACID']","['NAD: NICOTINAMIDE-ADENINE-DINUCLEOTIDE', 'TCL: TRICLOSAN']",['N/A'],['fabI'],,,1.88e-17,219,80.5,29.224,,,,,,,,"['NAP', 'TCL', 'GLU']","['NAD', 'TCL']",NAP
4ALI,1NHG,4ALI_renamed.pdb,1NHG_renamed.pdb,A,A,"['NAP: NADP NICOTINAMIDE-ADENINE-DINUCLEOTIDE PHOSPHATE', 'TCL: TRICLOSAN', 'GLU: GLUTAMIC ACID']","['NAD: NICOTINAMIDE-ADENINE-DINUCLEOTIDE', 'TCL: TRICLOSAN']",['N/A'],"['N/A', 'N/A']",,,3.17e-13,133,67.4,36.09,,,,,,,,"['NAP', 'TCL', 'GLU']","['NAD', 'TCL']",NAP
4C2V,4RGJ,4C2V_renamed.pdb,4RGJ_renamed.pdb,A,A,['YJA: 2-[5-[[7-[3-[ethyl(2-hydroxyethyl)amino]propoxy]quinazolin-4-yl]amino]-1H-pyrazol-3-yl]-N-(3-fluorophenyl)ethanamide'],[],"['N/A', 'N/A']","['CDPK4, CPK4, PF07_0072']",,,2.84e-49,257,170.0,35.409,,,,,,,,['YJA'],[],YJA
4C2V,5DYK,4C2V_renamed.pdb,5DYK_renamed.pdb,A,A,['YJA: 2-[5-[[7-[3-[ethyl(2-hydroxyethyl)amino]propoxy]quinazolin-4-yl]amino]-1H-pyrazol-3-yl]-N-(3-fluorophenyl)ethanamide'],"['EDO: 1,2-ETHANEDIOL', 'SO4: SULFATE ION', 'GOL: GLYCEROL']","['N/A', 'N/A']",['PF3D7_1436600'],,,1.3100000000000001e-43,293,158.0,31.741,,,,,,,,['YJA'],"['EDO', 'SO4', 'GOL']",YJA
4C2V,1V0O,4C2V_renamed.pdb,1V0O_renamed.pdb,A,A,['YJA: 2-[5-[[7-[3-[ethyl(2-hydroxyethyl)amino]propoxy]quinazolin-4-yl]amino]-1H-pyrazol-3-yl]-N-(3-fluorophenyl)ethanamide'],"[""INR: 2',3-DIOXO-1,1',2',3-TETRAHYDRO-2,3'-BIINDOLE-5'-SULFONIC ACID""]","['N/A', 'N/A']",['N/A'],,,1.57e-35,290,129.0,31.724,,,,,,,,['YJA'],['INR'],YJA
4C2V,1V0B,4C2V_renamed.pdb,1V0B_renamed.pdb,A,A,['YJA: 2-[5-[[7-[3-[ethyl(2-hydroxyethyl)amino]propoxy]quinazolin-4-yl]amino]-1H-pyrazol-3-yl]-N-(3-fluorophenyl)ethanamide'],[],"['N/A', 'N/A']",['N/A'],,,1.75e-35,290,128.0,31.724,,,,,,,,['YJA'],[],YJA
4C2V,1OB3,4C2V_renamed.pdb,1OB3_renamed.pdb,A,A,['YJA: 2-[5-[[7-[3-[ethyl(2-hydroxyethyl)amino]propoxy]quinazolin-4-yl]amino]-1H-pyrazol-3-yl]-N-(3-fluorophenyl)ethanamide'],[],"['N/A', 'N/A']",['N/A'],,,1.7800000000000002e-35,290,128.0,32.069,,,,,,,,['YJA'],[],YJA
4G4S,5FMG,4G4S_renamed.pdb,5FMG_renamed.pdb,E,E,"['MG: MAGNESIUM ION', 'LDZ: N-[(benzyloxy)carbonyl]-L-leucyl-N-[(2S)-4-methyl-1-oxopentan-2-yl]-L-leucinamide']","['7F1: (2S)-N-[(E,2S)-1-(1H-indol-3-yl)-4-methylsulfonyl-but-3-en-2-yl]-2-[[(2S)-3-(1H-indol-3-yl)-2-(2-morpholin-4-ylethanoylamino)propanoyl]amino]-4-methyl-pentanamide']","['SCL1, PRC2, PRS2, YGL011C', 'PRE8, PRS4, YML092C', 'PRE9, PRS5, YGR135W', 'PRE6, YOL038W', 'PUP2, DOA5, YGR253C, G9155', 'PRE5, YMR314W, YM9924.06', 'PRE10, PRC1, PRS1, YOR362C, O6650', 'PRE3, YJL001W, J1407', 'PUP1, YOR157C', 'PUP3, YER094C', 'PRE1, YER012W', 'PRE2, DOA3, PRG1, YPR103W, P8283.10', 'PRE7, PRS3, PTS1, YBL041W, YBL0407', 'PRE4, YFR050C', 'PBA1, POC1, YLR199C', 'ADD66, PBA2, POC2, YKL206C']","['N/A', 'N/A', 'N/A', 'N/A', 'N/A', 'N/A', 'N/A', 'N/A', 'N/A', 'N/A', 'N/A', 'N/A', 'N/A', 'N/A']",,,3e-82,262,247.0,48.473,,,,,,,,"['MG', 'LDZ']",['7F1'],MG
4G4S,5FMG,4G4S_renamed.pdb,5FMG_renamed.pdb,E,C,"['MG: MAGNESIUM ION', 'LDZ: N-[(benzyloxy)carbonyl]-L-leucyl-N-[(2S)-4-methyl-1-oxopentan-2-yl]-L-leucinamide']","['7F1: (2S)-N-[(E,2S)-1-(1H-indol-3-yl)-4-methylsulfonyl-but-3-en-2-yl]-2-[[(2S)-3-(1H-indol-3-yl)-2-(2-morpholin-4-ylethanoylamino)propanoyl]amino]-4-methyl-pentanamide']","['SCL1, PRC2, PRS2, YGL011C', 'PRE8, PRS4, YML092C', 'PRE9, PRS5, YGR135W', 'PRE6, YOL038W', 'PUP2, DOA5, YGR253C, G9155', 'PRE5, YMR314W, YM9924.06', 'PRE10, PRC1, PRS1, YOR362C, O6650', 'PRE3, YJL001W, J1407', 'PUP1, YOR157C', 'PUP3, YER094C', 'PRE1, YER012W', 'PRE2, DOA3, PRG1, YPR103W, P8283.10', 'PRE7, PRS3, PTS1, YBL041W, YBL0407', 'PRE4, YFR050C', 'PBA1, POC1, YLR199C', 'ADD66, PBA2, POC2, YKL206C']","['N/A', 'N/A', 'N/A', 'N/A', 'N/A', 'N/A', 'N/A', 'N/A', 'N/A', 'N/A', 'N/A', 'N/A', 'N/A', 'N/A']",,,4.49e-49,248,162.0,39.516,,,,,,,,"['MG', 'LDZ']",['7F1'],MG
4G4S,5FMG,4G4S_renamed.pdb,5FMG_renamed.pdb,E,D,"['MG: MAGNESIUM ION', 'LDZ: N-[(benzyloxy)carbonyl]-L-leucyl-N-[(2S)-4-methyl-1-oxopentan-2-yl]-L-leucinamide']","['7F1: (2S)-N-[(E,2S)-1-(1H-indol-3-yl)-4-methylsulfonyl-but-3-en-2-yl]-2-[[(2S)-3-(1H-indol-3-yl)-2-(2-morpholin-4-ylethanoylamino)propanoyl]amino]-4-methyl-pentanamide']","['SCL1, PRC2, PRS2, YGL011C', 'PRE8, PRS4, YML092C', 'PRE9, PRS5, YGR135W', 'PRE6, YOL038W', 'PUP2, DOA5, YGR253C, G9155', 'PRE5, YMR314W, YM9924.06', 'PRE10, PRC1, PRS1, YOR362C, O6650', 'PRE3, YJL001W, J1407', 'PUP1, YOR157C', 'PUP3, YER094C', 'PRE1, YER012W', 'PRE2, DOA3, PRG1, YPR103W, P8283.10', 'PRE7, PRS3, PTS1, YBL041W, YBL0407', 'PRE4, YFR050C', 'PBA1, POC1, YLR199C', 'ADD66, PBA2, POC2, YKL206C']","['N/A', 'N/A', 'N/A', 'N/A', 'N/A', 'N/A', 'N/A', 'N/A', 'N/A', 'N/A', 'N/A', 'N/A', 'N/A', 'N/A']",,,1.24e-36,219,129.0,32.877,,,,,,,,"['MG', 'LDZ']",['7F1'],MG
4G4S,5FMG,4G4S_renamed.pdb,5FMG_renamed.pdb,F,E,"['MG: MAGNESIUM ION', 'LDZ: N-[(benzyloxy)carbonyl]-L-leucyl-N-[(2S)-4-methyl-1-oxopentan-2-yl]-L-leucinamide']","['7F1: (2S)-N-[(E,2S)-1-(1H-indol-3-yl)-4-methylsulfonyl-but-3-en-2-yl]-2-[[(2S)-3-(1H-indol-3-yl)-2-(2-morpholin-4-ylethanoylamino)propanoyl]amino]-4-methyl-pentanamide']","['SCL1, PRC2, PRS2, YGL011C', 'PRE8, PRS4, YML092C', 'PRE9, PRS5, YGR135W', 'PRE6, YOL038W', 'PUP2, DOA5, YGR253C, G9155', 'PRE5, YMR314W, YM9924.06', 'PRE10, PRC1, PRS1, YOR362C, O6650', 'PRE3, YJL001W, J1407', 'PUP1, YOR157C', 'PUP3, YER094C', 'PRE1, YER012W', 'PRE2, DOA3, PRG1, YPR103W, P8283.10', 'PRE7, PRS3, PTS1, YBL041W, YBL0407', 'PRE4, YFR050C', 'PBA1, POC1, YLR199C', 'ADD66, PBA2, POC2, YKL206C']","['N/A', 'N/A', 'N/A', 'N/A', 'N/A', 'N/A', 'N/A', 'N/A', 'N/A', 'N/A', 'N/A', 'N/A', 'N/A', 'N/A']",,,2.38e-34,249,123.0,33.333,,,,,,,,"['MG', 'LDZ']",['7F1'],MG
4G4S,5FMG,4G4S_renamed.pdb,5FMG_renamed.pdb,F,C,"['MG: MAGNESIUM ION', 'LDZ: N-[(benzyloxy)carbonyl]-L-leucyl-N-[(2S)-4-methyl-1-oxopentan-2-yl]-L-leucinamide']","['7F1: (2S)-N-[(E,2S)-1-(1H-indol-3-yl)-4-methylsulfonyl-but-3-en-2-yl]-2-[[(2S)-3-(1H-indol-3-yl)-2-(2-morpholin-4-ylethanoylamino)propanoyl]amino]-4-methyl-pentanamide']","['SCL1, PRC2, PRS2, YGL011C', 'PRE8, PRS4, YML092C', 'PRE9, PRS5, YGR135W', 'PRE6, YOL038W', 'PUP2, DOA5, YGR253C, G9155', 'PRE5, YMR314W, YM9924.06', 'PRE10, PRC1, PRS1, YOR362C, O6650', 'PRE3, YJL001W, J1407', 'PUP1, YOR157C', 'PUP3, YER094C', 'PRE1, YER012W', 'PRE2, DOA3, PRG1, YPR103W, P8283.10', 'PRE7, PRS3, PTS1, YBL041W, YBL0407', 'PRE4, YFR050C', 'PBA1, POC1, YLR199C', 'ADD66, PBA2, POC2, YKL206C']","['N/A', 'N/A', 'N/A', 'N/A', 'N/A', 'N/A', 'N/A', 'N/A', 'N/A', 'N/A', 'N/A', 'N/A', 'N/A', 'N/A']",,,1.34e-30,174,113.0,40.805,,,,,,,,"['MG', 'LDZ']",['7F1'],MG
4G4S,5FMG,4G4S_renamed.pdb,5FMG_renamed.pdb,F,D,"['MG: MAGNESIUM ION', 'LDZ: N-[(benzyloxy)carbonyl]-L-leucyl-N-[(2S)-4-methyl-1-oxopentan-2-yl]-L-leucinamide']","['7F1: (2S)-N-[(E,2S)-1-(1H-indol-3-yl)-4-methylsulfonyl-but-3-en-2-yl]-2-[[(2S)-3-(1H-indol-3-yl)-2-(2-morpholin-4-ylethanoylamino)propanoyl]amino]-4-methyl-pentanamide']","['SCL1, PRC2, PRS2, YGL011C', 'PRE8, PRS4, YML092C', 'PRE9, PRS5, YGR135W', 'PRE6, YOL038W', 'PUP2, DOA5, YGR253C, G9155', 'PRE5, YMR314W, YM9924.06', 'PRE10, PRC1, PRS1, YOR362C, O6650', 'PRE3, YJL001W, J1407', 'PUP1, YOR157C', 'PUP3, YER094C', 'PRE1, YER012W', 'PRE2, DOA3, PRG1, YPR103W, P8283.10', 'PRE7, PRS3, PTS1, YBL041W, YBL0407', 'PRE4, YFR050C', 'PBA1, POC1, YLR199C', 'ADD66, PBA2, POC2, YKL206C']","['N/A', 'N/A', 'N/A', 'N/A', 'N/A', 'N/A', 'N/A', 'N/A', 'N/A', 'N/A', 'N/A', 'N/A', 'N/A', 'N/A']",,,9.68e-28,173,105.0,36.994,,,,,,,,"['MG', 'LDZ']",['7F1'],MG
4G4S,5FMG,4G4S_renamed.pdb,5FMG_renamed.pdb,I,I,"['MG: MAGNESIUM ION', 'LDZ: N-[(benzyloxy)carbonyl]-L-leucyl-N-[(2S)-4-methyl-1-oxopentan-2-yl]-L-leucinamide']","['7F1: (2S)-N-[(E,2S)-1-(1H-indol-3-yl)-4-methylsulfonyl-but-3-en-2-yl]-2-[[(2S)-3-(1H-indol-3-yl)-2-(2-morpholin-4-ylethanoylamino)propanoyl]amino]-4-methyl-pentanamide']","['SCL1, PRC2, PRS2, YGL011C', 'PRE8, PRS4, YML092C', 'PRE9, PRS5, YGR135W', 'PRE6, YOL038W', 'PUP2, DOA5, YGR253C, G9155', 'PRE5, YMR314W, YM9924.06', 'PRE10, PRC1, PRS1, YOR362C, O6650', 'PRE3, YJL001W, J1407', 'PUP1, YOR157C', 'PUP3, YER094C', 'PRE1, YER012W', 'PRE2, DOA3, PRG1, YPR103W, P8283.10', 'PRE7, PRS3, PTS1, YBL041W, YBL0407', 'PRE4, YFR050C', 'PBA1, POC1, YLR199C', 'ADD66, PBA2, POC2, YKL206C']","['N/A', 'N/A', 'N/A', 'N/A', 'N/A', 'N/A', 'N/A', 'N/A', 'N/A', 'N/A', 'N/A', 'N/A', 'N/A', 'N/A']",,,7.000000000000001e-70,219,213.0,50.228,,,,,,,,"['MG', 'LDZ']",['7F1'],MG
4G4S,5FMG,4G4S_renamed.pdb,5FMG_renamed.pdb,J,M,"['MG: MAGNESIUM ION', 'LDZ: N-[(benzyloxy)carbonyl]-L-leucyl-N-[(2S)-4-methyl-1-oxopentan-2-yl]-L-leucinamide']","['7F1: (2S)-N-[(E,2S)-1-(1H-indol-3-yl)-4-methylsulfonyl-but-3-en-2-yl]-2-[[(2S)-3-(1H-indol-3-yl)-2-(2-morpholin-4-ylethanoylamino)propanoyl]amino]-4-methyl-pentanamide']","['SCL1, PRC2, PRS2, YGL011C', 'PRE8, PRS4, YML092C', 'PRE9, PRS5, YGR135W', 'PRE6, YOL038W', 'PUP2, DOA5, YGR253C, G9155', 'PRE5, YMR314W, YM9924.06', 'PRE10, PRC1, PRS1, YOR362C, O6650', 'PRE3, YJL001W, J1407', 'PUP1, YOR157C', 'PUP3, YER094C', 'PRE1, YER012W', 'PRE2, DOA3, PRG1, YPR103W, P8283.10', 'PRE7, PRS3, PTS1, YBL041W, YBL0407', 'PRE4, YFR050C', 'PBA1, POC1, YLR199C', 'ADD66, PBA2, POC2, YKL206C']","['N/A', 'N/A', 'N/A', 'N/A', 'N/A', 'N/A', 'N/A', 'N/A', 'N/A', 'N/A', 'N/A', 'N/A', 'N/A', 'N/A']",,,5.53e-18,212,79.0,27.83,,,,,,,,"['MG', 'LDZ']",['7F1'],MG
4G4S,5FMG,4G4S_renamed.pdb,5FMG_renamed.pdb,K,K,"['MG: MAGNESIUM ION', 'LDZ: N-[(benzyloxy)carbonyl]-L-leucyl-N-[(2S)-4-methyl-1-oxopentan-2-yl]-L-leucinamide']","['7F1: (2S)-N-[(E,2S)-1-(1H-indol-3-yl)-4-methylsulfonyl-but-3-en-2-yl]-2-[[(2S)-3-(1H-indol-3-yl)-2-(2-morpholin-4-ylethanoylamino)propanoyl]amino]-4-methyl-pentanamide']","['SCL1, PRC2, PRS2, YGL011C', 'PRE8, PRS4, YML092C', 'PRE9, PRS5, YGR135W', 'PRE6, YOL038W', 'PUP2, DOA5, YGR253C, G9155', 'PRE5, YMR314W, YM9924.06', 'PRE10, PRC1, PRS1, YOR362C, O6650', 'PRE3, YJL001W, J1407', 'PUP1, YOR157C', 'PUP3, YER094C', 'PRE1, YER012W', 'PRE2, DOA3, PRG1, YPR103W, P8283.10', 'PRE7, PRS3, PTS1, YBL041W, YBL0407', 'PRE4, YFR050C', 'PBA1, POC1, YLR199C', 'ADD66, PBA2, POC2, YKL206C']","['N/A', 'N/A', 'N/A', 'N/A', 'N/A', 'N/A', 'N/A', 'N/A', 'N/A', 'N/A', 'N/A', 'N/A', 'N/A', 'N/A']",,,1.27e-35,175,123.0,35.429,,,,,,,,"['MG', 'LDZ']",['7F1'],MG
4G4S,5FMG,4G4S_renamed.pdb,5FMG_renamed.pdb,K,I,"['MG: MAGNESIUM ION', 'LDZ: N-[(benzyloxy)carbonyl]-L-leucyl-N-[(2S)-4-methyl-1-oxopentan-2-yl]-L-leucinamide']","['7F1: (2S)-N-[(E,2S)-1-(1H-indol-3-yl)-4-methylsulfonyl-but-3-en-2-yl]-2-[[(2S)-3-(1H-indol-3-yl)-2-(2-morpholin-4-ylethanoylamino)propanoyl]amino]-4-methyl-pentanamide']","['SCL1, PRC2, PRS2, YGL011C', 'PRE8, PRS4, YML092C', 'PRE9, PRS5, YGR135W', 'PRE6, YOL038W', 'PUP2, DOA5, YGR253C, G9155', 'PRE5, YMR314W, YM9924.06', 'PRE10, PRC1, PRS1, YOR362C, O6650', 'PRE3, YJL001W, J1407', 'PUP1, YOR157C', 'PUP3, YER094C', 'PRE1, YER012W', 'PRE2, DOA3, PRG1, YPR103W, P8283.10', 'PRE7, PRS3, PTS1, YBL041W, YBL0407', 'PRE4, YFR050C', 'PBA1, POC1, YLR199C', 'ADD66, PBA2, POC2, YKL206C']","['N/A', 'N/A', 'N/A', 'N/A', 'N/A', 'N/A', 'N/A', 'N/A', 'N/A', 'N/A', 'N/A', 'N/A', 'N/A', 'N/A']",,,6e-15,159,70.5,30.189,,,,,,,,"['MG', 'LDZ']",['7F1'],MG
4G4S,5FMG,4G4S_renamed.pdb,5FMG_renamed.pdb,A,C,"['MG: MAGNESIUM ION', 'LDZ: N-[(benzyloxy)carbonyl]-L-leucyl-N-[(2S)-4-methyl-1-oxopentan-2-yl]-L-leucinamide']","['7F1: (2S)-N-[(E,2S)-1-(1H-indol-3-yl)-4-methylsulfonyl-but-3-en-2-yl]-2-[[(2S)-3-(1H-indol-3-yl)-2-(2-morpholin-4-ylethanoylamino)propanoyl]amino]-4-methyl-pentanamide']","['SCL1, PRC2, PRS2, YGL011C', 'PRE8, PRS4, YML092C', 'PRE9, PRS5, YGR135W', 'PRE6, YOL038W', 'PUP2, DOA5, YGR253C, G9155', 'PRE5, YMR314W, YM9924.06', 'PRE10, PRC1, PRS1, YOR362C, O6650', 'PRE3, YJL001W, J1407', 'PUP1, YOR157C', 'PUP3, YER094C', 'PRE1, YER012W', 'PRE2, DOA3, PRG1, YPR103W, P8283.10', 'PRE7, PRS3, PTS1, YBL041W, YBL0407', 'PRE4, YFR050C', 'PBA1, POC1, YLR199C', 'ADD66, PBA2, POC2, YKL206C']","['N/A', 'N/A', 'N/A', 'N/A', 'N/A', 'N/A', 'N/A', 'N/A', 'N/A', 'N/A', 'N/A', 'N/A', 'N/A', 'N/A']",,,6.51e-23,180,93.6,33.889,,,,,,,,"['MG', 'LDZ']",['7F1'],MG
4G4S,5FMG,4G4S_renamed.pdb,5FMG_renamed.pdb,A,E,"['MG: MAGNESIUM ION', 'LDZ: N-[(benzyloxy)carbonyl]-L-leucyl-N-[(2S)-4-methyl-1-oxopentan-2-yl]-L-leucinamide']","['7F1: (2S)-N-[(E,2S)-1-(1H-indol-3-yl)-4-methylsulfonyl-but-3-en-2-yl]-2-[[(2S)-3-(1H-indol-3-yl)-2-(2-morpholin-4-ylethanoylamino)propanoyl]amino]-4-methyl-pentanamide']","['SCL1, PRC2, PRS2, YGL011C', 'PRE8, PRS4, YML092C', 'PRE9, PRS5, YGR135W', 'PRE6, YOL038W', 'PUP2, DOA5, YGR253C, G9155', 'PRE5, YMR314W, YM9924.06', 'PRE10, PRC1, PRS1, YOR362C, O6650', 'PRE3, YJL001W, J1407', 'PUP1, YOR157C', 'PUP3, YER094C', 'PRE1, YER012W', 'PRE2, DOA3, PRG1, YPR103W, P8283.10', 'PRE7, PRS3, PTS1, YBL041W, YBL0407', 'PRE4, YFR050C', 'PBA1, POC1, YLR199C', 'ADD66, PBA2, POC2, YKL206C']","['N/A', 'N/A', 'N/A', 'N/A', 'N/A', 'N/A', 'N/A', 'N/A', 'N/A', 'N/A', 'N/A', 'N/A', 'N/A', 'N/A']",,,6.1300000000000005e-22,231,91.3,26.407,,,,,,,,"['MG', 'LDZ']",['7F1'],MG
4G4S,5FMG,4G4S_renamed.pdb,5FMG_renamed.pdb,A,D,"['MG: MAGNESIUM ION', 'LDZ: N-[(benzyloxy)carbonyl]-L-leucyl-N-[(2S)-4-methyl-1-oxopentan-2-yl]-L-leucinamide']","['7F1: (2S)-N-[(E,2S)-1-(1H-indol-3-yl)-4-methylsulfonyl-but-3-en-2-yl]-2-[[(2S)-3-(1H-indol-3-yl)-2-(2-morpholin-4-ylethanoylamino)propanoyl]amino]-4-methyl-pentanamide']","['SCL1, PRC2, PRS2, YGL011C', 'PRE8, PRS4, YML092C', 'PRE9, PRS5, YGR135W', 'PRE6, YOL038W', 'PUP2, DOA5, YGR253C, G9155', 'PRE5, YMR314W, YM9924.06', 'PRE10, PRC1, PRS1, YOR362C, O6650', 'PRE3, YJL001W, J1407', 'PUP1, YOR157C', 'PUP3, YER094C', 'PRE1, YER012W', 'PRE2, DOA3, PRG1, YPR103W, P8283.10', 'PRE7, PRS3, PTS1, YBL041W, YBL0407', 'PRE4, YFR050C', 'PBA1, POC1, YLR199C', 'ADD66, PBA2, POC2, YKL206C']","['N/A', 'N/A', 'N/A', 'N/A', 'N/A', 'N/A', 'N/A', 'N/A', 'N/A', 'N/A', 'N/A', 'N/A', 'N/A', 'N/A']",,,3.410000000000001e-21,179,89.0,28.492,,,,,,,,"['MG', 'LDZ']",['7F1'],MG
4G4S,5FMG,4G4S_renamed.pdb,5FMG_renamed.pdb,L,L,"['MG: MAGNESIUM ION', 'LDZ: N-[(benzyloxy)carbonyl]-L-leucyl-N-[(2S)-4-methyl-1-oxopentan-2-yl]-L-leucinamide']","['7F1: (2S)-N-[(E,2S)-1-(1H-indol-3-yl)-4-methylsulfonyl-but-3-en-2-yl]-2-[[(2S)-3-(1H-indol-3-yl)-2-(2-morpholin-4-ylethanoylamino)propanoyl]amino]-4-methyl-pentanamide']","['SCL1, PRC2, PRS2, YGL011C', 'PRE8, PRS4, YML092C', 'PRE9, PRS5, YGR135W', 'PRE6, YOL038W', 'PUP2, DOA5, YGR253C, G9155', 'PRE5, YMR314W, YM9924.06', 'PRE10, PRC1, PRS1, YOR362C, O6650', 'PRE3, YJL001W, J1407', 'PUP1, YOR157C', 'PUP3, YER094C', 'PRE1, YER012W', 'PRE2, DOA3, PRG1, YPR103W, P8283.10', 'PRE7, PRS3, PTS1, YBL041W, YBL0407', 'PRE4, YFR050C', 'PBA1, POC1, YLR199C', 'ADD66, PBA2, POC2, YKL206C']","['N/A', 'N/A', 'N/A', 'N/A', 'N/A', 'N/A', 'N/A', 'N/A', 'N/A', 'N/A', 'N/A', 'N/A', 'N/A', 'N/A']",,,7.810000000000005e-66,185,201.0,51.351,,,,,,,,"['MG', 'LDZ']",['7F1'],MG
4G4S,5FMG,4G4S_renamed.pdb,5FMG_renamed.pdb,M,M,"['MG: MAGNESIUM ION', 'LDZ: N-[(benzyloxy)carbonyl]-L-leucyl-N-[(2S)-4-methyl-1-oxopentan-2-yl]-L-leucinamide']","['7F1: (2S)-N-[(E,2S)-1-(1H-indol-3-yl)-4-methylsulfonyl-but-3-en-2-yl]-2-[[(2S)-3-(1H-indol-3-yl)-2-(2-morpholin-4-ylethanoylamino)propanoyl]amino]-4-methyl-pentanamide']","['SCL1, PRC2, PRS2, YGL011C', 'PRE8, PRS4, YML092C', 'PRE9, PRS5, YGR135W', 'PRE6, YOL038W', 'PUP2, DOA5, YGR253C, G9155', 'PRE5, YMR314W, YM9924.06', 'PRE10, PRC1, PRS1, YOR362C, O6650', 'PRE3, YJL001W, J1407', 'PUP1, YOR157C', 'PUP3, YER094C', 'PRE1, YER012W', 'PRE2, DOA3, PRG1, YPR103W, P8283.10', 'PRE7, PRS3, PTS1, YBL041W, YBL0407', 'PRE4, YFR050C', 'PBA1, POC1, YLR199C', 'ADD66, PBA2, POC2, YKL206C']","['N/A', 'N/A', 'N/A', 'N/A', 'N/A', 'N/A', 'N/A', 'N/A', 'N/A', 'N/A', 'N/A', 'N/A', 'N/A', 'N/A']",,,3.09e-46,222,153.0,36.486,,,,,,,,"['MG', 'LDZ']",['7F1'],MG
4G4S,5FMG,4G4S_renamed.pdb,5FMG_renamed.pdb,N,N,"['MG: MAGNESIUM ION', 'LDZ: N-[(benzyloxy)carbonyl]-L-leucyl-N-[(2S)-4-methyl-1-oxopentan-2-yl]-L-leucinamide']","['7F1: (2S)-N-[(E,2S)-1-(1H-indol-3-yl)-4-methylsulfonyl-but-3-en-2-yl]-2-[[(2S)-3-(1H-indol-3-yl)-2-(2-morpholin-4-ylethanoylamino)propanoyl]amino]-4-methyl-pentanamide']","['SCL1, PRC2, PRS2, YGL011C', 'PRE8, PRS4, YML092C', 'PRE9, PRS5, YGR135W', 'PRE6, YOL038W', 'PUP2, DOA5, YGR253C, G9155', 'PRE5, YMR314W, YM9924.06', 'PRE10, PRC1, PRS1, YOR362C, O6650', 'PRE3, YJL001W, J1407', 'PUP1, YOR157C', 'PUP3, YER094C', 'PRE1, YER012W', 'PRE2, DOA3, PRG1, YPR103W, P8283.10', 'PRE7, PRS3, PTS1, YBL041W, YBL0407', 'PRE4, YFR050C', 'PBA1, POC1, YLR199C', 'ADD66, PBA2, POC2, YKL206C']","['N/A', 'N/A', 'N/A', 'N/A', 'N/A', 'N/A', 'N/A', 'N/A', 'N/A', 'N/A', 'N/A', 'N/A', 'N/A', 'N/A']",,,1.52e-30,230,113.0,32.609,,,,,,,,"['MG', 'LDZ']",['7F1'],MG
4G4S,5FMG,4G4S_renamed.pdb,5FMG_renamed.pdb,B,D,"['MG: MAGNESIUM ION', 'LDZ: N-[(benzyloxy)carbonyl]-L-leucyl-N-[(2S)-4-methyl-1-oxopentan-2-yl]-L-leucinamide']","['7F1: (2S)-N-[(E,2S)-1-(1H-indol-3-yl)-4-methylsulfonyl-but-3-en-2-yl]-2-[[(2S)-3-(1H-indol-3-yl)-2-(2-morpholin-4-ylethanoylamino)propanoyl]amino]-4-methyl-pentanamide']","['SCL1, PRC2, PRS2, YGL011C', 'PRE8, PRS4, YML092C', 'PRE9, PRS5, YGR135W', 'PRE6, YOL038W', 'PUP2, DOA5, YGR253C, G9155', 'PRE5, YMR314W, YM9924.06', 'PRE10, PRC1, PRS1, YOR362C, O6650', 'PRE3, YJL001W, J1407', 'PUP1, YOR157C', 'PUP3, YER094C', 'PRE1, YER012W', 'PRE2, DOA3, PRG1, YPR103W, P8283.10', 'PRE7, PRS3, PTS1, YBL041W, YBL0407', 'PRE4, YFR050C', 'PBA1, POC1, YLR199C', 'ADD66, PBA2, POC2, YKL206C']","['N/A', 'N/A', 'N/A', 'N/A', 'N/A', 'N/A', 'N/A', 'N/A', 'N/A', 'N/A', 'N/A', 'N/A', 'N/A', 'N/A']",,,7.84e-44,214,147.0,37.383,,,,,,,,"['MG', 'LDZ']",['7F1'],MG
4G4S,5FMG,4G4S_renamed.pdb,5FMG_renamed.pdb,B,C,"['MG: MAGNESIUM ION', 'LDZ: N-[(benzyloxy)carbonyl]-L-leucyl-N-[(2S)-4-methyl-1-oxopentan-2-yl]-L-leucinamide']","['7F1: (2S)-N-[(E,2S)-1-(1H-indol-3-yl)-4-methylsulfonyl-but-3-en-2-yl]-2-[[(2S)-3-(1H-indol-3-yl)-2-(2-morpholin-4-ylethanoylamino)propanoyl]amino]-4-methyl-pentanamide']","['SCL1, PRC2, PRS2, YGL011C', 'PRE8, PRS4, YML092C', 'PRE9, PRS5, YGR135W', 'PRE6, YOL038W', 'PUP2, DOA5, YGR253C, G9155', 'PRE5, YMR314W, YM9924.06', 'PRE10, PRC1, PRS1, YOR362C, O6650', 'PRE3, YJL001W, J1407', 'PUP1, YOR157C', 'PUP3, YER094C', 'PRE1, YER012W', 'PRE2, DOA3, PRG1, YPR103W, P8283.10', 'PRE7, PRS3, PTS1, YBL041W, YBL0407', 'PRE4, YFR050C', 'PBA1, POC1, YLR199C', 'ADD66, PBA2, POC2, YKL206C']","['N/A', 'N/A', 'N/A', 'N/A', 'N/A', 'N/A', 'N/A', 'N/A', 'N/A', 'N/A', 'N/A', 'N/A', 'N/A', 'N/A']",,,3.16e-39,223,136.0,35.426,,,,,,,,"['MG', 'LDZ']",['7F1'],MG
4G4S,5FMG,4G4S_renamed.pdb,5FMG_renamed.pdb,B,E,"['MG: MAGNESIUM ION', 'LDZ: N-[(benzyloxy)carbonyl]-L-leucyl-N-[(2S)-4-methyl-1-oxopentan-2-yl]-L-leucinamide']","['7F1: (2S)-N-[(E,2S)-1-(1H-indol-3-yl)-4-methylsulfonyl-but-3-en-2-yl]-2-[[(2S)-3-(1H-indol-3-yl)-2-(2-morpholin-4-ylethanoylamino)propanoyl]amino]-4-methyl-pentanamide']","['SCL1, PRC2, PRS2, YGL011C', 'PRE8, PRS4, YML092C', 'PRE9, PRS5, YGR135W', 'PRE6, YOL038W', 'PUP2, DOA5, YGR253C, G9155', 'PRE5, YMR314W, YM9924.06', 'PRE10, PRC1, PRS1, YOR362C, O6650', 'PRE3, YJL001W, J1407', 'PUP1, YOR157C', 'PUP3, YER094C', 'PRE1, YER012W', 'PRE2, DOA3, PRG1, YPR103W, P8283.10', 'PRE7, PRS3, PTS1, YBL041W, YBL0407', 'PRE4, YFR050C', 'PBA1, POC1, YLR199C', 'ADD66, PBA2, POC2, YKL206C']","['N/A', 'N/A', 'N/A', 'N/A', 'N/A', 'N/A', 'N/A', 'N/A', 'N/A', 'N/A', 'N/A', 'N/A', 'N/A', 'N/A']",,,4.67e-33,228,120.0,33.333,,,,,,,,"['MG', 'LDZ']",['7F1'],MG
4G4S,5FMG,4G4S_renamed.pdb,5FMG_renamed.pdb,C,C,"['MG: MAGNESIUM ION', 'LDZ: N-[(benzyloxy)carbonyl]-L-leucyl-N-[(2S)-4-methyl-1-oxopentan-2-yl]-L-leucinamide']","['7F1: (2S)-N-[(E,2S)-1-(1H-indol-3-yl)-4-methylsulfonyl-but-3-en-2-yl]-2-[[(2S)-3-(1H-indol-3-yl)-2-(2-morpholin-4-ylethanoylamino)propanoyl]amino]-4-methyl-pentanamide']","['SCL1, PRC2, PRS2, YGL011C', 'PRE8, PRS4, YML092C', 'PRE9, PRS5, YGR135W', 'PRE6, YOL038W', 'PUP2, DOA5, YGR253C, G9155', 'PRE5, YMR314W, YM9924.06', 'PRE10, PRC1, PRS1, YOR362C, O6650', 'PRE3, YJL001W, J1407', 'PUP1, YOR157C', 'PUP3, YER094C', 'PRE1, YER012W', 'PRE2, DOA3, PRG1, YPR103W, P8283.10', 'PRE7, PRS3, PTS1, YBL041W, YBL0407', 'PRE4, YFR050C', 'PBA1, POC1, YLR199C', 'ADD66, PBA2, POC2, YKL206C']","['N/A', 'N/A', 'N/A', 'N/A', 'N/A', 'N/A', 'N/A', 'N/A', 'N/A', 'N/A', 'N/A', 'N/A', 'N/A', 'N/A']",,,4.5700000000000004e-79,237,238.0,50.633,,,,,,,,"['MG', 'LDZ']",['7F1'],MG
4G4S,5FMG,4G4S_renamed.pdb,5FMG_renamed.pdb,C,D,"['MG: MAGNESIUM ION', 'LDZ: N-[(benzyloxy)carbonyl]-L-leucyl-N-[(2S)-4-methyl-1-oxopentan-2-yl]-L-leucinamide']","['7F1: (2S)-N-[(E,2S)-1-(1H-indol-3-yl)-4-methylsulfonyl-but-3-en-2-yl]-2-[[(2S)-3-(1H-indol-3-yl)-2-(2-morpholin-4-ylethanoylamino)propanoyl]amino]-4-methyl-pentanamide']","['SCL1, PRC2, PRS2, YGL011C', 'PRE8, PRS4, YML092C', 'PRE9, PRS5, YGR135W', 'PRE6, YOL038W', 'PUP2, DOA5, YGR253C, G9155', 'PRE5, YMR314W, YM9924.06', 'PRE10, PRC1, PRS1, YOR362C, O6650', 'PRE3, YJL001W, J1407', 'PUP1, YOR157C', 'PUP3, YER094C', 'PRE1, YER012W', 'PRE2, DOA3, PRG1, YPR103W, P8283.10', 'PRE7, PRS3, PTS1, YBL041W, YBL0407', 'PRE4, YFR050C', 'PBA1, POC1, YLR199C', 'ADD66, PBA2, POC2, YKL206C']","['N/A', 'N/A', 'N/A', 'N/A', 'N/A', 'N/A', 'N/A', 'N/A', 'N/A', 'N/A', 'N/A', 'N/A', 'N/A', 'N/A']",,,5.66e-50,215,164.0,37.674,,,,,,,,"['MG', 'LDZ']",['7F1'],MG
4G4S,5FMG,4G4S_renamed.pdb,5FMG_renamed.pdb,C,E,"['MG: MAGNESIUM ION', 'LDZ: N-[(benzyloxy)carbonyl]-L-leucyl-N-[(2S)-4-methyl-1-oxopentan-2-yl]-L-leucinamide']","['7F1: (2S)-N-[(E,2S)-1-(1H-indol-3-yl)-4-methylsulfonyl-but-3-en-2-yl]-2-[[(2S)-3-(1H-indol-3-yl)-2-(2-morpholin-4-ylethanoylamino)propanoyl]amino]-4-methyl-pentanamide']","['SCL1, PRC2, PRS2, YGL011C', 'PRE8, PRS4, YML092C', 'PRE9, PRS5, YGR135W', 'PRE6, YOL038W', 'PUP2, DOA5, YGR253C, G9155', 'PRE5, YMR314W, YM9924.06', 'PRE10, PRC1, PRS1, YOR362C, O6650', 'PRE3, YJL001W, J1407', 'PUP1, YOR157C', 'PUP3, YER094C', 'PRE1, YER012W', 'PRE2, DOA3, PRG1, YPR103W, P8283.10', 'PRE7, PRS3, PTS1, YBL041W, YBL0407', 'PRE4, YFR050C', 'PBA1, POC1, YLR199C', 'ADD66, PBA2, POC2, YKL206C']","['N/A', 'N/A', 'N/A', 'N/A', 'N/A', 'N/A', 'N/A', 'N/A', 'N/A', 'N/A', 'N/A', 'N/A', 'N/A', 'N/A']",,,1.6799999999999999e-46,220,155.0,39.545,,,,,,,,"['MG', 'LDZ']",['7F1'],MG
4G4S,5FMG,4G4S_renamed.pdb,5FMG_renamed.pdb,D,D,"['MG: MAGNESIUM ION', 'LDZ: N-[(benzyloxy)carbonyl]-L-leucyl-N-[(2S)-4-methyl-1-oxopentan-2-yl]-L-leucinamide']","['7F1: (2S)-N-[(E,2S)-1-(1H-indol-3-yl)-4-methylsulfonyl-but-3-en-2-yl]-2-[[(2S)-3-(1H-indol-3-yl)-2-(2-morpholin-4-ylethanoylamino)propanoyl]amino]-4-methyl-pentanamide']","['SCL1, PRC2, PRS2, YGL011C', 'PRE8, PRS4, YML092C', 'PRE9, PRS5, YGR135W', 'PRE6, YOL038W', 'PUP2, DOA5, YGR253C, G9155', 'PRE5, YMR314W, YM9924.06', 'PRE10, PRC1, PRS1, YOR362C, O6650', 'PRE3, YJL001W, J1407', 'PUP1, YOR157C', 'PUP3, YER094C', 'PRE1, YER012W', 'PRE2, DOA3, PRG1, YPR103W, P8283.10', 'PRE7, PRS3, PTS1, YBL041W, YBL0407', 'PRE4, YFR050C', 'PBA1, POC1, YLR199C', 'ADD66, PBA2, POC2, YKL206C']","['N/A', 'N/A', 'N/A', 'N/A', 'N/A', 'N/A', 'N/A', 'N/A', 'N/A', 'N/A', 'N/A', 'N/A', 'N/A', 'N/A']",,,7.36e-85,245,253.0,47.347,,,,,,,,"['MG', 'LDZ']",['7F1'],MG
4G4S,5FMG,4G4S_renamed.pdb,5FMG_renamed.pdb,D,C,"['MG: MAGNESIUM ION', 'LDZ: N-[(benzyloxy)carbonyl]-L-leucyl-N-[(2S)-4-methyl-1-oxopentan-2-yl]-L-leucinamide']","['7F1: (2S)-N-[(E,2S)-1-(1H-indol-3-yl)-4-methylsulfonyl-but-3-en-2-yl]-2-[[(2S)-3-(1H-indol-3-yl)-2-(2-morpholin-4-ylethanoylamino)propanoyl]amino]-4-methyl-pentanamide']","['SCL1, PRC2, PRS2, YGL011C', 'PRE8, PRS4, YML092C', 'PRE9, PRS5, YGR135W', 'PRE6, YOL038W', 'PUP2, DOA5, YGR253C, G9155', 'PRE5, YMR314W, YM9924.06', 'PRE10, PRC1, PRS1, YOR362C, O6650', 'PRE3, YJL001W, J1407', 'PUP1, YOR157C', 'PUP3, YER094C', 'PRE1, YER012W', 'PRE2, DOA3, PRG1, YPR103W, P8283.10', 'PRE7, PRS3, PTS1, YBL041W, YBL0407', 'PRE4, YFR050C', 'PBA1, POC1, YLR199C', 'ADD66, PBA2, POC2, YKL206C']","['N/A', 'N/A', 'N/A', 'N/A', 'N/A', 'N/A', 'N/A', 'N/A', 'N/A', 'N/A', 'N/A', 'N/A', 'N/A', 'N/A']",,,2.7399999999999998e-42,176,144.0,40.341,,,,,,,,"['MG', 'LDZ']",['7F1'],MG
4G4S,5FMG,4G4S_renamed.pdb,5FMG_renamed.pdb,D,E,"['MG: MAGNESIUM ION', 'LDZ: N-[(benzyloxy)carbonyl]-L-leucyl-N-[(2S)-4-methyl-1-oxopentan-2-yl]-L-leucinamide']","['7F1: (2S)-N-[(E,2S)-1-(1H-indol-3-yl)-4-methylsulfonyl-but-3-en-2-yl]-2-[[(2S)-3-(1H-indol-3-yl)-2-(2-morpholin-4-ylethanoylamino)propanoyl]amino]-4-methyl-pentanamide']","['SCL1, PRC2, PRS2, YGL011C', 'PRE8, PRS4, YML092C', 'PRE9, PRS5, YGR135W', 'PRE6, YOL038W', 'PUP2, DOA5, YGR253C, G9155', 'PRE5, YMR314W, YM9924.06', 'PRE10, PRC1, PRS1, YOR362C, O6650', 'PRE3, YJL001W, J1407', 'PUP1, YOR157C', 'PUP3, YER094C', 'PRE1, YER012W', 'PRE2, DOA3, PRG1, YPR103W, P8283.10', 'PRE7, PRS3, PTS1, YBL041W, YBL0407', 'PRE4, YFR050C', 'PBA1, POC1, YLR199C', 'ADD66, PBA2, POC2, YKL206C']","['N/A', 'N/A', 'N/A', 'N/A', 'N/A', 'N/A', 'N/A', 'N/A', 'N/A', 'N/A', 'N/A', 'N/A', 'N/A', 'N/A']",,,7.82e-34,224,122.0,34.821,,,,,,,,"['MG', 'LDZ']",['7F1'],MG
4G4S,5FMG,4G4S_renamed.pdb,5FMG_renamed.pdb,G,E,"['MG: MAGNESIUM ION', 'LDZ: N-[(benzyloxy)carbonyl]-L-leucyl-N-[(2S)-4-methyl-1-oxopentan-2-yl]-L-leucinamide']","['7F1: (2S)-N-[(E,2S)-1-(1H-indol-3-yl)-4-methylsulfonyl-but-3-en-2-yl]-2-[[(2S)-3-(1H-indol-3-yl)-2-(2-morpholin-4-ylethanoylamino)propanoyl]amino]-4-methyl-pentanamide']","['SCL1, PRC2, PRS2, YGL011C', 'PRE8, PRS4, YML092C', 'PRE9, PRS5, YGR135W', 'PRE6, YOL038W', 'PUP2, DOA5, YGR253C, G9155', 'PRE5, YMR314W, YM9924.06', 'PRE10, PRC1, PRS1, YOR362C, O6650', 'PRE3, YJL001W, J1407', 'PUP1, YOR157C', 'PUP3, YER094C', 'PRE1, YER012W', 'PRE2, DOA3, PRG1, YPR103W, P8283.10', 'PRE7, PRS3, PTS1, YBL041W, YBL0407', 'PRE4, YFR050C', 'PBA1, POC1, YLR199C', 'ADD66, PBA2, POC2, YKL206C']","['N/A', 'N/A', 'N/A', 'N/A', 'N/A', 'N/A', 'N/A', 'N/A', 'N/A', 'N/A', 'N/A', 'N/A', 'N/A', 'N/A']",,,1.55e-35,213,128.0,34.742,,,,,,,,"['MG', 'LDZ']",['7F1'],MG
4G4S,5FMG,4G4S_renamed.pdb,5FMG_renamed.pdb,G,C,"['MG: MAGNESIUM ION', 'LDZ: N-[(benzyloxy)carbonyl]-L-leucyl-N-[(2S)-4-methyl-1-oxopentan-2-yl]-L-leucinamide']","['7F1: (2S)-N-[(E,2S)-1-(1H-indol-3-yl)-4-methylsulfonyl-but-3-en-2-yl]-2-[[(2S)-3-(1H-indol-3-yl)-2-(2-morpholin-4-ylethanoylamino)propanoyl]amino]-4-methyl-pentanamide']","['SCL1, PRC2, PRS2, YGL011C', 'PRE8, PRS4, YML092C', 'PRE9, PRS5, YGR135W', 'PRE6, YOL038W', 'PUP2, DOA5, YGR253C, G9155', 'PRE5, YMR314W, YM9924.06', 'PRE10, PRC1, PRS1, YOR362C, O6650', 'PRE3, YJL001W, J1407', 'PUP1, YOR157C', 'PUP3, YER094C', 'PRE1, YER012W', 'PRE2, DOA3, PRG1, YPR103W, P8283.10', 'PRE7, PRS3, PTS1, YBL041W, YBL0407', 'PRE4, YFR050C', 'PBA1, POC1, YLR199C', 'ADD66, PBA2, POC2, YKL206C']","['N/A', 'N/A', 'N/A', 'N/A', 'N/A', 'N/A', 'N/A', 'N/A', 'N/A', 'N/A', 'N/A', 'N/A', 'N/A', 'N/A']",,,6.97e-32,173,118.0,36.416,,,,,,,,"['MG', 'LDZ']",['7F1'],MG
4G4S,5FMG,4G4S_renamed.pdb,5FMG_renamed.pdb,G,D,"['MG: MAGNESIUM ION', 'LDZ: N-[(benzyloxy)carbonyl]-L-leucyl-N-[(2S)-4-methyl-1-oxopentan-2-yl]-L-leucinamide']","['7F1: (2S)-N-[(E,2S)-1-(1H-indol-3-yl)-4-methylsulfonyl-but-3-en-2-yl]-2-[[(2S)-3-(1H-indol-3-yl)-2-(2-morpholin-4-ylethanoylamino)propanoyl]amino]-4-methyl-pentanamide']","['SCL1, PRC2, PRS2, YGL011C', 'PRE8, PRS4, YML092C', 'PRE9, PRS5, YGR135W', 'PRE6, YOL038W', 'PUP2, DOA5, YGR253C, G9155', 'PRE5, YMR314W, YM9924.06', 'PRE10, PRC1, PRS1, YOR362C, O6650', 'PRE3, YJL001W, J1407', 'PUP1, YOR157C', 'PUP3, YER094C', 'PRE1, YER012W', 'PRE2, DOA3, PRG1, YPR103W, P8283.10', 'PRE7, PRS3, PTS1, YBL041W, YBL0407', 'PRE4, YFR050C', 'PBA1, POC1, YLR199C', 'ADD66, PBA2, POC2, YKL206C']","['N/A', 'N/A', 'N/A', 'N/A', 'N/A', 'N/A', 'N/A', 'N/A', 'N/A', 'N/A', 'N/A', 'N/A', 'N/A', 'N/A']",,,2.5100000000000002e-29,196,111.0,34.184,,,,,,,,"['MG', 'LDZ']",['7F1'],MG
4G4S,5FMG,4G4S_renamed.pdb,5FMG_renamed.pdb,H,I,"['MG: MAGNESIUM ION', 'LDZ: N-[(benzyloxy)carbonyl]-L-leucyl-N-[(2S)-4-methyl-1-oxopentan-2-yl]-L-leucinamide']","['7F1: (2S)-N-[(E,2S)-1-(1H-indol-3-yl)-4-methylsulfonyl-but-3-en-2-yl]-2-[[(2S)-3-(1H-indol-3-yl)-2-(2-morpholin-4-ylethanoylamino)propanoyl]amino]-4-methyl-pentanamide']","['SCL1, PRC2, PRS2, YGL011C', 'PRE8, PRS4, YML092C', 'PRE9, PRS5, YGR135W', 'PRE6, YOL038W', 'PUP2, DOA5, YGR253C, G9155', 'PRE5, YMR314W, YM9924.06', 'PRE10, PRC1, PRS1, YOR362C, O6650', 'PRE3, YJL001W, J1407', 'PUP1, YOR157C', 'PUP3, YER094C', 'PRE1, YER012W', 'PRE2, DOA3, PRG1, YPR103W, P8283.10', 'PRE7, PRS3, PTS1, YBL041W, YBL0407', 'PRE4, YFR050C', 'PBA1, POC1, YLR199C', 'ADD66, PBA2, POC2, YKL206C']","['N/A', 'N/A', 'N/A', 'N/A', 'N/A', 'N/A', 'N/A', 'N/A', 'N/A', 'N/A', 'N/A', 'N/A', 'N/A', 'N/A']",,,1.15e-19,197,82.8,27.411,,,,,,,,"['MG', 'LDZ']",['7F1'],MG
4JI9,1V0B,4JI9_renamed.pdb,1V0B_renamed.pdb,A,A,['1M3: N-tert-butyl-3-[(5-methyl-2-{[4-(4-methylpiperazin-1-yl)phenyl]amino}pyrimidin-4-yl)amino]benzenesulfonamide'],[],['JAK2'],['N/A'],,,6.230000000000001e-21,202,90.1,32.178,,,,,,,,['1M3'],[],1M3
4JI9,1V0O,4JI9_renamed.pdb,1V0O_renamed.pdb,A,A,['1M3: N-tert-butyl-3-[(5-methyl-2-{[4-(4-methylpiperazin-1-yl)phenyl]amino}pyrimidin-4-yl)amino]benzenesulfonamide'],"[""INR: 2',3-DIOXO-1,1',2',3-TETRAHYDRO-2,3'-BIINDOLE-5'-SULFONIC ACID""]",['JAK2'],['N/A'],,,6.820000000000001e-21,202,90.1,32.178,,,,,,,,['1M3'],['INR'],1M3
4JI9,1OB3,4JI9_renamed.pdb,1OB3_renamed.pdb,A,A,['1M3: N-tert-butyl-3-[(5-methyl-2-{[4-(4-methylpiperazin-1-yl)phenyl]amino}pyrimidin-4-yl)amino]benzenesulfonamide'],[],['JAK2'],['N/A'],,,8.94e-21,200,89.7,32.0,,,,,,,,['1M3'],[],1M3
4JI9,4RGJ,4JI9_renamed.pdb,4RGJ_renamed.pdb,A,A,['1M3: N-tert-butyl-3-[(5-methyl-2-{[4-(4-methylpiperazin-1-yl)phenyl]amino}pyrimidin-4-yl)amino]benzenesulfonamide'],[],['JAK2'],"['CDPK4, CPK4, PF07_0072']",,,1.01e-15,234,77.0,31.624,,,,,,,,['1M3'],[],1M3
4KM0,1J3I,4KM0_renamed.pdb,1J3I_renamed.pdb,A,A,"['CP6: 5-(4-CHLORO-PHENYL)-6-ETHYL-PYRIMIDINE-2,4-DIAMINE', ""ATR: 2'-MONOPHOSPHOADENOSINE-5'-DIPHOSPHATE""]","['WRA: 6,6-DIMETHYL-1-[3-(2,4,5-TRICHLOROPHENOXY)PROPOXY]-1,6-DIHYDRO-1,3,5-TRIAZINE-2,4-DIAMINE', 'NDP: NADPH DIHYDRO-NICOTINAMIDE-ADENINE-DINUCLEOTIDE PHOSPHATE', ""UMP: 2'-DEOXYURIDINE 5'-MONOPHOSPHATE""]","['dfrA, folA, MT2833, MTV002.28c, Rv2763c']","['N/A', 'N/A']",,,2.33e-09,102,54.7,32.353,,,,,,,,"['CP6', 'ATR']","['WRA', 'NDP', 'UMP']",CP6
4M89,3AM3,4M89_renamed.pdb,3AM3_renamed.pdb,A,A,"['NAD: NICOTINAMIDE-ADENINE-DINUCLEOTIDE', 'TCL: TRICLOSAN']","['NAD: NICOTINAMIDE-ADENINE-DINUCLEOTIDE', 'TCL: TRICLOSAN']","['fabI, NMC1834']",['FabI'],,,2.24e-16,238,77.0,27.731,,,,,,,,"['NAD', 'TCL']","['NAD', 'TCL']",NAD
4M89,2OL4,4M89_renamed.pdb,2OL4_renamed.pdb,A,A,"['NAD: NICOTINAMIDE-ADENINE-DINUCLEOTIDE', 'TCL: TRICLOSAN']","['NAD: NICOTINAMIDE-ADENINE-DINUCLEOTIDE', 'JPN: 2-(2,4-DICHLOROPHENOXY)-5-(3-PHENYLPROPYL)PHENOL']","['fabI, NMC1834']",['FabI'],,,6.49e-16,238,75.9,28.992,,,,,,,,"['NAD', 'TCL']","['NAD', 'JPN']",NAD
4M89,1UH5,4M89_renamed.pdb,1UH5_renamed.pdb,A,A,"['NAD: NICOTINAMIDE-ADENINE-DINUCLEOTIDE', 'TCL: TRICLOSAN']","['TCL: TRICLOSAN', 'NAD: NICOTINAMIDE-ADENINE-DINUCLEOTIDE']","['fabI, NMC1834']",['FabI'],,,6.49e-16,238,75.9,28.992,,,,,,,,"['NAD', 'TCL']","['TCL', 'NAD']",NAD
4M89,1VRW,4M89_renamed.pdb,1VRW_renamed.pdb,A,A,"['NAD: NICOTINAMIDE-ADENINE-DINUCLEOTIDE', 'TCL: TRICLOSAN']","['NAI: 1,4-DIHYDRONICOTINAMIDE ADENINE DINUCLEOTIDE']","['fabI, NMC1834']",['N/A'],,,6.92e-16,238,75.9,28.992,,,,,,,,"['NAD', 'TCL']",['NAI'],NAD
4M89,3AM5,4M89_renamed.pdb,3AM5_renamed.pdb,A,A,"['NAD: NICOTINAMIDE-ADENINE-DINUCLEOTIDE', 'TCL: TRICLOSAN']","['NAD: NICOTINAMIDE-ADENINE-DINUCLEOTIDE', 'TCL: TRICLOSAN']","['fabI, NMC1834']",['fabI'],,,5.82e-15,238,73.2,28.571,,,,,,,,"['NAD', 'TCL']","['NAD', 'TCL']",NAD
4M89,1NHG,4M89_renamed.pdb,1NHG_renamed.pdb,A,A,"['NAD: NICOTINAMIDE-ADENINE-DINUCLEOTIDE', 'TCL: TRICLOSAN']","['NAD: NICOTINAMIDE-ADENINE-DINUCLEOTIDE', 'TCL: TRICLOSAN']","['fabI, NMC1834']","['N/A', 'N/A']",,,6.97e-12,136,63.2,36.029,,,,,,,,"['NAD', 'TCL']","['NAD', 'TCL']",NAD
4NCT,8RPC,4NCT_renamed.pdb,8RPC_renamed.pdb,A,A,['2K2: PKC412'],"['A1H19: 4-[2-[5-(diethylaminomethyl)-2-methoxy-phenyl]-1~{H}-pyrrolo[2,3-b]pyridin-4-yl]-2-propan-2-yl-benzoic acid', 'GOL: GLYCEROL', 'EDO: 1,2-ETHANEDIOL', 'SO4: SULFATE ION']","['DYRK1A, DYRK, MNB, MNBH', 'DYRK1A, DYRK, MNB, MNBH']",['C923_03333'],,,2.41e-38,245,140.0,34.694,,,,,,,,['2K2'],"['A1H19', 'GOL', 'EDO', 'SO4']",2K2
4NCT,1OB3,4NCT_renamed.pdb,1OB3_renamed.pdb,A,A,['2K2: PKC412'],[],"['DYRK1A, DYRK, MNB, MNBH', 'DYRK1A, DYRK, MNB, MNBH']",['N/A'],,,3.29e-28,333,111.0,29.73,,,,,,,,['2K2'],[],2K2
4NCT,1V0O,4NCT_renamed.pdb,1V0O_renamed.pdb,A,A,['2K2: PKC412'],"[""INR: 2',3-DIOXO-1,1',2',3-TETRAHYDRO-2,3'-BIINDOLE-5'-SULFONIC ACID""]","['DYRK1A, DYRK, MNB, MNBH', 'DYRK1A, DYRK, MNB, MNBH']",['N/A'],,,5.14e-28,333,110.0,29.429,,,,,,,,['2K2'],['INR'],2K2
4NCT,1V0B,4NCT_renamed.pdb,1V0B_renamed.pdb,A,A,['2K2: PKC412'],[],"['DYRK1A, DYRK, MNB, MNBH', 'DYRK1A, DYRK, MNB, MNBH']",['N/A'],,,5.75e-28,333,110.0,29.429,,,,,,,,['2K2'],[],2K2
4NCT,8RPC,4NCT_renamed.pdb,8RPC_renamed.pdb,B,A,['2K2: PKC412'],"['A1H19: 4-[2-[5-(diethylaminomethyl)-2-methoxy-phenyl]-1~{H}-pyrrolo[2,3-b]pyridin-4-yl]-2-propan-2-yl-benzoic acid', 'GOL: GLYCEROL', 'EDO: 1,2-ETHANEDIOL', 'SO4: SULFATE ION']","['DYRK1A, DYRK, MNB, MNBH', 'DYRK1A, DYRK, MNB, MNBH']",['C923_03333'],,,2.41e-38,245,140.0,34.694,,,,,,,,['2K2'],"['A1H19', 'GOL', 'EDO', 'SO4']",2K2
4NCT,1OB3,4NCT_renamed.pdb,1OB3_renamed.pdb,B,A,['2K2: PKC412'],[],"['DYRK1A, DYRK, MNB, MNBH', 'DYRK1A, DYRK, MNB, MNBH']",['N/A'],,,3.29e-28,333,111.0,29.73,,,,,,,,['2K2'],[],2K2
4NCT,1V0O,4NCT_renamed.pdb,1V0O_renamed.pdb,B,A,['2K2: PKC412'],"[""INR: 2',3-DIOXO-1,1',2',3-TETRAHYDRO-2,3'-BIINDOLE-5'-SULFONIC ACID""]","['DYRK1A, DYRK, MNB, MNBH', 'DYRK1A, DYRK, MNB, MNBH']",['N/A'],,,5.14e-28,333,110.0,29.429,,,,,,,,['2K2'],['INR'],2K2
4NCT,1V0B,4NCT_renamed.pdb,1V0B_renamed.pdb,B,A,['2K2: PKC412'],[],"['DYRK1A, DYRK, MNB, MNBH', 'DYRK1A, DYRK, MNB, MNBH']",['N/A'],,,5.75e-28,333,110.0,29.429,,,,,,,,['2K2'],[],2K2
4NR0,3AM3,4NR0_renamed.pdb,3AM3_renamed.pdb,A,A,"['NAD: NICOTINAMIDE-ADENINE-DINUCLEOTIDE', 'TCL: TRICLOSAN']","['NAD: NICOTINAMIDE-ADENINE-DINUCLEOTIDE', 'TCL: TRICLOSAN']","['fabI, PA1806']",['FabI'],,,2.58e-18,228,82.8,27.193,,,,,,,,"['NAD', 'TCL']","['NAD', 'TCL']",NAD
4NR0,1UH5,4NR0_renamed.pdb,1UH5_renamed.pdb,A,A,"['NAD: NICOTINAMIDE-ADENINE-DINUCLEOTIDE', 'TCL: TRICLOSAN']","['TCL: TRICLOSAN', 'NAD: NICOTINAMIDE-ADENINE-DINUCLEOTIDE']","['fabI, PA1806']",['FabI'],,,9.19e-18,228,81.3,28.07,,,,,,,,"['NAD', 'TCL']","['TCL', 'NAD']",NAD
4NR0,2OL4,4NR0_renamed.pdb,2OL4_renamed.pdb,A,A,"['NAD: NICOTINAMIDE-ADENINE-DINUCLEOTIDE', 'TCL: TRICLOSAN']","['NAD: NICOTINAMIDE-ADENINE-DINUCLEOTIDE', 'JPN: 2-(2,4-DICHLOROPHENOXY)-5-(3-PHENYLPROPYL)PHENOL']","['fabI, PA1806']",['FabI'],,,2.18e-17,228,80.5,26.754,,,,,,,,"['NAD', 'TCL']","['NAD', 'JPN']",NAD
4NR0,1VRW,4NR0_renamed.pdb,1VRW_renamed.pdb,A,A,"['NAD: NICOTINAMIDE-ADENINE-DINUCLEOTIDE', 'TCL: TRICLOSAN']","['NAI: 1,4-DIHYDRONICOTINAMIDE ADENINE DINUCLEOTIDE']","['fabI, PA1806']",['N/A'],,,2.21e-17,228,80.5,26.754,,,,,,,,"['NAD', 'TCL']",['NAI'],NAD
4NR0,3AM5,4NR0_renamed.pdb,3AM5_renamed.pdb,A,A,"['NAD: NICOTINAMIDE-ADENINE-DINUCLEOTIDE', 'TCL: TRICLOSAN']","['NAD: NICOTINAMIDE-ADENINE-DINUCLEOTIDE', 'TCL: TRICLOSAN']","['fabI, PA1806']",['fabI'],,,5.11e-17,228,79.3,28.07,,,,,,,,"['NAD', 'TCL']","['NAD', 'TCL']",NAD
4NR0,1NHG,4NR0_renamed.pdb,1NHG_renamed.pdb,A,A,"['NAD: NICOTINAMIDE-ADENINE-DINUCLEOTIDE', 'TCL: TRICLOSAN']","['NAD: NICOTINAMIDE-ADENINE-DINUCLEOTIDE', 'TCL: TRICLOSAN']","['fabI, PA1806']","['N/A', 'N/A']",,,1.85e-13,133,67.8,34.586,,,,,,,,"['NAD', 'TCL']","['NAD', 'TCL']",NAD
4O74,9HHD,4O74_renamed.pdb,9HHD_renamed.pdb,A,A,"['R78: 4-{[(7R)-8-cyclopentyl-7-ethyl-5-methyl-6-oxo-5,6,7,8-tetrahydropteridin-2-yl]amino}-3-methoxy-N-(1-methylpiperidin-4-yl)benzamide', 'EDO: 1,2-ETHANEDIOL', 'PEG: DI(HYDROXYETHYL)ETHER']","['A1IUZ: 3-methyl-1-(2-methylphenyl)-5,6,7,8-tetrahydro-2~{H}-cyclohepta[c]pyrrol-4-one']","['BRD4, HUNK1']",['PF3D7_1033700'],,,4.09e-13,102,61.6,31.373,,,,,,,,"['R78', 'EDO', 'PEG']",['A1IUZ'],R78
4O76,9HHD,4O76_renamed.pdb,9HHD_renamed.pdb,A,A,"['1M3: N-tert-butyl-3-[(5-methyl-2-{[4-(4-methylpiperazin-1-yl)phenyl]amino}pyrimidin-4-yl)amino]benzenesulfonamide', 'EDO: 1,2-ETHANEDIOL']","['A1IUZ: 3-methyl-1-(2-methylphenyl)-5,6,7,8-tetrahydro-2~{H}-cyclohepta[c]pyrrol-4-one']","['BRD4, HUNK1']",['PF3D7_1033700'],,,4.09e-13,102,61.6,31.373,,,,,,,,"['1M3', 'EDO']",['A1IUZ'],1M3
4OGI,9HHD,4OGI_renamed.pdb,9HHD_renamed.pdb,A,A,"['EDO: 1,2-ETHANEDIOL', 'R78: 4-{[(7R)-8-cyclopentyl-7-ethyl-5-methyl-6-oxo-5,6,7,8-tetrahydropteridin-2-yl]amino}-3-methoxy-N-(1-methylpiperidin-4-yl)benzamide']","['A1IUZ: 3-methyl-1-(2-methylphenyl)-5,6,7,8-tetrahydro-2~{H}-cyclohepta[c]pyrrol-4-one']","['BRD4, HUNK1']",['PF3D7_1033700'],,,4.09e-13,102,61.6,31.373,,,,,,,,"['EDO', 'R78']",['A1IUZ'],EDO
4OGJ,9HHD,4OGJ_renamed.pdb,9HHD_renamed.pdb,A,A,"['EDO: 1,2-ETHANEDIOL', '2TA: N-tert-butyl-3-{[5-methyl-2-({4-[2-(pyrrolidin-1-yl)ethoxy]phenyl}amino)pyrimidin-4-yl]amino}benzenesulfonamide']","['A1IUZ: 3-methyl-1-(2-methylphenyl)-5,6,7,8-tetrahydro-2~{H}-cyclohepta[c]pyrrol-4-one']","['BRD4, HUNK1']",['PF3D7_1033700'],,,4.09e-13,102,61.6,31.373,,,,,,,,"['EDO', '2TA']",['A1IUZ'],EDO
4PS5,9HHD,4PS5_renamed.pdb,9HHD_renamed.pdb,A,A,"['2TA: N-tert-butyl-3-{[5-methyl-2-({4-[2-(pyrrolidin-1-yl)ethoxy]phenyl}amino)pyrimidin-4-yl]amino}benzenesulfonamide', 'EDO: 1,2-ETHANEDIOL', 'ACT: ACETATE ION']","['A1IUZ: 3-methyl-1-(2-methylphenyl)-5,6,7,8-tetrahydro-2~{H}-cyclohepta[c]pyrrol-4-one']","['BRD4, HUNK1']",['PF3D7_1033700'],,,4.09e-13,102,61.6,31.373,,,,,,,,"['2TA', 'EDO', 'ACT']",['A1IUZ'],2TA
5AP7,1V0B,5AP7_renamed.pdb,1V0B_renamed.pdb,A,A,"['SVE: N-(2,6-DIETHYLPHENYL)-1-METHYL-8-({4-[(1-METHYLPIPERIDIN-4-YL)CARBAMOYL]-2-(TRIFLUOROMETHOXY)PHENYL}AMINO)-4,5-DIHYDRO-1H-PYRAZOLO[4,3-H]QUINAZOLINE-3-CARBOXAMIDE', 'EDO: 1,2-ETHANEDIOL', 'DMS: DIMETHYL SULFOXIDE']",[],['N/A'],['N/A'],,,2.58e-21,296,91.3,28.378,,,,,,,,"['SVE', 'EDO', 'DMS']",[],SVE
5AP7,1V0O,5AP7_renamed.pdb,1V0O_renamed.pdb,A,A,"['SVE: N-(2,6-DIETHYLPHENYL)-1-METHYL-8-({4-[(1-METHYLPIPERIDIN-4-YL)CARBAMOYL]-2-(TRIFLUOROMETHOXY)PHENYL}AMINO)-4,5-DIHYDRO-1H-PYRAZOLO[4,3-H]QUINAZOLINE-3-CARBOXAMIDE', 'EDO: 1,2-ETHANEDIOL', 'DMS: DIMETHYL SULFOXIDE']","[""INR: 2',3-DIOXO-1,1',2',3-TETRAHYDRO-2,3'-BIINDOLE-5'-SULFONIC ACID""]",['N/A'],['N/A'],,,2.6300000000000002e-21,296,91.3,28.378,,,,,,,,"['SVE', 'EDO', 'DMS']",['INR'],SVE
5AP7,1OB3,5AP7_renamed.pdb,1OB3_renamed.pdb,A,A,"['SVE: N-(2,6-DIETHYLPHENYL)-1-METHYL-8-({4-[(1-METHYLPIPERIDIN-4-YL)CARBAMOYL]-2-(TRIFLUOROMETHOXY)PHENYL}AMINO)-4,5-DIHYDRO-1H-PYRAZOLO[4,3-H]QUINAZOLINE-3-CARBOXAMIDE', 'EDO: 1,2-ETHANEDIOL', 'DMS: DIMETHYL SULFOXIDE']",[],['N/A'],['N/A'],,,4.13e-21,296,90.9,28.041,,,,,,,,"['SVE', 'EDO', 'DMS']",[],SVE
5AP7,3NIE,5AP7_renamed.pdb,3NIE_renamed.pdb,A,A,"['SVE: N-(2,6-DIETHYLPHENYL)-1-METHYL-8-({4-[(1-METHYLPIPERIDIN-4-YL)CARBAMOYL]-2-(TRIFLUOROMETHOXY)PHENYL}AMINO)-4,5-DIHYDRO-1H-PYRAZOLO[4,3-H]QUINAZOLINE-3-CARBOXAMIDE', 'EDO: 1,2-ETHANEDIOL', 'DMS: DIMETHYL SULFOXIDE']",['ANP: PHOSPHOAMINOPHOSPHONIC ACID-ADENYLATE ESTER'],['N/A'],['map2'],,,1.56e-15,251,76.3,31.873,,,,,,,,"['SVE', 'EDO', 'DMS']",['ANP'],SVE
5AP7,4RGJ,5AP7_renamed.pdb,4RGJ_renamed.pdb,A,A,"['SVE: N-(2,6-DIETHYLPHENYL)-1-METHYL-8-({4-[(1-METHYLPIPERIDIN-4-YL)CARBAMOYL]-2-(TRIFLUOROMETHOXY)PHENYL}AMINO)-4,5-DIHYDRO-1H-PYRAZOLO[4,3-H]QUINAZOLINE-3-CARBOXAMIDE', 'EDO: 1,2-ETHANEDIOL', 'DMS: DIMETHYL SULFOXIDE']",[],['N/A'],"['CDPK4, CPK4, PF07_0072']",,,3.6e-14,287,72.4,25.087,,,,,,,,"['SVE', 'EDO', 'DMS']",[],SVE
5C8G,9HHD,5C8G_renamed.pdb,9HHD_renamed.pdb,A,A,"['R78: 4-{[(7R)-8-cyclopentyl-7-ethyl-5-methyl-6-oxo-5,6,7,8-tetrahydropteridin-2-yl]amino}-3-methoxy-N-(1-methylpiperidin-4-yl)benzamide', 'UNX: UNKNOWN ATOM OR ION']","['A1IUZ: 3-methyl-1-(2-methylphenyl)-5,6,7,8-tetrahydro-2~{H}-cyclohepta[c]pyrrol-4-one']",['TbgDal_XI11310'],['PF3D7_1033700'],,,2.06e-07,71,46.6,32.394,,,,,,,,"['R78', 'UNX']",['A1IUZ'],R78
5HEZ,1V0B,5HEZ_renamed.pdb,1V0B_renamed.pdb,A,A,"['CL: CHLORIDE ION', 'ZN: ZINC ION', '1M3: N-tert-butyl-3-[(5-methyl-2-{[4-(4-methylpiperazin-1-yl)phenyl]amino}pyrimidin-4-yl)amino]benzenesulfonamide']",[],['JAK2'],['N/A'],,,6.5800000000000004e-21,202,90.1,32.178,,,,,,,,"['CL', 'ZN', '1M3']",[],CL
5HEZ,1V0O,5HEZ_renamed.pdb,1V0O_renamed.pdb,A,A,"['CL: CHLORIDE ION', 'ZN: ZINC ION', '1M3: N-tert-butyl-3-[(5-methyl-2-{[4-(4-methylpiperazin-1-yl)phenyl]amino}pyrimidin-4-yl)amino]benzenesulfonamide']","[""INR: 2',3-DIOXO-1,1',2',3-TETRAHYDRO-2,3'-BIINDOLE-5'-SULFONIC ACID""]",['JAK2'],['N/A'],,,6.99e-21,202,90.1,32.178,,,,,,,,"['CL', 'ZN', '1M3']",['INR'],CL
5HEZ,1OB3,5HEZ_renamed.pdb,1OB3_renamed.pdb,A,A,"['CL: CHLORIDE ION', 'ZN: ZINC ION', '1M3: N-tert-butyl-3-[(5-methyl-2-{[4-(4-methylpiperazin-1-yl)phenyl]amino}pyrimidin-4-yl)amino]benzenesulfonamide']",[],['JAK2'],['N/A'],,,1e-20,200,89.7,32.0,,,,,,,,"['CL', 'ZN', '1M3']",[],CL
5HEZ,4RGJ,5HEZ_renamed.pdb,4RGJ_renamed.pdb,A,A,"['CL: CHLORIDE ION', 'ZN: ZINC ION', '1M3: N-tert-butyl-3-[(5-methyl-2-{[4-(4-methylpiperazin-1-yl)phenyl]amino}pyrimidin-4-yl)amino]benzenesulfonamide']",[],['JAK2'],"['CDPK4, CPK4, PF07_0072']",,,1.29e-15,225,76.6,31.556,,,,,,,,"['CL', 'ZN', '1M3']",[],CL
5IFL,3AM3,5IFL_renamed.pdb,3AM3_renamed.pdb,A,A,"['TCL: TRICLOSAN', 'NAD: NICOTINAMIDE-ADENINE-DINUCLEOTIDE']","['NAD: NICOTINAMIDE-ADENINE-DINUCLEOTIDE', 'TCL: TRICLOSAN']","['fabI, fabI_2, ACT79_25590, AM256_11615, AM257_11635, AMS56_08605, DP46_2957, DP49_6839, ERS012314_03793, ERS012372_03823, SY87_14645, TR70_1075, VU09_13745']",['FabI'],,,3.07e-16,216,77.0,25.463,,,,,,,,"['TCL', 'NAD']","['NAD', 'TCL']",TCL
5IFL,1UH5,5IFL_renamed.pdb,1UH5_renamed.pdb,A,A,"['TCL: TRICLOSAN', 'NAD: NICOTINAMIDE-ADENINE-DINUCLEOTIDE']","['TCL: TRICLOSAN', 'NAD: NICOTINAMIDE-ADENINE-DINUCLEOTIDE']","['fabI, fabI_2, ACT79_25590, AM256_11615, AM257_11635, AMS56_08605, DP46_2957, DP49_6839, ERS012314_03793, ERS012372_03823, SY87_14645, TR70_1075, VU09_13745']",['FabI'],,,5.78e-16,216,76.3,25.463,,,,,,,,"['TCL', 'NAD']","['TCL', 'NAD']",TCL
5IFL,1VRW,5IFL_renamed.pdb,1VRW_renamed.pdb,A,A,"['TCL: TRICLOSAN', 'NAD: NICOTINAMIDE-ADENINE-DINUCLEOTIDE']","['NAI: 1,4-DIHYDRONICOTINAMIDE ADENINE DINUCLEOTIDE']","['fabI, fabI_2, ACT79_25590, AM256_11615, AM257_11635, AMS56_08605, DP46_2957, DP49_6839, ERS012314_03793, ERS012372_03823, SY87_14645, TR70_1075, VU09_13745']",['N/A'],,,6.41e-16,216,76.3,25.463,,,,,,,,"['TCL', 'NAD']",['NAI'],TCL
5IFL,2OL4,5IFL_renamed.pdb,2OL4_renamed.pdb,A,A,"['TCL: TRICLOSAN', 'NAD: NICOTINAMIDE-ADENINE-DINUCLEOTIDE']","['NAD: NICOTINAMIDE-ADENINE-DINUCLEOTIDE', 'JPN: 2-(2,4-DICHLOROPHENOXY)-5-(3-PHENYLPROPYL)PHENOL']","['fabI, fabI_2, ACT79_25590, AM256_11615, AM257_11635, AMS56_08605, DP46_2957, DP49_6839, ERS012314_03793, ERS012372_03823, SY87_14645, TR70_1075, VU09_13745']",['FabI'],,,7.16e-16,216,76.3,25.463,,,,,,,,"['TCL', 'NAD']","['NAD', 'JPN']",TCL
5IFL,3AM5,5IFL_renamed.pdb,3AM5_renamed.pdb,A,A,"['TCL: TRICLOSAN', 'NAD: NICOTINAMIDE-ADENINE-DINUCLEOTIDE']","['NAD: NICOTINAMIDE-ADENINE-DINUCLEOTIDE', 'TCL: TRICLOSAN']","['fabI, fabI_2, ACT79_25590, AM256_11615, AM257_11635, AMS56_08605, DP46_2957, DP49_6839, ERS012314_03793, ERS012372_03823, SY87_14645, TR70_1075, VU09_13745']",['fabI'],,,5.39e-15,216,73.6,25.0,,,,,,,,"['TCL', 'NAD']","['NAD', 'TCL']",TCL
5IFL,1NHG,5IFL_renamed.pdb,1NHG_renamed.pdb,A,A,"['TCL: TRICLOSAN', 'NAD: NICOTINAMIDE-ADENINE-DINUCLEOTIDE']","['NAD: NICOTINAMIDE-ADENINE-DINUCLEOTIDE', 'TCL: TRICLOSAN']","['fabI, fabI_2, ACT79_25590, AM256_11615, AM257_11635, AMS56_08605, DP46_2957, DP49_6839, ERS012314_03793, ERS012372_03823, SY87_14645, TR70_1075, VU09_13745']","['N/A', 'N/A']",,,5.47e-13,118,66.6,35.593,,,,,,,,"['TCL', 'NAD']","['NAD', 'TCL']",TCL
5LRQ,9HHD,5LRQ_renamed.pdb,9HHD_renamed.pdb,A,A,"['4WG: 2-{[2-ethoxy-4-(4-hydroxypiperidin-1-yl)phenyl]amino}-5,11-dimethyl-5,11-dihydro-6H-pyrimido[4,5-b][1,4]benzodiazepin-6-one']","['A1IUZ: 3-methyl-1-(2-methylphenyl)-5,6,7,8-tetrahydro-2~{H}-cyclohepta[c]pyrrol-4-one']","['BRD4, HUNK1']",['PF3D7_1033700'],,,5.86e-13,102,61.6,31.373,,,,,,,,['4WG'],['A1IUZ'],4WG
5NTT,1V0B,5NTT_renamed.pdb,1V0B_renamed.pdb,A,A,"['SVE: N-(2,6-DIETHYLPHENYL)-1-METHYL-8-({4-[(1-METHYLPIPERIDIN-4-YL)CARBAMOYL]-2-(TRIFLUOROMETHOXY)PHENYL}AMINO)-4,5-DIHYDRO-1H-PYRAZOLO[4,3-H]QUINAZOLINE-3-CARBOXAMIDE', 'EDO: 1,2-ETHANEDIOL']",[],"['TTK, MPS1, MPS1L1']",['N/A'],,,3.47e-22,296,93.2,28.378,,,,,,,,"['SVE', 'EDO']",[],SVE
5NTT,1V0O,5NTT_renamed.pdb,1V0O_renamed.pdb,A,A,"['SVE: N-(2,6-DIETHYLPHENYL)-1-METHYL-8-({4-[(1-METHYLPIPERIDIN-4-YL)CARBAMOYL]-2-(TRIFLUOROMETHOXY)PHENYL}AMINO)-4,5-DIHYDRO-1H-PYRAZOLO[4,3-H]QUINAZOLINE-3-CARBOXAMIDE', 'EDO: 1,2-ETHANEDIOL']","[""INR: 2',3-DIOXO-1,1',2',3-TETRAHYDRO-2,3'-BIINDOLE-5'-SULFONIC ACID""]","['TTK, MPS1, MPS1L1']",['N/A'],,,3.76e-22,296,93.2,28.378,,,,,,,,"['SVE', 'EDO']",['INR'],SVE
5NTT,1OB3,5NTT_renamed.pdb,1OB3_renamed.pdb,A,A,"['SVE: N-(2,6-DIETHYLPHENYL)-1-METHYL-8-({4-[(1-METHYLPIPERIDIN-4-YL)CARBAMOYL]-2-(TRIFLUOROMETHOXY)PHENYL}AMINO)-4,5-DIHYDRO-1H-PYRAZOLO[4,3-H]QUINAZOLINE-3-CARBOXAMIDE', 'EDO: 1,2-ETHANEDIOL']",[],"['TTK, MPS1, MPS1L1']",['N/A'],,,6.5e-22,296,92.4,28.041,,,,,,,,"['SVE', 'EDO']",[],SVE
5NTT,3NIE,5NTT_renamed.pdb,3NIE_renamed.pdb,A,A,"['SVE: N-(2,6-DIETHYLPHENYL)-1-METHYL-8-({4-[(1-METHYLPIPERIDIN-4-YL)CARBAMOYL]-2-(TRIFLUOROMETHOXY)PHENYL}AMINO)-4,5-DIHYDRO-1H-PYRAZOLO[4,3-H]QUINAZOLINE-3-CARBOXAMIDE', 'EDO: 1,2-ETHANEDIOL']",['ANP: PHOSPHOAMINOPHOSPHONIC ACID-ADENYLATE ESTER'],"['TTK, MPS1, MPS1L1']",['map2'],,,6.08e-15,249,74.3,31.727,,,,,,,,"['SVE', 'EDO']",['ANP'],SVE
5NTT,4RGJ,5NTT_renamed.pdb,4RGJ_renamed.pdb,A,A,"['SVE: N-(2,6-DIETHYLPHENYL)-1-METHYL-8-({4-[(1-METHYLPIPERIDIN-4-YL)CARBAMOYL]-2-(TRIFLUOROMETHOXY)PHENYL}AMINO)-4,5-DIHYDRO-1H-PYRAZOLO[4,3-H]QUINAZOLINE-3-CARBOXAMIDE', 'EDO: 1,2-ETHANEDIOL']",[],"['TTK, MPS1, MPS1L1']","['CDPK4, CPK4, PF07_0072']",,,1.45e-14,283,73.2,25.442,,,,,,,,"['SVE', 'EDO']",[],SVE
5VBQ,9HHD,5VBQ_renamed.pdb,9HHD_renamed.pdb,A,A,"['R78: 4-{[(7R)-8-cyclopentyl-7-ethyl-5-methyl-6-oxo-5,6,7,8-tetrahydropteridin-2-yl]amino}-3-methoxy-N-(1-methylpiperidin-4-yl)benzamide', 'CL: CHLORIDE ION', 'EDO: 1,2-ETHANEDIOL']","['A1IUZ: 3-methyl-1-(2-methylphenyl)-5,6,7,8-tetrahydro-2~{H}-cyclohepta[c]pyrrol-4-one']",['BRDT'],['PF3D7_1033700'],,,4.01e-15,91,66.2,37.363,,,,,,,,"['R78', 'CL', 'EDO']",['A1IUZ'],R78
5YCS,3AM3,5YCS_renamed.pdb,3AM3_renamed.pdb,A,A,"['NAD: NICOTINAMIDE-ADENINE-DINUCLEOTIDE', 'TCL: TRICLOSAN', 'SO4: SULFATE ION']","['NAD: NICOTINAMIDE-ADENINE-DINUCLEOTIDE', 'TCL: TRICLOSAN']","['fabI, BC_1216']",['FabI'],,,1.13e-23,323,97.4,24.458,,,,,,,,"['NAD', 'TCL', 'SO4']","['NAD', 'TCL']",NAD
5YCS,2OL4,5YCS_renamed.pdb,2OL4_renamed.pdb,A,A,"['NAD: NICOTINAMIDE-ADENINE-DINUCLEOTIDE', 'TCL: TRICLOSAN', 'SO4: SULFATE ION']","['NAD: NICOTINAMIDE-ADENINE-DINUCLEOTIDE', 'JPN: 2-(2,4-DICHLOROPHENOXY)-5-(3-PHENYLPROPYL)PHENOL']","['fabI, BC_1216']",['FabI'],,,1.6399999999999998e-23,323,97.1,25.077,,,,,,,,"['NAD', 'TCL', 'SO4']","['NAD', 'JPN']",NAD
5YCS,1UH5,5YCS_renamed.pdb,1UH5_renamed.pdb,A,A,"['NAD: NICOTINAMIDE-ADENINE-DINUCLEOTIDE', 'TCL: TRICLOSAN', 'SO4: SULFATE ION']","['TCL: TRICLOSAN', 'NAD: NICOTINAMIDE-ADENINE-DINUCLEOTIDE']","['fabI, BC_1216']",['FabI'],,,1.8199999999999997e-23,323,96.7,25.077,,,,,,,,"['NAD', 'TCL', 'SO4']","['TCL', 'NAD']",NAD
5YCS,1VRW,5YCS_renamed.pdb,1VRW_renamed.pdb,A,A,"['NAD: NICOTINAMIDE-ADENINE-DINUCLEOTIDE', 'TCL: TRICLOSAN', 'SO4: SULFATE ION']","['NAI: 1,4-DIHYDRONICOTINAMIDE ADENINE DINUCLEOTIDE']","['fabI, BC_1216']",['N/A'],,,1.94e-23,323,96.7,25.077,,,,,,,,"['NAD', 'TCL', 'SO4']",['NAI'],NAD
5YCS,3AM5,5YCS_renamed.pdb,3AM5_renamed.pdb,A,A,"['NAD: NICOTINAMIDE-ADENINE-DINUCLEOTIDE', 'TCL: TRICLOSAN', 'SO4: SULFATE ION']","['NAD: NICOTINAMIDE-ADENINE-DINUCLEOTIDE', 'TCL: TRICLOSAN']","['fabI, BC_1216']",['fabI'],,,7.249999999999999e-23,323,95.1,25.077,,,,,,,,"['NAD', 'TCL', 'SO4']","['NAD', 'TCL']",NAD
5YCS,1NHG,5YCS_renamed.pdb,1NHG_renamed.pdb,A,A,"['NAD: NICOTINAMIDE-ADENINE-DINUCLEOTIDE', 'TCL: TRICLOSAN', 'SO4: SULFATE ION']","['NAD: NICOTINAMIDE-ADENINE-DINUCLEOTIDE', 'TCL: TRICLOSAN']","['fabI, BC_1216']","['N/A', 'N/A']",,,2.5e-17,226,78.2,26.549,,,,,,,,"['NAD', 'TCL', 'SO4']","['NAD', 'TCL']",NAD
5YCS,1NHG,5YCS_renamed.pdb,1NHG_renamed.pdb,A,C,"['NAD: NICOTINAMIDE-ADENINE-DINUCLEOTIDE', 'TCL: TRICLOSAN', 'SO4: SULFATE ION']","['NAD: NICOTINAMIDE-ADENINE-DINUCLEOTIDE', 'TCL: TRICLOSAN']","['fabI, BC_1216']","['N/A', 'N/A']",,,5.49e-06,44,42.7,40.909,,,,,,,,"['NAD', 'TCL', 'SO4']","['NAD', 'TCL']",NAD
5YO1,8EWZ,5YO1_renamed.pdb,8EWZ_renamed.pdb,A,A,"['ZN: ZINC ION', 'PUY: PUROMYCIN', 'NA: SODIUM ION', 'GOL: GLYCEROL']","[""X0I: (2R)-2-(cyclopentylcarbamamido)-N-hydroxy-2-(3',4',5'-trifluoro[1,1'-biphenyl]-4-yl)acetamide"", 'DMS: DIMETHYL SULFOXIDE', 'GOL: GLYCEROL', 'ZN: ZINC ION', 'MG: MAGNESIUM ION']","['pepN, b0932, JW0915']",['N/A'],,,1.44e-177,902,536.0,34.701,,,,,,,,"['ZN', 'PUY', 'NA', 'GOL']","['X0I', 'DMS', 'GOL', 'ZN', 'MG']",ZN
5YO1,3EBH,5YO1_renamed.pdb,3EBH_renamed.pdb,A,A,"['ZN: ZINC ION', 'PUY: PUROMYCIN', 'NA: SODIUM ION', 'GOL: GLYCEROL']","['ZN: ZINC ION', 'BES: 2-(3-AMINO-2-HYDROXY-4-PHENYL-BUTYRYLAMINO)-4-METHYL-PENTANOIC ACID', 'GOL: GLYCEROL', 'MG: MAGNESIUM ION']","['pepN, b0932, JW0915']",['N/A'],,,2.53e-177,901,535.0,34.739,,,,,,,,"['ZN', 'PUY', 'NA', 'GOL']","['ZN', 'BES', 'GOL', 'MG']",ZN
5YO1,8T6H,5YO1_renamed.pdb,8T6H_renamed.pdb,A,A,"['ZN: ZINC ION', 'PUY: PUROMYCIN', 'NA: SODIUM ION', 'GOL: GLYCEROL']","['ZN: ZINC ION', 'MG: MAGNESIUM ION', 'GOL: GLYCEROL']","['pepN, b0932, JW0915']","['M1AAP, MAL13P1.56, PF3D7_1311800']",,,1.41e-176,902,533.0,34.59,,,,,,,,"['ZN', 'PUY', 'NA', 'GOL']","['ZN', 'MG', 'GOL']",ZN
5YO1,8T83,5YO1_renamed.pdb,8T83_renamed.pdb,A,A,"['ZN: ZINC ION', 'PUY: PUROMYCIN', 'NA: SODIUM ION', 'GOL: GLYCEROL']","['ZN: ZINC ION', 'GOL: GLYCEROL']","['pepN, b0932, JW0915']","['M1AAP, MAL13P1.56, PF3D7_1311800']",,,1.9799999999999998e-176,902,533.0,34.59,,,,,,,,"['ZN', 'PUY', 'NA', 'GOL']","['ZN', 'GOL']",ZN
5YO1,8T7P,5YO1_renamed.pdb,8T7P_renamed.pdb,A,A,"['ZN: ZINC ION', 'PUY: PUROMYCIN', 'NA: SODIUM ION', 'GOL: GLYCEROL']","['ZN: ZINC ION', 'GOL: GLYCEROL', 'MG: MAGNESIUM ION']","['pepN, b0932, JW0915']","['M1AAP, MAL13P1.56, PF3D7_1311800']",,,2.35e-176,902,533.0,34.59,,,,,,,,"['ZN', 'PUY', 'NA', 'GOL']","['ZN', 'GOL', 'MG']",ZN
5YO1,8SLO,5YO1_renamed.pdb,8SLO_renamed.pdb,A,A,"['ZN: ZINC ION', 'PUY: PUROMYCIN', 'NA: SODIUM ION', 'GOL: GLYCEROL']","['ZN: ZINC ION', ""BYW: 2-hydroxy-N-[(1R)-2-(hydroxyamino)-2-oxo-1-(3',4',5'-trifluoro[1,1'-biphenyl]-4-yl)ethyl]-2-methylpropanamide"", 'MG: MAGNESIUM ION', 'GOL: GLYCEROL']","['pepN, b0932, JW0915']",['N/A'],,,1.48e-175,902,537.0,34.701,,,,,,,,"['ZN', 'PUY', 'NA', 'GOL']","['ZN', 'BYW', 'MG', 'GOL']",ZN
6AH9,3AM3,6AH9_renamed.pdb,3AM3_renamed.pdb,A,A,"['NAD: NICOTINAMIDE-ADENINE-DINUCLEOTIDE', 'TCL: TRICLOSAN']","['NAD: NICOTINAMIDE-ADENINE-DINUCLEOTIDE', 'TCL: TRICLOSAN']",['NC_009085.1'],['FabI'],,,3.25e-19,223,85.1,27.803,,,,,,,,"['NAD', 'TCL']","['NAD', 'TCL']",NAD
6AH9,1VRW,6AH9_renamed.pdb,1VRW_renamed.pdb,A,A,"['NAD: NICOTINAMIDE-ADENINE-DINUCLEOTIDE', 'TCL: TRICLOSAN']","['NAI: 1,4-DIHYDRONICOTINAMIDE ADENINE DINUCLEOTIDE']",['NC_009085.1'],['N/A'],,,1.31e-18,233,83.6,26.609,,,,,,,,"['NAD', 'TCL']",['NAI'],NAD
6AH9,1UH5,6AH9_renamed.pdb,1UH5_renamed.pdb,A,A,"['NAD: NICOTINAMIDE-ADENINE-DINUCLEOTIDE', 'TCL: TRICLOSAN']","['TCL: TRICLOSAN', 'NAD: NICOTINAMIDE-ADENINE-DINUCLEOTIDE']",['NC_009085.1'],['FabI'],,,2.36e-18,223,82.8,28.7,,,,,,,,"['NAD', 'TCL']","['TCL', 'NAD']",NAD
6AH9,2OL4,6AH9_renamed.pdb,2OL4_renamed.pdb,A,A,"['NAD: NICOTINAMIDE-ADENINE-DINUCLEOTIDE', 'TCL: TRICLOSAN']","['NAD: NICOTINAMIDE-ADENINE-DINUCLEOTIDE', 'JPN: 2-(2,4-DICHLOROPHENOXY)-5-(3-PHENYLPROPYL)PHENOL']",['NC_009085.1'],['FabI'],,,3.25e-18,223,82.4,27.354,,,,,,,,"['NAD', 'TCL']","['NAD', 'JPN']",NAD
6AH9,3AM5,6AH9_renamed.pdb,3AM5_renamed.pdb,A,A,"['NAD: NICOTINAMIDE-ADENINE-DINUCLEOTIDE', 'TCL: TRICLOSAN']","['NAD: NICOTINAMIDE-ADENINE-DINUCLEOTIDE', 'TCL: TRICLOSAN']",['NC_009085.1'],['fabI'],,,1.19e-17,223,80.9,28.7,,,,,,,,"['NAD', 'TCL']","['NAD', 'TCL']",NAD
6AH9,1NHG,6AH9_renamed.pdb,1NHG_renamed.pdb,A,A,"['NAD: NICOTINAMIDE-ADENINE-DINUCLEOTIDE', 'TCL: TRICLOSAN']","['NAD: NICOTINAMIDE-ADENINE-DINUCLEOTIDE', 'TCL: TRICLOSAN']",['NC_009085.1'],"['N/A', 'N/A']",,,3.28e-13,126,67.0,34.127,,,,,,,,"['NAD', 'TCL']","['NAD', 'TCL']",NAD
6CW0,9HHD,6CW0_renamed.pdb,9HHD_renamed.pdb,A,A,"['R78: 4-{[(7R)-8-cyclopentyl-7-ethyl-5-methyl-6-oxo-5,6,7,8-tetrahydropteridin-2-yl]amino}-3-methoxy-N-(1-methylpiperidin-4-yl)benzamide', 'GOL: GLYCEROL', 'UNX: UNKNOWN ATOM OR ION', 'SO4: SULFATE ION']","['A1IUZ: 3-methyl-1-(2-methylphenyl)-5,6,7,8-tetrahydro-2~{H}-cyclohepta[c]pyrrol-4-one']",['cgd2_2690'],['PF3D7_1033700'],,,1.38e-11,92,56.6,32.609,,,,,,,,"['R78', 'GOL', 'UNX', 'SO4']",['A1IUZ'],R78
6MF9,9HHD,6MF9_renamed.pdb,9HHD_renamed.pdb,A,A,"['R78: 4-{[(7R)-8-cyclopentyl-7-ethyl-5-methyl-6-oxo-5,6,7,8-tetrahydropteridin-2-yl]amino}-3-methoxy-N-(1-methylpiperidin-4-yl)benzamide']","['A1IUZ: 3-methyl-1-(2-methylphenyl)-5,6,7,8-tetrahydro-2~{H}-cyclohepta[c]pyrrol-4-one']",['cgd4_650'],['PF3D7_1033700'],,,1.24e-06,77,45.4,32.468,,,,,,,,['R78'],['A1IUZ'],R78
6UNS,4RGJ,6UNS_renamed.pdb,4RGJ_renamed.pdb,A,A,"['LDN: 4-[6-(4-piperazin-1-ylphenyl)pyrazolo[1,5-a]pyrimidin-3-yl]quinoline']",[],"['ACVR1, ACVRLK2']","['CDPK4, CPK4, PF07_0072']",,,2.09e-14,215,73.6,29.302,,,,,,,,['LDN'],[],LDN
6UNS,1V0O,6UNS_renamed.pdb,1V0O_renamed.pdb,A,A,"['LDN: 4-[6-(4-piperazin-1-ylphenyl)pyrazolo[1,5-a]pyrimidin-3-yl]quinoline']","[""INR: 2',3-DIOXO-1,1',2',3-TETRAHYDRO-2,3'-BIINDOLE-5'-SULFONIC ACID""]","['ACVR1, ACVRLK2']",['N/A'],,,3.7e-09,211,56.6,26.066,,,,,,,,['LDN'],['INR'],LDN
6UNS,1V0B,6UNS_renamed.pdb,1V0B_renamed.pdb,A,A,"['LDN: 4-[6-(4-piperazin-1-ylphenyl)pyrazolo[1,5-a]pyrimidin-3-yl]quinoline']",[],"['ACVR1, ACVRLK2']",['N/A'],,,3.99e-09,211,56.6,26.066,,,,,,,,['LDN'],[],LDN
6UNS,1OB3,6UNS_renamed.pdb,1OB3_renamed.pdb,A,A,"['LDN: 4-[6-(4-piperazin-1-ylphenyl)pyrazolo[1,5-a]pyrimidin-3-yl]quinoline']",[],"['ACVR1, ACVRLK2']",['N/A'],,,5.55e-09,211,56.2,25.592,,,,,,,,['LDN'],[],LDN
6UNS,2PML,6UNS_renamed.pdb,2PML_renamed.pdb,A,X,"['LDN: 4-[6-(4-piperazin-1-ylphenyl)pyrazolo[1,5-a]pyrimidin-3-yl]quinoline']","['MN: MANGANESE (II) ION', 'ANP: PHOSPHOAMINOPHOSPHONIC ACID-ADENYLATE ESTER']","['ACVR1, ACVRLK2']",['PFB0605w'],,,2.81e-08,193,54.3,24.352,,,,,,,,['LDN'],"['MN', 'ANP']",LDN
6VNE,1V0B,6VNE_renamed.pdb,1V0B_renamed.pdb,A,A,['2TA: N-tert-butyl-3-{[5-methyl-2-({4-[2-(pyrrolidin-1-yl)ethoxy]phenyl}amino)pyrimidin-4-yl]amino}benzenesulfonamide'],[],['JAK2'],['N/A'],,,8.390000000000001e-21,202,89.7,32.178,,,,,,,,['2TA'],[],2TA
6VNE,1V0O,6VNE_renamed.pdb,1V0O_renamed.pdb,A,A,['2TA: N-tert-butyl-3-{[5-methyl-2-({4-[2-(pyrrolidin-1-yl)ethoxy]phenyl}amino)pyrimidin-4-yl]amino}benzenesulfonamide'],"[""INR: 2',3-DIOXO-1,1',2',3-TETRAHYDRO-2,3'-BIINDOLE-5'-SULFONIC ACID""]",['JAK2'],['N/A'],,,8.56e-21,202,89.7,32.178,,,,,,,,['2TA'],['INR'],2TA
6VNE,1OB3,6VNE_renamed.pdb,1OB3_renamed.pdb,A,A,['2TA: N-tert-butyl-3-{[5-methyl-2-({4-[2-(pyrrolidin-1-yl)ethoxy]phenyl}amino)pyrimidin-4-yl]amino}benzenesulfonamide'],[],['JAK2'],['N/A'],,,1.26e-20,200,89.4,32.0,,,,,,,,['2TA'],[],2TA
6VNE,4RGJ,6VNE_renamed.pdb,4RGJ_renamed.pdb,A,A,['2TA: N-tert-butyl-3-{[5-methyl-2-({4-[2-(pyrrolidin-1-yl)ethoxy]phenyl}amino)pyrimidin-4-yl]amino}benzenesulfonamide'],[],['JAK2'],"['CDPK4, CPK4, PF07_0072']",,,1.52e-15,233,76.6,31.33,,,,,,,,['2TA'],[],2TA
6XCY,7TBB,6XCY_renamed.pdb,7TBB_renamed.pdb,A,A,['RIT: RITONAVIR'],"['NAG: 2-acetamido-2-deoxy-beta-D-glucopyranose', 'ACT: ACETATE ION', 'GOL: GLYCEROL']",['N/A'],['N/A'],,,1.48e-52,324,177.0,33.025,,,,,,,,['RIT'],"['NAG', 'ACT', 'GOL']",RIT
6XD3,1V0B,6XD3_renamed.pdb,1V0B_renamed.pdb,C,A,['V0G: N-(3-{[5-chloro-4-(1H-indol-3-yl)pyrimidin-2-yl]amino}phenyl)-4-{[4-(dimethylamino)butanoyl]amino}benzamide'],[],"['MNAT1, CAP35, MAT1, RNF66', 'CCNH', 'CDK7, CAK, CAK1, CDKN7, MO15, STK1']",['N/A'],,,1.37e-78,287,242.0,42.16,,,,,,,,['V0G'],[],V0G
6XD3,1V0O,6XD3_renamed.pdb,1V0O_renamed.pdb,C,A,['V0G: N-(3-{[5-chloro-4-(1H-indol-3-yl)pyrimidin-2-yl]amino}phenyl)-4-{[4-(dimethylamino)butanoyl]amino}benzamide'],"[""INR: 2',3-DIOXO-1,1',2',3-TETRAHYDRO-2,3'-BIINDOLE-5'-SULFONIC ACID""]","['MNAT1, CAP35, MAT1, RNF66', 'CCNH', 'CDK7, CAK, CAK1, CDKN7, MO15, STK1']",['N/A'],,,1.45e-78,287,242.0,42.16,,,,,,,,['V0G'],['INR'],V0G
6XD3,1OB3,6XD3_renamed.pdb,1OB3_renamed.pdb,C,A,['V0G: N-(3-{[5-chloro-4-(1H-indol-3-yl)pyrimidin-2-yl]amino}phenyl)-4-{[4-(dimethylamino)butanoyl]amino}benzamide'],[],"['MNAT1, CAP35, MAT1, RNF66', 'CCNH', 'CDK7, CAK, CAK1, CDKN7, MO15, STK1']",['N/A'],,,2.05e-78,287,241.0,41.812,,,,,,,,['V0G'],[],V0G
6XD3,3NIE,6XD3_renamed.pdb,3NIE_renamed.pdb,C,A,['V0G: N-(3-{[5-chloro-4-(1H-indol-3-yl)pyrimidin-2-yl]amino}phenyl)-4-{[4-(dimethylamino)butanoyl]amino}benzamide'],['ANP: PHOSPHOAMINOPHOSPHONIC ACID-ADENYLATE ESTER'],"['MNAT1, CAP35, MAT1, RNF66', 'CCNH', 'CDK7, CAK, CAK1, CDKN7, MO15, STK1']",['map2'],,,1.1e-41,348,150.0,31.609,,,,,,,,['V0G'],['ANP'],V0G
7FCM,3AM3,7FCM_renamed.pdb,3AM3_renamed.pdb,A,A,"['NAD: NICOTINAMIDE-ADENINE-DINUCLEOTIDE', 'TCL: TRICLOSAN', 'CA: CALCIUM ION']","['NAD: NICOTINAMIDE-ADENINE-DINUCLEOTIDE', 'TCL: TRICLOSAN']","['fabI, MCR_1078']",['FabI'],,,1.56e-20,330,89.4,26.667,,,,,,,,"['NAD', 'TCL', 'CA']","['NAD', 'TCL']",NAD
7FCM,1VRW,7FCM_renamed.pdb,1VRW_renamed.pdb,A,A,"['NAD: NICOTINAMIDE-ADENINE-DINUCLEOTIDE', 'TCL: TRICLOSAN', 'CA: CALCIUM ION']","['NAI: 1,4-DIHYDRONICOTINAMIDE ADENINE DINUCLEOTIDE']","['fabI, MCR_1078']",['N/A'],,,5.61e-20,332,87.8,26.506,,,,,,,,"['NAD', 'TCL', 'CA']",['NAI'],NAD
7FCM,1UH5,7FCM_renamed.pdb,1UH5_renamed.pdb,A,A,"['NAD: NICOTINAMIDE-ADENINE-DINUCLEOTIDE', 'TCL: TRICLOSAN', 'CA: CALCIUM ION']","['TCL: TRICLOSAN', 'NAD: NICOTINAMIDE-ADENINE-DINUCLEOTIDE']","['fabI, MCR_1078']",['FabI'],,,1.4e-19,330,86.7,26.364,,,,,,,,"['NAD', 'TCL', 'CA']","['TCL', 'NAD']",NAD
7FCM,2OL4,7FCM_renamed.pdb,2OL4_renamed.pdb,A,A,"['NAD: NICOTINAMIDE-ADENINE-DINUCLEOTIDE', 'TCL: TRICLOSAN', 'CA: CALCIUM ION']","['NAD: NICOTINAMIDE-ADENINE-DINUCLEOTIDE', 'JPN: 2-(2,4-DICHLOROPHENOXY)-5-(3-PHENYLPROPYL)PHENOL']","['fabI, MCR_1078']",['FabI'],,,1.75e-19,330,86.7,26.364,,,,,,,,"['NAD', 'TCL', 'CA']","['NAD', 'JPN']",NAD
7FCM,3AM5,7FCM_renamed.pdb,3AM5_renamed.pdb,A,A,"['NAD: NICOTINAMIDE-ADENINE-DINUCLEOTIDE', 'TCL: TRICLOSAN', 'CA: CALCIUM ION']","['NAD: NICOTINAMIDE-ADENINE-DINUCLEOTIDE', 'TCL: TRICLOSAN']","['fabI, MCR_1078']",['fabI'],,,7.27e-19,330,84.7,26.364,,,,,,,,"['NAD', 'TCL', 'CA']","['NAD', 'TCL']",NAD
7FCM,1NHG,7FCM_renamed.pdb,1NHG_renamed.pdb,A,A,"['NAD: NICOTINAMIDE-ADENINE-DINUCLEOTIDE', 'TCL: TRICLOSAN', 'CA: CALCIUM ION']","['NAD: NICOTINAMIDE-ADENINE-DINUCLEOTIDE', 'TCL: TRICLOSAN']","['fabI, MCR_1078']","['N/A', 'N/A']",,,1.68e-13,229,68.2,29.694,,,,,,,,"['NAD', 'TCL', 'CA']","['NAD', 'TCL']",NAD
7FCM,1NHG,7FCM_renamed.pdb,1NHG_renamed.pdb,A,C,"['NAD: NICOTINAMIDE-ADENINE-DINUCLEOTIDE', 'TCL: TRICLOSAN', 'CA: CALCIUM ION']","['NAD: NICOTINAMIDE-ADENINE-DINUCLEOTIDE', 'TCL: TRICLOSAN']","['fabI, MCR_1078']","['N/A', 'N/A']",,,5.29e-06,46,43.1,41.304,,,,,,,,"['NAD', 'TCL', 'CA']","['NAD', 'TCL']",NAD
7K6G,9HHD,7K6G_renamed.pdb,9HHD_renamed.pdb,A,A,"['VYJ: 11-cyclopentyl-2-({2-ethoxy-4-[4-(4-methylpiperazin-1-yl)piperidine-1-carbonyl]phenyl}amino)-5-methyl-5,11-dihydro-6H-pyrimido[4,5-b][1,4]benzodiazepin-6-one', 'EDO: 1,2-ETHANEDIOL']","['A1IUZ: 3-methyl-1-(2-methylphenyl)-5,6,7,8-tetrahydro-2~{H}-cyclohepta[c]pyrrol-4-one']","['BRD4, HUNK1']",['PF3D7_1033700'],,,4.09e-13,102,61.6,31.373,,,,,,,,"['VYJ', 'EDO']",['A1IUZ'],VYJ
7K6H,9HHD,7K6H_renamed.pdb,9HHD_renamed.pdb,A,A,"['4WG: 2-{[2-ethoxy-4-(4-hydroxypiperidin-1-yl)phenyl]amino}-5,11-dimethyl-5,11-dihydro-6H-pyrimido[4,5-b][1,4]benzodiazepin-6-one']","['A1IUZ: 3-methyl-1-(2-methylphenyl)-5,6,7,8-tetrahydro-2~{H}-cyclohepta[c]pyrrol-4-one']","['BRD4, HUNK1']",['PF3D7_1033700'],,,4.09e-13,102,61.6,31.373,,,,,,,,['4WG'],['A1IUZ'],4WG
7L73,9HHD,7L73_renamed.pdb,9HHD_renamed.pdb,A,A,"['VYJ: 11-cyclopentyl-2-({2-ethoxy-4-[4-(4-methylpiperazin-1-yl)piperidine-1-carbonyl]phenyl}amino)-5-methyl-5,11-dihydro-6H-pyrimido[4,5-b][1,4]benzodiazepin-6-one']","['A1IUZ: 3-methyl-1-(2-methylphenyl)-5,6,7,8-tetrahydro-2~{H}-cyclohepta[c]pyrrol-4-one']",['BRDT'],['PF3D7_1033700'],,,4.01e-15,91,66.2,37.363,,,,,,,,['VYJ'],['A1IUZ'],VYJ
7LAI,9HHD,7LAI_renamed.pdb,9HHD_renamed.pdb,A,A,"['R78: 4-{[(7R)-8-cyclopentyl-7-ethyl-5-methyl-6-oxo-5,6,7,8-tetrahydropteridin-2-yl]amino}-3-methoxy-N-(1-methylpiperidin-4-yl)benzamide']","['A1IUZ: 3-methyl-1-(2-methylphenyl)-5,6,7,8-tetrahydro-2~{H}-cyclohepta[c]pyrrol-4-one']",['BRD2'],['PF3D7_1033700'],,,2.5e-12,92,59.3,31.522,,,,,,,,['R78'],['A1IUZ'],R78
7LAU,9HHD,7LAU_renamed.pdb,9HHD_renamed.pdb,A,A,"['VYJ: 11-cyclopentyl-2-({2-ethoxy-4-[4-(4-methylpiperazin-1-yl)piperidine-1-carbonyl]phenyl}amino)-5-methyl-5,11-dihydro-6H-pyrimido[4,5-b][1,4]benzodiazepin-6-one']","['A1IUZ: 3-methyl-1-(2-methylphenyl)-5,6,7,8-tetrahydro-2~{H}-cyclohepta[c]pyrrol-4-one']",['BRD2'],['PF3D7_1033700'],,,2.5e-12,92,59.3,31.522,,,,,,,,['VYJ'],['A1IUZ'],VYJ
7LAZ,9HHD,7LAZ_renamed.pdb,9HHD_renamed.pdb,A,A,"['VYJ: 11-cyclopentyl-2-({2-ethoxy-4-[4-(4-methylpiperazin-1-yl)piperidine-1-carbonyl]phenyl}amino)-5-methyl-5,11-dihydro-6H-pyrimido[4,5-b][1,4]benzodiazepin-6-one']","['A1IUZ: 3-methyl-1-(2-methylphenyl)-5,6,7,8-tetrahydro-2~{H}-cyclohepta[c]pyrrol-4-one']","['BRD3, KIAA0043, RING3L']",['PF3D7_1033700'],,,1.05e-13,92,62.8,33.696,,,,,,,,['VYJ'],['A1IUZ'],VYJ
7Q4A,1OB3,7Q4A_renamed.pdb,1OB3_renamed.pdb,A,A,"['A9I: Altiratinib', 'GOL: GLYCEROL', 'PEG: DI(HYDROXYETHYL)ETHER', 'SCN: THIOCYANATE ION']",[],['TGGT1_313180'],['N/A'],,,6.1799999999999994e-24,328,99.8,28.354,,,,,,,,"['A9I', 'GOL', 'PEG', 'SCN']",[],A9I
7Q4A,1V0O,7Q4A_renamed.pdb,1V0O_renamed.pdb,A,A,"['A9I: Altiratinib', 'GOL: GLYCEROL', 'PEG: DI(HYDROXYETHYL)ETHER', 'SCN: THIOCYANATE ION']","[""INR: 2',3-DIOXO-1,1',2',3-TETRAHYDRO-2,3'-BIINDOLE-5'-SULFONIC ACID""]",['TGGT1_313180'],['N/A'],,,6.96e-24,328,99.8,28.354,,,,,,,,"['A9I', 'GOL', 'PEG', 'SCN']",['INR'],A9I
7Q4A,1V0B,7Q4A_renamed.pdb,1V0B_renamed.pdb,A,A,"['A9I: Altiratinib', 'GOL: GLYCEROL', 'PEG: DI(HYDROXYETHYL)ETHER', 'SCN: THIOCYANATE ION']",[],['TGGT1_313180'],['N/A'],,,8.01e-24,328,99.4,28.354,,,,,,,,"['A9I', 'GOL', 'PEG', 'SCN']",[],A9I
7Q4A,5DYK,7Q4A_renamed.pdb,5DYK_renamed.pdb,A,A,"['A9I: Altiratinib', 'GOL: GLYCEROL', 'PEG: DI(HYDROXYETHYL)ETHER', 'SCN: THIOCYANATE ION']","['EDO: 1,2-ETHANEDIOL', 'SO4: SULFATE ION', 'GOL: GLYCEROL']",['TGGT1_313180'],['PF3D7_1436600'],,,2.37e-17,212,83.6,28.774,,,,,,,,"['A9I', 'GOL', 'PEG', 'SCN']","['EDO', 'SO4', 'GOL']",A9I
8BX9,1V0B,8BX9_renamed.pdb,1V0B_renamed.pdb,A,A,"['S59: Ilginatinib', 'DMS: DIMETHYL SULFOXIDE']",[],['JAK2'],['N/A'],,,8.07e-21,202,90.1,32.178,,,,,,,,"['S59', 'DMS']",[],S59
8BX9,1V0O,8BX9_renamed.pdb,1V0O_renamed.pdb,A,A,"['S59: Ilginatinib', 'DMS: DIMETHYL SULFOXIDE']","[""INR: 2',3-DIOXO-1,1',2',3-TETRAHYDRO-2,3'-BIINDOLE-5'-SULFONIC ACID""]",['JAK2'],['N/A'],,,9.570000000000001e-21,202,89.7,32.178,,,,,,,,"['S59', 'DMS']",['INR'],S59
8BX9,1OB3,8BX9_renamed.pdb,1OB3_renamed.pdb,A,A,"['S59: Ilginatinib', 'DMS: DIMETHYL SULFOXIDE']",[],['JAK2'],['N/A'],,,1.38e-20,200,89.4,32.0,,,,,,,,"['S59', 'DMS']",[],S59
8BX9,4RGJ,8BX9_renamed.pdb,4RGJ_renamed.pdb,A,A,"['S59: Ilginatinib', 'DMS: DIMETHYL SULFOXIDE']",[],['JAK2'],"['CDPK4, CPK4, PF07_0072']",,,8.22e-15,224,74.3,32.143,,,,,,,,"['S59', 'DMS']",[],S59
8C2Z,8RPC,8C2Z_renamed.pdb,8RPC_renamed.pdb,A,A,"['QS0: N-[2-methoxy-4-(4-methylpiperazin-1-yl)phenyl]-4-(1-methylpyrrolo[2,3-c]pyridin-3-yl)pyrimidin-2-amine', 'MN: MANGANESE (II) ION']","['A1H19: 4-[2-[5-(diethylaminomethyl)-2-methoxy-phenyl]-1~{H}-pyrrolo[2,3-b]pyridin-4-yl]-2-propan-2-yl-benzoic acid', 'GOL: GLYCEROL', 'EDO: 1,2-ETHANEDIOL', 'SO4: SULFATE ION']","['DYRK1B, MIRK']",['C923_03333'],,,1.42e-41,386,149.0,31.347,,,,,,,,"['QS0', 'MN']","['A1H19', 'GOL', 'EDO', 'SO4']",QS0
8C2Z,1OB3,8C2Z_renamed.pdb,1OB3_renamed.pdb,A,A,"['QS0: N-[2-methoxy-4-(4-methylpiperazin-1-yl)phenyl]-4-(1-methylpyrrolo[2,3-c]pyridin-3-yl)pyrimidin-2-amine', 'MN: MANGANESE (II) ION']",[],"['DYRK1B, MIRK']",['N/A'],,,1.4500000000000002e-27,337,109.0,27.3,,,,,,,,"['QS0', 'MN']",[],QS0
8C2Z,1V0B,8C2Z_renamed.pdb,1V0B_renamed.pdb,A,A,"['QS0: N-[2-methoxy-4-(4-methylpiperazin-1-yl)phenyl]-4-(1-methylpyrrolo[2,3-c]pyridin-3-yl)pyrimidin-2-amine', 'MN: MANGANESE (II) ION']",[],"['DYRK1B, MIRK']",['N/A'],,,2.1e-27,337,109.0,27.003,,,,,,,,"['QS0', 'MN']",[],QS0
8C2Z,1V0O,8C2Z_renamed.pdb,1V0O_renamed.pdb,A,A,"['QS0: N-[2-methoxy-4-(4-methylpiperazin-1-yl)phenyl]-4-(1-methylpyrrolo[2,3-c]pyridin-3-yl)pyrimidin-2-amine', 'MN: MANGANESE (II) ION']","[""INR: 2',3-DIOXO-1,1',2',3-TETRAHYDRO-2,3'-BIINDOLE-5'-SULFONIC ACID""]","['DYRK1B, MIRK']",['N/A'],,,2.21e-27,337,109.0,27.003,,,,,,,,"['QS0', 'MN']",['INR'],QS0
8C3G,8RPC,8C3G_renamed.pdb,8RPC_renamed.pdb,A,A,"['QS0: N-[2-methoxy-4-(4-methylpiperazin-1-yl)phenyl]-4-(1-methylpyrrolo[2,3-c]pyridin-3-yl)pyrimidin-2-amine', 'EDO: 1,2-ETHANEDIOL', 'SO4: SULFATE ION']","['A1H19: 4-[2-[5-(diethylaminomethyl)-2-methoxy-phenyl]-1~{H}-pyrrolo[2,3-b]pyridin-4-yl]-2-propan-2-yl-benzoic acid', 'GOL: GLYCEROL', 'EDO: 1,2-ETHANEDIOL', 'SO4: SULFATE ION']","['DYRK1A, DYRK, MNB, MNBH']",['C923_03333'],,,1.8e-38,245,141.0,34.694,,,,,,,,"['QS0', 'EDO', 'SO4']","['A1H19', 'GOL', 'EDO', 'SO4']",QS0
8C3G,1OB3,8C3G_renamed.pdb,1OB3_renamed.pdb,A,A,"['QS0: N-[2-methoxy-4-(4-methylpiperazin-1-yl)phenyl]-4-(1-methylpyrrolo[2,3-c]pyridin-3-yl)pyrimidin-2-amine', 'EDO: 1,2-ETHANEDIOL', 'SO4: SULFATE ION']",[],"['DYRK1A, DYRK, MNB, MNBH']",['N/A'],,,4.2e-28,333,111.0,29.73,,,,,,,,"['QS0', 'EDO', 'SO4']",[],QS0
8C3G,1V0O,8C3G_renamed.pdb,1V0O_renamed.pdb,A,A,"['QS0: N-[2-methoxy-4-(4-methylpiperazin-1-yl)phenyl]-4-(1-methylpyrrolo[2,3-c]pyridin-3-yl)pyrimidin-2-amine', 'EDO: 1,2-ETHANEDIOL', 'SO4: SULFATE ION']","[""INR: 2',3-DIOXO-1,1',2',3-TETRAHYDRO-2,3'-BIINDOLE-5'-SULFONIC ACID""]","['DYRK1A, DYRK, MNB, MNBH']",['N/A'],,,5.52e-28,333,110.0,29.429,,,,,,,,"['QS0', 'EDO', 'SO4']",['INR'],QS0
8C3G,1V0B,8C3G_renamed.pdb,1V0B_renamed.pdb,A,A,"['QS0: N-[2-methoxy-4-(4-methylpiperazin-1-yl)phenyl]-4-(1-methylpyrrolo[2,3-c]pyridin-3-yl)pyrimidin-2-amine', 'EDO: 1,2-ETHANEDIOL', 'SO4: SULFATE ION']",[],"['DYRK1A, DYRK, MNB, MNBH']",['N/A'],,,5.87e-28,333,110.0,29.429,,,,,,,,"['QS0', 'EDO', 'SO4']",[],QS0
8J9X,6CA8,8J9X_renamed.pdb,6CA8_renamed.pdb,A,A,"['MG: MAGNESIUM ION', 'ASW: N-[4-(acridin-9-ylamino)-3-methoxyphenyl]methanesulfonamide']",[],"['P1192R', 'N/A', 'N/A']",['TopoII'],,,1.6e-69,809,248.0,27.565,,,,,,,,"['MG', 'ASW']",[],MG
8ORM,1V0B,8ORM_renamed.pdb,1V0B_renamed.pdb,C,A,['V0G: N-(3-{[5-chloro-4-(1H-indol-3-yl)pyrimidin-2-yl]amino}phenyl)-4-{[4-(dimethylamino)butanoyl]amino}benzamide'],[],"['MNAT1, CAP35, MAT1, RNF66', 'CCNH', 'CDK7, CAK, CAK1, CDKN7, MO15, STK1']",['N/A'],,,1.37e-78,287,242.0,42.16,,,,,,,,['V0G'],[],V0G
8ORM,1V0O,8ORM_renamed.pdb,1V0O_renamed.pdb,C,A,['V0G: N-(3-{[5-chloro-4-(1H-indol-3-yl)pyrimidin-2-yl]amino}phenyl)-4-{[4-(dimethylamino)butanoyl]amino}benzamide'],"[""INR: 2',3-DIOXO-1,1',2',3-TETRAHYDRO-2,3'-BIINDOLE-5'-SULFONIC ACID""]","['MNAT1, CAP35, MAT1, RNF66', 'CCNH', 'CDK7, CAK, CAK1, CDKN7, MO15, STK1']",['N/A'],,,1.45e-78,287,242.0,42.16,,,,,,,,['V0G'],['INR'],V0G
8ORM,1OB3,8ORM_renamed.pdb,1OB3_renamed.pdb,C,A,['V0G: N-(3-{[5-chloro-4-(1H-indol-3-yl)pyrimidin-2-yl]amino}phenyl)-4-{[4-(dimethylamino)butanoyl]amino}benzamide'],[],"['MNAT1, CAP35, MAT1, RNF66', 'CCNH', 'CDK7, CAK, CAK1, CDKN7, MO15, STK1']",['N/A'],,,2.05e-78,287,241.0,41.812,,,,,,,,['V0G'],[],V0G
8ORM,3NIE,8ORM_renamed.pdb,3NIE_renamed.pdb,C,A,['V0G: N-(3-{[5-chloro-4-(1H-indol-3-yl)pyrimidin-2-yl]amino}phenyl)-4-{[4-(dimethylamino)butanoyl]amino}benzamide'],['ANP: PHOSPHOAMINOPHOSPHONIC ACID-ADENYLATE ESTER'],"['MNAT1, CAP35, MAT1, RNF66', 'CCNH', 'CDK7, CAK, CAK1, CDKN7, MO15, STK1']",['map2'],,,1.1e-41,348,150.0,31.609,,,,,,,,['V0G'],['ANP'],V0G
8SSO,4RGJ,8SSO_renamed.pdb,4RGJ_renamed.pdb,A,A,"['EDO: 1,2-ETHANEDIOL', 'ACT: ACETATE ION', '627: N-[(3E)-5-[(2R)-2-METHOXY-2-PHENYLACETYL]PYRROLO[3,4-C]PYRAZOL-3(5H)-YLIDENE]-4-(4-METHYLPIPERAZIN-1-YL)BENZAMIDE']",[],"['AURKA, AIK, AIRK1, ARK1, AURA, AYK1, BTAK, IAK1, STK15, STK6', 'N/A']","['CDPK4, CPK4, PF07_0072']",,,1.72e-49,264,171.0,35.227,,,,,,,,"['EDO', 'ACT', '627']",[],EDO
8SSO,5DYK,8SSO_renamed.pdb,5DYK_renamed.pdb,A,A,"['EDO: 1,2-ETHANEDIOL', 'ACT: ACETATE ION', '627: N-[(3E)-5-[(2R)-2-METHOXY-2-PHENYLACETYL]PYRROLO[3,4-C]PYRAZOL-3(5H)-YLIDENE]-4-(4-METHYLPIPERAZIN-1-YL)BENZAMIDE']","['EDO: 1,2-ETHANEDIOL', 'SO4: SULFATE ION', 'GOL: GLYCEROL']","['AURKA, AIK, AIRK1, ARK1, AURA, AYK1, BTAK, IAK1, STK15, STK6', 'N/A']",['PF3D7_1436600'],,,2.63e-40,263,148.0,31.939,,,,,,,,"['EDO', 'ACT', '627']","['EDO', 'SO4', 'GOL']",EDO
8SSO,1V0O,8SSO_renamed.pdb,1V0O_renamed.pdb,A,A,"['EDO: 1,2-ETHANEDIOL', 'ACT: ACETATE ION', '627: N-[(3E)-5-[(2R)-2-METHOXY-2-PHENYLACETYL]PYRROLO[3,4-C]PYRAZOL-3(5H)-YLIDENE]-4-(4-METHYLPIPERAZIN-1-YL)BENZAMIDE']","[""INR: 2',3-DIOXO-1,1',2',3-TETRAHYDRO-2,3'-BIINDOLE-5'-SULFONIC ACID""]","['AURKA, AIK, AIRK1, ARK1, AURA, AYK1, BTAK, IAK1, STK15, STK6', 'N/A']",['N/A'],,,5.12e-35,288,127.0,30.556,,,,,,,,"['EDO', 'ACT', '627']",['INR'],EDO
8SSO,1V0B,8SSO_renamed.pdb,1V0B_renamed.pdb,A,A,"['EDO: 1,2-ETHANEDIOL', 'ACT: ACETATE ION', '627: N-[(3E)-5-[(2R)-2-METHOXY-2-PHENYLACETYL]PYRROLO[3,4-C]PYRAZOL-3(5H)-YLIDENE]-4-(4-METHYLPIPERAZIN-1-YL)BENZAMIDE']",[],"['AURKA, AIK, AIRK1, ARK1, AURA, AYK1, BTAK, IAK1, STK15, STK6', 'N/A']",['N/A'],,,5.87e-35,288,127.0,30.556,,,,,,,,"['EDO', 'ACT', '627']",[],EDO
8SSO,1OB3,8SSO_renamed.pdb,1OB3_renamed.pdb,A,A,"['EDO: 1,2-ETHANEDIOL', 'ACT: ACETATE ION', '627: N-[(3E)-5-[(2R)-2-METHOXY-2-PHENYLACETYL]PYRROLO[3,4-C]PYRAZOL-3(5H)-YLIDENE]-4-(4-METHYLPIPERAZIN-1-YL)BENZAMIDE']",[],"['AURKA, AIK, AIRK1, ARK1, AURA, AYK1, BTAK, IAK1, STK15, STK6', 'N/A']",['N/A'],,,5.93e-35,288,127.0,30.556,,,,,,,,"['EDO', 'ACT', '627']",[],EDO
8SSP,4RGJ,8SSP_renamed.pdb,4RGJ_renamed.pdb,A,A,"['EDO: 1,2-ETHANEDIOL', 'SO4: SULFATE ION', 'MES: 2-(N-MORPHOLINO)-ETHANESULFONIC ACID', 'PO4: PHOSPHATE ION', 'PDO: 1,3-PROPANDIOL', '627: N-[(3E)-5-[(2R)-2-METHOXY-2-PHENYLACETYL]PYRROLO[3,4-C]PYRAZOL-3(5H)-YLIDENE]-4-(4-METHYLPIPERAZIN-1-YL)BENZAMIDE']",[],"['AURKA, AIK, AIRK1, ARK1, AURA, AYK1, BTAK, IAK1, STK15, STK6', 'N/A']","['CDPK4, CPK4, PF07_0072']",,,1.83e-49,264,171.0,35.227,,,,,,,,"['EDO', 'SO4', 'MES', 'PO4', 'PDO', '627']",[],EDO
8SSP,5DYK,8SSP_renamed.pdb,5DYK_renamed.pdb,A,A,"['EDO: 1,2-ETHANEDIOL', 'SO4: SULFATE ION', 'MES: 2-(N-MORPHOLINO)-ETHANESULFONIC ACID', 'PO4: PHOSPHATE ION', 'PDO: 1,3-PROPANDIOL', '627: N-[(3E)-5-[(2R)-2-METHOXY-2-PHENYLACETYL]PYRROLO[3,4-C]PYRAZOL-3(5H)-YLIDENE]-4-(4-METHYLPIPERAZIN-1-YL)BENZAMIDE']","['EDO: 1,2-ETHANEDIOL', 'SO4: SULFATE ION', 'GOL: GLYCEROL']","['AURKA, AIK, AIRK1, ARK1, AURA, AYK1, BTAK, IAK1, STK15, STK6', 'N/A']",['PF3D7_1436600'],,,2.5e-40,263,148.0,31.939,,,,,,,,"['EDO', 'SO4', 'MES', 'PO4', 'PDO', '627']","['EDO', 'SO4', 'GOL']",EDO
8SSP,1V0B,8SSP_renamed.pdb,1V0B_renamed.pdb,A,A,"['EDO: 1,2-ETHANEDIOL', 'SO4: SULFATE ION', 'MES: 2-(N-MORPHOLINO)-ETHANESULFONIC ACID', 'PO4: PHOSPHATE ION', 'PDO: 1,3-PROPANDIOL', '627: N-[(3E)-5-[(2R)-2-METHOXY-2-PHENYLACETYL]PYRROLO[3,4-C]PYRAZOL-3(5H)-YLIDENE]-4-(4-METHYLPIPERAZIN-1-YL)BENZAMIDE']",[],"['AURKA, AIK, AIRK1, ARK1, AURA, AYK1, BTAK, IAK1, STK15, STK6', 'N/A']",['N/A'],,,4.7800000000000003e-35,288,127.0,30.556,,,,,,,,"['EDO', 'SO4', 'MES', 'PO4', 'PDO', '627']",[],EDO
8SSP,1V0O,8SSP_renamed.pdb,1V0O_renamed.pdb,A,A,"['EDO: 1,2-ETHANEDIOL', 'SO4: SULFATE ION', 'MES: 2-(N-MORPHOLINO)-ETHANESULFONIC ACID', 'PO4: PHOSPHATE ION', 'PDO: 1,3-PROPANDIOL', '627: N-[(3E)-5-[(2R)-2-METHOXY-2-PHENYLACETYL]PYRROLO[3,4-C]PYRAZOL-3(5H)-YLIDENE]-4-(4-METHYLPIPERAZIN-1-YL)BENZAMIDE']","[""INR: 2',3-DIOXO-1,1',2',3-TETRAHYDRO-2,3'-BIINDOLE-5'-SULFONIC ACID""]","['AURKA, AIK, AIRK1, ARK1, AURA, AYK1, BTAK, IAK1, STK15, STK6', 'N/A']",['N/A'],,,4.98e-35,288,127.0,30.556,,,,,,,,"['EDO', 'SO4', 'MES', 'PO4', 'PDO', '627']",['INR'],EDO
8SSP,1OB3,8SSP_renamed.pdb,1OB3_renamed.pdb,A,A,"['EDO: 1,2-ETHANEDIOL', 'SO4: SULFATE ION', 'MES: 2-(N-MORPHOLINO)-ETHANESULFONIC ACID', 'PO4: PHOSPHATE ION', 'PDO: 1,3-PROPANDIOL', '627: N-[(3E)-5-[(2R)-2-METHOXY-2-PHENYLACETYL]PYRROLO[3,4-C]PYRAZOL-3(5H)-YLIDENE]-4-(4-METHYLPIPERAZIN-1-YL)BENZAMIDE']",[],"['AURKA, AIK, AIRK1, ARK1, AURA, AYK1, BTAK, IAK1, STK15, STK6', 'N/A']",['N/A'],,,5.48e-35,288,127.0,30.556,,,,,,,,"['EDO', 'SO4', 'MES', 'PO4', 'PDO', '627']",[],EDO
8TYQ,4RGJ,8TYQ_renamed.pdb,4RGJ_renamed.pdb,A,A,"['T3X: 4-methyl-N-{4-[(4-methylpiperazin-1-yl)methyl]-3-(trifluoromethyl)phenyl}-3-[(1H-pyrazolo[3,4-b]pyridin-5-yl)ethynyl]benzamide']",[],"['LRRK2', 'N/A']","['CDPK4, CPK4, PF07_0072']",,,4.74e-13,217,74.3,30.876,,,,,,,,['T3X'],[],T3X
8TYQ,5DYK,8TYQ_renamed.pdb,5DYK_renamed.pdb,A,A,"['T3X: 4-methyl-N-{4-[(4-methylpiperazin-1-yl)methyl]-3-(trifluoromethyl)phenyl}-3-[(1H-pyrazolo[3,4-b]pyridin-5-yl)ethynyl]benzamide']","['EDO: 1,2-ETHANEDIOL', 'SO4: SULFATE ION', 'GOL: GLYCEROL']","['LRRK2', 'N/A']",['PF3D7_1436600'],,,1.17e-09,264,63.9,28.03,,,,,,,,['T3X'],"['EDO', 'SO4', 'GOL']",T3X
8TYQ,1V0B,8TYQ_renamed.pdb,1V0B_renamed.pdb,A,A,"['T3X: 4-methyl-N-{4-[(4-methylpiperazin-1-yl)methyl]-3-(trifluoromethyl)phenyl}-3-[(1H-pyrazolo[3,4-b]pyridin-5-yl)ethynyl]benzamide']",[],"['LRRK2', 'N/A']",['N/A'],,,1.81e-09,284,61.2,25.0,,,,,,,,['T3X'],[],T3X
8TYQ,1V0O,8TYQ_renamed.pdb,1V0O_renamed.pdb,A,A,"['T3X: 4-methyl-N-{4-[(4-methylpiperazin-1-yl)methyl]-3-(trifluoromethyl)phenyl}-3-[(1H-pyrazolo[3,4-b]pyridin-5-yl)ethynyl]benzamide']","[""INR: 2',3-DIOXO-1,1',2',3-TETRAHYDRO-2,3'-BIINDOLE-5'-SULFONIC ACID""]","['LRRK2', 'N/A']",['N/A'],,,2.88e-09,284,60.5,25.0,,,,,,,,['T3X'],['INR'],T3X
8TYQ,1OB3,8TYQ_renamed.pdb,1OB3_renamed.pdb,A,A,"['T3X: 4-methyl-N-{4-[(4-methylpiperazin-1-yl)methyl]-3-(trifluoromethyl)phenyl}-3-[(1H-pyrazolo[3,4-b]pyridin-5-yl)ethynyl]benzamide']",[],"['LRRK2', 'N/A']",['N/A'],,,2.91e-09,284,60.5,25.0,,,,,,,,['T3X'],[],T3X
8TZB,4RGJ,8TZB_renamed.pdb,4RGJ_renamed.pdb,A,A,"['T3X: 4-methyl-N-{4-[(4-methylpiperazin-1-yl)methyl]-3-(trifluoromethyl)phenyl}-3-[(1H-pyrazolo[3,4-b]pyridin-5-yl)ethynyl]benzamide']",[],"['LRRK2', 'N/A']","['CDPK4, CPK4, PF07_0072']",,,7.43e-14,217,76.6,31.336,,,,,,,,['T3X'],[],T3X
8TZB,5DYK,8TZB_renamed.pdb,5DYK_renamed.pdb,A,A,"['T3X: 4-methyl-N-{4-[(4-methylpiperazin-1-yl)methyl]-3-(trifluoromethyl)phenyl}-3-[(1H-pyrazolo[3,4-b]pyridin-5-yl)ethynyl]benzamide']","['EDO: 1,2-ETHANEDIOL', 'SO4: SULFATE ION', 'GOL: GLYCEROL']","['LRRK2', 'N/A']",['PF3D7_1436600'],,,2.06e-10,264,66.2,28.409,,,,,,,,['T3X'],"['EDO', 'SO4', 'GOL']",T3X
8TZB,1V0B,8TZB_renamed.pdb,1V0B_renamed.pdb,A,A,"['T3X: 4-methyl-N-{4-[(4-methylpiperazin-1-yl)methyl]-3-(trifluoromethyl)phenyl}-3-[(1H-pyrazolo[3,4-b]pyridin-5-yl)ethynyl]benzamide']",[],"['LRRK2', 'N/A']",['N/A'],,,3.07e-10,284,63.5,25.352,,,,,,,,['T3X'],[],T3X
8TZB,1V0O,8TZB_renamed.pdb,1V0O_renamed.pdb,A,A,"['T3X: 4-methyl-N-{4-[(4-methylpiperazin-1-yl)methyl]-3-(trifluoromethyl)phenyl}-3-[(1H-pyrazolo[3,4-b]pyridin-5-yl)ethynyl]benzamide']","[""INR: 2',3-DIOXO-1,1',2',3-TETRAHYDRO-2,3'-BIINDOLE-5'-SULFONIC ACID""]","['LRRK2', 'N/A']",['N/A'],,,4.71e-10,284,63.2,25.352,,,,,,,,['T3X'],['INR'],T3X
8TZE,4RGJ,8TZE_renamed.pdb,4RGJ_renamed.pdb,A,A,"['T3X: 4-methyl-N-{4-[(4-methylpiperazin-1-yl)methyl]-3-(trifluoromethyl)phenyl}-3-[(1H-pyrazolo[3,4-b]pyridin-5-yl)ethynyl]benzamide']",[],['LRRK2'],"['CDPK4, CPK4, PF07_0072']",,,7.43e-14,217,76.6,31.336,,,,,,,,['T3X'],[],T3X
8TZE,5DYK,8TZE_renamed.pdb,5DYK_renamed.pdb,A,A,"['T3X: 4-methyl-N-{4-[(4-methylpiperazin-1-yl)methyl]-3-(trifluoromethyl)phenyl}-3-[(1H-pyrazolo[3,4-b]pyridin-5-yl)ethynyl]benzamide']","['EDO: 1,2-ETHANEDIOL', 'SO4: SULFATE ION', 'GOL: GLYCEROL']",['LRRK2'],['PF3D7_1436600'],,,2.06e-10,264,66.2,28.409,,,,,,,,['T3X'],"['EDO', 'SO4', 'GOL']",T3X
8TZE,1V0B,8TZE_renamed.pdb,1V0B_renamed.pdb,A,A,"['T3X: 4-methyl-N-{4-[(4-methylpiperazin-1-yl)methyl]-3-(trifluoromethyl)phenyl}-3-[(1H-pyrazolo[3,4-b]pyridin-5-yl)ethynyl]benzamide']",[],['LRRK2'],['N/A'],,,3.07e-10,284,63.5,25.352,,,,,,,,['T3X'],[],T3X
8TZE,1V0O,8TZE_renamed.pdb,1V0O_renamed.pdb,A,A,"['T3X: 4-methyl-N-{4-[(4-methylpiperazin-1-yl)methyl]-3-(trifluoromethyl)phenyl}-3-[(1H-pyrazolo[3,4-b]pyridin-5-yl)ethynyl]benzamide']","[""INR: 2',3-DIOXO-1,1',2',3-TETRAHYDRO-2,3'-BIINDOLE-5'-SULFONIC ACID""]",['LRRK2'],['N/A'],,,4.71e-10,284,63.2,25.352,,,,,,,,['T3X'],['INR'],T3X
8TZF,4RGJ,8TZF_renamed.pdb,4RGJ_renamed.pdb,A,A,"[""GDP: GUANOSINE-5'-DIPHOSPHATE"", 'T3X: 4-methyl-N-{4-[(4-methylpiperazin-1-yl)methyl]-3-(trifluoromethyl)phenyl}-3-[(1H-pyrazolo[3,4-b]pyridin-5-yl)ethynyl]benzamide']",[],"['LRRK2', 'N/A']","['CDPK4, CPK4, PF07_0072']",,,1.77e-13,217,75.5,31.336,,,,,,,,"['GDP', 'T3X']",[],GDP
8TZF,5DYK,8TZF_renamed.pdb,5DYK_renamed.pdb,A,A,"[""GDP: GUANOSINE-5'-DIPHOSPHATE"", 'T3X: 4-methyl-N-{4-[(4-methylpiperazin-1-yl)methyl]-3-(trifluoromethyl)phenyl}-3-[(1H-pyrazolo[3,4-b]pyridin-5-yl)ethynyl]benzamide']","['EDO: 1,2-ETHANEDIOL', 'SO4: SULFATE ION', 'GOL: GLYCEROL']","['LRRK2', 'N/A']",['PF3D7_1436600'],,,1.88e-10,288,66.2,28.125,,,,,,,,"['GDP', 'T3X']","['EDO', 'SO4', 'GOL']",GDP
8TZF,1V0B,8TZF_renamed.pdb,1V0B_renamed.pdb,A,A,"[""GDP: GUANOSINE-5'-DIPHOSPHATE"", 'T3X: 4-methyl-N-{4-[(4-methylpiperazin-1-yl)methyl]-3-(trifluoromethyl)phenyl}-3-[(1H-pyrazolo[3,4-b]pyridin-5-yl)ethynyl]benzamide']",[],"['LRRK2', 'N/A']",['N/A'],,,7.36e-10,284,62.4,25.352,,,,,,,,"['GDP', 'T3X']",[],GDP
8TZF,1OB3,8TZF_renamed.pdb,1OB3_renamed.pdb,A,A,"[""GDP: GUANOSINE-5'-DIPHOSPHATE"", 'T3X: 4-methyl-N-{4-[(4-methylpiperazin-1-yl)methyl]-3-(trifluoromethyl)phenyl}-3-[(1H-pyrazolo[3,4-b]pyridin-5-yl)ethynyl]benzamide']",[],"['LRRK2', 'N/A']",['N/A'],,,1.15e-09,284,61.6,25.352,,,,,,,,"['GDP', 'T3X']",[],GDP
8TZF,1V0O,8TZF_renamed.pdb,1V0O_renamed.pdb,A,A,"[""GDP: GUANOSINE-5'-DIPHOSPHATE"", 'T3X: 4-methyl-N-{4-[(4-methylpiperazin-1-yl)methyl]-3-(trifluoromethyl)phenyl}-3-[(1H-pyrazolo[3,4-b]pyridin-5-yl)ethynyl]benzamide']","[""INR: 2',3-DIOXO-1,1',2',3-TETRAHYDRO-2,3'-BIINDOLE-5'-SULFONIC ACID""]","['LRRK2', 'N/A']",['N/A'],,,1.19e-09,284,61.6,25.352,,,,,,,,"['GDP', 'T3X']",['INR'],GDP
8U7L,4RGJ,8U7L_renamed.pdb,4RGJ_renamed.pdb,A,A,"[""GDP: GUANOSINE-5'-DIPHOSPHATE"", 'T3X: 4-methyl-N-{4-[(4-methylpiperazin-1-yl)methyl]-3-(trifluoromethyl)phenyl}-3-[(1H-pyrazolo[3,4-b]pyridin-5-yl)ethynyl]benzamide']",[],"['LRRK2, PARK8']","['CDPK4, CPK4, PF07_0072']",,,7.82e-14,217,76.6,31.336,,,,,,,,"['GDP', 'T3X']",[],GDP
8U7L,5DYK,8U7L_renamed.pdb,5DYK_renamed.pdb,A,A,"[""GDP: GUANOSINE-5'-DIPHOSPHATE"", 'T3X: 4-methyl-N-{4-[(4-methylpiperazin-1-yl)methyl]-3-(trifluoromethyl)phenyl}-3-[(1H-pyrazolo[3,4-b]pyridin-5-yl)ethynyl]benzamide']","['EDO: 1,2-ETHANEDIOL', 'SO4: SULFATE ION', 'GOL: GLYCEROL']","['LRRK2, PARK8']",['PF3D7_1436600'],,,2.17e-10,288,66.2,28.125,,,,,,,,"['GDP', 'T3X']","['EDO', 'SO4', 'GOL']",GDP
8U7L,1V0B,8U7L_renamed.pdb,1V0B_renamed.pdb,A,A,"[""GDP: GUANOSINE-5'-DIPHOSPHATE"", 'T3X: 4-methyl-N-{4-[(4-methylpiperazin-1-yl)methyl]-3-(trifluoromethyl)phenyl}-3-[(1H-pyrazolo[3,4-b]pyridin-5-yl)ethynyl]benzamide']",[],"['LRRK2, PARK8']",['N/A'],,,3.07e-10,284,63.5,25.352,,,,,,,,"['GDP', 'T3X']",[],GDP
8U7L,1OB3,8U7L_renamed.pdb,1OB3_renamed.pdb,A,A,"[""GDP: GUANOSINE-5'-DIPHOSPHATE"", 'T3X: 4-methyl-N-{4-[(4-methylpiperazin-1-yl)methyl]-3-(trifluoromethyl)phenyl}-3-[(1H-pyrazolo[3,4-b]pyridin-5-yl)ethynyl]benzamide']",[],"['LRRK2, PARK8']",['N/A'],,,4.5e-10,284,63.2,25.352,,,,,,,,"['GDP', 'T3X']",[],GDP
8U8A,4RGJ,8U8A_renamed.pdb,4RGJ_renamed.pdb,A,A,"['0LI: 3-(imidazo[1,2-b]pyridazin-3-ylethynyl)-4-methyl-N-{4-[(4-methylpiperazin-1-yl)methyl]-3-(trifluoromethyl)phenyl}benzam ide', ""GDP: GUANOSINE-5'-DIPHOSPHATE""]",[],"['LRRK2, PARK8']","['CDPK4, CPK4, PF07_0072']",,,7.82e-14,217,76.6,31.336,,,,,,,,"['0LI', 'GDP']",[],0LI
8U8A,5DYK,8U8A_renamed.pdb,5DYK_renamed.pdb,A,A,"['0LI: 3-(imidazo[1,2-b]pyridazin-3-ylethynyl)-4-methyl-N-{4-[(4-methylpiperazin-1-yl)methyl]-3-(trifluoromethyl)phenyl}benzam ide', ""GDP: GUANOSINE-5'-DIPHOSPHATE""]","['EDO: 1,2-ETHANEDIOL', 'SO4: SULFATE ION', 'GOL: GLYCEROL']","['LRRK2, PARK8']",['PF3D7_1436600'],,,2.17e-10,288,66.2,28.125,,,,,,,,"['0LI', 'GDP']","['EDO', 'SO4', 'GOL']",0LI
8U8A,1V0B,8U8A_renamed.pdb,1V0B_renamed.pdb,A,A,"['0LI: 3-(imidazo[1,2-b]pyridazin-3-ylethynyl)-4-methyl-N-{4-[(4-methylpiperazin-1-yl)methyl]-3-(trifluoromethyl)phenyl}benzam ide', ""GDP: GUANOSINE-5'-DIPHOSPHATE""]",[],"['LRRK2, PARK8']",['N/A'],,,3.07e-10,284,63.5,25.352,,,,,,,,"['0LI', 'GDP']",[],0LI
8U8A,1OB3,8U8A_renamed.pdb,1OB3_renamed.pdb,A,A,"['0LI: 3-(imidazo[1,2-b]pyridazin-3-ylethynyl)-4-methyl-N-{4-[(4-methylpiperazin-1-yl)methyl]-3-(trifluoromethyl)phenyl}benzam ide', ""GDP: GUANOSINE-5'-DIPHOSPHATE""]",[],"['LRRK2, PARK8']",['N/A'],,,4.5e-10,284,63.2,25.352,,,,,,,,"['0LI', 'GDP']",[],0LI
8YGE,6CA8,8YGE_renamed.pdb,6CA8_renamed.pdb,A,A,"['MG: MAGNESIUM ION', 'ASW: N-[4-(acridin-9-ylamino)-3-methoxyphenyl]methanesulfonamide']",[],"['BA71V-P1192R (i7R), P1192R', 'N/A', 'N/A', 'N/A']",['TopoII'],,,1.38e-70,807,251.0,27.509,,,,,,,,"['MG', 'ASW']",[],MG
8ZYO,5DYK,8ZYO_renamed.pdb,5DYK_renamed.pdb,A,A,['XB7: 1-[(4-fluorophenyl)methyl]-N-{1-[2-(4-methoxyphenyl)ethyl]piperidin-4-yl}-1H-benzimidazol-2-amine'],"['EDO: 1,2-ETHANEDIOL', 'SO4: SULFATE ION', 'GOL: GLYCEROL']","['KCNH2, ERG, ERG1, HERG']",['PF3D7_1436600'],,,1.42e-07,92,55.1,31.522,,,,,,,,['XB7'],"['EDO', 'SO4', 'GOL']",XB7
8ZYO,4OFF,8ZYO_renamed.pdb,4OFF_renamed.pdb,A,A,['XB7: 1-[(4-fluorophenyl)methyl]-N-{1-[2-(4-methoxyphenyl)ethyl]piperidin-4-yl}-1H-benzimidazol-2-amine'],['SO4: SULFATE ION'],"['KCNH2, ERG, ERG1, HERG']",['N/A'],,,2.25e-07,90,50.8,32.222,,,,,,,,['XB7'],['SO4'],XB7
9CE8,5FMG,9CE8_renamed.pdb,5FMG_renamed.pdb,B,L,"['6V8: [(1~{R})-1-[2-[[2,5-bis(chloranyl)phenyl]carbonylamino]ethanoylamino]-3-methyl-butyl]boronic acid']","['7F1: (2S)-N-[(E,2S)-1-(1H-indol-3-yl)-4-methylsulfonyl-but-3-en-2-yl]-2-[[(2S)-3-(1H-indol-3-yl)-2-(2-morpholin-4-ylethanoylamino)propanoyl]amino]-4-methyl-pentanamide']","['prcA, Rv2109c', 'prcB, Rv2110c']","['N/A', 'N/A', 'N/A', 'N/A', 'N/A', 'N/A', 'N/A', 'N/A', 'N/A', 'N/A', 'N/A', 'N/A', 'N/A', 'N/A']",,,9.37e-07,219,47.8,24.201,,,,,,,,['6V8'],['7F1'],6V8
9NKG,5FMG,9NKG_renamed.pdb,5FMG_renamed.pdb,C,C,"['LDZ: N-[(benzyloxy)carbonyl]-L-leucyl-N-[(2S)-4-methyl-1-oxopentan-2-yl]-L-leucinamide', ""ATP: ADENOSINE-5'-TRIPHOSPHATE"", 'MG: MAGNESIUM ION', ""ADP: ADENOSINE-5'-DIPHOSPHATE"", 'ZN: ZINC ION']","['7F1: (2S)-N-[(E,2S)-1-(1H-indol-3-yl)-4-methylsulfonyl-but-3-en-2-yl]-2-[[(2S)-3-(1H-indol-3-yl)-2-(2-morpholin-4-ylethanoylamino)propanoyl]amino]-4-methyl-pentanamide']","['N/A', 'N/A', 'N/A', 'N/A', 'N/A', 'N/A', 'N/A', 'N/A', 'N/A', 'N/A', 'N/A', 'N/A', 'N/A', 'N/A', 'N/A', 'N/A', 'N/A', 'N/A', 'N/A', 'N/A', 'N/A', 'N/A', 'N/A', 'N/A', 'N/A', 'N/A', 'N/A', 'N/A', 'N/A', 'N/A', 'N/A', 'N/A', 'N/A', 'MIDN']","['N/A', 'N/A', 'N/A', 'N/A', 'N/A', 'N/A', 'N/A', 'N/A', 'N/A', 'N/A', 'N/A', 'N/A', 'N/A', 'N/A']",,,3.1900000000000003e-85,246,254.0,52.439,,,,,,,,"['LDZ', 'ATP', 'MG', 'ADP', 'ZN']",['7F1'],LDZ
9NKG,5FMG,9NKG_renamed.pdb,5FMG_renamed.pdb,C,D,"['LDZ: N-[(benzyloxy)carbonyl]-L-leucyl-N-[(2S)-4-methyl-1-oxopentan-2-yl]-L-leucinamide', ""ATP: ADENOSINE-5'-TRIPHOSPHATE"", 'MG: MAGNESIUM ION', ""ADP: ADENOSINE-5'-DIPHOSPHATE"", 'ZN: ZINC ION']","['7F1: (2S)-N-[(E,2S)-1-(1H-indol-3-yl)-4-methylsulfonyl-but-3-en-2-yl]-2-[[(2S)-3-(1H-indol-3-yl)-2-(2-morpholin-4-ylethanoylamino)propanoyl]amino]-4-methyl-pentanamide']","['N/A', 'N/A', 'N/A', 'N/A', 'N/A', 'N/A', 'N/A', 'N/A', 'N/A', 'N/A', 'N/A', 'N/A', 'N/A', 'N/A', 'N/A', 'N/A', 'N/A', 'N/A', 'N/A', 'N/A', 'N/A', 'N/A', 'N/A', 'N/A', 'N/A', 'N/A', 'N/A', 'N/A', 'N/A', 'N/A', 'N/A', 'N/A', 'N/A', 'MIDN']","['N/A', 'N/A', 'N/A', 'N/A', 'N/A', 'N/A', 'N/A', 'N/A', 'N/A', 'N/A', 'N/A', 'N/A', 'N/A', 'N/A']",,,8.96e-48,242,158.0,35.124,,,,,,,,"['LDZ', 'ATP', 'MG', 'ADP', 'ZN']",['7F1'],LDZ
9NKG,5FMG,9NKG_renamed.pdb,5FMG_renamed.pdb,C,E,"['LDZ: N-[(benzyloxy)carbonyl]-L-leucyl-N-[(2S)-4-methyl-1-oxopentan-2-yl]-L-leucinamide', ""ATP: ADENOSINE-5'-TRIPHOSPHATE"", 'MG: MAGNESIUM ION', ""ADP: ADENOSINE-5'-DIPHOSPHATE"", 'ZN: ZINC ION']","['7F1: (2S)-N-[(E,2S)-1-(1H-indol-3-yl)-4-methylsulfonyl-but-3-en-2-yl]-2-[[(2S)-3-(1H-indol-3-yl)-2-(2-morpholin-4-ylethanoylamino)propanoyl]amino]-4-methyl-pentanamide']","['N/A', 'N/A', 'N/A', 'N/A', 'N/A', 'N/A', 'N/A', 'N/A', 'N/A', 'N/A', 'N/A', 'N/A', 'N/A', 'N/A', 'N/A', 'N/A', 'N/A', 'N/A', 'N/A', 'N/A', 'N/A', 'N/A', 'N/A', 'N/A', 'N/A', 'N/A', 'N/A', 'N/A', 'N/A', 'N/A', 'N/A', 'N/A', 'N/A', 'MIDN']","['N/A', 'N/A', 'N/A', 'N/A', 'N/A', 'N/A', 'N/A', 'N/A', 'N/A', 'N/A', 'N/A', 'N/A', 'N/A', 'N/A']",,,4.52e-35,223,125.0,35.874,,,,,,,,"['LDZ', 'ATP', 'MG', 'ADP', 'ZN']",['7F1'],LDZ
9NKG,5FMG,9NKG_renamed.pdb,5FMG_renamed.pdb,N,N,"['LDZ: N-[(benzyloxy)carbonyl]-L-leucyl-N-[(2S)-4-methyl-1-oxopentan-2-yl]-L-leucinamide', ""ATP: ADENOSINE-5'-TRIPHOSPHATE"", 'MG: MAGNESIUM ION', ""ADP: ADENOSINE-5'-DIPHOSPHATE"", 'ZN: ZINC ION']","['7F1: (2S)-N-[(E,2S)-1-(1H-indol-3-yl)-4-methylsulfonyl-but-3-en-2-yl]-2-[[(2S)-3-(1H-indol-3-yl)-2-(2-morpholin-4-ylethanoylamino)propanoyl]amino]-4-methyl-pentanamide']","['N/A', 'N/A', 'N/A', 'N/A', 'N/A', 'N/A', 'N/A', 'N/A', 'N/A', 'N/A', 'N/A', 'N/A', 'N/A', 'N/A', 'N/A', 'N/A', 'N/A', 'N/A', 'N/A', 'N/A', 'N/A', 'N/A', 'N/A', 'N/A', 'N/A', 'N/A', 'N/A', 'N/A', 'N/A', 'N/A', 'N/A', 'N/A', 'N/A', 'MIDN']","['N/A', 'N/A', 'N/A', 'N/A', 'N/A', 'N/A', 'N/A', 'N/A', 'N/A', 'N/A', 'N/A', 'N/A', 'N/A', 'N/A']",,,5.51e-49,237,162.0,36.287,,,,,,,,"['LDZ', 'ATP', 'MG', 'ADP', 'ZN']",['7F1'],LDZ
9NKG,5FMG,9NKG_renamed.pdb,5FMG_renamed.pdb,A,C,"['LDZ: N-[(benzyloxy)carbonyl]-L-leucyl-N-[(2S)-4-methyl-1-oxopentan-2-yl]-L-leucinamide', ""ATP: ADENOSINE-5'-TRIPHOSPHATE"", 'MG: MAGNESIUM ION', ""ADP: ADENOSINE-5'-DIPHOSPHATE"", 'ZN: ZINC ION']","['7F1: (2S)-N-[(E,2S)-1-(1H-indol-3-yl)-4-methylsulfonyl-but-3-en-2-yl]-2-[[(2S)-3-(1H-indol-3-yl)-2-(2-morpholin-4-ylethanoylamino)propanoyl]amino]-4-methyl-pentanamide']","['N/A', 'N/A', 'N/A', 'N/A', 'N/A', 'N/A', 'N/A', 'N/A', 'N/A', 'N/A', 'N/A', 'N/A', 'N/A', 'N/A', 'N/A', 'N/A', 'N/A', 'N/A', 'N/A', 'N/A', 'N/A', 'N/A', 'N/A', 'N/A', 'N/A', 'N/A', 'N/A', 'N/A', 'N/A', 'N/A', 'N/A', 'N/A', 'N/A', 'MIDN']","['N/A', 'N/A', 'N/A', 'N/A', 'N/A', 'N/A', 'N/A', 'N/A', 'N/A', 'N/A', 'N/A', 'N/A', 'N/A', 'N/A']",,,4.29e-36,232,127.0,34.914,,,,,,,,"['LDZ', 'ATP', 'MG', 'ADP', 'ZN']",['7F1'],LDZ
9NKG,5FMG,9NKG_renamed.pdb,5FMG_renamed.pdb,A,E,"['LDZ: N-[(benzyloxy)carbonyl]-L-leucyl-N-[(2S)-4-methyl-1-oxopentan-2-yl]-L-leucinamide', ""ATP: ADENOSINE-5'-TRIPHOSPHATE"", 'MG: MAGNESIUM ION', ""ADP: ADENOSINE-5'-DIPHOSPHATE"", 'ZN: ZINC ION']","['7F1: (2S)-N-[(E,2S)-1-(1H-indol-3-yl)-4-methylsulfonyl-but-3-en-2-yl]-2-[[(2S)-3-(1H-indol-3-yl)-2-(2-morpholin-4-ylethanoylamino)propanoyl]amino]-4-methyl-pentanamide']","['N/A', 'N/A', 'N/A', 'N/A', 'N/A', 'N/A', 'N/A', 'N/A', 'N/A', 'N/A', 'N/A', 'N/A', 'N/A', 'N/A', 'N/A', 'N/A', 'N/A', 'N/A', 'N/A', 'N/A', 'N/A', 'N/A', 'N/A', 'N/A', 'N/A', 'N/A', 'N/A', 'N/A', 'N/A', 'N/A', 'N/A', 'N/A', 'N/A', 'MIDN']","['N/A', 'N/A', 'N/A', 'N/A', 'N/A', 'N/A', 'N/A', 'N/A', 'N/A', 'N/A', 'N/A', 'N/A', 'N/A', 'N/A']",,,1.36e-33,226,121.0,29.646,,,,,,,,"['LDZ', 'ATP', 'MG', 'ADP', 'ZN']",['7F1'],LDZ
9NKG,5FMG,9NKG_renamed.pdb,5FMG_renamed.pdb,A,D,"['LDZ: N-[(benzyloxy)carbonyl]-L-leucyl-N-[(2S)-4-methyl-1-oxopentan-2-yl]-L-leucinamide', ""ATP: ADENOSINE-5'-TRIPHOSPHATE"", 'MG: MAGNESIUM ION', ""ADP: ADENOSINE-5'-DIPHOSPHATE"", 'ZN: ZINC ION']","['7F1: (2S)-N-[(E,2S)-1-(1H-indol-3-yl)-4-methylsulfonyl-but-3-en-2-yl]-2-[[(2S)-3-(1H-indol-3-yl)-2-(2-morpholin-4-ylethanoylamino)propanoyl]amino]-4-methyl-pentanamide']","['N/A', 'N/A', 'N/A', 'N/A', 'N/A', 'N/A', 'N/A', 'N/A', 'N/A', 'N/A', 'N/A', 'N/A', 'N/A', 'N/A', 'N/A', 'N/A', 'N/A', 'N/A', 'N/A', 'N/A', 'N/A', 'N/A', 'N/A', 'N/A', 'N/A', 'N/A', 'N/A', 'N/A', 'N/A', 'N/A', 'N/A', 'N/A', 'N/A', 'MIDN']","['N/A', 'N/A', 'N/A', 'N/A', 'N/A', 'N/A', 'N/A', 'N/A', 'N/A', 'N/A', 'N/A', 'N/A', 'N/A', 'N/A']",,,1.68e-30,239,113.0,29.289,,,,,,,,"['LDZ', 'ATP', 'MG', 'ADP', 'ZN']",['7F1'],LDZ
9NKG,5FMG,9NKG_renamed.pdb,5FMG_renamed.pdb,J,M,"['LDZ: N-[(benzyloxy)carbonyl]-L-leucyl-N-[(2S)-4-methyl-1-oxopentan-2-yl]-L-leucinamide', ""ATP: ADENOSINE-5'-TRIPHOSPHATE"", 'MG: MAGNESIUM ION', ""ADP: ADENOSINE-5'-DIPHOSPHATE"", 'ZN: ZINC ION']","['7F1: (2S)-N-[(E,2S)-1-(1H-indol-3-yl)-4-methylsulfonyl-but-3-en-2-yl]-2-[[(2S)-3-(1H-indol-3-yl)-2-(2-morpholin-4-ylethanoylamino)propanoyl]amino]-4-methyl-pentanamide']","['N/A', 'N/A', 'N/A', 'N/A', 'N/A', 'N/A', 'N/A', 'N/A', 'N/A', 'N/A', 'N/A', 'N/A', 'N/A', 'N/A', 'N/A', 'N/A', 'N/A', 'N/A', 'N/A', 'N/A', 'N/A', 'N/A', 'N/A', 'N/A', 'N/A', 'N/A', 'N/A', 'N/A', 'N/A', 'N/A', 'N/A', 'N/A', 'N/A', 'MIDN']","['N/A', 'N/A', 'N/A', 'N/A', 'N/A', 'N/A', 'N/A', 'N/A', 'N/A', 'N/A', 'N/A', 'N/A', 'N/A', 'N/A']",,,1.03e-17,207,78.2,25.604,,,,,,,,"['LDZ', 'ATP', 'MG', 'ADP', 'ZN']",['7F1'],LDZ
9NKG,5FMG,9NKG_renamed.pdb,5FMG_renamed.pdb,K,K,"['LDZ: N-[(benzyloxy)carbonyl]-L-leucyl-N-[(2S)-4-methyl-1-oxopentan-2-yl]-L-leucinamide', ""ATP: ADENOSINE-5'-TRIPHOSPHATE"", 'MG: MAGNESIUM ION', ""ADP: ADENOSINE-5'-DIPHOSPHATE"", 'ZN: ZINC ION']","['7F1: (2S)-N-[(E,2S)-1-(1H-indol-3-yl)-4-methylsulfonyl-but-3-en-2-yl]-2-[[(2S)-3-(1H-indol-3-yl)-2-(2-morpholin-4-ylethanoylamino)propanoyl]amino]-4-methyl-pentanamide']","['N/A', 'N/A', 'N/A', 'N/A', 'N/A', 'N/A', 'N/A', 'N/A', 'N/A', 'N/A', 'N/A', 'N/A', 'N/A', 'N/A', 'N/A', 'N/A', 'N/A', 'N/A', 'N/A', 'N/A', 'N/A', 'N/A', 'N/A', 'N/A', 'N/A', 'N/A', 'N/A', 'N/A', 'N/A', 'N/A', 'N/A', 'N/A', 'N/A', 'MIDN']","['N/A', 'N/A', 'N/A', 'N/A', 'N/A', 'N/A', 'N/A', 'N/A', 'N/A', 'N/A', 'N/A', 'N/A', 'N/A', 'N/A']",,,5.34e-48,189,155.0,40.212,,,,,,,,"['LDZ', 'ATP', 'MG', 'ADP', 'ZN']",['7F1'],LDZ
9NKG,5FMG,9NKG_renamed.pdb,5FMG_renamed.pdb,K,L,"['LDZ: N-[(benzyloxy)carbonyl]-L-leucyl-N-[(2S)-4-methyl-1-oxopentan-2-yl]-L-leucinamide', ""ATP: ADENOSINE-5'-TRIPHOSPHATE"", 'MG: MAGNESIUM ION', ""ADP: ADENOSINE-5'-DIPHOSPHATE"", 'ZN: ZINC ION']","['7F1: (2S)-N-[(E,2S)-1-(1H-indol-3-yl)-4-methylsulfonyl-but-3-en-2-yl]-2-[[(2S)-3-(1H-indol-3-yl)-2-(2-morpholin-4-ylethanoylamino)propanoyl]amino]-4-methyl-pentanamide']","['N/A', 'N/A', 'N/A', 'N/A', 'N/A', 'N/A', 'N/A', 'N/A', 'N/A', 'N/A', 'N/A', 'N/A', 'N/A', 'N/A', 'N/A', 'N/A', 'N/A', 'N/A', 'N/A', 'N/A', 'N/A', 'N/A', 'N/A', 'N/A', 'N/A', 'N/A', 'N/A', 'N/A', 'N/A', 'N/A', 'N/A', 'N/A', 'N/A', 'MIDN']","['N/A', 'N/A', 'N/A', 'N/A', 'N/A', 'N/A', 'N/A', 'N/A', 'N/A', 'N/A', 'N/A', 'N/A', 'N/A', 'N/A']",,,1.67e-11,180,60.8,26.667,,,,,,,,"['LDZ', 'ATP', 'MG', 'ADP', 'ZN']",['7F1'],LDZ
9NKG,5FMG,9NKG_renamed.pdb,5FMG_renamed.pdb,M,M,"['LDZ: N-[(benzyloxy)carbonyl]-L-leucyl-N-[(2S)-4-methyl-1-oxopentan-2-yl]-L-leucinamide', ""ATP: ADENOSINE-5'-TRIPHOSPHATE"", 'MG: MAGNESIUM ION', ""ADP: ADENOSINE-5'-DIPHOSPHATE"", 'ZN: ZINC ION']","['7F1: (2S)-N-[(E,2S)-1-(1H-indol-3-yl)-4-methylsulfonyl-but-3-en-2-yl]-2-[[(2S)-3-(1H-indol-3-yl)-2-(2-morpholin-4-ylethanoylamino)propanoyl]amino]-4-methyl-pentanamide']","['N/A', 'N/A', 'N/A', 'N/A', 'N/A', 'N/A', 'N/A', 'N/A', 'N/A', 'N/A', 'N/A', 'N/A', 'N/A', 'N/A', 'N/A', 'N/A', 'N/A', 'N/A', 'N/A', 'N/A', 'N/A', 'N/A', 'N/A', 'N/A', 'N/A', 'N/A', 'N/A', 'N/A', 'N/A', 'N/A', 'N/A', 'N/A', 'N/A', 'MIDN']","['N/A', 'N/A', 'N/A', 'N/A', 'N/A', 'N/A', 'N/A', 'N/A', 'N/A', 'N/A', 'N/A', 'N/A', 'N/A', 'N/A']",,,2.8299999999999997e-60,213,189.0,43.192,,,,,,,,"['LDZ', 'ATP', 'MG', 'ADP', 'ZN']",['7F1'],LDZ
9NKG,5FMG,9NKG_renamed.pdb,5FMG_renamed.pdb,B,D,"['LDZ: N-[(benzyloxy)carbonyl]-L-leucyl-N-[(2S)-4-methyl-1-oxopentan-2-yl]-L-leucinamide', ""ATP: ADENOSINE-5'-TRIPHOSPHATE"", 'MG: MAGNESIUM ION', ""ADP: ADENOSINE-5'-DIPHOSPHATE"", 'ZN: ZINC ION']","['7F1: (2S)-N-[(E,2S)-1-(1H-indol-3-yl)-4-methylsulfonyl-but-3-en-2-yl]-2-[[(2S)-3-(1H-indol-3-yl)-2-(2-morpholin-4-ylethanoylamino)propanoyl]amino]-4-methyl-pentanamide']","['N/A', 'N/A', 'N/A', 'N/A', 'N/A', 'N/A', 'N/A', 'N/A', 'N/A', 'N/A', 'N/A', 'N/A', 'N/A', 'N/A', 'N/A', 'N/A', 'N/A', 'N/A', 'N/A', 'N/A', 'N/A', 'N/A', 'N/A', 'N/A', 'N/A', 'N/A', 'N/A', 'N/A', 'N/A', 'N/A', 'N/A', 'N/A', 'N/A', 'MIDN']","['N/A', 'N/A', 'N/A', 'N/A', 'N/A', 'N/A', 'N/A', 'N/A', 'N/A', 'N/A', 'N/A', 'N/A', 'N/A', 'N/A']",,,4.48e-52,231,168.0,39.394,,,,,,,,"['LDZ', 'ATP', 'MG', 'ADP', 'ZN']",['7F1'],LDZ
9NKG,5FMG,9NKG_renamed.pdb,5FMG_renamed.pdb,B,C,"['LDZ: N-[(benzyloxy)carbonyl]-L-leucyl-N-[(2S)-4-methyl-1-oxopentan-2-yl]-L-leucinamide', ""ATP: ADENOSINE-5'-TRIPHOSPHATE"", 'MG: MAGNESIUM ION', ""ADP: ADENOSINE-5'-DIPHOSPHATE"", 'ZN: ZINC ION']","['7F1: (2S)-N-[(E,2S)-1-(1H-indol-3-yl)-4-methylsulfonyl-but-3-en-2-yl]-2-[[(2S)-3-(1H-indol-3-yl)-2-(2-morpholin-4-ylethanoylamino)propanoyl]amino]-4-methyl-pentanamide']","['N/A', 'N/A', 'N/A', 'N/A', 'N/A', 'N/A', 'N/A', 'N/A', 'N/A', 'N/A', 'N/A', 'N/A', 'N/A', 'N/A', 'N/A', 'N/A', 'N/A', 'N/A', 'N/A', 'N/A', 'N/A', 'N/A', 'N/A', 'N/A', 'N/A', 'N/A', 'N/A', 'N/A', 'N/A', 'N/A', 'N/A', 'N/A', 'N/A', 'MIDN']","['N/A', 'N/A', 'N/A', 'N/A', 'N/A', 'N/A', 'N/A', 'N/A', 'N/A', 'N/A', 'N/A', 'N/A', 'N/A', 'N/A']",,,2.99e-41,189,140.0,39.153,,,,,,,,"['LDZ', 'ATP', 'MG', 'ADP', 'ZN']",['7F1'],LDZ
9NKG,5FMG,9NKG_renamed.pdb,5FMG_renamed.pdb,B,E,"['LDZ: N-[(benzyloxy)carbonyl]-L-leucyl-N-[(2S)-4-methyl-1-oxopentan-2-yl]-L-leucinamide', ""ATP: ADENOSINE-5'-TRIPHOSPHATE"", 'MG: MAGNESIUM ION', ""ADP: ADENOSINE-5'-DIPHOSPHATE"", 'ZN: ZINC ION']","['7F1: (2S)-N-[(E,2S)-1-(1H-indol-3-yl)-4-methylsulfonyl-but-3-en-2-yl]-2-[[(2S)-3-(1H-indol-3-yl)-2-(2-morpholin-4-ylethanoylamino)propanoyl]amino]-4-methyl-pentanamide']","['N/A', 'N/A', 'N/A', 'N/A', 'N/A', 'N/A', 'N/A', 'N/A', 'N/A', 'N/A', 'N/A', 'N/A', 'N/A', 'N/A', 'N/A', 'N/A', 'N/A', 'N/A', 'N/A', 'N/A', 'N/A', 'N/A', 'N/A', 'N/A', 'N/A', 'N/A', 'N/A', 'N/A', 'N/A', 'N/A', 'N/A', 'N/A', 'N/A', 'MIDN']","['N/A', 'N/A', 'N/A', 'N/A', 'N/A', 'N/A', 'N/A', 'N/A', 'N/A', 'N/A', 'N/A', 'N/A', 'N/A', 'N/A']",,,1.96e-37,212,131.0,32.547,,,,,,,,"['LDZ', 'ATP', 'MG', 'ADP', 'ZN']",['7F1'],LDZ
9NKG,5FMG,9NKG_renamed.pdb,5FMG_renamed.pdb,D,D,"['LDZ: N-[(benzyloxy)carbonyl]-L-leucyl-N-[(2S)-4-methyl-1-oxopentan-2-yl]-L-leucinamide', ""ATP: ADENOSINE-5'-TRIPHOSPHATE"", 'MG: MAGNESIUM ION', ""ADP: ADENOSINE-5'-DIPHOSPHATE"", 'ZN: ZINC ION']","['7F1: (2S)-N-[(E,2S)-1-(1H-indol-3-yl)-4-methylsulfonyl-but-3-en-2-yl]-2-[[(2S)-3-(1H-indol-3-yl)-2-(2-morpholin-4-ylethanoylamino)propanoyl]amino]-4-methyl-pentanamide']","['N/A', 'N/A', 'N/A', 'N/A', 'N/A', 'N/A', 'N/A', 'N/A', 'N/A', 'N/A', 'N/A', 'N/A', 'N/A', 'N/A', 'N/A', 'N/A', 'N/A', 'N/A', 'N/A', 'N/A', 'N/A', 'N/A', 'N/A', 'N/A', 'N/A', 'N/A', 'N/A', 'N/A', 'N/A', 'N/A', 'N/A', 'N/A', 'N/A', 'MIDN']","['N/A', 'N/A', 'N/A', 'N/A', 'N/A', 'N/A', 'N/A', 'N/A', 'N/A', 'N/A', 'N/A', 'N/A', 'N/A', 'N/A']",,,5.9e-84,244,250.0,49.18,,,,,,,,"['LDZ', 'ATP', 'MG', 'ADP', 'ZN']",['7F1'],LDZ
9NKG,5FMG,9NKG_renamed.pdb,5FMG_renamed.pdb,D,E,"['LDZ: N-[(benzyloxy)carbonyl]-L-leucyl-N-[(2S)-4-methyl-1-oxopentan-2-yl]-L-leucinamide', ""ATP: ADENOSINE-5'-TRIPHOSPHATE"", 'MG: MAGNESIUM ION', ""ADP: ADENOSINE-5'-DIPHOSPHATE"", 'ZN: ZINC ION']","['7F1: (2S)-N-[(E,2S)-1-(1H-indol-3-yl)-4-methylsulfonyl-but-3-en-2-yl]-2-[[(2S)-3-(1H-indol-3-yl)-2-(2-morpholin-4-ylethanoylamino)propanoyl]amino]-4-methyl-pentanamide']","['N/A', 'N/A', 'N/A', 'N/A', 'N/A', 'N/A', 'N/A', 'N/A', 'N/A', 'N/A', 'N/A', 'N/A', 'N/A', 'N/A', 'N/A', 'N/A', 'N/A', 'N/A', 'N/A', 'N/A', 'N/A', 'N/A', 'N/A', 'N/A', 'N/A', 'N/A', 'N/A', 'N/A', 'N/A', 'N/A', 'N/A', 'N/A', 'N/A', 'MIDN']","['N/A', 'N/A', 'N/A', 'N/A', 'N/A', 'N/A', 'N/A', 'N/A', 'N/A', 'N/A', 'N/A', 'N/A', 'N/A', 'N/A']",,,1.94e-39,236,137.0,33.898,,,,,,,,"['LDZ', 'ATP', 'MG', 'ADP', 'ZN']",['7F1'],LDZ
9NKG,5FMG,9NKG_renamed.pdb,5FMG_renamed.pdb,D,C,"['LDZ: N-[(benzyloxy)carbonyl]-L-leucyl-N-[(2S)-4-methyl-1-oxopentan-2-yl]-L-leucinamide', ""ATP: ADENOSINE-5'-TRIPHOSPHATE"", 'MG: MAGNESIUM ION', ""ADP: ADENOSINE-5'-DIPHOSPHATE"", 'ZN: ZINC ION']","['7F1: (2S)-N-[(E,2S)-1-(1H-indol-3-yl)-4-methylsulfonyl-but-3-en-2-yl]-2-[[(2S)-3-(1H-indol-3-yl)-2-(2-morpholin-4-ylethanoylamino)propanoyl]amino]-4-methyl-pentanamide']","['N/A', 'N/A', 'N/A', 'N/A', 'N/A', 'N/A', 'N/A', 'N/A', 'N/A', 'N/A', 'N/A', 'N/A', 'N/A', 'N/A', 'N/A', 'N/A', 'N/A', 'N/A', 'N/A', 'N/A', 'N/A', 'N/A', 'N/A', 'N/A', 'N/A', 'N/A', 'N/A', 'N/A', 'N/A', 'N/A', 'N/A', 'N/A', 'N/A', 'MIDN']","['N/A', 'N/A', 'N/A', 'N/A', 'N/A', 'N/A', 'N/A', 'N/A', 'N/A', 'N/A', 'N/A', 'N/A', 'N/A', 'N/A']",,,6.1e-39,178,135.0,38.764,,,,,,,,"['LDZ', 'ATP', 'MG', 'ADP', 'ZN']",['7F1'],LDZ
9NKG,5FMG,9NKG_renamed.pdb,5FMG_renamed.pdb,E,E,"['LDZ: N-[(benzyloxy)carbonyl]-L-leucyl-N-[(2S)-4-methyl-1-oxopentan-2-yl]-L-leucinamide', ""ATP: ADENOSINE-5'-TRIPHOSPHATE"", 'MG: MAGNESIUM ION', ""ADP: ADENOSINE-5'-DIPHOSPHATE"", 'ZN: ZINC ION']","['7F1: (2S)-N-[(E,2S)-1-(1H-indol-3-yl)-4-methylsulfonyl-but-3-en-2-yl]-2-[[(2S)-3-(1H-indol-3-yl)-2-(2-morpholin-4-ylethanoylamino)propanoyl]amino]-4-methyl-pentanamide']","['N/A', 'N/A', 'N/A', 'N/A', 'N/A', 'N/A', 'N/A', 'N/A', 'N/A', 'N/A', 'N/A', 'N/A', 'N/A', 'N/A', 'N/A', 'N/A', 'N/A', 'N/A', 'N/A', 'N/A', 'N/A', 'N/A', 'N/A', 'N/A', 'N/A', 'N/A', 'N/A', 'N/A', 'N/A', 'N/A', 'N/A', 'N/A', 'N/A', 'MIDN']","['N/A', 'N/A', 'N/A', 'N/A', 'N/A', 'N/A', 'N/A', 'N/A', 'N/A', 'N/A', 'N/A', 'N/A', 'N/A', 'N/A']",,,3.36e-89,241,263.0,53.942,,,,,,,,"['LDZ', 'ATP', 'MG', 'ADP', 'ZN']",['7F1'],LDZ
9NKG,5FMG,9NKG_renamed.pdb,5FMG_renamed.pdb,E,C,"['LDZ: N-[(benzyloxy)carbonyl]-L-leucyl-N-[(2S)-4-methyl-1-oxopentan-2-yl]-L-leucinamide', ""ATP: ADENOSINE-5'-TRIPHOSPHATE"", 'MG: MAGNESIUM ION', ""ADP: ADENOSINE-5'-DIPHOSPHATE"", 'ZN: ZINC ION']","['7F1: (2S)-N-[(E,2S)-1-(1H-indol-3-yl)-4-methylsulfonyl-but-3-en-2-yl]-2-[[(2S)-3-(1H-indol-3-yl)-2-(2-morpholin-4-ylethanoylamino)propanoyl]amino]-4-methyl-pentanamide']","['N/A', 'N/A', 'N/A', 'N/A', 'N/A', 'N/A', 'N/A', 'N/A', 'N/A', 'N/A', 'N/A', 'N/A', 'N/A', 'N/A', 'N/A', 'N/A', 'N/A', 'N/A', 'N/A', 'N/A', 'N/A', 'N/A', 'N/A', 'N/A', 'N/A', 'N/A', 'N/A', 'N/A', 'N/A', 'N/A', 'N/A', 'N/A', 'N/A', 'MIDN']","['N/A', 'N/A', 'N/A', 'N/A', 'N/A', 'N/A', 'N/A', 'N/A', 'N/A', 'N/A', 'N/A', 'N/A', 'N/A', 'N/A']",,,1.4900000000000001e-43,232,147.0,38.793,,,,,,,,"['LDZ', 'ATP', 'MG', 'ADP', 'ZN']",['7F1'],LDZ
9NKG,5FMG,9NKG_renamed.pdb,5FMG_renamed.pdb,E,D,"['LDZ: N-[(benzyloxy)carbonyl]-L-leucyl-N-[(2S)-4-methyl-1-oxopentan-2-yl]-L-leucinamide', ""ATP: ADENOSINE-5'-TRIPHOSPHATE"", 'MG: MAGNESIUM ION', ""ADP: ADENOSINE-5'-DIPHOSPHATE"", 'ZN: ZINC ION']","['7F1: (2S)-N-[(E,2S)-1-(1H-indol-3-yl)-4-methylsulfonyl-but-3-en-2-yl]-2-[[(2S)-3-(1H-indol-3-yl)-2-(2-morpholin-4-ylethanoylamino)propanoyl]amino]-4-methyl-pentanamide']","['N/A', 'N/A', 'N/A', 'N/A', 'N/A', 'N/A', 'N/A', 'N/A', 'N/A', 'N/A', 'N/A', 'N/A', 'N/A', 'N/A', 'N/A', 'N/A', 'N/A', 'N/A', 'N/A', 'N/A', 'N/A', 'N/A', 'N/A', 'N/A', 'N/A', 'N/A', 'N/A', 'N/A', 'N/A', 'N/A', 'N/A', 'N/A', 'N/A', 'MIDN']","['N/A', 'N/A', 'N/A', 'N/A', 'N/A', 'N/A', 'N/A', 'N/A', 'N/A', 'N/A', 'N/A', 'N/A', 'N/A', 'N/A']",,,1.46e-37,212,131.0,33.962,,,,,,,,"['LDZ', 'ATP', 'MG', 'ADP', 'ZN']",['7F1'],LDZ
9NKG,5FMG,9NKG_renamed.pdb,5FMG_renamed.pdb,F,E,"['LDZ: N-[(benzyloxy)carbonyl]-L-leucyl-N-[(2S)-4-methyl-1-oxopentan-2-yl]-L-leucinamide', ""ATP: ADENOSINE-5'-TRIPHOSPHATE"", 'MG: MAGNESIUM ION', ""ADP: ADENOSINE-5'-DIPHOSPHATE"", 'ZN: ZINC ION']","['7F1: (2S)-N-[(E,2S)-1-(1H-indol-3-yl)-4-methylsulfonyl-but-3-en-2-yl]-2-[[(2S)-3-(1H-indol-3-yl)-2-(2-morpholin-4-ylethanoylamino)propanoyl]amino]-4-methyl-pentanamide']","['N/A', 'N/A', 'N/A', 'N/A', 'N/A', 'N/A', 'N/A', 'N/A', 'N/A', 'N/A', 'N/A', 'N/A', 'N/A', 'N/A', 'N/A', 'N/A', 'N/A', 'N/A', 'N/A', 'N/A', 'N/A', 'N/A', 'N/A', 'N/A', 'N/A', 'N/A', 'N/A', 'N/A', 'N/A', 'N/A', 'N/A', 'N/A', 'N/A', 'MIDN']","['N/A', 'N/A', 'N/A', 'N/A', 'N/A', 'N/A', 'N/A', 'N/A', 'N/A', 'N/A', 'N/A', 'N/A', 'N/A', 'N/A']",,,3.44e-37,244,131.0,33.197,,,,,,,,"['LDZ', 'ATP', 'MG', 'ADP', 'ZN']",['7F1'],LDZ
9NKG,5FMG,9NKG_renamed.pdb,5FMG_renamed.pdb,F,D,"['LDZ: N-[(benzyloxy)carbonyl]-L-leucyl-N-[(2S)-4-methyl-1-oxopentan-2-yl]-L-leucinamide', ""ATP: ADENOSINE-5'-TRIPHOSPHATE"", 'MG: MAGNESIUM ION', ""ADP: ADENOSINE-5'-DIPHOSPHATE"", 'ZN: ZINC ION']","['7F1: (2S)-N-[(E,2S)-1-(1H-indol-3-yl)-4-methylsulfonyl-but-3-en-2-yl]-2-[[(2S)-3-(1H-indol-3-yl)-2-(2-morpholin-4-ylethanoylamino)propanoyl]amino]-4-methyl-pentanamide']","['N/A', 'N/A', 'N/A', 'N/A', 'N/A', 'N/A', 'N/A', 'N/A', 'N/A', 'N/A', 'N/A', 'N/A', 'N/A', 'N/A', 'N/A', 'N/A', 'N/A', 'N/A', 'N/A', 'N/A', 'N/A', 'N/A', 'N/A', 'N/A', 'N/A', 'N/A', 'N/A', 'N/A', 'N/A', 'N/A', 'N/A', 'N/A', 'N/A', 'MIDN']","['N/A', 'N/A', 'N/A', 'N/A', 'N/A', 'N/A', 'N/A', 'N/A', 'N/A', 'N/A', 'N/A', 'N/A', 'N/A', 'N/A']",,,1.2300000000000001e-36,245,129.0,33.469,,,,,,,,"['LDZ', 'ATP', 'MG', 'ADP', 'ZN']",['7F1'],LDZ
9NKG,5FMG,9NKG_renamed.pdb,5FMG_renamed.pdb,F,C,"['LDZ: N-[(benzyloxy)carbonyl]-L-leucyl-N-[(2S)-4-methyl-1-oxopentan-2-yl]-L-leucinamide', ""ATP: ADENOSINE-5'-TRIPHOSPHATE"", 'MG: MAGNESIUM ION', ""ADP: ADENOSINE-5'-DIPHOSPHATE"", 'ZN: ZINC ION']","['7F1: (2S)-N-[(E,2S)-1-(1H-indol-3-yl)-4-methylsulfonyl-but-3-en-2-yl]-2-[[(2S)-3-(1H-indol-3-yl)-2-(2-morpholin-4-ylethanoylamino)propanoyl]amino]-4-methyl-pentanamide']","['N/A', 'N/A', 'N/A', 'N/A', 'N/A', 'N/A', 'N/A', 'N/A', 'N/A', 'N/A', 'N/A', 'N/A', 'N/A', 'N/A', 'N/A', 'N/A', 'N/A', 'N/A', 'N/A', 'N/A', 'N/A', 'N/A', 'N/A', 'N/A', 'N/A', 'N/A', 'N/A', 'N/A', 'N/A', 'N/A', 'N/A', 'N/A', 'N/A', 'MIDN']","['N/A', 'N/A', 'N/A', 'N/A', 'N/A', 'N/A', 'N/A', 'N/A', 'N/A', 'N/A', 'N/A', 'N/A', 'N/A', 'N/A']",,,2.8e-32,180,118.0,38.889,,,,,,,,"['LDZ', 'ATP', 'MG', 'ADP', 'ZN']",['7F1'],LDZ
9NKG,5FMG,9NKG_renamed.pdb,5FMG_renamed.pdb,G,C,"['LDZ: N-[(benzyloxy)carbonyl]-L-leucyl-N-[(2S)-4-methyl-1-oxopentan-2-yl]-L-leucinamide', ""ATP: ADENOSINE-5'-TRIPHOSPHATE"", 'MG: MAGNESIUM ION', ""ADP: ADENOSINE-5'-DIPHOSPHATE"", 'ZN: ZINC ION']","['7F1: (2S)-N-[(E,2S)-1-(1H-indol-3-yl)-4-methylsulfonyl-but-3-en-2-yl]-2-[[(2S)-3-(1H-indol-3-yl)-2-(2-morpholin-4-ylethanoylamino)propanoyl]amino]-4-methyl-pentanamide']","['N/A', 'N/A', 'N/A', 'N/A', 'N/A', 'N/A', 'N/A', 'N/A', 'N/A', 'N/A', 'N/A', 'N/A', 'N/A', 'N/A', 'N/A', 'N/A', 'N/A', 'N/A', 'N/A', 'N/A', 'N/A', 'N/A', 'N/A', 'N/A', 'N/A', 'N/A', 'N/A', 'N/A', 'N/A', 'N/A', 'N/A', 'N/A', 'N/A', 'MIDN']","['N/A', 'N/A', 'N/A', 'N/A', 'N/A', 'N/A', 'N/A', 'N/A', 'N/A', 'N/A', 'N/A', 'N/A', 'N/A', 'N/A']",,,8.73e-44,245,148.0,34.286,,,,,,,,"['LDZ', 'ATP', 'MG', 'ADP', 'ZN']",['7F1'],LDZ
9NKG,5FMG,9NKG_renamed.pdb,5FMG_renamed.pdb,G,E,"['LDZ: N-[(benzyloxy)carbonyl]-L-leucyl-N-[(2S)-4-methyl-1-oxopentan-2-yl]-L-leucinamide', ""ATP: ADENOSINE-5'-TRIPHOSPHATE"", 'MG: MAGNESIUM ION', ""ADP: ADENOSINE-5'-DIPHOSPHATE"", 'ZN: ZINC ION']","['7F1: (2S)-N-[(E,2S)-1-(1H-indol-3-yl)-4-methylsulfonyl-but-3-en-2-yl]-2-[[(2S)-3-(1H-indol-3-yl)-2-(2-morpholin-4-ylethanoylamino)propanoyl]amino]-4-methyl-pentanamide']","['N/A', 'N/A', 'N/A', 'N/A', 'N/A', 'N/A', 'N/A', 'N/A', 'N/A', 'N/A', 'N/A', 'N/A', 'N/A', 'N/A', 'N/A', 'N/A', 'N/A', 'N/A', 'N/A', 'N/A', 'N/A', 'N/A', 'N/A', 'N/A', 'N/A', 'N/A', 'N/A', 'N/A', 'N/A', 'N/A', 'N/A', 'N/A', 'N/A', 'MIDN']","['N/A', 'N/A', 'N/A', 'N/A', 'N/A', 'N/A', 'N/A', 'N/A', 'N/A', 'N/A', 'N/A', 'N/A', 'N/A', 'N/A']",,,5.25e-35,193,125.0,35.233,,,,,,,,"['LDZ', 'ATP', 'MG', 'ADP', 'ZN']",['7F1'],LDZ
9NKG,5FMG,9NKG_renamed.pdb,5FMG_renamed.pdb,G,D,"['LDZ: N-[(benzyloxy)carbonyl]-L-leucyl-N-[(2S)-4-methyl-1-oxopentan-2-yl]-L-leucinamide', ""ATP: ADENOSINE-5'-TRIPHOSPHATE"", 'MG: MAGNESIUM ION', ""ADP: ADENOSINE-5'-DIPHOSPHATE"", 'ZN: ZINC ION']","['7F1: (2S)-N-[(E,2S)-1-(1H-indol-3-yl)-4-methylsulfonyl-but-3-en-2-yl]-2-[[(2S)-3-(1H-indol-3-yl)-2-(2-morpholin-4-ylethanoylamino)propanoyl]amino]-4-methyl-pentanamide']","['N/A', 'N/A', 'N/A', 'N/A', 'N/A', 'N/A', 'N/A', 'N/A', 'N/A', 'N/A', 'N/A', 'N/A', 'N/A', 'N/A', 'N/A', 'N/A', 'N/A', 'N/A', 'N/A', 'N/A', 'N/A', 'N/A', 'N/A', 'N/A', 'N/A', 'N/A', 'N/A', 'N/A', 'N/A', 'N/A', 'N/A', 'N/A', 'N/A', 'MIDN']","['N/A', 'N/A', 'N/A', 'N/A', 'N/A', 'N/A', 'N/A', 'N/A', 'N/A', 'N/A', 'N/A', 'N/A', 'N/A', 'N/A']",,,6.56e-30,215,112.0,31.628,,,,,,,,"['LDZ', 'ATP', 'MG', 'ADP', 'ZN']",['7F1'],LDZ
3FRF,3UM5,3FRF_renamed.pdb,3UM5_renamed.pdb,A,A,"['NDP: NADPH DIHYDRO-NICOTINAMIDE-ADENINE-DINUCLEOTIDE PHOSPHATE', 'XCF: 5-[[(2R)-2-cyclopropyl-7,8-dimethoxy-2H-chromen-5-yl]methyl]pyrimidine-2,4-diamine']","['CP6: 5-(4-CHLORO-PHENYL)-6-ETHYL-PYRIMIDINE-2,4-DIAMINE', 'NDP: NADPH DIHYDRO-NICOTINAMIDE-ADENINE-DINUCLEOTIDE PHOSPHATE', ""UMP: 2'-DEOXYURIDINE 5'-MONOPHOSPHATE""]",['folA'],['dhfr-ts'],,,4e-12,123,62.8,34.959,,,,,,,,"['NDP', 'XCF']","['CP6', 'NDP', 'UMP']",NDP
3FYV,3UM5,3FYV_renamed.pdb,3UM5_renamed.pdb,A,A,"['NDP: NADPH DIHYDRO-NICOTINAMIDE-ADENINE-DINUCLEOTIDE PHOSPHATE', 'XCF: 5-[[(2R)-2-cyclopropyl-7,8-dimethoxy-2H-chromen-5-yl]methyl]pyrimidine-2,4-diamine']","['CP6: 5-(4-CHLORO-PHENYL)-6-ETHYL-PYRIMIDINE-2,4-DIAMINE', 'NDP: NADPH DIHYDRO-NICOTINAMIDE-ADENINE-DINUCLEOTIDE PHOSPHATE', ""UMP: 2'-DEOXYURIDINE 5'-MONOPHOSPHATE""]",['folA'],['dhfr-ts'],,,4e-12,123,62.8,34.959,,,,,,,,"['NDP', 'XCF']","['CP6', 'NDP', 'UMP']",NDP
3FYW,3UM5,3FYW_renamed.pdb,3UM5_renamed.pdb,A,A,"['NDP: NADPH DIHYDRO-NICOTINAMIDE-ADENINE-DINUCLEOTIDE PHOSPHATE', 'XCF: 5-[[(2R)-2-cyclopropyl-7,8-dimethoxy-2H-chromen-5-yl]methyl]pyrimidine-2,4-diamine']","['CP6: 5-(4-CHLORO-PHENYL)-6-ETHYL-PYRIMIDINE-2,4-DIAMINE', 'NDP: NADPH DIHYDRO-NICOTINAMIDE-ADENINE-DINUCLEOTIDE PHOSPHATE', ""UMP: 2'-DEOXYURIDINE 5'-MONOPHOSPHATE""]",['folA'],['dhfr-ts'],,,4e-12,123,62.8,34.959,,,,,,,,"['NDP', 'XCF']","['CP6', 'NDP', 'UMP']",NDP