resolution,pdbid,title,expmethod,lignme,glytoucan,cids,protacxns,geneids,pmid,dois,pmcids,pclids,citations,pubchem_cid
0.0,6BZO,Mtb RNAP Holo/RbpA/Fidaxomicin/upstream fork DNA,ELECTRON MICROSCOPY,FI8|ZN|MG,,32051|888|10034073,P9WGY9|P9WGZ1|P9WGY7|P9WGY5|P9WGI1|P9WHJ5,888164|887629|888177|45425368|886754|887477|45426029|888598,29480804.0,10.7554/elife.34823,PMC5837556,33098413.0,"Boyaci H, Chen J, Lilic M, Palka M, Mooney RA, Landick R, Darst SA, Campbell EA. Author response: Fidaxomicin jams Mycobacterium tuberculosis RNA polymerase motions needed for initiation via RbpA contacts. 2018 Feb 13;(). doi: 10.7554/elife.34823.030.",10034073
0.0,6C06,Mycobacterium tuberculosis RNAP Holo/RbpA/Fidaxomicin,ELECTRON MICROSCOPY,MG|ZN|FI8,,32051|888|10034073,P9WGY9|P9WGZ1|P9WGY7|P9WGY5|P9WGI1|P9WHJ5,888164|887629|888177|45425368|886754|887477|45426029|888598,29480804.0,10.7554/elife.34823,PMC5837556,33098413.0,"Boyaci H, Chen J, Lilic M, Palka M, Mooney RA, Landick R, Darst SA, Campbell EA. Author response: Fidaxomicin jams Mycobacterium tuberculosis RNA polymerase motions needed for initiation via RbpA contacts. 2018 Feb 13;(). doi: 10.7554/elife.34823.030.",10034073
0.0,7L7B,Clostridioides difficile RNAP with fidaxomicin,ELECTRON MICROSCOPY,MG|ZN|FI8,,32051|888|10034073,Q182S6|Q18CF3|Q18CF1|Q18CI5,66354988|66352565|66352564,35388215.0,10.1038/s41586-022-04545-z,PMC9635844,15645235.0,"Cao X, Boyaci H, Chen J, Bao Y, Landick R, Campbell EA. Basis of narrow-spectrum activity of fidaxomicin on Clostridioides difficile. Nature. 2022 Apr 06;604(7906):541–5. doi: 10.1038/s41586-022-04545-z.",10034073
3.5,6FBV,Single particle cryo em structure of Mycobacterium tuberculosis RNA polymerase in complex with Fidaxomicin,ELECTRON MICROSCOPY,ZN|FI8|MG,,32051|888|10034073,P9WGY9|P9WGZ1|P9WGY7|P9WGY5|P9WGI1,888164|887629|888177|45425368|886754|887477,29606590.0,10.1016/j.molcel.2018.02.026,PMC6205224,1344812.0,"Lin W, Das K, Degen D, Mazumder A, Duchi D, Wang D, Ebright YW, Ebright RY, Sineva E, Gigliotti M, Srivastava A, Mandal S, Jiang Y, Liu Y, Yin R, Zhang Z, Eng ET, Thomas D, Donadio S, Zhang H, Zhang C, Kapanidis AN, Ebright RH. Structural Basis of Transcription Inhibition by Fidaxomicin (Lipiarmycin A3). Molecular Cell. 2018 Apr;70(1):60–71.e15. doi: 10.1016/j.molcel.2018.02.026.",10034073
1.6,7JU7,The crystal structure of SARS-CoV-2 Main Protease in complex with masitinib,X-RAY DIFFRACTION,GOL|DMS|G65,,679|10074640|753,P0DTD1,,34285133.0,10.1126/science.abg5827,PMC8809056,1336824.0,"Drayman N, DeMarco JK, Jones KA, Azizi SA, Froggatt HM, Tan K, Maltseva NI, Chen S, Nicolaescu V, Dvorkin S, Furlong K, Kathayat RS, Firpo MR, Mastrodomenico V, Bruce EA, Schmidt MM, Jedrzejczak R, Muñoz-Alía MÁ, Schuster B, Nair V, Han KY, O'Brien A, Tomatsidou A, Meyer B, Vignuzzi M, Missiakas D, Botten JW, Brooke CB, Lee H, Baker SC, Mounce BC, Heaton NS, Severson WE, Palmer KE, Dickinson BC, Joachimiak A, Randall G, Tay S. Masitinib is a broad coronavirus 3CL inhibitor that blocks replication of SARS-CoV-2. Science. 2021 Aug 20;373(6557):931–6. PMID: 34285133; PMCID: PMC8809056.",10074640
2.094,7TVX,The Crystal Structure of SARS-CoV-2 Omicron Mpro (P132H) in complex with masitinib,X-RAY DIFFRACTION,G65,,10074640,P0DTD1|P0DTC1,43740578.0,,,,,,10074640
3.25,5MQL,Crystal structure of dCK mutant C3S in complex with masitinib and UDP,X-RAY DIFFRACTION,DCM|G65|MG|UDP,,6031|888|13945|10074640,P27707|3IPX_A,1633.0,29127277.0,10.1038/s41467-017-01582-5,PMC5681654,30403599.0,"Hammam K, Saez-Ayala M, Rebuffet E, Gros L, Lopez S, Hajem B, Humbert M, Baudelet E, Audebert S, Betzi S, Lugari A, Combes S, Letard S, Casteran N, Mansfield C, Moussy A, De Sepulveda P, Morelli X, Dubreuil P. Dual protein kinase and nucleoside kinase modulators for rationally designed polypharmacology. Nat Commun. 2017 Nov 10;8(1). doi: 10.1038/s41467-017-01582-5.",10074640
2.08,9HH5,Crystal Structure of nsp15 Endoribonuclease from SARS CoV-2 in Complex with Sepantronium (YM-155),X-RAY DIFFRACTION,TRS|GXU,,3777159|10126189,,,40371758.0,10.1002/pro.70156,PMC12079475,38816736.0,"Chatziefthymiou SD, Kuzikov M, Afandi S, Kovacs G, Srivastava S, Zaliani A, Gruzinov A, Pompidor G, Lunelli M, Ahmed GR, Labahn J, Hakanpää J, Windshügel B, Kolbe M. Identification, validation, and characterization of approved and investigational drugs interfering with the <scp>SARS</scp>-<scp>CoV</scp>-2 endoribonuclease Nsp15. Protein Science. 2025 May 15;34(6). doi: 10.1002/pro.70156.",10126189
2.11,7D7L,The crystal structure of SARS-CoV-2 papain-like protease in complex with YM155,X-RAY DIFFRACTION,CFF|SO4|GOL|ZN|GXU,,2519|10126189|32051|753|1117,P0DTD1,,33864621.0,10.1007/s13238-021-00836-9,PMC8052528,20359693.0,2021; 12(11):877-888,10126189
2.6,4ACD,GSK3b in complex with inhibitor,X-RAY DIFFRACTION,GR9,,10138980,3ZRK_A|4AFJ_A|P49841|2OW3_A|1Q3D_A|3F88_A|1Q5K_A|3GB2_A|3F7Z_A|3DU8_A|4ACC_A|2O5K_A|1UV5_A,2932,22489897.0,10.1021/jm201724m,,22809916.0,"Berg S, Bergh M, Hellberg S, Högdin K, Lo-Alfredsson Y, Söderman P, von Berg S, Weigelt T, Ormö M, Xue Y, Tucker J, Neelissen J, Jerning E, Nilsson Y, Bhat R. Discovery of novel potent and highly selective glycogen synthase kinase-3ß (GSK3ß) inhibitors for Alzheimer's disease: design, synthesis, and characterization of pyrazines. J Med Chem. 2012 Nov 08;55(21):9107–19. doi: 10.1021/jm201724m. PMID: 22489897.",10138980
2.8,4G5J,Crystal structure of EGFR kinase in complex with BIBW2992,X-RAY DIFFRACTION,0WM|0WN,,10184653|60147041,P00533|3IKA_A|3UG2_A|2RGP_A|2ITY_A|2JIU_A|3LZB_A|2ITO_A|2ITT_A|1XKK_A,1956,22888144.0,10.1124/jpet.112.197756,,10676206.0,"Solca F, Dahl G, Zoephel A, Bader G, Sanderson M, Klein C, Kraemer O, Himmelsbach F, Haaksma E, Adolf GR. Target Binding Properties and Cellular Activity of Afatinib (BIBW 2992), an Irreversible ErbB Family Blocker. The Journal of Pharmacology and Experimental Therapeutics. 2012 Nov;343(2):342–50. doi: 10.1124/jpet.112.197756.",10184653
2.94,8FVY,40S subunit of the Giardia lamblia 80S ribosome,ELECTRON MICROSCOPY,MG|ZN|YAT,,32051|888|10219,A8BE86|A8BS79,5700515|5698022,,,,,,10219
3.14,8G4S,40S ribosomal subunit of the 80S Giardia intestinalis assemblage A ribosome with Emetine bound in V2 conformation with mRNA and three tRNAs.,ELECTRON MICROSCOPY,MG|YAT|ZN,,32051|888|10219,A8BS79|A8BE86,5698022|5700515,38242118.0,10.1016/j.str.2023.12.015,PMC10997490,36641551.0,"Eiler DR, Wimberly BT, Bilodeau DY, Taliaferro JM, Reigan P, Rissland OS, Kieft JS. The Giardia lamblia ribosome structure reveals divergence in several biological pathways and the mode of emetine function. Structure. 2024 Apr;32(4):400–410.e4. doi: 10.1016/j.str.2023.12.015.",10219
3.24,8G4I,40S ribosomal subunit of the 80S Giardia intestinalis assemblage A ribosome with Emetine bound in V1 conformation,ELECTRON MICROSCOPY,MG|ZN|YAT,,32051|888|10219,A8BS79|A8BE86,5698022|5700515,38242118.0,10.1016/j.str.2023.12.015,PMC10997490,36641551.0,"Eiler DR, Wimberly BT, Bilodeau DY, Taliaferro JM, Reigan P, Rissland OS, Kieft JS. The Giardia lamblia ribosome structure reveals divergence in several biological pathways and the mode of emetine function. Structure. 2024 Apr;32(4):400–410.e4. doi: 10.1016/j.str.2023.12.015.",10219
2.1,3FYW,Staph. aureus DHFR complexed with NADPH and AR-101,X-RAY DIFFRACTION,XCF|NDP,,10247560|5884,P0A017,,19622858.0,10.1107/s0907444909013936,,10625081.0,"Oefner C, Parisi S, Schulz H, Lociuro S, Dale GE. Inhibitory properties and X-ray crystallographic study of the binding of AR-101, AR-102 and iclaprim in ternary complexes with NADPH and dihydrofolate reductase from Staphylococcus aureus. Acta Crystallogr D Biol Crystallogr. 2009 Aug;65(Pt 8):751–7. doi: 10.1107/s0907444909013936. PMID: 19622858.",10247560
2.2,3FRF,S. aureus DHFR complexed with NADPH and iclaprim,X-RAY DIFFRACTION,XCF|NDP,,10247560|5884,P0A017,,19211577.0,10.1093/jac/dkp024,,2406807.0,"Oefner C, Bandera M, Haldimann A, Laue H, Schulz H, Mukhija S, Parisi S, Weiss L, Lociuro S, Dale GE. Increased hydrophobic interactions of iclaprim with Staphylococcus aureus dihydrofolate reductase are responsible for the increase in affinity and antibacterial activity. Journal of Antimicrobial Chemotherapy. 2009 Feb 17;63(4):687–98. doi: 10.1093/jac/dkp024.",10247560
2.2,3FY8,Crystal Structure of Staph. aureus DHFR complexed with NADPH and AR-101,X-RAY DIFFRACTION,XCF|NDP,,10247560|5884,P0A017,,19622858.0,10.1107/s0907444909013936,,10625081.0,"Oefner C, Parisi S, Schulz H, Lociuro S, Dale GE. Inhibitory properties and X-ray crystallographic study of the binding of AR-101, AR-102 and iclaprim in ternary complexes with NADPH and dihydrofolate reductase from Staphylococcus aureus. Acta Crystallogr D Biol Crystallogr. 2009 Aug;65(Pt 8):751–7. doi: 10.1107/s0907444909013936. PMID: 19622858.",10247560
2.2,3FYV,Staph. aureus DHFR complexed with NADPH and AR-102,X-RAY DIFFRACTION,XCF|NDP,,10247560|5884,P0A017,,19622858.0,10.1107/s0907444909013936,,10625081.0,"Oefner C, Parisi S, Schulz H, Lociuro S, Dale GE. Inhibitory properties and X-ray crystallographic study of the binding of AR-101, AR-102 and iclaprim in ternary complexes with NADPH and dihydrofolate reductase from Staphylococcus aureus. Acta Crystallogr D Biol Crystallogr. 2009 Aug;65(Pt 8):751–7. doi: 10.1107/s0907444909013936. PMID: 19622858.",10247560
2.25,3FY9,Staph. aureus DHFR F98Y complexed with AR-102,X-RAY DIFFRACTION,NAP|XCF,,10247560|5885,P0A017,,19622858.0,10.1107/s0907444909013936,,10625081.0,"Oefner C, Parisi S, Schulz H, Lociuro S, Dale GE. Inhibitory properties and X-ray crystallographic study of the binding of AR-101, AR-102 and iclaprim in ternary complexes with NADPH and dihydrofolate reductase from Staphylococcus aureus. Acta Crystallogr D Biol Crystallogr. 2009 Aug;65(Pt 8):751–7. doi: 10.1107/s0907444909013936. PMID: 19622858.",10247560
2.73,2ITT,Crystal structure of EGFR kinase domain L858R mutation in complex with AEE788,X-RAY DIFFRACTION,AEE,,10297043,P00533|3IKA_A|3UG2_A|2RGP_A|2ITY_A|2JIU_A|3LZB_A|2ITO_A|2ITT_A|1XKK_A,1956,17349580.0,10.1016/j.ccr.2006.12.017,PMC1939942,20729591.0,"Yun CH, Boggon TJ, Li Y, Woo MS, Greulich H, Meyerson M, Eck MJ. Structures of lung cancer-derived EGFR mutants and inhibitor complexes: mechanism of activation and insights into differential inhibitor sensitivity. Cancer Cell. 2007 Mar;11(3):217–27. PMID: 17349580; PMCID: PMC1939942.",10297043
2.74,2ITP,Crystal structure of EGFR kinase domain G719S mutation in complex with AEE788,X-RAY DIFFRACTION,AEE,,10297043,P00533|3IKA_A|3UG2_A|2RGP_A|2ITY_A|2JIU_A|3LZB_A|2ITO_A|2ITT_A|1XKK_A,1956,17349580.0,10.1016/j.ccr.2006.12.017,PMC1939942,20729591.0,"Yun CH, Boggon TJ, Li Y, Woo MS, Greulich H, Meyerson M, Eck MJ. Structures of lung cancer-derived EGFR mutants and inhibitor complexes: mechanism of activation and insights into differential inhibitor sensitivity. Cancer Cell. 2007 Mar;11(3):217–27. PMID: 17349580; PMCID: PMC1939942.",10297043
3.05,2JIU,Crystal structure of EGFR kinase domain T790M mutation in complex with AEE788,X-RAY DIFFRACTION,AEE,,10297043,P00533|3IKA_A|3UG2_A|2RGP_A|2ITY_A|2JIU_A|3LZB_A|2ITO_A|2ITT_A|1XKK_A,1956,18227510.0,10.1073/pnas.0709662105,PMC2538882,1692158.0,"Yun CH, Mengwasser KE, Toms AV, Woo MS, Greulich H, Wong KK, Meyerson M, Eck MJ. The T790M mutation in EGFR kinase causes drug resistance by increasing the affinity for ATP. Proc Natl Acad Sci U S A. 2008 Feb 12;105(6):2070–5. PMID: 18227510; PMCID: PMC2538882.",10297043
3.1,2J6M,Crystal structure of EGFR kinase domain in complex with AEE788,X-RAY DIFFRACTION,AEE,,10297043,P00533|3IKA_A|3UG2_A|2RGP_A|2ITY_A|2JIU_A|3LZB_A|2ITO_A|2ITT_A|1XKK_A,1956,17349580.0,10.1016/j.ccr.2006.12.017,PMC1939942,20729591.0,"Yun CH, Boggon TJ, Li Y, Woo MS, Greulich H, Meyerson M, Eck MJ. Structures of lung cancer-derived EGFR mutants and inhibitor complexes: mechanism of activation and insights into differential inhibitor sensitivity. Cancer Cell. 2007 Mar;11(3):217–27. PMID: 17349580; PMCID: PMC1939942.",10297043
2.1,2UW7,Structure of PKA-PKB chimera complexed with 4-(4-chloro-phenyl)-4-(4- (1H-pyrazol-4-yl)-phenyl)-piperidine,X-RAY DIFFRACTION,GVP,,11175137,2GNF_A|2UZV_A|2GNH_A|1Q8T_A|3DND_A|P00517|1XH7_A|1SVH_A|1YDR_E|2UW0_A|2C1A_A|1XH9_A|1Q8W_A|2JDS_A|1SZM_A|2JDT_A|2GNJ_A|P61925|1Q8U_B|2C1A_I,282322|5569,17451234.0,10.1021/jm070091b,,349691.0,"Saxty G, Woodhead SJ, Berdini V, Davies TG, Verdonk ML, Wyatt PG, Boyle RG, Barford D, Downham R, Garrett MD, Carr RA. Identification of inhibitors of protein kinase B using fragment-based lead discovery. J Med Chem. 2007 May 17;50(10):2293–6. doi: 10.1021/jm070091b. PMID: 17451234.",11175137
2.1,2UW9,STRUCTURE OF PKB-BETA (AKT2) COMPLEXED WITH 4-(4-chloro-phenyl)-4-(4-(1H-pyrazol-4-yl)-phenyl)-piperidine,X-RAY DIFFRACTION,GVP,,11175137,3ZRK_A|4AFJ_A|P49841|2OW3_A|1Q3D_A|3F88_A|1Q5K_A|3GB2_A|3F7Z_A|3DU8_A|4ACC_A|2O5K_A|1UV5_A|P31751|3D0E_A|2JDO_A,2932|208,17451234.0,10.1021/jm070091b,,349691.0,"Saxty G, Woodhead SJ, Berdini V, Davies TG, Verdonk ML, Wyatt PG, Boyle RG, Barford D, Downham R, Garrett MD, Carr RA. Identification of inhibitors of protein kinase B using fragment-based lead discovery. J Med Chem. 2007 May 17;50(10):2293–6. doi: 10.1021/jm070091b. PMID: 17451234.",11175137
1.47,3KPE,"Solution structure of the respiratory syncytial virus (RSV)six-helix bundle complexed with TMC353121, a small-moleucule inhibitor of RSV",X-RAY DIFFRACTION,PG4|TM3,,8200|11249932,P03420,,19966279.0,10.1073/pnas.0910108106,PMC2806771,4474648.0,"Roymans D, De Bondt HL, Arnoult E, Geluykens P, Gevers T, Van Ginderen M, Verheyen N, Kim H, Willebrords R, Bonfanti JF, Bruinzeel W, Cummings MD, van Vlijmen H, Andries K. Binding of a potent small-molecule inhibitor of six-helix bundle formation requires interactions with both heptad-repeats of the RSV fusion protein. Proc Natl Acad Sci U S A. 2010 Jan 05;107(1):308–13. PMID: 19966279; PMCID: PMC2806771.",11249932
3.05,5EA5,Crystal Structure of Inhibitor TMC-353121 in Complex with Prefusion RSV F Glycoprotein,X-RAY DIFFRACTION,SO4|NHE|TM3|TAR,,439655|66898|11249932|1117,P03420,,26641933.0,10.1038/nchembio.1982,PMC4731865,12782938.0,"Battles MB, Langedijk JP, Furmanova-Hollenstein P, Chaiwatpongsakorn S, Costello HM, Kwanten L, Vranckx L, Vink P, Jaensch S, Jonckers THM, Koul A, Arnoult E, Peeples ME, Roymans D, McLellan JS. Molecular mechanism of respiratory syncytial virus fusion inhibitors. Nature Chemical Biology. 2015 Dec 07;12(2):87–93. doi: 10.1038/nchembio.1982.",11249932
3.2,8ZPM,Cryo-EM strucutre of CXCR4 complexed with antagonist AMD070,ELECTRON MICROSCOPY,A1D8L|CLR,,5997|11256587,3ODU_A|P61073|3OE6_A|3OE9_A|P0ABE7|4EA3_A,7852,,,,,,11256587
2.501,5CA0,Crystal structure of T2R-TTL-Lexibulin complex,X-RAY DIFFRACTION,LXL|GOL|ACP|CA|GDP|MG|GTP|MES,,271|11351021|91532|888|135398633|753|78165|135398619,P63043|Q2XVP4,79423|733594,26462166.0,10.1111/febs.13555,,9417161.0,"Wang Y, Zhang H, Gigant B, Yu Y, Wu Y, Chen X, Lai Q, Yang Z, Chen Q, Yang J. Structures of a diverse set of colchicine binding site inhibitors in complex with tubulin provide a rationale for drug discovery. FEBS J. 2016 Jan;283(1):102–11. doi: 10.1111/febs.13555. PMID: 26462166.",11351021
1.36,7L9G,Crystal structure of the second bromodomain (BD2) of human BRD2 bound to BI2536,X-RAY DIFFRACTION,CL|R78|EDO,,174|11364421|312,P25440|4A9I_A|2YDW_B,6046.0,34710325.0,10.1021/acs.jmedchem.1c01096,PMC9119049,11576592.0,"Karim RM, Bikowitz MJ, Chan A, Zhu J, Grassie D, Becker A, Berndt N, Gunawan S, Lawrence NJ, Schönbrunn E. Differential BET Bromodomain Inhibition by Dihydropteridinone and Pyrimidodiazepinone Kinase Inhibitors. J. Med. Chem. 2021 Oct 28;64(21):15772–86. doi: 10.1021/acs.jmedchem.1c01096.",11364421
1.38,6CW0,Crystal structure of Cryptosporidium parvum bromodomain cgd2_2690,X-RAY DIFFRACTION,SO4|UNX|GOL|R78,,753|11364421|1117,,,,,,,,11364421
1.45,4O74,Crystal structure of the first bromodomain of human BRD4 in complex with BI 2536,X-RAY DIFFRACTION,EDO|R78|PEG,,8117|11364421|174,O60885|3MXF_A|4HBW_A|2YEM_A,23476.0,24568369.0,10.1021/cb500072z,PMC4032195,26283054.0,"Ember SWJ, Zhu J, Olesen SH, Martin MP, Becker A, Berndt N, Georg GI, Schönbrunn E. Acetyl-lysine Binding Site of Bromodomain-Containing Protein 4 (BRD4) Interacts with Diverse Kinase Inhibitors. ACS Chem. Biol. 2014 Mar 13;9(5):1160–71. doi: 10.1021/cb500072z.",11364421
1.55,7L9L,Crystal structure of the second bromodomain (BD2) of human BRD3 bound to BI2536,X-RAY DIFFRACTION,EDO|R78,,11364421|174,Q15059,8019.0,34710325.0,10.1021/acs.jmedchem.1c01096,PMC9119049,11576592.0,"Karim RM, Bikowitz MJ, Chan A, Zhu J, Grassie D, Becker A, Berndt N, Gunawan S, Lawrence NJ, Schönbrunn E. Differential BET Bromodomain Inhibition by Dihydropteridinone and Pyrimidodiazepinone Kinase Inhibitors. J. Med. Chem. 2021 Oct 28;64(21):15772–86. doi: 10.1021/acs.jmedchem.1c01096.",11364421
1.65,5VBQ,CRYSTAL STRUCTURE OF THE FIRST BROMODOMAIN OF HUMAN BRDT IN COMPLEX WITH BI2536,X-RAY DIFFRACTION,EDO|CL|R78,,312|11364421|174,Q58F21|4FLP_A,676.0,34710325.0,10.1021/acs.jmedchem.1c01096,PMC9119049,11576592.0,"Karim RM, Bikowitz MJ, Chan A, Zhu J, Grassie D, Becker A, Berndt N, Gunawan S, Lawrence NJ, Schönbrunn E. Differential BET Bromodomain Inhibition by Dihydropteridinone and Pyrimidodiazepinone Kinase Inhibitors. J. Med. Chem. 2021 Oct 28;64(21):15772–86. doi: 10.1021/acs.jmedchem.1c01096.",11364421
1.73,4OGI,Crystal Structure of the first bromodomain of human BRD4 in complex with the inhibitor BI-2536,X-RAY DIFFRACTION,R78|EDO,,11364421|174,O60885|3MXF_A|4HBW_A|2YEM_A,23476.0,24584101.0,10.1038/nchembio.1471,PMC3998711,26297571.0,10.1038/nchembio.1471,11364421
1.8,6BQQ,Crystal Structure of the Human CAMKK2B in complex with BI2526,X-RAY DIFFRACTION,ACT|R78,,175|11364421,Q96RR4|2ZV2_A,10645.0,,,,,,11364421
1.801,4I5M,Selective & Brain-Permeable Polo-like Kinase-2 (Plk-2) Inhibitors that Reduce -Synuclein Phosphorylation in Rat Brain,X-RAY DIFFRACTION,R78,,11364421,Q9NYY3,10769.0,23794260.0,10.1002/cmdc.201300166,,15409974.0,"Aubele DL, Hom RK, Adler M, Galemmo RA, Bowers S, Truong AP, Pan H, Beroza P, Neitz RJ, Yao N, Lin M, Tonn G, Zhang H, Bova MP, Ren Z, Tam D, Ruslim L, Baker J, Diep L, Fitzgerald K, Hoffman J, Motter R, Fauss D, Tanaka P, Dappen M, Jagodzinski J, Chan W, Konradi AW, Latimer L, Zhu YL, Sham HL, Anderson JP, Bergeron M, Artis DR. Selective and Brain-Permeable Polo-like Kinase-2 (Plk-2) Inhibitors That Reduce a-Synuclein Phosphorylation in Rat Brain. ChemMedChem. 2013 Jun 21;8(8):1295–313. doi: 10.1002/cmdc.201300166.",11364421
1.85,7LAI,Crystal structure of the first bromodomain (BD1) of human BRD2 bound to BI2536,X-RAY DIFFRACTION,R78,,11364421,,,34710325.0,10.1021/acs.jmedchem.1c01096,PMC9119049,11576592.0,"Karim RM, Bikowitz MJ, Chan A, Zhu J, Grassie D, Becker A, Berndt N, Gunawan S, Lawrence NJ, Schönbrunn E. Differential BET Bromodomain Inhibition by Dihydropteridinone and Pyrimidodiazepinone Kinase Inhibitors. J. Med. Chem. 2021 Oct 28;64(21):15772–86. doi: 10.1021/acs.jmedchem.1c01096.",11364421
1.95,5C8G,Crystal Structure Analysis of PP-BRD20 from Tb427tmp complexed with BI-2536,X-RAY DIFFRACTION,UNX|R78,,11364421,,,,,,,,11364421
1.95,2RKU,Structure of PLK1 in complex with BI2536,X-RAY DIFFRACTION,TLA|SRT|ZN|R78|TAR,,444305|32051|11364421|439655|447315,P53350|2OU7_A|3KB7_A|3THB_A|1UMW_A|3FVH_A|4E67_A|3BZI_A|2RKU_A|1Q4K_A|2YAC_A,5347.0,18005335.0,10.1111/j.1747-0285.2007.00594.x,,10585779.0,"Kothe M, Kohls D, Low S, Coli R, Rennie GR, Feru F, Kuhn C, Ding Y. Research Article: Selectivity-determining Residues in Plk1. Chem Biol Drug Des. 2007 Nov 15;70(6):540–6. doi: 10.1111/j.1747-0285.2007.00594.x.",11364421
2.037,6MF9,Crystal structure of CGD4-650 with compound BI2536,X-RAY DIFFRACTION,R78,,11364421,,,,,,,,11364421
2.2,5TCM,First Bromodomain from Leishmania donovani LdBPK.091320 complexed with BI-2536,X-RAY DIFFRACTION,EDO|R78,,11364421|174,,,,,,,,11364421
2.5,4PY6,Crystal Structure of bromodomain of PFA0510w from Plasmodium Falciparum,X-RAY DIFFRACTION,EDO|R78,,11364421|174,,,,,,,,11364421
2.52,7K0U,Crystal structure of the second bromodomain (BD2) of human TAF1 bound to PLK1 kinase inhibitor BI2536,X-RAY DIFFRACTION,R78,,11364421,P21675,6872.0,35191694.0,10.1021/acs.jmedchem.1c01999,,19033376.0,"Karim RM, Yang L, Chen L, Bikowitz MJ, Lu J, Grassie D, Shultz ZP, Lopchuk JM, Chen J, Schönbrunn E. Discovery of Dual TAF1-ATR Inhibitors and Ligand-Induced Structural Changes of the TAF1 Tandem Bromodomain. J Med Chem. 2022 Mar 10;65(5):4182–200. doi: 10.1021/acs.jmedchem.1c01999. PMID: 35191694.",11364421
2.6,7N7M,Crystal Structure of PI5P4KIIAlpha complex with BI-2536,X-RAY DIFFRACTION,SO4|R78,,11364421|1117,P48426,5305.0,34001596.0,10.1073/pnas.2002486118,PMC8166193,668278.0,"Chen S, Chandra Tjin C, Gao X, Xue Y, Jiao H, Zhang R, Wu M, He Z, Ellman J, Ha Y. Pharmacological inhibition of PI5P4Ka/ß disrupts cell energy metabolism and selectively kills p53-null tumor cells. Proc Natl Acad Sci U S A. 2021 May 25;118(21). PMID: 34001596; PMCID: PMC8166193.",11364421
2.2,2E2B,Crystal structure of the c-Abl kinase domain in complex with INNO-406,X-RAY DIFFRACTION,406,,11387605,3QRJ_A|2HZI_A|2HZ0_A|2F4J_A|2E2B_A|P00519|2HIW_A|2HYY_A|3QRI_A|3PYY_A|2V7A_A,25,17376680.0,10.1016/j.bmcl.2007.03.002,,22072655.0,"Horio T, Hamasaki T, Inoue T, Wakayama T, Itou S, Naito H, Asaki T, Hayase H, Niwa T. Structural factors contributing to the Abl/Lyn dual inhibitory activity of 3-substituted benzamide derivatives. Bioorganic & Medicinal Chemistry Letters. 2007 May;17(10):2712–7. doi: 10.1016/j.bmcl.2007.03.002.",11387605
1.698,5I9Z,Crystal Structure of Ephrin A2 (EphA2) Receptor Protein Kinase with danusertib (PHA739358),X-RAY DIFFRACTION,627|EDO,,11442891|174,P29317,1969,27768280.0,10.1021/acschembio.6b00709,,31708588.0,"Heinzlmeir S, Kudlinzki D, Sreeramulu S, Klaeger S, Gande SL, Linhard V, Wilhelm M, Qiao H, Helm D, Ruprecht B, Saxena K, Médard G, Schwalbe H, Kuster B. Chemical Proteomics and Structural Biology Define EPHA2 Inhibition by Clinical Kinase Drugs. ACS Chem Biol. 2016 Dec 16;11(12):3400–11. doi: 10.1021/acschembio.6b00709. PMID: 27768280.",11442891
1.97,8SSO,AurA bound to danusertib and inhibiting monobody Mb2,X-RAY DIFFRACTION,627|ACT|EDO,,175|11442891|174,O14965|2XNE_A|2W1D_A|3H0Y_A|3EFW_A|3R21_A|2J50_A|3HA6_A|2XNG_A|3LAU_A|3NRM_A|3QBN_A|2X6D_A|3E5A_A|2BMC_A|2NP8_A|2WTV_A|2XRU_A|3FDN_A|2J4Z_A|2W1C_A|3COH_A|3UNZ_A,6790,37590418.0,10.1073/pnas.2304611120,PMC10450579,36277563.0,"Kim C, Ludewig H, Hadzipasic A, Kutter S, Nguyen V, Kern D. A biophysical framework for double-drugging kinases. Proc Natl Acad Sci U S A. 2023 Aug 22;120(34):e2304611120. PMID: 37590418; PMCID: PMC10450579.",11442891
2.2,4QO9,MST3 IN COMPLEX WITH Danusertib,X-RAY DIFFRACTION,627|DMS|CL|PGE|EDO,,11442891|174|312|679|8172,Q9Y6E0,8428,27135311.0,10.1002/cmdc.201600115,PMC7771544,521367.0,"Olesen SH, Zhu JY, Martin MP, Schönbrunn E. Discovery of Diverse Small-Molecule Inhibitors of Mammalian Sterile20-like Kinase 3 (MST3). ChemMedChem. 2016 Jun 06;11(11):1137–44. PMID: 27135311; PMCID: PMC7771544.",11442891
2.5,2V7A,Crystal structure of the T315I Abl mutant in complex with the inhibitor PHA-739358,X-RAY DIFFRACTION,627|MG,,11442891|888,3QRJ_A|2HZI_A|2HZ0_A|2F4J_A|2E2B_A|P00519|2HIW_A|2HYY_A|3QRI_A|3PYY_A|2V7A_A,25,17804707.0,10.1158/0008-5472.can-07-1825,,11268508.0,"Modugno M, Casale E, Soncini C, Rosettani P, Colombo R, Lupi R, Rusconi L, Fancelli D, Carpinelli P, Cameron AD, Isacchi A, Moll J. Crystal structure of the T315I Abl mutant in complex with the aurora kinases inhibitor PHA-739358. Cancer Res. 2007 Sep 01;67(17):7987–90. doi: 10.1158/0008-5472.can-07-1825. PMID: 17804707.",11442891
2.6,8SSP,AurA bound to danusertib and activating monobody Mb1,X-RAY DIFFRACTION,PDO|627|EDO|SO4|MES|PO4,,10442|11442891|174|78165|1061|1117,O14965|2XNE_A|2W1D_A|3H0Y_A|3EFW_A|3R21_A|2J50_A|3HA6_A|2XNG_A|3LAU_A|3NRM_A|3QBN_A|2X6D_A|3E5A_A|2BMC_A|2NP8_A|2WTV_A|2XRU_A|3FDN_A|2J4Z_A|2W1C_A|3COH_A|3UNZ_A,6790,37590418.0,10.1073/pnas.2304611120,PMC10450579,36277563.0,"Kim C, Ludewig H, Hadzipasic A, Kutter S, Nguyen V, Kern D. A biophysical framework for double-drugging kinases. Proc Natl Acad Sci U S A. 2023 Aug 22;120(34):e2304611120. PMID: 37590418; PMCID: PMC10450579.",11442891
3.0,2J50,Structure of Aurora-2 in complex with PHA-739358,X-RAY DIFFRACTION,627|SO4,,11442891|1117,O14965|2XNE_A|2W1D_A|3H0Y_A|3EFW_A|3R21_A|2J50_A|3HA6_A|2XNG_A|3LAU_A|3NRM_A|3QBN_A|2X6D_A|3E5A_A|2BMC_A|2NP8_A|2WTV_A|2XRU_A|3FDN_A|2J4Z_A|2W1C_A|3COH_A|3UNZ_A,6790,17125279.0,10.1021/jm060897w,,5809963.0,"Fancelli D, Moll J, Varasi M, Bravo R, Artico R, Berta D, Bindi S, Cameron A, Candiani I, Cappella P, Carpinelli P, Croci W, Forte B, Giorgini ML, Klapwijk J, Marsiglio A, Pesenti E, Rocchetti M, Roletto F, Severino D, Soncini C, Storici P, Tonani R, Zugnoni P, Vianello P. 1,4,5,6-tetrahydropyrrolo[3,4-c]pyrazoles: identification of a potent Aurora kinase inhibitor with a favorable antitumor kinase inhibition profile. J Med Chem. 2006 Nov 30;49(24):7247–51. doi: 10.1021/jm060897w. PMID: 17125279.",11442891
1.8,4I24,Structure of T790M EGFR kinase domain co-crystallized with dacomitinib,X-RAY DIFFRACTION,1C9,,11511120,P00533|3IKA_A|3UG2_A|2RGP_A|2ITY_A|2JIU_A|3LZB_A|2ITO_A|2ITT_A|1XKK_A,1956,23273428.0,10.1016/j.str.2012.11.014,,8671601.0,"Gajiwala KS, Feng J, Ferre R, Ryan K, Brodsky O, Weinrich S, Kath JC, Stewart A. Insights into the aberrant activity of mutant EGFR kinase domain and drug recognition. Structure. 2013 Feb 05;21(2):209–19. doi: 10.1016/j.str.2012.11.014. PMID: 23273428.",11511120
2.8,4I23,Crystal structure of the wild-type EGFR kinase domain in complex with dacomitinib (soaked),X-RAY DIFFRACTION,1C9,,11511120,P00533|3IKA_A|3UG2_A|2RGP_A|2ITY_A|2JIU_A|3LZB_A|2ITO_A|2ITT_A|1XKK_A,1956,23273428.0,10.1016/j.str.2012.11.014,,8671601.0,"Gajiwala KS, Feng J, Ferre R, Ryan K, Brodsky O, Weinrich S, Kath JC, Stewart A. Insights into the aberrant activity of mutant EGFR kinase domain and drug recognition. Structure. 2013 Feb 05;21(2):209–19. doi: 10.1016/j.str.2012.11.014. PMID: 23273428.",11511120
1.545,6HSH,Crystal structure of Schistosoma mansoni HDAC8 complexed with Quisinostat,X-RAY DIFFRACTION,GOL|DMF|ZN|GOK|K,,813|32051|753|6228|11538455,,,30347148.0,10.1021/acs.jmedchem.8b01087,,567362.0,"Marek M, Shaik TB, Heimburg T, Chakrabarti A, Lancelot J, Ramos-Morales E, Da Veiga C, Kalinin D, Melesina J, Robaa D, Schmidtkunz K, Suzuki T, Holl R, Ennifar E, Pierce RJ, Jung M, Sippl W, Romier C. Characterization of Histone Deacetylase 8 (HDAC8) Selective Inhibition Reveals Specific Active Site Structural and Functional Determinants. J Med Chem. 2018 Nov 21;61(22):10000–16. doi: 10.1021/acs.jmedchem.8b01087. PMID: 30347148.",11538455
1.75,7Q1B,Crystal structure of Trypanosoma cruzi histone deacetylase DAC2 complexed with Quisinostat,X-RAY DIFFRACTION,GOL|ZN|GOK|K,,813|32051|11538455|753,,,34936867.0,10.1016/j.celrep.2021.110129,,8908594.0,"Marek M, Ramos-Morales E, Picchi-Constante GFA, Bayer T, Norström C, Herp D, Sales-Junior PA, Guerra-Slompo EP, Hausmann K, Chakrabarti A, Shaik TB, Merz A, Troesch E, Schmidtkunz K, Goldenberg S, Pierce RJ, Mourão MM, Jung M, Schultz J, Sippl W, Zanchin NIT, Romier C. Species-selective targeting of pathogens revealed by the atypical structure and active site of Trypanosoma cruzi histone deacetylase DAC2. Cell Rep. 2021 Dec 21;37(12):110129. doi: 10.1016/j.celrep.2021.110129. PMID: 34936867.",11538455
2.096,6HSK,Crystal structure of a human HDAC8 L6 loop mutant complexed with Quisinostat,X-RAY DIFFRACTION,ZN|GOK|K,,813|32051|11538455,2V5X_A|3MZ3_A|Q9BY41|3MZ6_A|3SFF_A|3F07_A,55869.0,30347148.0,10.1021/acs.jmedchem.8b01087,,567362.0,"Marek M, Shaik TB, Heimburg T, Chakrabarti A, Lancelot J, Ramos-Morales E, Da Veiga C, Kalinin D, Melesina J, Robaa D, Schmidtkunz K, Suzuki T, Holl R, Ennifar E, Pierce RJ, Jung M, Sippl W, Romier C. Characterization of Histone Deacetylase 8 (HDAC8) Selective Inhibition Reveals Specific Active Site Structural and Functional Determinants. J Med Chem. 2018 Nov 21;61(22):10000–16. doi: 10.1021/acs.jmedchem.8b01087. PMID: 30347148.",11538455
1.8,3FQL,Hepatitis C virus polymerase NS5B (CON1 1-570) with HCV-796 inhibitor,X-RAY DIFFRACTION,GOL|79Z,,11561383|753,Q9WMX2|3Q0Z_A|3FQL_A,,19246450.0,10.1074/jbc.m808889200,PMC2708848,32510322.0,"Hang JQ, Yang Y, Harris SF, Leveque V, Whittington HJ, Rajyaguru S, Ao-Ieong G, McCown MF, Wong A, Giannetti AM, Le Pogam S, Talamás F, Cammack N, Nájera I, Klumpp K. Slow Binding Inhibition and Mechanism of Resistance of Non-nucleoside Polymerase Inhibitors of Hepatitis C Virus. Journal of Biological Chemistry. 2009 Jun;284(23):15517–29. doi: 10.1074/jbc.m808889200.",11561383
1.86,4TLR,NS5b in complex with lactam-thiophene carboxylic acids,X-RAY DIFFRACTION,33H|79Z,,11561383|56646613,,,24986660.0,10.1016/j.bmcl.2014.06.031,,32511171.0,"Barnes-Seeman D, Boiselle C, Capacci-Daniel C, Chopra R, Hoffmaster K, Jones CT, Kato M, Lin K, Ma S, Pan G, Shu L, Wang J, Whiteman L, Xu M, Zheng R, Fu J. Design and synthesis of lactam–thiophene carboxylic acids as potent hepatitis C virus polymerase inhibitors. Bioorganic & Medicinal Chemistry Letters. 2014 Aug;24(16):3979–85. doi: 10.1016/j.bmcl.2014.06.031.",11561383
2.2,3FQK,Hepatitis C virus polymerase NS5B (BK 1-570) with HCV-796 inhibitor,X-RAY DIFFRACTION,79Z,,11561383,P26663|2WHO_A|3CJ2_A|2XWY_A|3MF5_A|3BR9_A|4EO6_A|1OS5_A|2WCX_A|3FQK_A|2GC8_A|2DXS_A|2HAI_A|3BSC_A|3FRZ_A|4B6E_B|2HWH_A|4B71_A|2JC0_A|1NHU_A,,19246450.0,10.1074/jbc.m808889200,PMC2708848,32510322.0,"Hang JQ, Yang Y, Harris SF, Leveque V, Whittington HJ, Rajyaguru S, Ao-Ieong G, McCown MF, Wong A, Giannetti AM, Le Pogam S, Talamás F, Cammack N, Nájera I, Klumpp K. Slow Binding Inhibition and Mechanism of Resistance of Non-nucleoside Polymerase Inhibitors of Hepatitis C Virus. Journal of Biological Chemistry. 2009 Jun;284(23):15517–29. doi: 10.1074/jbc.m808889200.",11561383
1.65,4C9W,Crystal structure of NUDT1 (MTH1) with R-crizotinib,X-RAY DIFFRACTION,SO4|CL|VGH,,11626560|312|1117,P36639,4521,24695225.0,10.1038/nature13194,PMC4150021,30986280.0,"Huber KVM, Salah E, Radic B, Gridling M, Elkins JM, Stukalov A, Jemth A, Göktürk C, Sanjiv K, Strömberg K, Pham T, Berglund UW, Colinge J, Bennett KL, Loizou JI, Helleday T, Knapp S, Superti-Furga G. Stereospecific targeting of MTH1 by (S)-crizotinib as an anticancer strategy. Nature. 2014 Apr 02;508(7495):222–7. doi: 10.1038/nature13194.",11626560
1.7,2YFX,Structure of L1196M Mutant Anaplastic Lymphoma Kinase in Complex with Crizotinib,X-RAY DIFFRACTION,VGH,,11626560,Q9UM73|3AOX_A|4FOB_A|2XB7_A|4DCE_A|2XP2_A,238,24432909.0,10.1021/jm401805h,,1162666.0,"Huang Q, Johnson TW, Bailey S, Brooun A, Bunker KD, Burke BJ, Collins MR, Cook AS, Cui JJ, Dack KN, Deal JG, Deng YL, Dinh D, Engstrom LD, He M, Hoffman J, Hoffman RL, Johnson PS, Kania RS, Lam H, Lam JL, Le PT, Li Q, Lingardo L, Liu W, Lu MW, McTigue M, Palmer CL, Richardson PF, Sach NW, Shen H, Smeal T, Smith GL, Stewart AE, Timofeevski S, Tsaparikos K, Wang H, Zhu H, Zhu J, Zou HY, Edwards MP. Design of potent and selective inhibitors to overcome clinical anaplastic lymphoma kinase mutations resistant to crizotinib. J Med Chem. 2014 Feb 27;57(4):1170–87. doi: 10.1021/jm401805h. PMID: 24432909.",11626560
1.7,5AAC,Structure of C1156Y Mutant Human Anaplastic Lymphoma Kinase in Complex with Crizotinib,X-RAY DIFFRACTION,VGH,,11626560,Q9UM73|3AOX_A|4FOB_A|2XB7_A|4DCE_A|2XP2_A,238,26698910.0,10.1056/nejmoa1508887,PMC4773904,12117935.0,"Shaw AT, Friboulet L, Leshchiner I, Gainor JF, Bergqvist S, Brooun A, Burke BJ, Deng YL, Liu W, Dardaei L, Frias RL, Schultz KR, Logan J, James LP, Smeal T, Timofeevski S, Katayama R, Iafrate AJ, Le L, McTigue M, Getz G, Johnson TW, Engelman JA: Resensitization to Crizotinib by the Lorlatinib ALK Resistance Mutation L1198F. N Engl J Med. 2016 Jan 7;374(1):54-61. doi: 10.1056/NEJMoa1508887. Epub 2015 Dec 23.",11626560
1.73,5AAA,Structure of L1198F Mutant Human Anaplastic Lymphoma Kinase in Complex with Crizotinib,X-RAY DIFFRACTION,VGH,,11626560,Q9UM73|3AOX_A|4FOB_A|2XB7_A|4DCE_A|2XP2_A,238,26698910.0,10.1056/nejmoa1508887,PMC4773904,12117935.0,"Shaw AT, Friboulet L, Leshchiner I, Gainor JF, Bergqvist S, Brooun A, Burke BJ, Deng YL, Liu W, Dardaei L, Frias RL, Schultz KR, Logan J, James LP, Smeal T, Timofeevski S, Katayama R, Iafrate AJ, Le L, McTigue M, Getz G, Johnson TW, Engelman JA: Resensitization to Crizotinib by the Lorlatinib ALK Resistance Mutation L1198F. N Engl J Med. 2016 Jan 7;374(1):54-61. doi: 10.1056/NEJMoa1508887. Epub 2015 Dec 23.",11626560
1.76,4ANQ,Structure of G1269A Mutant Anaplastic Lymphoma Kinase in Complex with Crizotinib,X-RAY DIFFRACTION,VGH,,11626560,Q9UM73|3AOX_A|4FOB_A|2XB7_A|4DCE_A|2XP2_A,238,24432909.0,10.1021/jm401805h,,1162666.0,"Huang Q, Johnson TW, Bailey S, Brooun A, Bunker KD, Burke BJ, Collins MR, Cook AS, Cui JJ, Dack KN, Deal JG, Deng YL, Dinh D, Engstrom LD, He M, Hoffman J, Hoffman RL, Johnson PS, Kania RS, Lam H, Lam JL, Le PT, Li Q, Lingardo L, Liu W, Lu MW, McTigue M, Palmer CL, Richardson PF, Sach NW, Shen H, Smeal T, Smith GL, Stewart AE, Timofeevski S, Tsaparikos K, Wang H, Zhu H, Zhu J, Zou HY, Edwards MP. Design of potent and selective inhibitors to overcome clinical anaplastic lymphoma kinase mutations resistant to crizotinib. J Med Chem. 2014 Feb 27;57(4):1170–87. doi: 10.1021/jm401805h. PMID: 24432909.",11626560
1.85,4ANS,"Structure of L1196M,G1269A Double Mutant Anaplastic Lymphoma Kinase in Complex with Crizotinib",X-RAY DIFFRACTION,VGH,,11626560,Q9UM73|3AOX_A|4FOB_A|2XB7_A|4DCE_A|2XP2_A,238,,,,,,11626560
1.9,2XP2,Structure of the Human Anaplastic Lymphoma Kinase in Complex with Crizotinib (PF-02341066),X-RAY DIFFRACTION,VGH,,11626560,Q9UM73|3AOX_A|4FOB_A|2XB7_A|4DCE_A|2XP2_A,238,21812414.0,10.1021/jm2007613,,12003457.0,"Cui JJ, Tran-Dubé M, Shen H, Nambu M, Kung PP, Pairish M, Jia L, Meng J, Funk L, Botrous I, McTigue M, Grodsky N, Ryan K, Padrique E, Alton G, Timofeevski S, Yamazaki S, Li Q, Zou H, Christensen J, Mroczkowski B, Bender S, Kania RS, Edwards MP. Structure based drug design of crizotinib (PF-02341066), a potent and selective dual inhibitor of mesenchymal-epithelial transition factor (c-MET) kinase and anaplastic lymphoma kinase (ALK). J Med Chem. 2011 Sep 22;54(18):6342–63. doi: 10.1021/jm2007613. PMID: 21812414.",11626560
2.0,2WGJ,X-ray Structure of PF-02341066 bound to the kinase domain of c-Met,X-RAY DIFFRACTION,VGH,,11626560,3F66_A|4GG5_A|3LQ8_A|3DKF_A|3DKG_A|P08581|3I5N_A|2RFN_A|3C1X_A|3RHK_A|1R0P_A|3QTI_A|2WGJ_A|2WD1_A|3CE3_A|3Q6W_A|3A4P_A,4233,21812414.0,10.1021/jm2007613,,12003457.0,"Cui JJ, Tran-Dubé M, Shen H, Nambu M, Kung PP, Pairish M, Jia L, Meng J, Funk L, Botrous I, McTigue M, Grodsky N, Ryan K, Padrique E, Alton G, Timofeevski S, Yamazaki S, Li Q, Zou H, Christensen J, Mroczkowski B, Bender S, Kania RS, Edwards MP. Structure based drug design of crizotinib (PF-02341066), a potent and selective dual inhibitor of mesenchymal-epithelial transition factor (c-MET) kinase and anaplastic lymphoma kinase (ALK). J Med Chem. 2011 Sep 22;54(18):6342–63. doi: 10.1021/jm2007613. PMID: 21812414.",11626560
2.1,6IMZ,Crystal structure of MTH1 in complex with 18-Crown-6,X-RAY DIFFRACTION,O4B|SO4|ZN|VGH,,11626560|32051|28557|1117,P36639,4521,,,,,,11626560
2.2,3ZBF,Structure of Human ROS1 Kinase Domain in Complex with Crizotinib,X-RAY DIFFRACTION,VGH,,11626560,P08922,6098,23724914.0,10.1056/nejmoa1215530,PMC3878821,5248618.0,"Awad MM, Katayama R, McTigue M, Liu W, Deng Y, Brooun A, Friboulet L, Huang D, Falk MD, Timofeevski S, Wilner KD, Lockerman EL, Khan TM, Mahmood S, Gainor JF, Digumarthy SR, Stone JR, Mino-Kenudson M, Christensen JG, Iafrate AJ, Engelman JA, Shaw AT. Acquired Resistance to Crizotinib from a Mutation in <i>CD74</i>–<i>ROS1</i>. N Engl J Med. 2013 Jun 20;368(25):2395–401. doi: 10.1056/nejmoa1215530.",11626560
2.2,5AAB,"Structure of C1156Y,L1198F Mutant Human Anaplastic Lymphoma Kinase in Complex with Crizotinib",X-RAY DIFFRACTION,VGH,,11626560,Q9UM73|3AOX_A|4FOB_A|2XB7_A|4DCE_A|2XP2_A,238,26698910.0,10.1056/nejmoa1508887,PMC4773904,12117935.0,"Shaw AT, Friboulet L, Leshchiner I, Gainor JF, Bergqvist S, Brooun A, Burke BJ, Deng YL, Liu W, Dardaei L, Frias RL, Schultz KR, Logan J, James LP, Smeal T, Timofeevski S, Katayama R, Iafrate AJ, Le L, McTigue M, Getz G, Johnson TW, Engelman JA: Resensitization to Crizotinib by the Lorlatinib ALK Resistance Mutation L1198F. N Engl J Med. 2016 Jan 7;374(1):54-61. doi: 10.1056/NEJMoa1508887. Epub 2015 Dec 23.",11626560
2.0,3BYO,"X-Ray co-crystal structure of 2-amino-6-phenylpyrimido[5',4':5,6]pyrimido[1,2-a]benzimidazol-5(6H)-one 25 bound to Lck",X-RAY DIFFRACTION,SO4|AM9,,11785878|1117,P06239|2ZM1_A|1BHF_A|2PL0_A|3BYO_A|3KXZ_A|2OFU_A|3BYS_A|1IJR_A|1LKL_A|2OF2_A|3MPM_A|2OG8_A|2OFV_A|1QPE_A|1LKK_A|3BYM_A,3932,18278858.0,10.1021/jm701095m,,33570353.0,"Martin MW, Newcomb J, Nunes JJ, Boucher C, Chai L, Epstein LF, Faust T, Flores S, Gallant P, Gore A, Gu Y, Hsieh F, Huang X, Kim JL, Middleton S, Morgenstern K, Oliveira-dos-Santos A, Patel VF, Powers D, Rose P, Tudor Y, Turci SM, Welcher AA, Zack D, Zhao H, Zhu L, Zhu X, Ghiron C, Ermann M, Johnston D, Saluste CP. Structure-Based Design of Novel 2-Amino-6-phenyl-pyrimido[5',4':5,6]pyrimido[1,2-<i>a</i>]benzimidazol-5(6<i>H</i>)-ones as Potent and Orally Active Inhibitors of Lymphocyte Specific Kinase (Lck): Synthesis, SAR, and In Vivo Anti-Inflammatory Activity. J. Med. Chem. 2008 Feb 16;51(6):1637–48. doi: 10.1021/jm701095m.",11785878
1.79,9EMJ,SARS-CoV-2 methyltransferase nsp10-16 in complex with Toyocamycin and m7GpppA (Cap0-analog),X-RAY DIFFRACTION,EDO|GTA|MGP|TO1|ZN,,174|135415790|135419182|11824|32051,P0DTD1,,,,,,,11824
1.93,8OV4,SARS-CoV-2 nsp10-16 methyltransferase in complex with Toyocamycin,X-RAY DIFFRACTION,MES|ZN|TO1|EDO,,11824|78165|32051|174,P0DTD1,,,,,,,11824
1.99,8S8X,SARS-CoV-2 nsp10-16 methyltransferase in complex with Toyocamycin and m7GpppA-RNA (Cap0-RNA),X-RAY DIFFRACTION,MES|GTA|TO1|MG|ZN,,135415790|11824|32051|888|78165,P0DTD1,,,,,,,11824
1.997,3RE4,Crystal Structure of Archaeoglobus Fulgidus Rio1 Kinase bound to Toyocamycin.,X-RAY DIFFRACTION,TO1,,11824,O28471|3RE4_A,24795547.0,22629386.0,10.1371/journal.pone.0037371,PMC3358306,11338492.0,"Kiburu IN, LaRonde-LeBlanc N. Interaction of Rio1 Kinase with Toyocamycin Reveals a Conformational Switch That Controls Oligomeric State and Catalytic Activity. PLoS ONE. 2012 May 22;7(5):e37371. doi: 10.1371/journal.pone.0037371.",11824
2.25,8D1S,Crystal structure of Plasmodium falciparum GRP78 in complex with Toyocamycin,X-RAY DIFFRACTION,SO4|TO1,,11824|1117,,,,,,,,11824
0.0,6XD3,Structure of the human CAK in complex with THZ1,ELECTRON MICROSCOPY,V0G,,119081415,P51948|P51946|P50613,4331|902|1022,32855301.0,10.1073/pnas.2009627117,PMC7502720,32479329.0,"Greber BJ, Perez-Bertoldi JM, Lim K, Iavarone AT, Toso DB, Nogales E. The cryoelectron microscopy structure of the human CDK-activating kinase. Proc Natl Acad Sci U S A. 2020 Sep 15;117(37):22849–57. PMID: 32855301; PMCID: PMC7502720.",119081415
1.9,8ORM,Cryo-EM structure of CAK-THZ1,ELECTRON MICROSCOPY,V0G,,119081415,P50613|P51948|P51946,1022|4331|902,,,,,,119081415
2.81,5ZKP,Crystal structure of the human platelet-activating factor receptor in complex with SR 27417,X-RAY DIFFRACTION,9ER|FMN,,119368|643976,P00323|1AZL_A|1C7E_A|1AKT_A|1AKQ_A|1AKW_A|1AKR_A|P25105,5724,29808000.0,10.1038/s41594-018-0068-y,,21623722.0,2018; 25(6):488-495,119368
1.66,2XJX,Structure of HSP90 with small molecule inhibitor bound,X-RAY DIFFRACTION,XJX,,11955716,P07900|3B24_A|3K98_A|4EEH_A|2YJW_A|2QF6_A|2XHX_A|3K97_A|3BM9_A|3QDD_A|2XAB_A|2CCS_A|3R4M_A|2FWY_A|3HHU_A|1UY6_A|1YC1_A|2QFO_A|4AWO_A|3D0B_A|2BYH_A|2XJJ_A|3EKO_A|1UYI_A|2YI0_A,3320,20662534.0,10.1021/jm100060b,,411150.0,"Woodhead AJ, Angove H, Carr MG, Chessari G, Congreve M, Coyle JE, Cosme J, Graham B, Day PJ, Downham R, Fazal L, Feltell R, Figueroa E, Frederickson M, Lewis J, McMenamin R, Murray CW, O'Brien MA, Parra L, Patel S, Phillips T, Rees DC, Rich S, Smith DM, Trewartha G, Vinkovic M, Williams B, Woolford AJ. Discovery of (2,4-dihydroxy-5-isopropylphenyl)-[5-(4-methylpiperazin-1-ylmethyl)-1,3-dihydroisoindol-2-yl]methanone (AT13387), a novel inhibitor of the molecular chaperone Hsp90 by fragment based drug design. J Med Chem. 2010 Aug 26;53(16):5956–69. doi: 10.1021/jm100060b. PMID: 20662534.",11955716
2.0,3RG9,Trypanosoma brucei dihydrofolate reductase (TbDHFR) in complex with WR99210,X-RAY DIFFRACTION,NDP|WRA,,121750|5884,Q27783,,21650210.0,10.1021/cb200124r,,32257272.0,"Vanichtanankul J, Taweechai S, Yuvaniyama J, Vilaivan T, Chitnumsub P, Kamchonwongpaisan S, Yuthavong Y. Trypanosomal dihydrofolate reductase reveals natural antifolate resistance. ACS Chem Biol. 2011 Sep 16;6(9):905–11. doi: 10.1021/cb200124r. PMID: 21650210.",121750
2.1,1J3K,"Quadruple mutant (N51I+C59R+S108N+I164L) Plasmodium falciparum dihydrofolate reductase-thymidylate synthase (PfDHFR-TS) complexed with WR99210, NADPH, and dUMP",X-RAY DIFFRACTION,NDP|WRA|UMP,,121750|65063|5884,P13922,,12704428.0,10.1038/nsb921,,255272.0,"Yuvaniyama J, Chitnumsub P, Kamchonwongpaisan S, Vanichtanankul J, Sirawaraporn W, Taylor P, Walkinshaw MD, Yuthavong Y. Insights into antifolate resistance from malarial DHFR-TS structures. Nature Structural & Molecular Biology. 2003 Apr 21;10(5):357–65. doi: 10.1038/nsb921.",121750
2.33,1J3I,"Wild-type Plasmodium falciparum dihydrofolate reductase-thymidylate synthase (PfDHFR-TS) complexed with WR99210, NADPH, and dUMP",X-RAY DIFFRACTION,NDP|WRA|UMP,,121750|65063|5884,P13922,,12704428.0,10.1038/nsb921,,255272.0,"Yuvaniyama J, Chitnumsub P, Kamchonwongpaisan S, Vanichtanankul J, Sirawaraporn W, Taylor P, Walkinshaw MD, Yuthavong Y. Insights into antifolate resistance from malarial DHFR-TS structures. Nature Structural & Molecular Biology. 2003 Apr 21;10(5):357–65. doi: 10.1038/nsb921.",121750
3.0,2GDO,4-(Aminoalkylamino)-3-Benzimidazole-Quinolinones As Potent CHK1 Inhibitors,X-RAY DIFFRACTION,SO4|12C,,135399748|1117,2QHM_A|2HOG_A|2BR1_A|2YDJ_A|2E9N_A|O14757|3OT3_A|2X8E_A|1NVQ_A|2AYP_A|2GDO_A|3JVR_A,1111,16603354.0,10.1016/j.bmcl.2006.03.059,,30841554.0,"Ni Z, Barsanti P, Brammeier N, Diebes A, Poon DJ, Ng S, Pecchi S, Pfister K, Renhowe PA, Ramurthy S, Wagman AS, Bussiere DE, Le V, Zhou Y, Jansen JM, Ma S, Gesner TG. 4-(Aminoalkylamino)-3-benzimidazole-quinolinones as potent CHK-1 inhibitors. Bioorganic & Medicinal Chemistry Letters. 2006 Jun;16(12):3121–4. doi: 10.1016/j.bmcl.2006.03.059.",135399748
1.588,6LTI,HSP90 in complex with NVP-AUY922,X-RAY DIFFRACTION,2GJ|MG,,135539077|888,P07900|3B24_A|3K98_A|4EEH_A|2YJW_A|2QF6_A|2XHX_A|3K97_A|3BM9_A|3QDD_A|2XAB_A|2CCS_A|3R4M_A|2FWY_A|3HHU_A|1UY6_A|1YC1_A|2QFO_A|4AWO_A|3D0B_A|2BYH_A|2XJJ_A|3EKO_A|1UYI_A|2YI0_A,3320.0,,,,,,135539077
1.9,6CJS,Candida albicans Hsp90 nucleotide binding domain in complex with AUY922,X-RAY DIFFRACTION,2GJ|EDO,,174|135539077,P46598,3636951.0,30679438.0,10.1038/s41467-018-08248-w,PMC6345968,30443766.0,"Whitesell L, Robbins N, Huang DS, McLellan CA, Shekhar-Guturja T, LeBlanc EV, Nation CS, Hui R, Hutchinson A, Collins C, Chatterjee S, Trilles R, Xie JL, Krysan DJ, Lindquist S, Porco JA, Tatu U, Brown LE, Pizarro J, Cowen LE. Structural basis for species-selective targeting of Hsp90 in a pathogenic fungus. Nature Communications. 2019 Jan 24;10(1):402. doi: 10.1038/s41467-018-08248-w.",135539077
2.0,2VCI,"4,5 Diaryl Isoxazole Hsp90 Chaperone Inhibitors: Potential Therapeutic Agents for the Treatment of Cancer",X-RAY DIFFRACTION,2GJ,,135539077,P07900|3B24_A|3K98_A|4EEH_A|2YJW_A|2QF6_A|2XHX_A|3K97_A|3BM9_A|3QDD_A|2XAB_A|2CCS_A|3R4M_A|2FWY_A|3HHU_A|1UY6_A|1YC1_A|2QFO_A|4AWO_A|3D0B_A|2BYH_A|2XJJ_A|3EKO_A|1UYI_A|2YI0_A,3320.0,18020435.0,10.1021/jm701018h,,10600368.0,"Brough PA, Aherne W, Barril X, Borgognoni J, Boxall K, Cansfield JE, Cheung KJ, Collins I, Davies NGM, Drysdale MJ, Dymock B, Eccles SA, Finch H, Fink A, Hayes A, Howes R, Hubbard RE, James K, Jordan AM, Lockie A, Martins V, Massey A, Matthews TP, McDonald E, Northfield CJ, Pearl LH, Prodromou C, Ray S, Raynaud FI, Roughley SD, Sharp SY, Surgenor A, Walmsley DL, Webb P, Wood M, Workman P, Wright L. 4,5-Diarylisoxazole Hsp90 Chaperone Inhibitors: Potential Therapeutic Agents for the Treatment of Cancer. J. Med. Chem. 2007 Nov 20;51(2):196–218. doi: 10.1021/jm701018h.",135539077
3.21,7K9S,Cryptococcus neoformans Hsp90 nucleotide binding domain in complex with NVP-AUY922,X-RAY DIFFRACTION,2GJ,,135539077,,,33444025.0,10.1021/acs.jmedchem.0c01777,PMC8493596,19012813.0,"Marcyk PT, LeBlanc EV, Kuntz DA, Xue A, Ortiz F, Trilles R, Bengtson S, Kenney TMG, Huang DS, Robbins N, Williams NS, Krysan DJ, Privé GG, Whitesell L, Cowen LE, Brown LE. Fungal-Selective Resorcylate Aminopyrazole Hsp90 Inhibitors: Optimization of Whole-Cell Anticryptococcal Activity and Insights into the Structural Origins of Cryptococcal Selectivity. J. Med. Chem. 2021 Jan 14;64(2):1139–69. doi: 10.1021/acs.jmedchem.0c01777.",135539077
1.8,3TUH,Crystal Structure of the N-terminal domain of an HSP90 in the presence of an the inhibitor ganetespib,X-RAY DIFFRACTION,TUH,,135564985,P07900|3B24_A|3K98_A|4EEH_A|2YJW_A|2QF6_A|2XHX_A|3K97_A|3BM9_A|3QDD_A|2XAB_A|2CCS_A|3R4M_A|2FWY_A|3HHU_A|1UY6_A|1YC1_A|2QFO_A|4AWO_A|3D0B_A|2BYH_A|2XJJ_A|3EKO_A|1UYI_A|2YI0_A,3320,,,,,,135564985
1.992,6LSZ,HSP 90 in complex with Ganetespib,X-RAY DIFFRACTION,TUH,,135564985,P07900|3B24_A|3K98_A|4EEH_A|2YJW_A|2QF6_A|2XHX_A|3K97_A|3BM9_A|3QDD_A|2XAB_A|2CCS_A|3R4M_A|2FWY_A|3HHU_A|1UY6_A|1YC1_A|2QFO_A|4AWO_A|3D0B_A|2BYH_A|2XJJ_A|3EKO_A|1UYI_A|2YI0_A,3320,,,,,,135564985
2.25,8W8K,"""Crystal structures of HSP90 and the compound Ganetespid in the """"""""closed"""""""" conformation""",X-RAY DIFFRACTION,TUH|MG,,135564985|888,P07900|3B24_A|3K98_A|4EEH_A|2YJW_A|2QF6_A|2XHX_A|3K97_A|3BM9_A|3QDD_A|2XAB_A|2CCS_A|3R4M_A|2FWY_A|3HHU_A|1UY6_A|1YC1_A|2QFO_A|4AWO_A|3D0B_A|2BYH_A|2XJJ_A|3EKO_A|1UYI_A|2YI0_A,3320,,,,,,135564985
,8R63,Solution structure of branaplam bound to the RNA duplex formed upon 5'-splice site recognition,SOLUTION NMR,Y53,,135565042,,,,,,,,135565042
2.25,5NXC,LIM Domain Kinase 1 (LIMK1) In Complex With PF-00477736,X-RAY DIFFRACTION,9DB,,135565545,P53667,3984,,,,,,135565545
1.7,4B7P,Structure of HSP90 with NMS-E973 inhibitor bound,X-RAY DIFFRACTION,9UN,,135566652,P07900|3B24_A|3K98_A|4EEH_A|2YJW_A|2QF6_A|2XHX_A|3K97_A|3BM9_A|3QDD_A|2XAB_A|2CCS_A|3R4M_A|2FWY_A|3HHU_A|1UY6_A|1YC1_A|2QFO_A|4AWO_A|3D0B_A|2BYH_A|2XJJ_A|3EKO_A|1UYI_A|2YI0_A,3320,23674492.0,10.1158/1078-0432.ccr-12-3512,,24239608.0,"Fogliatto G, Gianellini L, Brasca MG, Casale E, Ballinari D, Ciomei M, Degrassi A, De Ponti A, Germani M, Guanci M, Paolucci M, Polucci P, Russo M, Sola F, Valsasina B, Visco C, Zuccotto F, Donati D, Felder E, Pesenti E, Galvani A, Mantegani S, Isacchi A. NMS-E973, a novel synthetic inhibitor of Hsp90 with activity against multiple models of drug resistance to targeted agents, including intracranial metastases. Clin Cancer Res. 2013 Jul 01;19(13):3520–32. doi: 10.1158/1078-0432.ccr-12-3512. PMID: 23674492.",135566652
0.0,7A6E,Nanodisc reconstituted human ABCB1 in complex with MRK16 Fab and tariquidar,ELECTRON MICROSCOPY,CLR|R1H,,148201|5997,P08183,5243,33020312.0,10.1073/pnas.2010264117,PMC7585025,6791095.0,"Nosol K, Romane K, Irobalieva RN, Alam A, Kowal J, Fujita N, Locher KP. Cryo-EM structures reveal distinct mechanisms of inhibition of the human multidrug transporter ABCB1. Proc Natl Acad Sci U S A. 2020 Oct 20;117(42):26245–53. PMID: 33020312; PMCID: PMC7585025.",148201
0.0,7NEQ,Structure of tariquidar-bound ABCG2,ELECTRON MICROSCOPY,R1H|U9N|NAG|CLR,,148201|5997|24139|134739024,Q9UNQ0,9429,33838147.0,10.1016/j.jmb.2021.166980,,27133050.0,"Kowal J, Ni D, Jackson SM, Manolaridis I, Stahlberg H, Locher KP. Structural Basis of Drug Recognition by the Multidrug Transporter ABCG2. J Mol Biol. 2021 Jun 25;433(13):166980. doi: 10.1016/j.jmb.2021.166980. PMID: 33838147.",148201
0.0,8BHT,ABCG2 turnover-1 state with tariquidar bound,ELECTRON MICROSCOPY,CLR|ATP|R1H,,148201|5997|5957,Q9UNQ0,9429,36580587.0,10.1073/pnas.2213437120,PMC9910490,35213292.0,"Rasouli A, Yu Q, Dehghani-Ghahnaviyeh S, Wen PC, Kowal J, Locher KP, Tajkhorshid E. Differential dynamics and direct interaction of bound ligands with lipids in multidrug transporter ABCG2. Proc Natl Acad Sci U S A. 2023 Jan 03;120(1):e2213437120. PMID: 36580587; PMCID: PMC9910490.",148201
0.0,8BI0,ABCG2 turnover-2 state with tariquidar bound,ELECTRON MICROSCOPY,ATP|CLR|MG|PLC|R1H,,5997|445355|5957|888|148201,Q9UNQ0,9429,36580587.0,10.1073/pnas.2213437120,PMC9910490,35213292.0,"Rasouli A, Yu Q, Dehghani-Ghahnaviyeh S, Wen PC, Kowal J, Locher KP, Tajkhorshid E. Differential dynamics and direct interaction of bound ligands with lipids in multidrug transporter ABCG2. Proc Natl Acad Sci U S A. 2023 Jan 03;120(1):e2213437120. PMID: 36580587; PMCID: PMC9910490.",148201
2.1,8ABL,"Complex III2 from Yarrowia lipolytica, with decylubiquinol and antimycin A, consensus refinement",ELECTRON MICROSCOPY,PTY|PC1|HEC|HEM|LMT|AWB|XP4|CDL,,14957|446872|5287898|114880|49867859|94190,Q6C3K7|Q6C2E3|Q9B6D0,802619,36598500.0,10.1107/s2052252522010570,PMC9812224,34953507.0,"Wieferig J, Kühlbrandt W. Analysis of the conformational heterogeneity of the Rieske iron–sulfur protein in complex III<sub>2</sub>by cryo-EM. IUCrJ. 2023 Jan 01;10(1):27–37. doi: 10.1107/s2052252522010570.",14957
2.18,5AE3,Ether Lipid-Generating Enzyme AGPS in complex with antimycin A,X-RAY DIFFRACTION,SO4|AWB|FAD,,643975|14957|1117,P97275,100734021,26322624.0,10.1021/acschembio.5b00466,PMC4703096,1839108.0,"Piano V, Benjamin DI, Valente S, Nenci S, Marrocco B, Mai A, Aliverti A, Nomura DK, Mattevi A. Discovery of Inhibitors for the Ether Lipid-Generating Enzyme AGPS as Anti-Cancer Agents. ACS Chem Biol. 2015 Nov 20;10(11):2589–97. PMID: 26322624; PMCID: PMC4703096.",14957
3.0,8ABH,"Complex III2 from Yarrowia lipolytica, antimycin A bound, b-position",ELECTRON MICROSCOPY,PTY|PC1|HEC|HEM|FES|LMT|AWB|XP4|CDL,,14957|446872|5287898|114880|49867859|94190,Q6C3K7|Q6C2E3|Q9B6D0,802619,36598500.0,10.1107/s2052252522010570,PMC9812224,34953507.0,"Wieferig J, Kühlbrandt W. Analysis of the conformational heterogeneity of the Rieske iron–sulfur protein in complex III<sub>2</sub>by cryo-EM. IUCrJ. 2023 Jan 01;10(1):27–37. doi: 10.1107/s2052252522010570.",14957
3.0,8ABI,"Complex III2 from Yarrowia lipolytica,antimycin A bound, int-position",ELECTRON MICROSCOPY,PTY|PC1|HEC|HEM|FES|LMT|AWB|XP4|CDL,,14957|446872|5287898|114880|49867859|94190,Q6C3K7|Q6C2E3|Q9B6D0,802619,36598500.0,10.1107/s2052252522010570,PMC9812224,34953507.0,"Wieferig J, Kühlbrandt W. Analysis of the conformational heterogeneity of the Rieske iron–sulfur protein in complex III<sub>2</sub>by cryo-EM. IUCrJ. 2023 Jan 01;10(1):27–37. doi: 10.1107/s2052252522010570.",14957
3.3,8AB7,"Complex III2 from Yarrowia lipolytica, atovaquone and antimycin A bound",ELECTRON MICROSCOPY,PTY|PC1|AOQ|HEC|HEM|FES|LMT|AWB|XP4|CDL,,14957|446872|5287898|114880|49867859|94190,Q6C3K7|Q6C2E3|Q9B6D0,802619,36598500.0,10.1107/s2052252522010570,PMC9812224,34953507.0,"Wieferig J, Kühlbrandt W. Analysis of the conformational heterogeneity of the Rieske iron–sulfur protein in complex III<sub>2</sub>by cryo-EM. IUCrJ. 2023 Jan 01;10(1):27–37. doi: 10.1107/s2052252522010570.",14957
3.7,8ABJ,"Complex III2 from Yarrowia lipolytica, antimycin A bound, c-position",ELECTRON MICROSCOPY,PTY|PC1|HEC|FES|HEM|LMT|AWB|XP4|CDL,,14957|446872|5287898|114880|49867859|94190,Q6C3K7|Q6C2E3|Q9B6D0,802619,36598500.0,10.1107/s2052252522010570,PMC9812224,34953507.0,"Wieferig J, Kühlbrandt W. Analysis of the conformational heterogeneity of the Rieske iron–sulfur protein in complex III<sub>2</sub>by cryo-EM. IUCrJ. 2023 Jan 01;10(1):27–37. doi: 10.1107/s2052252522010570.",14957
1.65,5AQZ,HSP72 with adenosine-derived inhibitor,X-RAY DIFFRACTION,SGV|EDO,,174|14978,P0DMV8|P0DMV9|3D2E_B|3ATU_A,3303|3304,27119979.0,10.1021/acs.jmedchem.5b02001,PMC5371393,23048383.0,"Cheeseman MD, Westwood IM, Barbeau O, Rowlands M, Dobson S, Jones AM, Jeganathan F, Burke R, Kadi N, Workman P, Collins I, van Montfort RLM, Jones K. Exploiting Protein Conformational Change to Optimize Adenosine-Derived Inhibitors of HSP70. J. Med. Chem. 2016 May 11;59(10):4625–36. doi: 10.1021/acs.jmedchem.5b02001.",14978
1.86,8OV2,SARS-CoV-2 nsp10-16 methyltransferase in complex with Sangivamycin,X-RAY DIFFRACTION,MES|ZN|SGV|EDO,,78165|32051|174|14978,P0DTD1,,,,,,,14978
1.96,6PJX,Crystal Structure of G Protein-Coupled Receptor Kinase 5 (GRK5) in Complex with Calmodulin (CaM),X-RAY DIFFRACTION,CA|SGV,,271|14978,P34947,2869,33321095.0,10.1016/j.molcel.2020.11.026,PMC7855534,3384102.0,"Komolov KE, Sulon SM, Bhardwaj A, van Keulen SC, Duc NM, Laurinavichyute DK, Lou HJ, Turk BE, Chung KY, Dror RO, Benovic JL. Structure of a GRK5-Calmodulin Complex Reveals Molecular Mechanism of GRK Activation and Substrate Targeting. Molecular Cell. 2021 Jan;81(2):323–339.e11. doi: 10.1016/j.molcel.2020.11.026.",14978
2.1,6C9N,Mycobacterium tuberculosis adenosine kinase bound to sangivamycin,X-RAY DIFFRACTION,SGV|SO4|GOL|NA,,923|753|1117|14978,P9WID5,888551,31002508.0,10.1021/acs.jmedchem.9b00020,PMC6511943,33111789.0,"Crespo RA, Dang Q, Zhou NE, Guthrie LM, Snavely TC, Dong W, Loesch KA, Suzuki T, You L, Wang W, O’Malley T, Parish T, Olsen DB, Sacchettini JC. Structure-Guided Drug Design of 6-Substituted Adenosine Analogues as Potent Inhibitors of <i>Mycobacterium tuberculosis</i> Adenosine Kinase. J. Med. Chem. 2019 Apr 19;62(9):4483–99. doi: 10.1021/acs.jmedchem.9b00020.",14978
2.1,8S8W,SARS-CoV-2 nsp10-16 methyltransferase in complex with Sangivamycin and m7GpppA-RNA (Cap0-RNA),X-RAY DIFFRACTION,MES|EDO|GTA|SGV|SAM|ZN,,174|135415790|32051|14978|78165,P0DTD1,,,,,,,14978
2.113,4TNB,Crystal Structure of G Protein-Coupled Receptor Kinase 5 in Complex with Sangivamycin,X-RAY DIFFRACTION,SGV,,14978,P34947,2869,26032409.0,10.1074/jbc.m115.647297,PMC4543624,1189946.0,"Komolov KE, Bhardwaj A, Benovic JL. Atomic Structure of GRK5 Reveals Distinct Structural Features Novel for G Protein-coupled Receptor Kinases. Journal of Biological Chemistry. 2015 Aug;290(34):20629–47. doi: 10.1074/jbc.m115.647297.",14978
2.34,9EMV,SARS-CoV-2 nsp10-16 methyltransferase in complex with Sangivamycin and m7GpppA (Cap0-analog)/m7GpppAm (Cap1-analog),X-RAY DIFFRACTION,MES|EDO|GTA|SAH|V9G|SGV|ZN,,174|135415790|32051|14978|78165|439155,P0DTD1,,,,,,,14978
2.72,3NYN,Crystal Structure of G Protein-Coupled Receptor Kinase 6 in Complex with Sangivamycin,X-RAY DIFFRACTION,SO4|SGV|BU3,,14978|225936|1117,P43250|3NYN_A,2870,20729810.0,10.1038/emboj.2010.206,PMC2957210,27570152.0,2010; 29(19):3249-3259,14978
4.0,7MTB,Rhodopsin kinase (GRK1)-S5E/S488E/T489E in complex with rhodopsin and Fab6,ELECTRON MICROSCOPY,SGV|RET,,638015|14978,P28327|3QC9_A|P02699,281457|509933,34262173.0,10.1038/s41586-021-03721-x,PMC8607881,33881550.0,"Chen Q, Plasencia M, Li Z, Mukherjee S, Patra D, Chen CL, Klose T, Yao XQ, Kossiakoff AA, Chang L, Andrews PC, Tesmer JJG. Structures of rhodopsin in complex with G-protein-coupled receptor kinase 1. Nature. 2021 Jul;595(7868):600–5. PMID: 34262173; PMCID: PMC8607881.",14978
4.1,7MTA,Rhodopsin kinase (GRK1)-S5E/S488E/T489E in complex with rhodopsin and Fab1,ELECTRON MICROSCOPY,SGV|RET,,638015|14978,P28327|3QC9_A|P02699,281457|509933,34262173.0,10.1038/s41586-021-03721-x,PMC8607881,33881550.0,"Chen Q, Plasencia M, Li Z, Mukherjee S, Patra D, Chen CL, Klose T, Yao XQ, Kossiakoff AA, Chang L, Andrews PC, Tesmer JJG. Structures of rhodopsin in complex with G-protein-coupled receptor kinase 1. Nature. 2021 Jul;595(7868):600–5. PMID: 34262173; PMCID: PMC8607881.",14978
5.8,7MT8,Rhodopsin kinase (GRK1)-S5E/S488E/T489E in complex with rhodopsin,ELECTRON MICROSCOPY,SGV|RET,,638015|14978,P28327|3QC9_A|P02699,281457|509933,34262173.0,10.1038/s41586-021-03721-x,PMC8607881,33881550.0,"Chen Q, Plasencia M, Li Z, Mukherjee S, Patra D, Chen CL, Klose T, Yao XQ, Kossiakoff AA, Chang L, Andrews PC, Tesmer JJG. Structures of rhodopsin in complex with G-protein-coupled receptor kinase 1. Nature. 2021 Jul;595(7868):600–5. PMID: 34262173; PMCID: PMC8607881.",14978
7.0,7MT9,Rhodopsin kinase (GRK1) in complex with rhodopsin,ELECTRON MICROSCOPY,SGV|RET,,638015|14978,P28327|3QC9_A|P02699,281457|509933,34262173.0,10.1038/s41586-021-03721-x,PMC8607881,33881550.0,"Chen Q, Plasencia M, Li Z, Mukherjee S, Patra D, Chen CL, Klose T, Yao XQ, Kossiakoff AA, Chang L, Andrews PC, Tesmer JJG. Structures of rhodopsin in complex with G-protein-coupled receptor kinase 1. Nature. 2021 Jul;595(7868):600–5. PMID: 34262173; PMCID: PMC8607881.",14978
2.65,7AXD,Crystal structure of the hPXR-LBD in complex with fipronil,X-RAY DIFFRACTION,S6W|IPA,,3776|15278226,O75469|1ILH_A,8856,33361153.0,10.1073/pnas.2020551118,PMC7817120,22360807.0,"Delfosse V, Huet T, Harrus D, Granell M, Bourguet M, Gardia-Parège C, Chiavarina B, Grimaldi M, Le Mével S, Blanc P, Huang D, Gruszczyk J, Demeneix B, Cianférani S, Fini JB, Balaguer P, Bourguet W. Mechanistic insights into the synergistic activation of the RXR-PXR heterodimer by endocrine disruptor mixtures. Proc Natl Acad Sci U S A. 2021 Jan 05;118(1). PMID: 33361153; PMCID: PMC7817120.",15278226
1.7,1UU3,Structure of human PDK1 kinase domain in complex with LY333531,X-RAY DIFFRACTION,LY4|SO4|GOL,,153999|753|1117,O15530|2XCH_A|3H9O_A|3QC4_A|2XCK_A|1Z5M_A|3NUS_A|3RWQ_A|1UVR_A|1W1D_A|3HRF_A|1UU9_A|1OKY_A|3RWP_A|2R7B_A|3IOP_A,5170,14962382.0,10.1016/j.str.2004.01.005,,28785280.0,"Komander D, Kular GS, Schüttelkopf AW, Deak M, Prakash KR, Bain J, Elliott M, Garrido-Franco M, Kozikowski AP, Alessi DR, van Aalten DM. Interactions of LY333531 and other bisindolyl maleimide inhibitors with PDK1. Structure. 2004 Feb;12(2):215–26. doi: 10.1016/j.str.2004.01.005. PMID: 14962382.",153999
1.9,2J2I,Crystal Structure of the humab PIM1 in complex with LY333531,X-RAY DIFFRACTION,LY4|SO4,,153999|1117,2XIX_A|3R00_A|2XJ0_A|3CY2_A|2J2I_B|3C4E_A|P11309|4A7C_A|3F2A_A|2XIY_A|2OBJ_A|3DCV_A|2O3P_A|1YHS_A|3BWF_A|3JPV_A|3UIX_A|4DTK_A|3MA3_A,5292,18077363.0,10.1073/pnas.0708800104,PMC2154464,26167137.0,"Fedorov O, Marsden B, Pogacic V, Rellos P, Müller S, Bullock AN, Schwaller J, Sundström M, Knapp S. A systematic interaction map of validated kinase inhibitors with Ser/Thr kinases. Proc Natl Acad Sci U S A. 2007 Dec 18;104(51):20523–8. PMID: 18077363; PMCID: PMC2154464.",153999
1.8,6PSJ,Bazedoxifene in Complex with Y537S Estrogen Receptor Alpha Ligand Binding Domain,X-RAY DIFFRACTION,29S,,154257,P03372|1SJ0_A|2IOK_A|2IOG_A|1UOM_A|1QKT_A|1PCG_A|1QKU_A|4DMA_A|1ZKY_A|1X7E_A|2P15_A|1GWQ_A,2099,35575456.0,10.7554/elife.72512,PMC9177151,34072705.0,"Hosfield DJ, Weber S, Li N, Sauvage M, Joiner CF, Hancock GR, Sullivan EA, Ndukwe E, Han R, Cush S, Lainé M, Mader SC, Greene GL, Fanning SW. Author response: Stereospecific lasofoxifene derivatives reveal the interplay between estrogen receptor alpha stability and antagonistic activity in ESR1 mutant breast cancer cells. 2022 Apr 21;(). doi: 10.7554/elife.72512.sa2.",154257
2.491,4XI3,Estrogen Receptor Alpha Ligand Binding Domain in Complex with Bazedoxifene,X-RAY DIFFRACTION,29S,,154257,P03372|1SJ0_A|2IOK_A|2IOG_A|1UOM_A|1QKT_A|1PCG_A|1QKU_A|4DMA_A|1ZKY_A|1X7E_A|2P15_A|1GWQ_A,2099,,,,,,154257
1.01,6FK2,Galectin-3 carbohydrate recognition domain in complex with lactitol,X-RAY DIFFRACTION,,G26039ES,157355,P17931|3AYA_A|2NN8_A|2XG3_A|1KJR_A|3T1L_A,3958,,,,,,157355
1.905,4LNG,Aspergillus fumigatus protein farnesyltransferase complex with farnesyldiphosphate and tipifarnib,X-RAY DIFFRACTION,JAN|FPP|ZN|K|EDO,,174|813|32051|445713|159324,,,24347326.0,10.1002/pro.2411,PMC3945837,26948152.0,"Mabanglo MF, Hast MA, Lubock NB, Hellinga HW, Beese LS. Crystal structures of the fungal pathogen <i>Aspergillus fumigatus </i>protein farnesyltransferase complexed with substrates and inhibitors reveal features for antifungal drug design. Protein Science. 2014 Jan 31;23(3):289–301. doi: 10.1002/pro.2411.",159324
2.0,3SFX,Cryptococcus neoformans protein farnesyltransferase in complex with FPT-II and tipifarnib,X-RAY DIFFRACTION,SO4|JAN|3FX|FII|ZN,,32051|445015|7004983|159324|1117,,,21816822.0,10.1074/jbc.m111.250506,PMC3186413,12007472.0,"Hast MA, Nichols CB, Armstrong SM, Kelly SM, Hellinga HW, Alspaugh JA, Beese LS. Structures of Cryptococcus neoformans Protein Farnesyltransferase Reveal Strategies for Developing Inhibitors That Target Fungal Pathogens. Journal of Biological Chemistry. 2011 Oct;286(40):35149–62. doi: 10.1074/jbc.m111.250506.",159324
2.1,1SA4,human protein farnesyltransferase complexed with FPP and R115777,X-RAY DIFFRACTION,FPP|JAN|ZN,,445713|32051|159324,P49354|1LD7_A|P49356,2339|100529261|2342,15170324.0,10.1021/bi049723b,,9221644.0,"Reid TS, Beese LS. Crystal structures of the anticancer clinical candidates R115777 (Tipifarnib) and BMS-214662 complexed with protein farnesyltransferase suggest a mechanism of FTI selectivity. Biochemistry. 2004 Jun 08;43(22):6877–84. doi: 10.1021/bi049723b. PMID: 15170324.",159324
3.5,1X81,Farnesyl transferase structure of Jansen compound,X-RAY DIFFRACTION,JAN|ZN,,32051|159324,1QBQ_A|1O1S_A|1O5M_A|1NL4_A|2BED_A|1N94_A|2R2L_A|1N95_A|3PZ4_A|Q04631|1NL4_B|2ZIR_B|1O1S_B|1N94_B|Q02293|1N95_B,25318|64511,15454228.0,10.1016/j.bmcl.2004.08.012,,7182916.0,"Li Q, Claiborne A, Li T, Hasvold L, Stoll VS, Muchmore S, Jakob CG, Gu W, Cohen J, Hutchins C, Frost D, Rosenberg SH, Sham HL. Design, synthesis, and activity of 4-quinolone and pyridone compounds as nonthiol-containing farnesyltransferase inhibitors. Bioorganic & Medicinal Chemistry Letters. 2004 Nov;14(21):5367–70. doi: 10.1016/j.bmcl.2004.08.012.",159324
1.49,4C2V,Aurora B kinase in complex with the specific inhibitor Barasertib,X-RAY DIFFRACTION,YJA,,16007391,O13024|Q6DE08|2VGO_A,398105|398457,24598913.0,10.1107/s2053230x14002118,PMC3944688,32988525.0,"Sessa F, Villa F. Structure of Aurora B-INCENP in complex with barasertib reveals a potential transinhibitory mechanism. Acta Crystallogr F Struct Biol Commun. 2014 Mar;70(Pt 3):294–8. PMID: 24598913; PMCID: PMC3944688.",16007391
2.0,6EAS,Co-crystal of pseudokinase DRIK1 (drought responsive inactive kinase 1) bound to ENMD-2076,X-RAY DIFFRACTION,GOL|J3A,,16041424|753,,,,,,,,16041424
1.7,4O76,Crystal structure of the first bromodomain of human BRD4 in complex with TG101209,X-RAY DIFFRACTION,1M3|EDO,,16722832|174,O60885|3MXF_A|4HBW_A|2YEM_A,23476,24568369.0,10.1021/cb500072z,PMC4032195,26283054.0,"Ember SWJ, Zhu J, Olesen SH, Martin MP, Becker A, Berndt N, Georg GI, Schönbrunn E. Acetyl-lysine Binding Site of Bromodomain-Containing Protein 4 (BRD4) Interacts with Diverse Kinase Inhibitors. ACS Chem. Biol. 2014 Mar 13;9(5):1160–71. doi: 10.1021/cb500072z.",16722832
2.4,4JI9,JAK2 kinase (JH1 domain) in complex with TG101209,X-RAY DIFFRACTION,1M3,,16722832,O60674|4HGE_A|3JY9_A|4FVQ_A|2W1I_A|2XA4_A|4AQC_A|3TJC_A|2B7A_A|3KRR_A|4FVR_A|4BBE_A|4E6D_A|3E62_A|3Q32_A|3RVG_A|4F08_A|3IO7_A,3717,23870430.0,10.1016/j.bmcl.2013.06.008,,22195078.0,"Siu M, Pastor R, Liu W, Barrett K, Berry M, Blair WS, Chang C, Chen JZ, Eigenbrot C, Ghilardi N, Gibbons P, He H, Hurley CA, Kenny JR, Cyrus Khojasteh S, Le H, Lee L, Lyssikatos JP, Magnuson S, Pulk R, Tsui V, Ultsch M, Xiao Y, Zhu B, Sampath D. 2-Amino-[1,2,4]triazolo[1,5-a]pyridines as JAK2 inhibitors. Bioorganic & Medicinal Chemistry Letters. 2013 Sep;23(17):5014–21. doi: 10.1016/j.bmcl.2013.06.008.",16722832
2.66,5HEZ,JAK2 kinase (JH1 domain) mutant P1057A in complex with TG101209,X-RAY DIFFRACTION,1M3|ZN|CL,,16722832|32051|312,O60674|4HGE_A|3JY9_A|4FVQ_A|2W1I_A|2XA4_A|4AQC_A|3TJC_A|2B7A_A|3KRR_A|4FVR_A|4BBE_A|4E6D_A|3E62_A|3Q32_A|3RVG_A|4F08_A|3IO7_A,3717,27807284.0,10.1126/scitranslmed.aag1974,PMC5737835,23055910.0,"Dendrou CA, Cortes A, Shipman L, Evans HG, Attfield KE, Jostins L, Barber T, Kaur G, Kuttikkatte SB, Leach OA, Desel C, Faergeman SL, Cheeseman J, Neville MJ, Sawcer S, Compston A, Johnson AR, Everett C, Bell JI, Karpe F, Ultsch M, Eigenbrot C, McVean G, Fugger L. Resolving <i>TYK2</i> locus genotype-to-phenotype differences in autoimmunity. Sci. Transl. Med. 2016 Nov 02;8(363). doi: 10.1126/scitranslmed.aag1974.",16722832
1.4,4PS5,Crystal structure of the first bromodomain of human BRD4 in complex with TG101348,X-RAY DIFFRACTION,2TA|ACT|EDO,,16722836|174|175,O60885|3MXF_A|4HBW_A|2YEM_A,23476,24568369.0,10.1021/cb500072z,PMC4032195,26283054.0,"Ember SWJ, Zhu J, Olesen SH, Martin MP, Becker A, Berndt N, Georg GI, Schönbrunn E. Acetyl-lysine Binding Site of Bromodomain-Containing Protein 4 (BRD4) Interacts with Diverse Kinase Inhibitors. ACS Chem. Biol. 2014 Mar 13;9(5):1160–71. doi: 10.1021/cb500072z.",16722836
1.65,4OGJ,Crystal Structure of the first bromodomain of human BRD4 in complex with the inhibitor TG-101348,X-RAY DIFFRACTION,2TA|EDO,,16722836|174,O60885|3MXF_A|4HBW_A|2YEM_A,23476,24584101.0,10.1038/nchembio.1471,PMC3998711,26297571.0,10.1038/nchembio.1471,16722836
2.32,6VNE,JAK2 JH1 in complex with Fedratinib,X-RAY DIFFRACTION,2TA,,16722836,O60674|4HGE_A|3JY9_A|4FVQ_A|2W1I_A|2XA4_A|4AQC_A|3TJC_A|2B7A_A|3KRR_A|4FVR_A|4BBE_A|4E6D_A|3E62_A|3Q32_A|3RVG_A|4F08_A|3IO7_A,3717,33570945.0,10.1021/acs.jmedchem.0c01952,PMC8327781,2647519.0,"Davis RR, Li B, Yun SY, Chan A, Nareddy P, Gunawan S, Ayaz M, Lawrence HR, Reuther GW, Lawrence NJ, Schönbrunn E. Structural Insights into JAK2 Inhibition by Ruxolitinib, Fedratinib, and Derivatives Thereof. J. Med. Chem. 2021 Feb 11;64(4):2228–41. doi: 10.1021/acs.jmedchem.0c01952.",16722836
3.02,8Z7Y,SLC19A3-Fedratinib inward structure,ELECTRON MICROSCOPY,2TA,,16722836,Q9BZV2,80704,39738067.0,10.1038/s41467-024-55359-8,PMC11686366,38196464.0,"Li P, Zhu Z, Wang Y, Zhang X, Yang C, Zhu Y, Zhou Z, Chao Y, Long Y, Gao Y, Liu S, Zhang L, Gao P, Qu Q. Substrate transport and drug interaction of human thiamine transporters SLC19A2/A3. Nat Commun. 2024 Dec 30;15(1). doi: 10.1038/s41467-024-55359-8.",16722836
3.05,8S5W,Cryo-EM structure of fedratinib-bound human SLC19A3 in inward-open state,ELECTRON MICROSCOPY,2TA,,16722836,Q9BZV2,80704,,,,,,16722836
3.1,8Z7U,SLC19A3-Fedratinib outward structure,ELECTRON MICROSCOPY,2TA,,16722836,Q9BZV2,80704,39738067.0,10.1038/s41467-024-55359-8,PMC11686366,38196464.0,"Li P, Zhu Z, Wang Y, Zhang X, Yang C, Zhu Y, Zhou Z, Chao Y, Long Y, Gao Y, Liu S, Zhang L, Gao P, Qu Q. Substrate transport and drug interaction of human thiamine transporters SLC19A2/A3. Nat Commun. 2024 Dec 30;15(1). doi: 10.1038/s41467-024-55359-8.",16722836
3.8,8XV9,Fedratinib-bound human SLC19A3,ELECTRON MICROSCOPY,2TA,,16722836,Q9BZV2|P0ABE7|4EA3_A,80704,38503960.0,10.1038/s41422-024-00951-2,PMC11143317,36955623.0,2024; 34(6):458-461,16722836
0.0,7FBS,structure of a channel,ELECTRON MICROSCOPY,4Y4|6OU|9Z9|NAG,,24139|184819|5283496|134817783,P15389,25665,34520724.0,10.1016/j.cell.2021.08.021,PMC8673466,4067045.0,"Jiang D, Banh R, Gamal El-Din TM, Tonggu L, Lenaeus MJ, Pomès R, Zheng N, Catterall WA. Open-state structure and pore gating mechanism of the cardiac sodium channel. Cell. 2021 Sep 30;184(20):5151–5162.e11. PMID: 34520724; PMCID: PMC8673466.",184819
2.71,4FEX,"Crystal structure of the aminoglycoside phosphotransferase APH(3')-Ia, with substrate kanamycin and small molecule inhibitor tyrphostin AG1478",X-RAY DIFFRACTION,KAN|ACT|NA|0TO,,6032|2051|175|923,,,23758273.0,10.1042/bj20130317,PMC3743924,3842506.0,"Stogios PJ, Spanogiannopoulos P, Evdokimova E, Egorova O, Shakya T, Todorovic N, Capretta A, Wright GD, Savchenko A. Structure-guided optimization of protein kinase inhibitors reverses aminoglycoside antibiotic resistance. Biochem J. 2013 Sep 01;454(2):191–200. PMID: 23758273; PMCID: PMC3743924.",2051
2.4,1XKK,EGFR kinase domain complexed with a quinazoline inhibitor- GW572016,X-RAY DIFFRACTION,PO4|FMM,,1061|208908,P00533|3IKA_A|3UG2_A|2RGP_A|2ITY_A|2JIU_A|3LZB_A|2ITO_A|2ITT_A|1XKK_A,1956,15374980.0,10.1158/0008-5472.can-04-1168,,11892442.0,"Wood ER, Truesdale AT, McDonald OB, Yuan D, Hassell A, Dickerson SH, Ellis B, Pennisi C, Horne E, Lackey K, Alligood KJ, Rusnak DW, Gilmer TM, Shewchuk L: A unique structure for epidermal growth factor receptor bound to GW572016 (Lapatinib): relationships among protein conformation, inhibitor off-rate, and receptor activity in tumor cells. Cancer Res. 2004 Sep 15;64(18):6652-9.",208908
2.8,3BBT,crystal structure of the ErbB4 kinase in complex with lapatinib,X-RAY DIFFRACTION,FMM,,208908,Q15303|2R4B_A|3BBT_B,2066,18334220.0,10.1016/j.str.2007.12.016,PMC2858219,4431938.0,"Qiu C, Tarrant MK, Choi SH, Sathyamurthy A, Bose R, Banjade S, Pal A, Bornmann WG, Lemmon MA, Cole PA, Leahy DJ. Mechanism of Activation and Inhibition of the HER4/ErbB4 Kinase. Structure. 2008 Mar;16(3):460–7. doi: 10.1016/j.str.2007.12.016.",208908
3.28,8ZBU,Cryo-EM structure of nanodisc-reconstituted human MRP4 withE1202Q mutation (in complex with lapatinib),ELECTRON MICROSCOPY,MG|ATP|FMM,,5957|888|208908,O15439,10257,40138312.0,10.1016/j.celrep.2025.115466,,38584138.0,"Xie Z, Lv J, Huang W, Wu Z, Zhu R, Deng Z, Long F. Structural basis for the reversal of human MRP4-mediated multidrug resistance by lapatinib. Cell Reports. 2025 Apr;44(4):115466. doi: 10.1016/j.celrep.2025.115466.",208908
0.0,8E56,Rabbit L-type voltage-gated calcium channel Cav1.1 in the presence of Amiodarone at 2.8 Angstrom resolution,ELECTRON MICROSCOPY,3PE|NAG|CA|BBI,,447078|271|24139|2157,P13806|P19518|P07293,100009105|100009263|100009585,36417914.0,10.1016/j.cell.2022.10.024,PMC9891081,34919279.0,"Yao X, Gao S, Wang J, Li Z, Huang J, Wang Y, Wang Z, Chen J, Fan X, Wang W, Jin X, Pan X, Yu Y, Lagrutta A, Yan N. Structural basis for the severe adverse interaction of sofosbuvir and amiodarone on L-type Cav channels. Cell. 2022 Dec 08;185(25):4801–4810.e13. PMID: 36417914; PMCID: PMC9891081.",2157
0.0,8E57,Rabbit L-type voltage-gated calcium channel Cav1.1 in the presence of Amiodarone and 100 microM MNI-1 at 2.8 Angstrom resolution,ELECTRON MICROSCOPY,NAG|WFR|CA|BBI,,165619086|271|24139|2157,P13806|P19518|P07293,100009105|100009263|100009585,36417914.0,10.1016/j.cell.2022.10.024,PMC9891081,34919279.0,"Yao X, Gao S, Wang J, Li Z, Huang J, Wang Y, Wang Z, Chen J, Fan X, Wang W, Jin X, Pan X, Yu Y, Lagrutta A, Yan N. Structural basis for the severe adverse interaction of sofosbuvir and amiodarone on L-type Cav channels. Cell. 2022 Dec 08;185(25):4801–4810.e13. PMID: 36417914; PMCID: PMC9891081.",2157
0.0,8E58,Rabbit L-type voltage-gated calcium channel Cav1.1 in the presence of Amiodarone and 1 mM MNI-1 at 3.0 Angstrom resolution,ELECTRON MICROSCOPY,NAG|WFR|CA|BBI,,165619086|271|24139|2157,P13806|P19518|P07293,100009105|100009263|100009585,36417914.0,10.1016/j.cell.2022.10.024,PMC9891081,34919279.0,"Yao X, Gao S, Wang J, Li Z, Huang J, Wang Y, Wang Z, Chen J, Fan X, Wang W, Jin X, Pan X, Yu Y, Lagrutta A, Yan N. Structural basis for the severe adverse interaction of sofosbuvir and amiodarone on L-type Cav channels. Cell. 2022 Dec 08;185(25):4801–4810.e13. PMID: 36417914; PMCID: PMC9891081.",2157
0.0,8E59,Human L-type voltage-gated calcium channel Cav1.3 in the presence of Amiodarone at 3.1 Angstrom resolution,ELECTRON MICROSCOPY,3PE|NAG|CA|BBI,,447078|271|24139|2157,P54289|P54284|Q01668,781|784|776,36417914.0,10.1016/j.cell.2022.10.024,PMC9891081,34919279.0,"Yao X, Gao S, Wang J, Li Z, Huang J, Wang Y, Wang Z, Chen J, Fan X, Wang W, Jin X, Pan X, Yu Y, Lagrutta A, Yan N. Structural basis for the severe adverse interaction of sofosbuvir and amiodarone on L-type Cav channels. Cell. 2022 Dec 08;185(25):4801–4810.e13. PMID: 36417914; PMCID: PMC9891081.",2157
0.0,8E5B,Human L-type voltage-gated calcium channel Cav1.3 in the presence of Amiodarone and Sofosbuvir at 3.3 Angstrom resolution,ELECTRON MICROSCOPY,NAG|CA|BBI|WG6,,271|24139|2157|45375808,P54289|P54284|Q01668,781|784|776,36417914.0,10.1016/j.cell.2022.10.024,PMC9891081,34919279.0,"Yao X, Gao S, Wang J, Li Z, Huang J, Wang Y, Wang Z, Chen J, Fan X, Wang W, Jin X, Pan X, Yu Y, Lagrutta A, Yan N. Structural basis for the severe adverse interaction of sofosbuvir and amiodarone on L-type Cav channels. Cell. 2022 Dec 08;185(25):4801–4810.e13. PMID: 36417914; PMCID: PMC9891081.",2157
2.0,4O8Z,"Crystal structure of human SIRT3 in complex with compound (2-butylbenzofuran-3-yl)(4-(2-(diethylamino)ethoxy)-3,5-diiodophenyl)methanone",X-RAY DIFFRACTION,BBI|ZN,,32051|2157,Q9NTG7,23410,,,,,,2157
3.21,5H4D,Crystal structure of hSIRT3 in complex with a specific agonist Amiodarone hydrochloride,X-RAY DIFFRACTION,PEG|ZN|FDL|NAD|MG|BBI,,10091262|32051|888|2157|5892|8117,Q9NTG7,23410,,,,,,2157
3.3,8FHS,Human L-type voltage-gated calcium channel Cav1.2 in the presence of amiodarone and sofosbuvir at 3.3 Angstrom resolution,ELECTRON MICROSCOPY,CA|BBI|NAG|CLR|3PE|WG6,,271|5997|45375808|2157|447078|24139,P54289|P54284|Q13936,781|784|775,37972591.0,10.1016/j.cell.2023.10.007,,36198004.0,"Gao S, Yao X, Chen J, Huang G, Fan X, Xue L, Li Z, Wu T, Zheng Y, Huang J, Jin X, Wang Y, Wang Z, Yu Y, Liu L, Pan X, Song C, Yan N. Structural basis for human Cav1.2 inhibition by multiple drugs and the neurotoxin calciseptine. Cell. 2023 Nov 22;186(24):5363–5374.e16. doi: 10.1016/j.cell.2023.10.007. PMID: 37972591.",2157
2.7,4G0U,Human topoisomerase IIbeta in complex with DNA and amsacrine,X-RAY DIFFRACTION,ASW|MG,,2179|888,Q02880,7155.0,24038465.0,10.1093/nar/gkt828,PMC3905874,24928954.0,"Wu CC, Li YC, Wang YR, Li TK, Chan NL. On the structural basis and design guidelines for type II topoisomerase-targeting anticancer drugs. Nucleic Acids Res. 2013 Dec;41(22):10630–40. PMID: 24038465; PMCID: PMC3905874.",2179
2.76,8YGE,pP1192R-DNA-m-AMSA complex DNA binding/cleavage domain,ELECTRON MICROSCOPY,ASW|MG,,2179|888,,,39166497.0,10.1093/nar/gkae703,PMC11472052,37652930.0,"Liu R, Sun J, Li LF, Cheng Y, Li M, Fu L, Li S, Peng G, Wang Y, Liu S, Qu X, Ran J, Li X, Pang E, Qiu HJ, Wang Y, Qi J, Wang H, Gao GF. Structural basis for difunctional mechanism of m-AMSA against African swine fever virus pP1192R. Nucleic Acids Res. 2024 Oct 14;52(18):11301–16. PMID: 39166497; PMCID: PMC11472052.",2179
3.0,8J9X,Cryo-EM structure of the African swine fever virus topoisomerase 2 complexed with Cut02aDNA and m-AMSA (EDI-3),ELECTRON MICROSCOPY,MG|ASW,,2179|888,,,,,,,,2179
3.16,8YO7,structure of phage T6 topoisomerase II central domain bound with DNA and m-AMSA,ELECTRON MICROSCOPY,ASW|MG,,2179|888,P07065,1258768.0,,,,,,2179
3.23,8JEM,DltB tetramer in complex with inhibitor m-AMSA,ELECTRON MICROSCOPY,PGT|ASW|DGA|LMT,,9543705|2179|16040248|114880,Q5M4V4,66898660.0,,,,,,2179
2.15,7KXT,Crystal structure of human EED,X-RAY DIFFRACTION,UNX|XB7,,2247,O75530|3K27_A|3JZG_A,8726,34077206.0,10.1021/acs.jmedchem.0c02261,,33172605.0,"Du D, Xu D, Zhu L, Stazi G, Zwergel C, Liu Y, Luo Z, Li Y, Zhang Y, Zhu K, Ding Y, Liu J, Fan S, Zhao K, Zhang N, Kong X, Jiang H, Chen K, Zhao K, Valente S, Min J, Duan W, Luo C. Structure-Guided Development of Small-Molecule PRC2 Inhibitors Targeting EZH2-EED Interaction. J Med Chem. 2021 Jun 24;64(12):8194–207. doi: 10.1021/acs.jmedchem.0c02261. PMID: 34077206.",2247
2.78,9IML,Sertraline enhances the deubiquitinase activity of USP7 by binding to its switching loop region,X-RAY DIFFRACTION,XB7,,2247,Q93009|2XXN_A|P62979,7874|6233,39999290.0,10.1021/acs.jmedchem.5c00032,,38440836.0,"Shi L, Xu Z, Chen X, Meng Q, Zhou H, Xiong B, Zhang N. Sertraline and Astemizole Enhance the Deubiquitinase Activity of USP7 by Binding to Its Switching Loop Region. J. Med. Chem. 2025 Feb 25;68(5):5874–90. doi: 10.1021/acs.jmedchem.5c00032.",2247
3.0,8X5Y,CryoEM structure of the histamine H1 receptor-BRIL/Anti BRIL Fab complex with astemizole,ELECTRON MICROSCOPY,XB7,,2247,P0ABE7|4EA3_A|P35367,3269,38167898.0,10.1038/s41467-023-44477-4,PMC10762250,36695503.0,"Wang D, Guo Q, Wu Z, Li M, He B, Du Y, Zhang K, Tao Y. Molecular mechanism of antihistamines recognition and regulation of the histamine H1 receptor. Nat Commun. 2024 Jan 02;15(1):84. PMID: 38167898; PMCID: PMC10762250.",2247
3.29,8ZYO,Cryo-EM Structure of astemizole-bound hERG Channel,ELECTRON MICROSCOPY,XB7,,2247,Q12809,3757,,,,,,2247
1.85,7TE7,Estrogen Receptor Alpha Ligand Binding Domain in Complex with RAD1901,X-RAY DIFFRACTION,I0V,,23642301,P03372|1SJ0_A|2IOK_A|2IOG_A|1UOM_A|1QKT_A|1PCG_A|1QKU_A|4DMA_A|1ZKY_A|1X7E_A|2P15_A|1GWQ_A,2099,,,,,,23642301
1.54,4IJ0,"Structures of DNA duplexes containing O6-carboxymethylguanine, a lesion associated with gastrointestinal cancer, reveal a mechanism for inducing transition mutation",X-RAY DIFFRACTION,SR|HT,,2392|104798,,,23580550.0,10.1093/nar/gkt198,PMC3664797,23545739.0,"Zhang F, Suzuki K, Tsunoda M, Wilkinson O, Millington CL, Williams DM, Morishita EC, Takenaka A. Structures of DNA duplexes containing O6-carboxymethylguanine, a lesion associated with gastrointestinal cancer, reveal a mechanism for inducing transition mutation. 2013 May 08;(). doi: 10.2210/pdb4itd/pdb.",2392
1.6,4O5W,O6-carboxymethylguanine in DNA forms a sequence context dependent wobble base pair structure with thymine,X-RAY DIFFRACTION,MG|SR|HT,,2392|104798|888,,,24914978.0,10.1107/s1399004714006178,,8727677.0,"Zhang F, Tsunoda M, Kikuchi Y, Wilkinson O, Millington CL, Margison GP, Williams DM, Takénaka A. <i>O</i><sup>6</sup>-Carboxymethylguanine in DNA forms a sequence context-dependent wobble base-pair structure with thymine. Acta Crystallogr D Biol Crystallogr. 2014 May 30;70(6):1669–79. doi: 10.1107/s1399004714006178.",2392
1.6,4O5X,O6-carboxymethylguanine in DNA forms a sequence context dependent wobble base pair structure with thymine.,X-RAY DIFFRACTION,MG|HT,,2392|888,,,24914978.0,10.1107/s1399004714006178,,8727677.0,"Zhang F, Tsunoda M, Kikuchi Y, Wilkinson O, Millington CL, Margison GP, Williams DM, Takénaka A. <i>O</i><sup>6</sup>-Carboxymethylguanine in DNA forms a sequence context-dependent wobble base-pair structure with thymine. Acta Crystallogr D Biol Crystallogr. 2014 May 30;70(6):1669–79. doi: 10.1107/s1399004714006178.",2392
1.9,1D45,"DNA DODECAMER C-G-C-G-A-A-T-T-C-G-C-G/HOECHST 33258 COMPLEX:-25 DEGREES C, PIPERAZINE DOWN",X-RAY DIFFRACTION,MG|HT,,2392|888,,,1718416.0,10.1021/bi00106a030,,19079614.0,"Quintana JR, Lipanov AA, Dickerson RE. Low-temperature crystallographic analyses of the binding of Hoechst 33258 to the double-helical DNA dodecamer C-G-C-G-A-A-T-T-C-G-C-G. Biochemistry. 1991 Oct 22;30(42):10294–306. doi: 10.1021/bi00106a030. PMID: 1718416.",2392
1.94,4ITD,"Structures of DNA duplexes containing O6-carboxymethylguanine, a lesion associated with gastrointestinal cancer, reveal a mechanism for inducing transition mutation",X-RAY DIFFRACTION,HT|MG,,2392|888,,,23580550.0,10.1093/nar/gkt198,PMC3664797,23545739.0,"Zhang F, Suzuki K, Tsunoda M, Wilkinson O, Millington CL, Williams DM, Morishita EC, Takenaka A. Structures of DNA duplexes containing O6-carboxymethylguanine, a lesion associated with gastrointestinal cancer, reveal a mechanism for inducing transition mutation. 2013 May 08;(). doi: 10.2210/pdb4itd/pdb.",2392
1.95,3AJK,Crystal structure of d(CGCGGATf5UCGCG): 5-Formyluridine:Guanosine Base-pair in B-DNA with Hoechst33258,X-RAY DIFFRACTION,MG|HT,,2392|888,,,20976303.0,10.4061/2010/107289,PMC2952808,30241930.0,"Tsunoda M, Sakaue T, Naito S, Sunami T, Abe N, Ueno Y, Matsuda A, Takénaka A. Insights into the structures of DNA damaged by hydroxyl radical: crystal structures of DNA duplexes containing 5-formyluracil. J Nucleic Acids. 2010 Oct 07;2010():107289. PMID: 20976303; PMCID: PMC2952808.",2392
2.0,127D,DNA (5'-D(*CP*GP*CP*GP*AP*AP*TP*TP*CP*GP*CP*G)-3') COMPLEXED WITH HOECHST 33258,X-RAY DIFFRACTION,HT,,2392,,,1371249.0,10.1002/j.1460-2075.1992.tb05045.x,PMC556443,8952081.0,1992; 11(1):225-232,2392
2.0,1D43,"DNA DODECAMER C-G-C-G-A-A-T-T-C-G-C-G/HOECHST 33258 COMPLEX: 0 DEGREES C, PIPERAZINE UP",X-RAY DIFFRACTION,HT|MG,,2392|888,,,1718416.0,10.1021/bi00106a030,,19079614.0,"Quintana JR, Lipanov AA, Dickerson RE. Low-temperature crystallographic analyses of the binding of Hoechst 33258 to the double-helical DNA dodecamer C-G-C-G-A-A-T-T-C-G-C-G. Biochemistry. 1991 Oct 22;30(42):10294–306. doi: 10.1021/bi00106a030. PMID: 1718416.",2392
2.0,1D44,"DNA DODECAMER C-G-C-G-A-A-T-T-C-G-C-G/HOECHST 33258 COMPLEX: 0 DEGREES C, PIPERAZINE DOWN",X-RAY DIFFRACTION,HT|MG,,2392|888,,,1718416.0,10.1021/bi00106a030,,19079614.0,"Quintana JR, Lipanov AA, Dickerson RE. Low-temperature crystallographic analyses of the binding of Hoechst 33258 to the double-helical DNA dodecamer C-G-C-G-A-A-T-T-C-G-C-G. Biochemistry. 1991 Oct 22;30(42):10294–306. doi: 10.1021/bi00106a030. PMID: 1718416.",2392
2.0,1D46,"DNA DODECAMER C-G-C-G-A-A-T-T-C-G-C-G/HOECHST 33258 COMPLEX:-100 DEGREES C, PIPERAZINE DOWN",X-RAY DIFFRACTION,HT|MG,,2392|888,,,1718416.0,10.1021/bi00106a030,,19079614.0,"Quintana JR, Lipanov AA, Dickerson RE. Low-temperature crystallographic analyses of the binding of Hoechst 33258 to the double-helical DNA dodecamer C-G-C-G-A-A-T-T-C-G-C-G. Biochemistry. 1991 Oct 22;30(42):10294–306. doi: 10.1021/bi00106a030. PMID: 1718416.",2392
2.15,269D,STRUCTURAL STUDIES ON NUCLEIC ACIDS,X-RAY DIFFRACTION,HT|MG,,2392|888,,,,,,,,2392
2.2,8BNA,BINDING OF HOECHST 33258 TO THE MINOR GROOVE OF B-DNA,X-RAY DIFFRACTION,MG|HT,,2392|888,,,2445998.0,10.1016/0022-2836(87)90123-9,,737214.0,"Pjura PE, Grzeskowiak K, Dickerson RE. Binding of Hoechst 33258 to the minor groove of B-DNA. Journal of Molecular Biology. 1987 Sep;197(2):257–71. doi: 10.1016/0022-2836(87)90123-9.",2392
2.25,1DNH,THE MOLECULAR STRUCTURE OF THE COMPLEX OF HOECHST 33258 AND THE DNA DODECAMER D(CGCGAATTCGCG),X-RAY DIFFRACTION,HT,,2392,,,2452403.0,10.1093/nar/16.6.2671,PMC336397,743609.0,"Teng MK, Usman N, Frederick CA, Wang AH. The molecular structure of the complex of Hoechst 33258 and the DNA dodecamer d(CGCGAATTCGCG). Nucleic Acids Res. 1988 Mar 25;16(6):2671–90. PMID: 2452403; PMCID: PMC336397.",2392
2.25,296D,SEQUENCE-DEPENDENT EFFECTS IN DRUG-DNA INTERACTION: THE CRYSTAL STRUCTURE OF HOECHST 33258 BOUND TO THE D(CGCAAATTTGCG)2 DUPLEX,X-RAY DIFFRACTION,HT,,2392,,,7515488.0,10.1093/nar/22.9.1607,PMC308036,9716284.0,"Spink N, Brown DG, Skelly JV, Neidle S. Sequence-dependent effects in drug-DNA interaction: the crystal structure of Hoechst 33258 bound to the d(CGCAAATTTGCG)2 duplex. Nucleic Acids Res. 1994 May 11;22(9):1607–12. PMID: 7515488; PMCID: PMC308036.",2392
2.44,264D,THREE-DIMENSIONAL CRYSTAL STRUCTURE OF THE A-TRACT DNA DODECAMER D(CGCAAATTTGCG) COMPLEXED WITH THE MINOR-GROOVE-BINDING DRUG HOECHST 33258,X-RAY DIFFRACTION,HT,,2392,,,7517864.0,10.1111/j.1432-1033.1994.tb18917.x,,9718655.0,"VEGA MC, GARCÍA SÁEZ I, AYMAMÍ J, ERITJA R, VAN DER MAREL GA, VAN BOOM JH, RICH A, COLL M. Three-dimensional crystal structure of the A-tract DNA dodecamer d(CGCAAATTTGCG) complexed with the minor-groove-binding drug Hoechst 33258. European Journal of Biochemistry. 1994 Jun;222(3):721–6. doi: 10.1111/j.1432-1033.1994.tb18917.x.",2392
2.5,128D,MOLECULAR STRUCTURE OF D(CGC[E6G]AATTCGCG) COMPLEXED WITH HOECHST 33258,X-RAY DIFFRACTION,HT,,2392,,,1371249.0,10.1002/j.1460-2075.1992.tb05045.x,PMC556443,8952081.0,1992; 11(1):225-232,2392
2.9,3N4O,"Insights into the stabilizing contributions of a bicyclic cytosine analogue: crystal structures of DNA duplexes containing 7,8-dihydropyrido[2,3-d]pyrimidin-2-one",X-RAY DIFFRACTION,HT,,2392,,,20554855.0,10.1093/nar/gkq519,PMC2965239,20787150.0,"Magat Juan EC, Shimizu S, Ma X, Kurose T, Haraguchi T, Zhang F, Tsunoda M, Ohkubo A, Sekine M, Shibata T, Millington CL, Williams DM, Takénaka A. Insights into the DNA stabilizing contributions of a bicyclic cytosine analogue: crystal structures of DNA duplexes containing 7,8-dihydropyrido [2,3-d]pyrimidin-2-one. Nucleic Acids Res. 2010 Oct;38(19):6737–45. PMID: 20554855; PMCID: PMC2965239.",2392
2.9,3GJJ,"crystal structure of a DNA duplex containing 7,8-dihydropyridol[2,3-d]pyrimidin-2-one",X-RAY DIFFRACTION,HT,,2392,,,,,,,,2392
,1QSX,SOLUTION NMR STRUCTURE OF THE 2:1 HOECHST 33258-D(CTTTTGCAAAAG)2 COMPLEX,SOLUTION NMR,HT|NA,,923|2392,,,10637324.0,10.1093/nar/28.3.728,PMC102559,6378825.0,"Gavathiotis E, Sharman GJ, Searle MS. Sequence-dependent variation in DNA minor groove width dictates orientational preference of Hoechst 33258 in A-tract recognition: solution NMR structure of the 2:1 complex with d(CTTTTGCAAAAG)(2). Nucleic Acids Res. 2000 Feb 01;28(3):728–35. PMID: 10637324; PMCID: PMC102559.",2392
1.8,2BIK,Human Pim1 phosphorylated on Ser261,X-RAY DIFFRACTION,CL|BI1,,2396|312,2XIX_A|3R00_A|2XJ0_A|3CY2_A|2J2I_B|3C4E_A|P11309|4A7C_A|3F2A_A|2XIY_A|2OBJ_A|3DCV_A|2O3P_A|1YHS_A|3BWF_A|3JPV_A|3UIX_A|4DTK_A|3MA3_A,5292,,,,,,2396
1.8,1XWS,Crystal Structure of the human PIM1 kinase domain,X-RAY DIFFRACTION,SO4|BI1,,2396|1117,2XIX_A|3R00_A|2XJ0_A|3CY2_A|2J2I_B|3C4E_A|P11309|4A7C_A|3F2A_A|2XIY_A|2OBJ_A|3DCV_A|2O3P_A|1YHS_A|3BWF_A|3JPV_A|3UIX_A|4DTK_A|3MA3_A,5292,,,,,,2396
2.5,1UU8,Structure of human PDK1 kinase domain in complex with BIM-1,X-RAY DIFFRACTION,SO4|GOL|BI1,,753|2396|1117,O15530|2XCH_A|3H9O_A|3QC4_A|2XCK_A|1Z5M_A|3NUS_A|3RWQ_A|1UVR_A|1W1D_A|3HRF_A|1UU9_A|1OKY_A|3RWP_A|2R7B_A|3IOP_A,5170,14962382.0,10.1016/j.str.2004.01.005,,28785280.0,"Komander D, Kular GS, Schüttelkopf AW, Deak M, Prakash KR, Bain J, Elliott M, Garrido-Franco M, Kozikowski AP, Alessi DR, van Aalten DM. Interactions of LY333531 and other bisindolyl maleimide inhibitors with PDK1. Structure. 2004 Feb;12(2):215–26. doi: 10.1016/j.str.2004.01.005. PMID: 14962382.",2396
2.55,2BIL,The human protein kinase Pim1 in complex with its consensus peptide Pimtide,X-RAY DIFFRACTION,BI1,,2396,2XIX_A|3R00_A|2XJ0_A|3CY2_A|2J2I_B|3C4E_A|P11309|4A7C_A|3F2A_A|2XIY_A|2OBJ_A|3DCV_A|2O3P_A|1YHS_A|3BWF_A|3JPV_A|3UIX_A|4DTK_A|3MA3_A,5292,,,,,,2396
3.0,1ZRZ,Crystal Structure of the Catalytic Domain of Atypical Protein Kinase C-iota,X-RAY DIFFRACTION,BI1,,2396,P41743|1ZRZ_A,5584,16125198.0,10.1016/j.jmb.2005.07.060,,14617683.0,"Messerschmidt A, Macieira S, Velarde M, Bädeker M, Benda C, Jestel A, Brandstetter H, Neuefeind T, Blaesse M. Crystal structure of the catalytic domain of human atypical protein kinase C-iota reveals interaction mode of phosphorylation site in turn motif. J Mol Biol. 2005 Sep 30;352(4):918–31. doi: 10.1016/j.jmb.2005.07.060. PMID: 16125198.",2396
3.25,4BN5,Structure of human SIRT3 in complex with SRT1720 inhibitor,X-RAY DIFFRACTION,GOL|CNA|ZN|SR7,,163884|32051|24180125|753,Q9NTG7,23410,23897466.0,10.1107/s0907444913015448,,16791773.0,"Nguyen GT, Schaefer S, Gertz M, Weyand M, Steegborn C. Structures of human sirtuin 3 complexes with ADP-ribose and with carba-NAD+ and SRT1720: binding details and inhibition mechanism. Acta Crystallogr D Biol Crystallogr. 2013 Aug;69(Pt 8):1423–32. doi: 10.1107/s0907444913015448. PMID: 23897466.",24180125
2.03,5BPP,Structure of human Leukotriene A4 hydrolase in complex with inhibitor 4AZ,X-RAY DIFFRACTION,A4Z|ACT|ZN|YB,,175|2466|32051|105055,3B7R_L|3CHO_A|P09960|2R59_A,4048,27126280.0,10.1038/srep25298,PMC4850449,513175.0,2016; 6(1):25298,2466
1.798,7WF5,c-Src in complex with ponatinib,X-RAY DIFFRACTION,0LI,,24826799,P00523|3SVV_A|1PRL_C|3U4W_A|3G6H_B|2QQ7_A|2OIQ_A|2HWO_A,396442,35151199.0,10.1016/j.bbrc.2022.02.001,,29850072.0,"Guo M, Duan Y, Dai S, Li J, Chen X, Qu L, Chen Z, Wei H, Jiang L, Chen Y. Structural study of ponatinib in inhibiting SRC kinase. Biochemical and Biophysical Research Communications. 2022 Apr;598():15–9. doi: 10.1016/j.bbrc.2022.02.001.",24826799
1.85,4UXQ,FGFR4 in complex with Ponatinib,X-RAY DIFFRACTION,SO4|0LI,,24826799|1117,P22455,2264,25465127.0,10.1016/j.str.2014.09.019,,22211490.0,"Tucker JA, Klein T, Breed J, Breeze AL, Overman R, Phillips C, Norman RA. Structural insights into FGFR kinase isoform selectivity: diverse binding modes of AZD4547 and ponatinib in complex with FGFR1 and FGFR4. Structure. 2014 Dec 02;22(12):1764–74. doi: 10.1016/j.str.2014.09.019. PMID: 25465127.",24826799
1.9,3IK3,"AP24534, a Pan-BCR-ABL Inhibitor for Chronic Myeloid Leukemia, Potently Inhibits the T315I Mutant and Overcomes Mutation-Based Resistance",X-RAY DIFFRACTION,0LI,,24826799,P00520|1IEP_A|2Z60_A|3OY3_A|3OXZ_A|2QOH_A,11350,19878872.0,10.1016/j.ccr.2009.09.028,PMC2804470,25145674.0,"O'Hare T, Shakespeare WC, Zhu X, Eide CA, Rivera VM, Wang F, Adrian LT, Zhou T, Huang WS, Xu Q, Metcalf CA 3rd, Tyner JW, Loriaux MM, Corbin AS, Wardwell S, Ning Y, Keats JA, Wang Y, Sundaramoorthi R, Thomas M, Zhou D, Snodgrass J, Commodore L, Sawyer TK, Dalgarno DC, Deininger MW, Druker BJ, Clackson T: AP24534, a pan-BCR-ABL inhibitor for chronic myeloid leukemia, potently inhibits the T315I mutant and overcomes mutation-based resistance. Cancer Cell. 2009 Nov 6;16(5):401-12. doi: 10.1016/j.ccr.2009.09.028.",24826799
1.901,4QRC,Crystal Structure of the Tyrosine Kinase Domain of FGF Receptor 4 in Complex with Ponatinib,X-RAY DIFFRACTION,SO4|0LI,,24826799|1117,P22455,2264,25317566.0,10.1021/cb500674s,PMC4301177,5262163.0,"Huang Z, Tan L, Wang H, Liu Y, Blais S, Deng J, Neubert TA, Gray NS, Li X, Mohammadi M. DFG-out mode of inhibition by an irreversible type-1 inhibitor capable of overcoming gate-keeper mutations in FGF receptors. ACS Chem Biol. 2015 Jan 16;10(1):299–309. PMID: 25317566; PMCID: PMC4301177.",24826799
1.92,3ZOS,Structure of the DDR1 kinase domain in complex with ponatinib,X-RAY DIFFRACTION,EDO|0LI,,24826799|174,Q08345,780,24768818.0,10.1016/j.jmb.2014.04.014,PMC4058747,33680448.0,"Canning P, Tan L, Chu K, Lee SW, Gray NS, Bullock AN. Structural Mechanisms Determining Inhibition of the Collagen Receptor DDR1 by Selective and Multi-Targeted Type II Kinase Inhibitors. Journal of Molecular Biology. 2014 Jun;426(13):2457–70. doi: 10.1016/j.jmb.2014.04.014.",24826799
1.94,6TU9,The ROR1 Pseudokinase Domain Bound To Ponatinib,X-RAY DIFFRACTION,0LI,,24826799,Q01973,4919,32619402.0,10.1016/j.molcel.2020.06.018,PMC7543951,29121137.0,"Sheetz JB, Mathea S, Karvonen H, Malhotra K, Chatterjee D, Niininen W, Perttilä R, Preuss F, Suresh K, Stayrook SE, Tsutsui Y, Radhakrishnan R, Ungureanu D, Knapp S, Lemmon MA. Structural Insights into Pseudokinase Domains of Receptor Tyrosine Kinases. Molecular Cell. 2020 Aug;79(3):390–405.e7. doi: 10.1016/j.molcel.2020.06.018.",24826799
2.0,4U0I,Crystal structure of KIT in complex with ponatinib,X-RAY DIFFRACTION,PO4|0LI,,1061|24826799,P10721|3G0E_A|3G0F_A,3815,25239608.0,10.1158/1078-0432.ccr-14-1397,PMC4233175,19512521.0,"Garner AP, Gozgit JM, Anjum R, Vodala S, Schrock A, Zhou T, Serrano C, Eilers G, Zhu M, Ketzer J, Wardwell S, Ning Y, Song Y, Kohlmann A, Wang F, Clackson T, Heinrich MC, Fletcher JA, Bauer S, Rivera VM. Ponatinib inhibits polyclonal drug-resistant KIT oncoproteins and shows therapeutic potential in heavily pretreated gastrointestinal stromal tumor (GIST) patients. Clin Cancer Res. 2014 Nov 15;20(22):5745–55. PMID: 25239608; PMCID: PMC4233175.",24826799
2.11,6P3D,The co-crystal structure of BRAF(V600E) with ponatinib,X-RAY DIFFRACTION,SO4|EDO|0LI|NH4,,223|24826799|174|1117,P15056|4DBN_A|3OG7_A|3IDP_B|3C4C_A|3II5_A|3D4Q_A|3Q96_A,673,32873792.0,10.1038/s41467-020-18123-2,PMC7462985,21676426.0,"Cotto-Rios XM, Agianian B, Gitego N, Zacharioudakis E, Giricz O, Wu Y, Zou Y, Verma A, Poulikakos PI, Gavathiotis E. Inhibitors of BRAF dimers using an allosteric site. Nature Communications. 2020 Sep 01;11(1):4370. doi: 10.1038/s41467-020-18123-2.",24826799
2.12,4V04,FGFR1 in complex with ponatinib.,X-RAY DIFFRACTION,0LI|SO4|EDO,,24826799|174|1117,2I0V_A|4F63_A|P11362|3TT0_A|1AGW_A|3RHX_B|3C4F_A,2260,25465127.0,10.1016/j.str.2014.09.019,,22211490.0,"Tucker JA, Klein T, Breed J, Breeze AL, Overman R, Phillips C, Norman RA. Structural insights into FGFR kinase isoform selectivity: diverse binding modes of AZD4547 and ponatinib in complex with FGFR1 and FGFR4. Structure. 2014 Dec 02;22(12):1764–74. doi: 10.1016/j.str.2014.09.019. PMID: 25465127.",24826799
2.2,3OXZ,Crystal structure of ABL kinase domain bound with a DFG-out inhibitor AP24534,X-RAY DIFFRACTION,0LI,,24826799,P00520|1IEP_A|2Z60_A|3OY3_A|3OXZ_A|2QOH_A,11350,21118377.0,10.1111/j.1747-0285.2010.01054.x,,20123817.0,Zhou T et al; Chem Biol Drug Des 77 (1): 1-11 (2011),24826799
2.33,4V01,FGFR1 in complex with ponatinib (co-crystallisation).,X-RAY DIFFRACTION,0LI|SO4|EDO,,24826799|174|1117,2I0V_A|4F63_A|P11362|3TT0_A|1AGW_A|3RHX_B|3C4F_A,2260,25465127.0,10.1016/j.str.2014.09.019,,22211490.0,"Tucker JA, Klein T, Breed J, Breeze AL, Overman R, Phillips C, Norman RA. Structural insights into FGFR kinase isoform selectivity: diverse binding modes of AZD4547 and ponatinib in complex with FGFR1 and FGFR4. Structure. 2014 Dec 02;22(12):1764–74. doi: 10.1016/j.str.2014.09.019. PMID: 25465127.",24826799
2.414,6EG9,IRAK4 in complex with Ponatinib,X-RAY DIFFRACTION,SO4|CO|0LI,,104729|24826799|1117,2OIC_A|Q9NWZ3,51135,30679311.0,10.1074/jbc.ra118.005428,PMC6433055,30443640.0,"Wang L, Ferrao R, Li Q, Hatcher JM, Choi HG, Buhrlage SJ, Gray NS, Wu H. Conformational flexibility and inhibitor binding to unphosphorylated interleukin-1 receptor–associated kinase 4 (IRAK4). Journal of Biological Chemistry. 2019 Mar;294(12):4511–9. doi: 10.1074/jbc.ra118.005428.",24826799
2.45,4TYJ,Structural analysis of the human Fibroblast Growth Factor Receptor 4 Kinase,X-RAY DIFFRACTION,PO4|EDO|0LI,,1061|24826799|174,P22455,2264,25219510.0,10.1016/j.jmb.2014.09.004,,5954254.0,"Lesca E, Lammens A, Huber R, Augustin M. Structural Analysis of the Human Fibroblast Growth Factor Receptor 4 Kinase. Journal of Molecular Biology. 2014 Nov;426(22):3744–56. doi: 10.1016/j.jmb.2014.09.004.",24826799
2.49,7OTE,Src Kinase Domain in complex with ponatinib,X-RAY DIFFRACTION,GOL|TRS|0LI,,3777159|24826799|753,2BDF_A|1O4F_A|P12931|1A07_B|1O41_A|2H8H_A|1Y57_A,6714,,,,,,24826799
2.75,4C8B,Structure of the kinase domain of human RIPK2 in complex with ponatinib,X-RAY DIFFRACTION,EDO|0LI,,24826799|174,O43353,8767,26320862.0,10.1016/j.chembiol.2015.07.017,PMC4579271,1837398.0,"Canning P, Ruan Q, Schwerd T, Hrdinka M, Maki J, Saleh D, Suebsuwong C, Ray S, Brennan P, Cuny G, Uhlig H, Gyrd-Hansen M, Degterev A, Bullock A. Inflammatory Signaling by NOD-RIPK2 Is Inhibited by Clinically Relevant Type II Kinase Inhibitors. Chemistry & Biology. 2015 Sep;22(9):1174–84. doi: 10.1016/j.chembiol.2015.07.017.",24826799
3.4,8U8A,Cryo-EM structure of LRRK2 bound to type II inhibitor ponatinib,ELECTRON MICROSCOPY,0LI|GDP,,24826799|135398619,Q5S007,120892,38263358.0,10.1038/s41421-023-00639-8,PMC10897174,36789619.0,2024; 10(1):23,24826799
2.22,5FTO,Crystal structure of the ALK kinase domain in complex with Entrectinib,X-RAY DIFFRACTION,YMX,,25141092,Q9UM73|3AOX_A|4FOB_A|2XB7_A|4DCE_A|2XP2_A,238,27003761.0,10.1021/acs.jmedchem.6b00064,,15475139.0,"Menichincheri M, Ardini E, Magnaghi P, Avanzi N, Banfi P, Bossi R, Buffa L, Canevari G, Ceriani L, Colombo M, Corti L, Donati D, Fasolini M, Felder E, Fiorelli C, Fiorentini F, Galvani A, Isacchi A, Borgia AL, Marchionni C, Nesi M, Orrenius C, Panzeri A, Pesenti E, Rusconi L, Saccardo MB, Vanotti E, Perrone E, Orsini P. Discovery of Entrectinib: A New 3-Aminoindazole As a Potent Anaplastic Lymphoma Kinase (ALK), c-ros Oncogene 1 Kinase (ROS1), and Pan-Tropomyosin Receptor Kinases (Pan-TRKs) inhibitor. J Med Chem. 2016 Apr 14;59(7):3392–408. doi: 10.1021/acs.jmedchem.6b00064. PMID: 27003761.",25141092
2.45,5KVT,THE STRUCTURE OF TRKA KINASE DOMAIN BOUND TO THE INHIBITOR ENTRECTINIB,X-RAY DIFFRACTION,YMX|GOL,,25141092|753,P04629,4914,,,,,,25141092
2.4,3FPD,G9a-like protein lysine methyltransferase inhibition by BIX-01294,X-RAY DIFFRACTION,ZN|Q4A|SAH,,32051|439155|25150857,Q9H9B1|3FPD_A|3MO0_A,79813,19219047.0,10.1038/nsmb.1560,PMC2676930,25517861.0,"Chang Y, Zhang X, Horton JR, Upadhyay AK, Spannhoff A, Liu J, Snyder JP, Bedford MT, Cheng X. Structural basis for G9a-like protein lysine methyltransferase inhibition by BIX-01294. Nat Struct Mol Biol. 2009 Feb 15;16(3):312–7. doi: 10.1038/nsmb.1560.",25150857
2.7,3L08,Structure of Pi3K gamma with a potent inhibitor: GSK2126458,X-RAY DIFFRACTION,ZIG|SO4,,25167777|1117,P48736|2A4Z_A|4ANU_A|4DK5_A|3QAQ_A|3CST_A|4ANV_A|3APC_A|3NZS_A|3DBS_A|3L54_A|4ANX_A,5294,24900173.0,10.1021/ml900028r,PMC4007793,8713702.0,"Knight SD, Adams ND, Burgess JL, Chaudhari AM, Darcy MG, Donatelli CA, Luengo JI, Newlander KA, Parrish CA, Ridgers LH, Sarpong MA, Schmidt SJ, Van Aller GS, Carson JD, Diamond MA, Elkins PA, Gardiner CM, Garver E, Gilbert SA, Gontarek RR, Jackson JR, Kershner KL, Luo L, Raha K, Sherk CS, Sung CM, Sutton D, Tummino PJ, Wegrzyn RJ, Auger KR, Dhanak D. Discovery of GSK2126458, a Highly Potent Inhibitor of PI3K and the Mammalian Target of Rapamycin. ACS Med Chem Lett. 2010 Apr 08;1(1):39–43. PMID: 24900173; PMCID: PMC4007793.",25167777
1.2,4R1V,Identification and optimization of pyridazinones as potent and selective c-Met kinase inhibitors,X-RAY DIFFRACTION,GBL|3E8,,25171648|7302,3F66_A|4GG5_A|3LQ8_A|3DKF_A|3DKG_A|P08581|3I5N_A|2RFN_A|3C1X_A|3RHK_A|1R0P_A|3QTI_A|2WGJ_A|2WD1_A|3CE3_A|3Q6W_A|3A4P_A,4233,25736998.0,10.1016/j.bmcl.2015.02.002,,25652019.0,"Dorsch D, Schadt O, Stieber F, Meyring M, Grädler U, Bladt F, Friese-Hamim M, Knühl C, Pehl U, Blaukat A. Identification and optimization of pyridazinones as potent and selective c-Met kinase inhibitors. Bioorganic & Medicinal Chemistry Letters. 2015 Apr;25(7):1597–602. doi: 10.1016/j.bmcl.2015.02.002.",25171648
2.14,8AW1,c-MET Y1235D mutant in complex with Tepotinib,X-RAY DIFFRACTION,3E8,,25171648,3F66_A|4GG5_A|3LQ8_A|3DKF_A|3DKG_A|P08581|3I5N_A|2RFN_A|3C1X_A|3RHK_A|1R0P_A|3QTI_A|2WGJ_A|2WD1_A|3CE3_A|3Q6W_A|3A4P_A,4233,,,,,,25171648
2.26,8AU3,"c-MET Y1234E,Y1235E mutant in complex with Tepotinib",X-RAY DIFFRACTION,3E8|PEG|PG4,,25171648|8200|8117,3F66_A|4GG5_A|3LQ8_A|3DKF_A|3DKG_A|P08581|3I5N_A|2RFN_A|3C1X_A|3RHK_A|1R0P_A|3QTI_A|2WGJ_A|2WD1_A|3CE3_A|3Q6W_A|3A4P_A,4233,,,,,,25171648
2.72,8AU5,c-MET F1200I mutant in complex with Tepotinib,X-RAY DIFFRACTION,CL|3E8|EDO,,174|25171648|312,3F66_A|4GG5_A|3LQ8_A|3DKF_A|3DKG_A|P08581|3I5N_A|2RFN_A|3C1X_A|3RHK_A|1R0P_A|3QTI_A|2WGJ_A|2WD1_A|3CE3_A|3Q6W_A|3A4P_A,4233,,,,,,25171648
1.14,7Q11,Crystal structure of CTX-M-14 in complex with Ixazomib,X-RAY DIFFRACTION,SO4|CL|DMS|6V8,,679|25183872|312|1117,,,35365689.0,10.1038/s41598-022-09392-6,PMC8976068,4081169.0,"Perbandt M, Werner N, Prester A, Rohde H, Aepfelbacher M, Hinrichs W, Betzel C. Structural basis to repurpose boron-based proteasome inhibitors Bortezomib and Ixazomib as ß-lactamase inhibitors. Scientific Reports. 2022 Apr 01;12(1):5510. doi: 10.1038/s41598-022-09392-6.",25183872
2.0,5LF7,Human 20S proteasome complex with Ixazomib at 2.0 Angstrom,X-RAY DIFFRACTION,CL|1PE|K|MG|6V8,,62551|813|312|888|25183872,Q99436|P25787|P60900|P25788|P28070|P49721|P28072|P49720|P28066|O14818|P28074|P25789|P20618|P25786,5695|5683|5687|5684|5692|5690|5694|5691|5686|5688|5693|5685|5689|5682,27493187.0,10.1126/science.aaf8993,,11428627.0,"Schrader J, Henneberg F, Mata RA, Tittmann K, Schneider TR, Stark H, Bourenkov G, Chari A. The inhibition mechanism of human 20S proteasomes enables next-generation inhibitor design. Science. 2016 Aug 05;353(6299):594–8. doi: 10.1126/science.aaf8993. PMID: 27493187.",25183872
2.33,8QYF,Crystal structure of ClpP from Staphylococcus epidermidis in complex with ixazomib,X-RAY DIFFRACTION,6V8,,25183872,,,,,,,,25183872
2.61,9CE8,20S Proteasome core particle in complex with Ixazomib,ELECTRON MICROSCOPY,6V8,,25183872,P9WHT9|3KRD_C|P9WHU1,887508|887538,,,,,,25183872
1.82,3Q4U,Crystal structure of the ACVR1 kinase domain in complex with LDN-193189,X-RAY DIFFRACTION,LDN|EDO|FLC,,25195294|174|31348,Q04771,90,23646137.0,10.1371/journal.pone.0062721,PMC3639963,19501817.0,"Sanvitale CE, Kerr G, Chaikuad A, Ramel M, Mohedas AH, Reichert S, Wang Y, Triffitt JT, Cuny GD, Yu PB, Hill CS, Bullock AN. A New Class of Small Molecule Inhibitor of BMP Signaling. PLoS ONE. 2013 Apr 30;8(4):e62721. doi: 10.1371/journal.pone.0062721.",25195294
2.05,3MDY,Crystal structure of the cytoplasmic domain of the bone morphogenetic protein receptor type-1B (BMPR1B) in complex with FKBP12 and LDN-193189,X-RAY DIFFRACTION,LDN,,25195294,O00238|P62942|1A7X_A|P62943|1BL4_A,658|2280,,,,,,25195294
2.3,6UNS,Kinase domain of ALK2-K492A/K493A with LDN-193189,X-RAY DIFFRACTION,LDN,,25195294,Q04771,90,34400635.0,10.1038/s41467-021-25248-5,PMC8368100,21702310.0,"Agnew C, Ayaz P, Kashima R, Loving HS, Ghatpande P, Kung JE, Underbakke ES, Shan Y, Shaw DE, Hata A, Jura N. Structural basis for ALK2/BMPR2 receptor complex signaling through kinase domain oligomerization. Nature Communications. 2021 Aug 16;12(1):4950. doi: 10.1038/s41467-021-25248-5.",25195294
2.65,3MY0,Crystal structure of the ACVRL1 (ALK1) kinase domain bound to LDN-193189,X-RAY DIFFRACTION,LDN,,25195294,P37023,94,25557927.0,10.1007/s10456-014-9457-y,PMC4363482,2704496.0,2015; 18(2):209-217,25195294
0.0,8GLP,mRNA decoding in human is kinetically and structurally distinct from bacteria (Consensus LSU focused refined structure),ELECTRON MICROSCOPY,ZN|K|SPD|3H3|MET|ANM|PUT|MG|TRS,,85325327|3777159|1102|813|32051|888|253602|1045|6137,P18621|P32969|P27635|P40429|P39019|P42677|P62979|P36578|P62241|P84098|Q9Y3U8|P61927|P61247|P62861|P46776|P18077|P62753|P62847|P62857|P47914|P62269|P62081|P42766|P62891|P62277|P62279|P62829|P62945|P62244|P08708|P62910|Q02543|Q07020|P62701|P62913|P46781|P61513|P62263|P61313|P15880|P25398|P61353|P46783|Q02878|P63220|P46778|P35268|P60866|P62280|P63244|P83731|P62273|P08865|P23396|P46779|P62424|P46782|P26373|P62750|P62854|P62890|P62888|P62851|P18124|P49207|P62899|P63173|P46777|P62249|P62841|P61254|P50914|P39023,6139|6133|6134|23521|6223|6232|6233|6124|6202|6143|25873|6167|6189|2197|6157|6165|6194|6229|6234|6159|6222|6201|11224|6170|6207|9349|6171|6210|6218|6161|6142|6141|6191|6135|6203|6168|6208|6138|6187|6206|6155|6204|6128|6227|6144|6146|6224|6205|10399|6152|6235|3921|6188|6158|6130|6193|6137|6147|6231|6156|6230|6129|6164|6160|6169|6125|6217|6209|6154|9045|6122,37020024.0,10.1038/s41586-023-05908-w,PMC10156603,35776674.0,"Holm M, Natchiar KS, Rundlet EJ, Myasnikov AG, Altman RB, Blanchard SC. mRNA decoding in human is kinetically and structurally distinct from bacteria (GA state 2). 2023 Apr 19;(). doi: 10.2210/pdb8g6j/pdb.",253602
0.0,8G5Y,mRNA decoding in human is kinetically and structurally distinct from bacteria (IC state),ELECTRON MICROSCOPY,ZN|K|SPD|3H3|MET|ANM|PUT|MG,,85325327|1102|813|32051|888|253602|1045|6137,P18621|P32969|P27635|P40429|P39019|P42677|P62979|P36578|P62241|P84098|Q9Y3U8|P61927|P61247|P62861|P46776|P18077|P62753|P62847|P62857|P47914|P62269|P62081|P42766|P62891|P62277|P62279|P62829|P62945|P62244|P08708|P62910|Q02543|Q07020|P62701|P62913|P46781|P61513|P62263|P62906|P61313|P15880|P25398|P61353|P46783|Q02878|P63220|P46778|P35268|P60866|P62280|P63244|P83731|P62273|P08865|P23396|P46779|P62424|P46782|P26373|P62750|P62854|P62890|P62888|P62851|P18124|P49207|P62899|P63173|P46777|P62249|P62841|P61254|P50914|P39023,6139|6133|6134|23521|6223|6232|6233|6124|6202|6143|25873|6167|6189|2197|6157|6165|6194|6229|6234|6159|6222|6201|11224|6170|6207|9349|6171|6210|6218|6161|6142|6141|6191|6135|6203|6168|6208|4736|6138|6187|6206|6155|6204|6128|6227|6144|6146|6224|6205|10399|6152|6235|3921|6188|6158|6130|6193|6137|6147|6231|6156|6230|6129|6164|6160|6169|6125|6217|6209|6154|9045|6122,37020024.0,10.1038/s41586-023-05908-w,PMC10156603,35776674.0,"Holm M, Natchiar KS, Rundlet EJ, Myasnikov AG, Altman RB, Blanchard SC. mRNA decoding in human is kinetically and structurally distinct from bacteria (GA state 2). 2023 Apr 19;(). doi: 10.2210/pdb8g6j/pdb.",253602
0.0,8G5Z,mRNA decoding in human is kinetically and structurally distinct from bacteria (GA state),ELECTRON MICROSCOPY,ZIY|ZN|K|SPD|3H3|PHE|MET|ANM|PUT|MG|GSP,,85325327|1102|135398675|813|32051|888|253602|1045|6140|6137|9812534,P18621|P32969|P27635|P40429|P39019|P36578|P62241|P84098|Q9Y3U8|P61927|P61247|P62861|P46776|P18077|P62753|P62847|P62857|P62081|P42766|P62891|P62277|P62279|P62829|P62945|P62244|P08708|P62910|Q02543|Q07020|P62913|P05388|P46781|P61513|P61313|P15880|P61353|P63220|P46778|P35268|P63244|P62273|P08865|P23396|P46779|P30050|P46782|P26373|P62424|P62854|P62890|P62888|P18124|P49207|P62899|P63173|P46777|P68105|P61254|P50914|P39023,6139|6133|6134|23521|6223|6124|6202|6143|25873|6167|6189|2197|6157|6165|6194|6229|6234|6201|11224|6170|6207|9349|6171|6210|6218|6161|6142|6141|6135|6175|6203|6168|6138|6187|6155|6227|6144|6146|10399|6235|3921|6188|6158|6136|6193|6137|6130|6231|6156|6129|6164|6160|6169|6125|100009189|6154|9045|6122,37020024.0,10.1038/s41586-023-05908-w,PMC10156603,35776674.0,"Holm M, Natchiar KS, Rundlet EJ, Myasnikov AG, Altman RB, Blanchard SC. mRNA decoding in human is kinetically and structurally distinct from bacteria (GA state 2). 2023 Apr 19;(). doi: 10.2210/pdb8g6j/pdb.",253602
0.0,8G60,mRNA decoding in human is kinetically and structurally distinct from bacteria (CR state),ELECTRON MICROSCOPY,ZIY|ZN|K|SPD|3H3|PHE|MET|ANM|PUT|MG|GSP,,85325327|1102|135398675|813|32051|888|253602|1045|6140|6137|9812534,P18621|P32969|P27635|P40429|P39019|P42677|P62979|P36578|P62241|P84098|Q9Y3U8|P61927|P61247|P62861|P46776|P18077|P62753|P62847|P68104|P62857|P47914|P62269|P62081|P42766|P62891|P62277|P62279|P62829|P62945|P62244|P08708|P62910|Q02543|Q07020|P62701|P62913|P05388|P46781|P61513|P62263|P62906|P61313|P15880|P25398|P61353|P46783|Q02878|P63220|P46778|P35268|P60866|P62280|P63244|P83731|P62273|P08865|P23396|P46779|P30050|P46782|P26373|P62424|P62750|P62854|P62851|P62890|P62888|P18124|P49207|P62899|P63173|P46777|P62249|P62841|P61254|P50914|P39023,6139|6133|6134|23521|6223|6232|6233|6124|6202|6143|25873|6167|6189|2197|6157|6165|6194|6229|1915|6234|6159|6222|6201|11224|6170|6207|9349|6171|6210|6218|6161|6142|6141|6191|6135|6175|6203|6168|6208|4736|6138|6187|6206|6155|6204|6128|6227|6144|6146|6224|6205|10399|6152|6235|3921|6188|6158|6136|6193|6137|6130|6147|6231|6230|6156|6129|6164|6160|6169|6125|6217|6209|6154|9045|6122,37020024.0,10.1038/s41586-023-05908-w,PMC10156603,35776674.0,"Holm M, Natchiar KS, Rundlet EJ, Myasnikov AG, Altman RB, Blanchard SC. mRNA decoding in human is kinetically and structurally distinct from bacteria (GA state 2). 2023 Apr 19;(). doi: 10.2210/pdb8g6j/pdb.",253602
0.0,8G61,mRNA decoding in human is kinetically and structurally distinct from bacteria (AC state),ELECTRON MICROSCOPY,ZN|K|SPD|3H3|MET|ANM|PUT|MG,,85325327|1102|813|32051|888|253602|1045|6137,P18621|P32969|P27635|P40429|P39019|P42677|P62979|P36578|P62241|P84098|Q9Y3U8|P61927|P61247|P62861|P46776|P18077|P62753|P62847|P62857|P47914|P62269|P62081|P42766|P62891|P62277|P62279|P62829|P62945|P62244|P08708|P62910|Q02543|Q07020|P62701|P62913|P46781|P61513|P62263|P62906|P61313|P15880|P25398|P61353|P46783|Q02878|P63220|P46778|P35268|P60866|P62280|P63244|P83731|P62273|P08865|P23396|P46779|P62424|P46782|P26373|P62750|P62854|P62890|P62888|P62851|P18124|P49207|P62899|P63173|P46777|P62249|P62841|P61254|P50914|P39023,6139|6133|6134|23521|6223|6232|6233|6124|6202|6143|25873|6167|6189|2197|6157|6165|6194|6229|6234|6159|6222|6201|11224|6170|6207|9349|6171|6210|6218|6161|6142|6141|6191|6135|6203|6168|6208|4736|6138|6187|6206|6155|6204|6128|6227|6144|6146|6224|6205|10399|6152|6235|3921|6188|6158|6130|6193|6137|6147|6231|6156|6230|6129|6164|6160|6169|6125|6217|6209|6154|9045|6122,37020024.0,10.1038/s41586-023-05908-w,PMC10156603,35776674.0,"Holm M, Natchiar KS, Rundlet EJ, Myasnikov AG, Altman RB, Blanchard SC. mRNA decoding in human is kinetically and structurally distinct from bacteria (GA state 2). 2023 Apr 19;(). doi: 10.2210/pdb8g6j/pdb.",253602
2.7,3CC4,Co-crystal Structure of Anisomycin Bound to the 50S Ribosomal Subunit,X-RAY DIFFRACTION,SR|CD|CL|NA|ANM|MG|K,,31193|813|312|888|253602|104798|923,P10971|P10970|P12735|P14124|P12737|P12736|P20279|P20276|P12734|P32410|P14123|P60617|P14121|P14122|P22452|P12743|P14135|P12732|P12733|P18138|P29198|P14116|P14119|P60619|P10972|P60618|P22450|P15825|P32411,40152572|40152560|40152382|64823135|40152561|40152384,18455733.0,10.1016/j.jmb.2008.03.075,PMC2442718,21414932.0,"Blaha G, Gürel G, Schroeder SJ, Moore PB, Steitz TA. Mutations Outside the Anisomycin-Binding Site Can Make Ribosomes Drug-Resistant. Journal of Molecular Biology. 2008 Jun;379(3):505–19. doi: 10.1016/j.jmb.2008.03.075.",253602
2.77,7Q0P,Structure of the Candida albicans 80S ribosome in complex with anisomycin,ELECTRON MICROSCOPY,ZN|ANM|SPD,,1102|32051|253602,A0A1D8PK40|Q5A900|A0A1D8PL99|A0A1D8PSK2|Q5ALV6|A0A1D8PCQ5|A0A1D8PK61|Q5AJ93|P83774|A0A1D8PF08|A0A1D8PFL9|A0A1D8PPS1|A0A1D8PP14|Q5A6R1|A0A1D8PEV4|A0A1D8PTR4|A0A1D8PDU3|A0A1D8PL68|A0A1D8PDL6|A0A1D8PN83|A0A1D8PG16|A0A1D8PH21|A0A1D8PSV5|A0A1D8PGY8|A0A1D8PDT4|A0A1D8PSC5|A0A1D8PFG4|P40910|Q59LS1|Q5A109|P9WER7|A0A1D8PCX8|A0A1D8PHH4|A0A1D8PCI6|A0A1D8PDZ1|Q96W54|P0CU35|Q5AIB8|A0A1D8PCW6|A0A1D8PCG7|Q5A389|A0A1D8PK30|A0A1D8PFV1|Q5ANA1|Q59TE0|A0A1D8PDT3|A0A1D8PQQ5|A0A1D8PF45|A0A1D8PF57|Q5ADQ6|A0A1D8PI15|A0A1D8PGY0|A0A1D8PM75|A0A1D8PNQ6|A0A1D8PPE0|A0A1D8PPT5|O42817|Q5AGZ7|A0A1D8PK43|A0A1D8PTI7|A0A1D8PEY9|A0A1D8PHW1|Q5AB87|A0A1D8PQN0|A0A1D8PM41|O59931|A0A1D8PPN6|Q5AG43|A0A1D8PK22|A0A1D8PLC9|A0A1D8PK71|Q59T44|A0A1D8PHF5|Q5A6A1|Q5AEN2|Q5A7K0,3635257|3640242|3635701|30515390|3635787|30514969|30515208|3636573|3645907|30515049|30515072|30515338|30515319|3641025|30515041|30515442|3639515|30515232|30515000|30515301|30515082|3647299|30515104|30515007|30515386|30515062|3636924|3647719|3642934|30514975|30515127|3640195|30515014|30514981|3636850|30514974|30514961|3642071|30515207|3643347|3635198|3645439|30515006|3637953|30515053|30515048|3638438|30515149|3637400|30515273|3646972|30515328|3647558|3643678|3637057|3635156|30515429|30515044|3643489|3639338|30515349|30515267|3636841|30515335|3637700|3635194|3635615|30515205|3645565|30515120|3641174|3638348|3640568,35613268.0,10.1126/sciadv.abn1062,PMC9132455,34085486.0,"Zgadzay Y, Kolosova O, Stetsenko A, Wu C, Bruchlen D, Usachev K, Validov S, Jenner L, Rogachev A, Yusupova G, Sachs MS, Guskov A, Yusupov M. E-site drug specificity of the human pathogen Candida albicans ribosome. Sci Adv. 2022 May 27;8(21):eabn1062. PMID: 35613268; PMCID: PMC9132455.",253602
3.0,4U3M,Crystal structure of Anisomycin bound to the yeast 80S ribosome,X-RAY DIFFRACTION,OHX|ANM|ZN|MG,,253602|32051|888|49795048,P38701|P14120|P10664|P39939|P05750|P05317|Q12690|P26786|P0CX38|P0CX37|P05738|Q08745|P0CX87|P0CX86|P0CX42|P0CX41|P87262|P48589|P0CX31|P0CX32|P35997|P05743|P26321|P0CX50|P0CX49|P05744|P0CX29|P0CX30|P36105|P26784|P0CX85|P0CX84|P0C2H8|P05759|P14126|P05737|P04650|P38061|P0CX51|P0CX52|P33442|P0CX82|P0CX83|P05745|P0CX45|P0CX46|P39015|P0CX27|P0CX28|P05756|P0CX48|P0CX47|P0CX39|P0CX40|P05749|Q3E792|P02406|P17076|P0CX36|P0CX35|P0CX26|P0CX25|P0C0W1|P32905|P05747|Q02753|P26783|P49167|P0C2H6|P46784|Q01855|P0CX55|P0CX56|P0C0V8|P49166|P04456|P05740|P25443|P41805|P41057|P0CX33|P0CX34|P04449|P0CH08|P0CG74|P0CH09|P06367|P02407|P38011|Q3E7X9|P0CX24|P0CX23|O13516|Q3E757|P07280|P05748|Q02326,856371|852853|852319|856868|855543|851052|851477|854263|852479|856015|852730|854468|851344|852191|856784|854551|856805|853700|851058|855972|854029|855960|853015|853864|854673|851336|851484|850864|854229|852804|853250|852185|855174|851162|852379|855232|850590|850843|855560|851636|851589|852206|850750|852911|852775|856352|853610|856156|853249|853128|850592|852489|853587|851035|856401|855270|854117|852061|853931|850882|853993|853674|852754|850764|851104|850994|852852|854658|850397|854984|855143|854338|855283|856024|852976|854028|850716|854902,25209664.0,10.1038/nature13737,,2699140.0,"Garreau de Loubresse N, Prokhorova I, Holtkamp W, Rodnina MV, Yusupova G, Yusupov M. Structural basis for the inhibition of the eukaryotic ribosome. Nature. 2014 Sep 10;513(7519):517–22. doi: 10.1038/nature13737.",253602
3.01,1K73,Co-crystal Structure of Anisomycin Bound to the 50S Ribosomal Subunit,X-RAY DIFFRACTION,CD|CL|NA|ANM|MG|K,,31193|813|312|888|253602|923,P10971|P10970|P12735|P14124|P12737|P12736|P20279|P20276|P12734|P32410|P14123|P60617|P14121|P22452|P12743|P14135|P12732|P12733|P18138|P29198|P14116|P14119|P60619|P10972|P60618|P22450|P15825|P32411,40152572|40152560|64823135|40152561|40152384,12860128.0,10.1016/s0022-2836(03)00668-5,,2272769.0,"Hansen JL, Moore PB, Steitz TA. Structures of five antibiotics bound at the peptidyl transferase center of the large ribosomal subunit. J Mol Biol. 2003 Jul 25;330(5):1061–75. doi: 10.1016/s0022-2836(03)00668-5. PMID: 12860128.",253602
3.1,5FCJ,Structure of the anisomycin-containing uL3 W255C mutant 80S yeast ribosome,X-RAY DIFFRACTION,OHX|ANM|ZN|MG,,253602|32051|888|49795048,P38701|P0C0V8|P0CX29|P0CX30|P10664|P14120|P04456|P0CX82|P0CX83|P39939|P49166|P05740|P05317|P05750|P05745|P0CX45|P0CX46|P26786|P39015|Q12690|P0CX27|P0CX28|P05756|P0CX38|P0CX37|P25443|P0CX48|P0CX47|P0CX39|P0CX40|P26784|P05738|P05749|P36105|Q08745|Q3E792|P41805|P0CX87|P0CX86|P02406|P41057|P0CX50|P0CX49|P0CX42|P0CX41|P17076|P0CX33|P0CX34|P04449|P0CX85|P0CX84|P0CH08|P0CG74|P0CH09|P05759|P06367|P02407|P0C2H8|P0CX36|P0CX35|P0CX26|P0CX25|P0C0W1|P32905|P38011|Q3E7X9|P0CX24|P0CX23|P14126|P87262|O13516|P05737|P33442|P48589|P04650|P05747|Q02753|P38061|P0CX31|P0CX32|P35997|P0CX51|P0CX52|P26783|P49167|P0C2H6|P05743|P07280|P26321|P05748|Q02326|Q01855|P0CX55|P0CX56|P0C0W9|P05744,856371|853931|853015|852319|852853|853993|852379|856868|850882|853674|851052|855543|855232|850590|854263|850843|851477|855560|851636|852479|856015|852754|851589|852206|854673|852730|850750|853864|854468|852911|850764|851344|852775|851104|854029|852191|856352|850994|852852|851336|854658|850397|854984|851484|853610|856156|853249|850864|853128|855143|854338|855283|854229|856784|856024|852804|851162|854551|853250|850592|852489|852185|856805|853700|855174|853587|851035|856401|851058|854028|855972|850716|854902|854117|852061|856217|855960,26906928.0,10.1016/j.jmb.2016.02.013,PMC5331904,23045510.0,"Mailliot J, Garreau de Loubresse N, Yusupova G, Meskauskas A, Dinman JD, Yusupov M. Crystal Structures of the uL3 Mutant Ribosome: Illustration of the Importance of Ribosomal Proteins for Translation Efficiency. Journal of Molecular Biology. 2016 May;428(10):2195–202. doi: 10.1016/j.jmb.2016.02.013.",253602
2.3,2JKJ,DraE Adhesin in complex with Chloramphenicol Succinate,X-RAY DIFFRACTION,CLM|SO4|TH8,,27200|5959|1117,P24093,,19465765.0,10.1107/s0907444909005113,PMC2685729,26871884.0,"Pettigrew DM, Roversi P, Davies SG, Russell AJ, Lea SM. A structural study of the interaction between the Dr haemagglutinin DraE and derivatives of chloramphenicol. Acta Crystallogr D Biol Crystallogr. 2009 Jun;65(Pt 6):513–22. PMID: 19465765; PMCID: PMC2685729.",27200
1.9,2XFH,Structure of cytochrome P450 EryK cocrystallized with inhibitor clotrimazole.,X-RAY DIFFRACTION,CL6|DMS|HEM,,679|2812,P48635,,20845962.0,10.1021/bi101062v,,25562025.0,"Montemiglio LC, Gianni S, Vallone B, Savino C. Azole drugs trap cytochrome P450 EryK in alternative conformational states. Biochemistry. 2010 Nov 02;49(43):9199–206. doi: 10.1021/bi101062v. PMID: 20845962.",2812
2.08,6H1T,Structure of the BM3 heme domain in complex with clotrimazole,X-RAY DIFFRACTION,CL6|MPO|PEG|PGE|MPD|EDO|HEM,,174|8172|2812|70807|8117|5288834,,,30733479.0,10.1038/s41598-018-37330-y,PMC6367340,28411127.0,"Jeffreys LN, Poddar H, Golovanova M, Levy CW, Girvan HM, McLean KJ, Voice MW, Leys D, Munro AW. Novel insights into P450 BM3 interactions with FDA-approved antifungal azole drugs. Scientific Reports. 2019 Feb 07;9(1):1577. doi: 10.1038/s41598-018-37330-y.",2812
2.26,7AXA,Crystal structure of the hPXR-LBD in complex with clotrimazole,X-RAY DIFFRACTION,CL6,,2812,O75469|1ILH_A,8856.0,33361153.0,10.1073/pnas.2020551118,PMC7817120,22360807.0,"Delfosse V, Huet T, Harrus D, Granell M, Bourguet M, Gardia-Parège C, Chiavarina B, Grimaldi M, Le Mével S, Blanc P, Huang D, Gruszczyk J, Demeneix B, Cianférani S, Fini JB, Balaguer P, Bourguet W. Mechanistic insights into the synergistic activation of the RXR-PXR heterodimer by endocrine disruptor mixtures. Proc Natl Acad Sci U S A. 2021 Jan 05;118(1). PMID: 33361153; PMCID: PMC7817120.",2812
2.3,7AXJ,Crystal structure of the hPXR-LBD in complex with estradiol and clotrimazole,X-RAY DIFFRACTION,CL6|EST,,5757|2812,O75469|1ILH_A,8856.0,33361153.0,10.1073/pnas.2020551118,PMC7817120,22360807.0,"Delfosse V, Huet T, Harrus D, Granell M, Bourguet M, Gardia-Parège C, Chiavarina B, Grimaldi M, Le Mével S, Blanc P, Huang D, Gruszczyk J, Demeneix B, Cianférani S, Fini JB, Balaguer P, Bourguet W. Mechanistic insights into the synergistic activation of the RXR-PXR heterodimer by endocrine disruptor mixtures. Proc Natl Acad Sci U S A. 2021 Jan 05;118(1). PMID: 33361153; PMCID: PMC7817120.",2812
2.4,3MDV,Clotrimazole complex of Cytochrome P450 46A1,X-RAY DIFFRACTION,CL6|HEM,,2812,Q9Y6A2,10858.0,20667828.0,10.1074/jbc.m110.143313,PMC2951250,416194.0,"Mast N, Charvet C, Pikuleva IA, Stout CD. Structural Basis of Drug Binding to CYP46A1, an Enzyme That Controls Cholesterol Turnover in the Brain. Journal of Biological Chemistry. 2010 Oct;285(41):31783–95. doi: 10.1074/jbc.m110.143313.",2812
2.65,4XE3,"OleP, the cytochrome P450 epoxidase from Streptomyces antibioticus involved in Oleandomycin biosynthesis: functional analysis and crystallographic structure in complex with clotrimazole.",X-RAY DIFFRACTION,CL6|SO4|HEM,,2812|1117,,,26475642.0,10.1016/j.bbagen.2015.10.009,,9429889.0,"Montemiglio LC, Parisi G, Scaglione A, Sciara G, Savino C, Vallone B. Functional analysis and crystallographic structure of clotrimazole bound OleP, a cytochrome P450 epoxidase from Streptomyces antibioticus involved in oleandomycin biosynthesis. Biochimica et Biophysica Acta (BBA) - General Subjects. 2016 Mar;1860(3):465–75. doi: 10.1016/j.bbagen.2015.10.009.",2812
2.8,8SG5,Cytochrome P450 (CYP) 3A5 crystallized with clotrimazole,X-RAY DIFFRACTION,CE9|CL6|HEM,,2812|656641,P20815,1577.0,37770228.0,10.1124/dmd.123.001464,PMC10658909,36578294.0,"Hsu M, Johnson EF. Differential Effects of Clotrimazole on X-Ray Crystal Structures of Human Cytochromes P450 3A5 and 3A4. Drug Metabolism and Disposition. 2023 Dec;51(12):1642–50. doi: 10.1124/dmd.123.001464.",2812
2.9,8SPD,Cytochrome P450 (CYP) 3A4 crystallized with clotrimazole,X-RAY DIFFRACTION,CL6|HEM,,2812,P08684,1576.0,37770228.0,10.1124/dmd.123.001464,PMC10658909,36578294.0,"Hsu M, Johnson EF. Differential Effects of Clotrimazole on X-Ray Crystal Structures of Human Cytochromes P450 3A5 and 3A4. Drug Metabolism and Disposition. 2023 Dec;51(12):1642–50. doi: 10.1124/dmd.123.001464.",2812
2.92,6UW2,Clotrimazole bound complex of Acanthamoeba castellanii CYP51,X-RAY DIFFRACTION,CL6|GAI|HEM,,2812|3520,,,33008918.0,10.1124/molpharm.120.000092,PMC7674934,12226326.0,"Sharma V, Shing B, Hernandez-Alvarez L, Debnath A, Podust LM. Domain-Swap Dimerization of Acanthamoeba castellanii CYP51 and a Unique Mechanism of Inactivation by Isavuconazole. Molecular Pharmacology. 2020 Dec;98(6):770–80. doi: 10.1124/molpharm.120.000092.",2812
0.0,8G6J,mRNA decoding in human is kinetically and structurally distinct from bacteria (GA state 2),ELECTRON MICROSCOPY,HMT|ZN|K|SPD|PHE|YRB|MET|PUT|MG|3HE|GSP,,6197|1102|285033|135398675|813|32051|888|1045|6140|167714258|6137,P18621|P32969|P27635|P40429|P39019|P42677|P62979|P36578|P62241|P84098|Q9Y3U8|P61927|P61247|P62861|P46776|P18077|P62753|P62847|P68104|P62857|P47914|P62269|P62081|P42766|P62891|P62277|P62279|P62829|P62945|P62244|P08708|P62910|Q02543|Q07020|P62701|P62913|P05388|P46781|P61513|P62263|P62906|P61313|P15880|P25398|P61353|P46783|Q02878|P63220|P46778|P35268|P60866|P62280|P63244|P83731|P62273|P08865|P23396|P46779|P30050|P46782|P62424|P62750|P62854|P62890|P62888|P62851|P18124|P49207|P62899|P63173|P46777|P62249|P62841|P61254|P50914|P39023,6139|6133|6134|23521|6223|6232|6233|6124|6202|6143|25873|6167|6189|2197|6157|6165|6194|6229|1915|6234|6159|6222|6201|11224|6170|6207|9349|6171|6210|6218|6161|6142|6141|6191|6135|6175|6203|6168|6208|4736|6138|6187|6206|6155|6204|6128|6227|6144|6146|6224|6205|10399|6152|6235|3921|6188|6158|6136|6193|6130|6147|6231|6156|6230|6129|6164|6160|6169|6125|6217|6209|6154|9045|6122,37020024.0,10.1038/s41586-023-05908-w,PMC10156603,35776674.0,"Holm M, Natchiar KS, Rundlet EJ, Myasnikov AG, Altman RB, Blanchard SC. mRNA decoding in human is kinetically and structurally distinct from bacteria (GA state 2). 2023 Apr 19;(). doi: 10.2210/pdb8g6j/pdb.",285033
1.67,8A3D,Human mature large subunit of the ribosome with eIF6 and homoharringtonine bound,ELECTRON MICROSCOPY,MG|NA|EPE|SPM|K|ZN|HMT,,23830|285033|813|32051|888|1103|923,P83881|P46779|P83731|P61927|P18077|P46778|Q9Y3U8|P27635|P46776|P46777|P62829|P62750|P61313|P62910|P40429|P62913|P62424|P61353|P63173|P39023|Q02543|P49207|P62917|P56537|Q02878|P47914|P26373|P18124|P32969|P62891|P36578|P84098|P61254|P35268|Q07020|P61513|P18621|P62890|P62888|P62899,6173|6158|6152|6167|6165|6144|25873|6134|6157|6125|9349|6147|6138|6161|23521|6135|6130|6155|6169|6122|6142|6164|6132|3692|6128|6159|6137|6129|6133|6170|6124|6143|6154|6146|6141|6168|6139|6156|6160,,,,,,285033
2.7,3G6E,Co-crystal structure of Homoharringtonine bound to the large ribosomal subunit,X-RAY DIFFRACTION,SR|CD|CL|NA|HMT|MG|K,,31193|285033|813|312|888|104798|923,P10971|P10970|P12735|P14124|P12737|P12736|P20279|P20276|P12734|P32410|P14123|P60617|P14121|P14122|P22452|P12743|P14135|P12732|P12733|P18138|P29198|P14116|P14119|P60619|P10972|P60618|P22450|P15825|P32411,40152572|40152560|40152382|64823135|40152561|40152384,19362093.0,10.1016/j.jmb.2009.04.005,PMC2682339,30226713.0,"Gurel G, Blaha G, Moore PB, Steitz TA: U2504 determines the species specificity of the A-site cleft antibiotics: the structures of tiamulin, homoharringtonine, and bruceantin bound to the ribosome. J Mol Biol. 2009 May 29;389(1):146-56. doi: 10.1016/j.jmb.2009.04.005. Epub 2009  Apr 9.",285033
2.9,6QZP,High-resolution cryo-EM structure of the human 80S ribosome,ELECTRON MICROSCOPY,HYG|HMT|ZN|MG,,32051|888|285033|24875318,P39023|P62861|P62857|P42766|P62750|P62753|P62851|P62277|P62279|P83881|P61353|P62910|P62945|P61247|P62829|P40429|P62854|P63220|P62891|P63244|P62890|P62888|P47914|P62917|P62979|P63173|P62273|P50914|Q96L21|Q9Y3U8|P49207|P61254|P42677|P62241|P46781|P46782|P35268|P18621|P62244|P62847|Q02543|P62263|P62280|P62987|P39019|P46783|P62701|P61313|P26373|P62424|P62266|P83731|Q07020|P84098|Q02878|P62899|P23396|P61927|P62913|P61513|P18124|P15880|P60866|P62081|P18077|P46778|P62906|P62841|P62249|P08865|P32969|P08708|P25398|P46779|P62269|P36578|P46777|P46776,6122|2197|6234|11224|6147|6194|6230|6207|6173|6155|6161|6171|6189|9349|23521|6231|6227|6170|10399|6156|6159|6132|6233|6169|6235|9045|140801|25873|6164|6154|6232|6202|6203|6193|6146|6139|6210|6229|6142|6208|6205|7311|6223|6204|6191|6138|6137|6130|6228|6152|6141|6143|6128|6160|6188|6167|6135|6168|6129|6187|6224|6201|6165|6144|4736|6209|6217|3921|6133|6218|6206|6158|6222|6124|6125|6157,29143818.0,10.1038/nature24482,,11453255.0,"Natchiar SK, Myasnikov AG, Kratzat H, Hazemann I, Klaholz BP. Visualization of chemical modifications in the human 80S ribosome structure. Nature. 2017 Nov 23;551(7681):472–7. doi: 10.1038/nature24482. PMID: 29143818.",285033
2.96,8UIK,In situ HHT and CHX treated human 80S ribosome with EBP1 (consensus map),ELECTRON MICROSCOPY,3HE|MG|HMT|ZN,,6197|32051|888|285033,P46777|P62249|P08865|P32969|P46783|P39019|P62082|P62424|P49207|P46779|P23396|P62266|P61927|P26373|P61254|Q96L21|P62891|P62979|P60866|P25398|Q02543|P36578|P62917|P50914|P18124|P61313|P47914|P42677|P46782|Q9UQ80|P18077|P62753|P62913|P62241|P46776|P84098|P62854|P05388|P62890|P62888|P62861|P62987|P08708|P46781|P39023|P15880|P62269|P62829|P61513|P62244|Q9Y3U8|P62750|P62847|P62899|P62277|P62279|P62857|P62263|P83881|P18621|P63220|P61353|Q07020|P40429|P63173|P42766|P62701|P62945|Q02878|P62851|P63244|P46778|P61247|P62841|P62273|P62910|P62280,6125|6217|3921|6133|6204|6223|20115|6130|6164|6158|6188|6228|6167|6137|6154|140801|6170|6233|6224|6206|6142|6124|6132|9045|6129|6138|6159|6232|6193|5036|6165|6194|6135|6202|6157|6143|6231|6175|6156|2197|7311|6218|6203|6122|6187|6222|9349|6168|6210|25873|6147|6229|6160|6207|6234|6208|6173|6139|6227|6155|6141|23521|6169|11224|6191|6171|6128|6230|10399|6144|6189|6209|6235|6161|6205,,,,,,285033
2.99,7EWH,Crystal structure of human PHGDH in complex with Homoharringtonine,X-RAY DIFFRACTION,HMT,,285033,O43175,26227,,,,,,285033
3.0,4U4Q,Crystal structure of Homoharringtonine bound to the yeast 80S ribosome,X-RAY DIFFRACTION,OHX|ZN|MG|HMT,,32051|888|285033|49795048,P38701|P0C0V8|P0CX29|P0CX30|P10664|P14120|P04456|P0CX82|P0CX83|P39939|P49166|P05740|P05317|P05750|P05745|P0CX45|P0CX46|P26786|P39015|Q12690|P0CX27|P0CX28|P05756|P0CX38|P0CX37|P25443|P0CX48|P0CX47|P0CX39|P0CX40|P26784|P05738|P05749|P36105|Q08745|Q3E792|P41805|P0CX87|P0CX86|P02406|P41057|P0CX50|P0CX49|P0CX42|P0CX41|P17076|P0CX33|P0CX34|P04449|P0CX85|P0CX84|P0CH08|P0CG74|P0CH09|P05759|P06367|P02407|P0C2H8|P0CX36|P0CX35|P0CX26|P0CX25|P0C0W1|P32905|P38011|Q3E7X9|P0CX24|P0CX23|P14126|P87262|O13516|P05737|P33442|Q3E757|P48589|P04650|P05747|Q02753|P38061|P0CX31|P0CX32|P35997|P0CX51|P0CX52|P26783|P49167|P0C2H6|P05743|P07280|P26321|P05748|Q02326|Q01855|P0CX55|P0CX56|P05744,856371|853931|853015|852319|852853|853993|852379|856868|850882|853674|851052|855543|855232|850590|854263|850843|851477|855560|851636|852479|856015|852754|851589|852206|854673|852730|850750|853864|854468|852911|850764|851344|852775|851104|854029|852191|856352|850994|852852|851336|854658|850397|854984|851484|853610|856156|853249|850864|853128|855143|854338|855283|854229|856784|856024|852804|851162|852976|854551|853250|850592|852489|852185|856805|853700|855174|853587|851035|856401|851058|854028|855972|850716|854902|854117|852061|855960,25209664.0,10.1038/nature13737,,2699140.0,"Garreau de Loubresse N, Prokhorova I, Holtkamp W, Rodnina MV, Yusupova G, Yusupov M. Structural basis for the inhibition of the eukaryotic ribosome. Nature. 2014 Sep 10;513(7519):517–22. doi: 10.1038/nature13737.",285033
3.05,8UKB,In situ HHT and CHX treated human hibernating state without E-tRNA 80S ribosome,ELECTRON MICROSCOPY,ZN|WV3|MG|HMT,,2900|32051|888|285033,P26373|P63220|P62899|P62979|P61313|P62750|P15880|P47914|P62277|P62279|P39023|P62945|P46779|P62424|P49207|P84098|P23396|P63244|P18077|P62081|P63173|P62266|P62841|P62244|P62829|P46783|P40429|P08865|P46782|P42766|P60866|Q07020|Q9Y3U8|P46776|P61353|P62861|P62917|P62241|P62891|P62906|P42677|Q02543|P46777|P46781|P62910|P05388|P62273|P62890|P62888|P62987|P50914|P62249|P46778|Q96L21|P61247|Q02878|P62280|P18621|P61927|P62854|P08708|P62857|P62913|P25398|P62851|P62753|P13639|P62701|P36578|P18124|P61254|P32969|P62847|P62263|P39019|P62269|P83881|P61513,6137|6227|6160|6233|6138|6147|6187|6159|6207|6122|6171|6158|6130|6164|6143|6188|10399|6165|6201|6169|6228|6209|6210|9349|6204|23521|3921|6193|11224|6224|6141|25873|6157|6155|2197|6132|6202|6170|4736|6232|6142|6125|6203|6161|6175|6235|6156|7311|9045|6217|6144|140801|6189|6128|6205|6139|6167|6231|6218|6234|6135|6206|6230|6194|1938|6191|6124|6129|6154|6133|6229|6208|6223|6222|6173|6168,,,,,,285033
3.54,8UJK,In situ HHT and CHX treated A-P-Z state 80S ribosome,ELECTRON MICROSCOPY,MG|3HE|HMT|ZN,,6197|32051|888|285033,P62857|P18124|P46779|P47914|P61353|P46783|P62701|P62851|P46778|P62249|P18077|P62979|P62241|P61927|P63173|P62753|P46781|P62899|P08865|Q96L21|P62890|P62888|P39019|P46782|P08708|P32969|P62917|P39023|P62277|P62279|P05388|P61254|P63220|Q02878|P62280|P62945|P26373|P62269|P23396|P62244|P62263|P30050|P62847|P46776|Q9Y3U8|P40429|P36578|P62854|P62266|P62273|P62861|P62987|Q02543|P49207|P25398|P63244|P62829|P83881|P62910|P84098|P62424|P62841|P46777|P62081|P42766|P62906|P60866|P61313|P62891|P62913|P15880|P61513|P50914|P42677|P62750|P61247|P18621|Q07020,6234|6129|6158|6159|6155|6204|6191|6230|6144|6217|6165|6233|6202|6167|6169|6194|6203|6160|3921|140801|6156|6223|6193|6218|6133|6132|6122|6207|6175|6154|6227|6128|6205|6171|6137|6222|6188|6210|6208|6136|6229|6157|25873|23521|6124|6231|6228|6235|2197|7311|6142|6164|6206|10399|9349|6173|6161|6143|6130|6209|6125|6201|11224|4736|6224|6138|6170|6135|6187|6168|9045|6232|6147|6189|6139|6141,,,,,,285033
3.56,8UJJ,In situ HHT and CHX treated A-P state 80S ribosome,ELECTRON MICROSCOPY,MG|3HE|HMT|ZN,,6197|32051|888|285033,P62857|P18124|P46779|P47914|P61353|P46783|P62701|P62851|P46778|P62249|P18077|P62979|P62241|P61927|P63173|P62753|P46781|P62899|P08865|Q96L21|P62890|P62888|P39019|P46782|P08708|P32969|P62917|P39023|P62277|P62279|P05388|P61254|P63220|Q02878|P62280|P62945|P26373|P62269|P23396|P62244|P62263|P30050|P62847|P46776|Q9Y3U8|P40429|P36578|P62854|P62266|P62273|P62861|P62987|Q02543|P49207|P25398|P63244|P62829|P83881|P62910|P84098|P62424|P62841|P46777|P62081|P42766|P62906|P60866|P61313|P62891|P62913|P15880|P61513|P50914|P42677|P62750|P61247|P18621|Q07020,6234|6129|6158|6159|6155|6204|6191|6230|6144|6217|6165|6233|6202|6167|6169|6194|6203|6160|3921|140801|6156|6223|6193|6218|6133|6132|6122|6207|6175|6154|6227|6128|6205|6171|6137|6222|6188|6210|6208|6136|6229|6157|25873|23521|6124|6231|6228|6235|2197|7311|6142|6164|6206|10399|9349|6173|6161|6143|6130|6209|6125|6201|11224|4736|6224|6138|6170|6135|6187|6168|9045|6232|6147|6189|6139|6141,,,,,,285033
1.55,3ARP,Crystal Structure Analysis of Chitinase A from Vibrio harveyi with novel inhibitors - complex structure with DEQUALINIUM,X-RAY DIFFRACTION,DEQ|GOL,,2993|753,,,21531720.0,10.1074/jbc.m110.183376,PMC3129211,14042307.0,"Pantoom S, Vetter IR, Prinz H, Suginta W. Potent family-18 chitinase inhibitors: x-ray structures, affinities, and binding mechanisms. J Biol Chem. 2011 Jul 08;286(27):24312–23. PMID: 21531720; PMCID: PMC3129211.",2993
2.23,3ART,Crystal Structure Analysis of Chitinase A from Vibrio harveyi with novel inhibitors - W275G mutant complex structure with DEQUALINIUM,X-RAY DIFFRACTION,DEQ|GOL,,2993|753,,,21531720.0,10.1074/jbc.m110.183376,PMC3129211,14042307.0,"Pantoom S, Vetter IR, Prinz H, Suginta W. Potent family-18 chitinase inhibitors: x-ray structures, affinities, and binding mechanisms. J Biol Chem. 2011 Jul 08;286(27):24312–23. PMID: 21531720; PMCID: PMC3129211.",2993
2.54,1JT6,Crystal structure of the multidrug binding protein QacR bound to dequalinium,X-RAY DIFFRACTION,DEQ|SO4,,2993|1117,P0A0N4|1QVT_A,,11739955.0,10.1126/science.1066020,,13193211.0,"Schumacher MA, Miller MC, Grkovic S, Brown MH, Skurray RA, Brennan RG. Structural mechanisms of QacR induction and multidrug recognition. Science. 2001 Dec 07;294(5549):2158–63. doi: 10.1126/science.1066020. PMID: 11739955.",2993
2.6,3VW0,Crystal Structure of The Dequalinum-bound Form of RamR (Transcriptional Regulator of TetR Family) From Salmonella Typhimurium,X-RAY DIFFRACTION,DEQ|SO4,,2993|1117,,,23800819.0,10.1038/ncomms3078,,15416236.0,2013; 4(1):2078,2993
2.75,3BT9,crystal structure of QacR(E57Q) bound to Dequalinium,X-RAY DIFFRACTION,DEQ|SO4,,2993|1117,P0A0N5|P0A0N3|3BTI_A|3BT9_A|3PM1_A,,18616285.0,10.1021/bi8008246,PMC2646753,6533306.0,"Peters KM, Schuman JT, Skurray RA, Brown MH, Brennan RG, Schumacher MA: QacR-cation recognition is mediated by a redundancy of residues capable of charge neutralization. Biochemistry. 2008 Aug 5;47(31):8122-9. doi: 10.1021/bi8008246. Epub 2008 Jul 11.",2993
2.9,3BR2,"Crystal Structure of the Complex of Dequalinium Bound to QacR(E120Q), a Mutant of a Multidrug Binding Transcriptional Repressor",X-RAY DIFFRACTION,DEQ|SO4,,2993|1117,P0A0N5|P0A0N3|3BTI_A|3BT9_A|3PM1_A,,,,,,,2993
2.98,3BTJ,crystal structure of QacR(E58Q) bound to dequalinium,X-RAY DIFFRACTION,DEQ|SO4,,2993|1117,P0A0N5|P0A0N3|3BTI_A|3BT9_A|3PM1_A,,18616285.0,10.1021/bi8008246,PMC2646753,6533306.0,"Peters KM, Schuman JT, Skurray RA, Brown MH, Brennan RG, Schumacher MA: QacR-cation recognition is mediated by a redundancy of residues capable of charge neutralization. Biochemistry. 2008 Aug 5;47(31):8122-9. doi: 10.1021/bi8008246. Epub 2008 Jul 11.",2993
3.31,3BR1,"Crystal Structure of the Complex of Dequalinium Bound to QacR(E90Q), a Mutant of a Multidrug Binding Transcriptional Repressor",X-RAY DIFFRACTION,DEQ|SO4,,2993|1117,P0A0N5|P0A0N3|3BTI_A|3BT9_A|3PM1_A,,,,,,,2993
3.8,1OYD,Structural Basis of Multiple Binding Capacity of the AcrB multidrug Efflux Pump,X-RAY DIFFRACTION,DEQ,,2993,P31224,945108|75202887,12738864.0,10.1126/science.1083137,,7817183.0,"Yu EW, McDermott G, Zgurskaya HI, Nikaido H, Koshland DE. Structural Basis of Multiple Drug-Binding Capacity of the AcrB Multidrug Efflux Pump. Science. 2003 May 09;300(5621):976–80. doi: 10.1126/science.1083137.",2993
1.08,3TVB,A Highly Symmetric DNA G-4 Quadruplex/drug Complex,X-RAY DIFFRACTION,MG|DM1|NA,,923|30323|888,,,22373921.0,10.1093/nar/gks193,PMC3384316,24891568.0,"Clark GR, Pytel PD, Squire CJ. The high-resolution crystal structure of a parallel intermolecular DNA G-4 quadruplex/drug complex employing syn glycosyl linkages. Nucleic Acids Res. 2012 Jul;40(12):5731–8. PMID: 22373921; PMCID: PMC3384316.",30323
1.1,427D,5'-D(*CP*GP*CP*(CH2-DM1)GP*CP*G)-3',X-RAY DIFFRACTION,DM1,,30323,,,,,,,,30323
1.17,1O0K,Structure of the First Parallel DNA Quadruplex-drug Complex,X-RAY DIFFRACTION,DM1|NA,,923|30323,,,12670225.0,10.1021/ja0297988,,16585242.0,"Clark GR, Pytel PD, Squire CJ, Neidle S. Structure of the First Parallel DNA Quadruplex-Drug Complex. J. Am. Chem. Soc. 2003 Mar 15;125(14):4066–7. doi: 10.1021/ja0297988.",30323
1.18,1D11,INTERACTIONS BETWEEN AN ANTHRACYCLINE ANTIBIOTIC AND DNA MOLECULAR STRUCTURE OF DAUNOMYCIN COMPLEXED TO D(CPGPTPAPCPG) AT 1.2-ANGSTROMS RESOLUTION,X-RAY DIFFRACTION,DM1|NA,,923|30323,,,3567161.0,10.1021/bi00378a025,,24520631.0,"Wang AH, Ughetto G, Quigley GJ, Rich A. Interactions between an anthracycline antibiotic and DNA: molecular structure of daunomycin complexed to d(CpGpTpApCpG) at 1.2-A resolution. Biochemistry. 1987 Feb 24;26(4):1152–63. doi: 10.1021/bi00378a025. PMID: 3567161.",30323
1.4,152D,DIVERSITY OF WATER RING SIZE AT DNA INTERFACES: HYDRATION AND DYNAMICS OF DNA-ANTHRACYCLINE COMPLEXES,X-RAY DIFFRACTION,DM1,,30323,,,8142363.0,10.1021/bi00178a023,,2184439.0,"Lipscomb LA, Peek ME, Zhou FX, Bertrand JA, VanDerveer D, Williams LD. Water ring structure at DNA interfaces: hydration and dynamics of DNA-anthracycline complexes. Biochemistry. 1994 Mar 29;33(12):3649–59. doi: 10.1021/bi00178a023. PMID: 8142363.",30323
1.4,2D34,FORMALDEHYDE CROSS-LINKS DAUNORUBICIN AND DNA EFFICIENTLY: HPLC AND X-RAY DIFFRACTION STUDIES,X-RAY DIFFRACTION,DM1|MG,,30323|888,,,2018756.0,10.1021/bi00230a002,,7605047.0,"Wang AH, Gao YG, Liaw YC, Li YK. Formaldehyde cross-links daunorubicin and DNA efficiently: HPLC and X-ray diffraction studies. Biochemistry. 1991 Apr 23;30(16):3812–5. doi: 10.1021/bi00230a002. PMID: 2018756.",30323
1.5,1D10,STRUCTURAL COMPARISON OF ANTICANCER DRUG-DNA COMPLEXES. ADRIAMYCIN AND DAUNOMYCIN,X-RAY DIFFRACTION,DM1|SPM|NA,,923|30323|1103,,,2334681.0,10.1021/bi00462a016,,27858634.0,"Frederick CA, Williams LD, Ughetto G, Van der Marel GA, Van Boom JH, Rich A, Wang AHJ. Structural comparison of anticancer drug-DNA complexes: adriamycin and daunomycin. Biochemistry. 1990 Mar 01;29(10):2538–49. doi: 10.1021/bi00462a016.",30323
1.5,1D33,Formaldehyde cross-links daunorubicin and DNA efficiently: HPLC and X-RAY diffraction studies,X-RAY DIFFRACTION,DM1|MG,,30323|888,,,2018756.0,10.1021/bi00230a002,,7605047.0,"Wang AH, Gao YG, Liaw YC, Li YK. Formaldehyde cross-links daunorubicin and DNA efficiently: HPLC and X-ray diffraction studies. Biochemistry. 1991 Apr 23;30(16):3812–5. doi: 10.1021/bi00230a002. PMID: 2018756.",30323
1.5,1DA0,DNA-DRUG INTERACTIONS: THE CRYSTAL STRUCTURE OF D(CGATCG) COMPLEXED WITH DAUNOMYCIN,X-RAY DIFFRACTION,DM1,,30323,,,2738914.0,10.1016/0022-2836(89)90577-9,,1402900.0,"Moore MH, Hunter WN, d'Estaintot BL, Kennard O. DNA-drug interactions. The crystal structure of d(CGATCG) complexed with daunomycin. J Mol Biol. 1989 Apr 20;206(4):693–705. doi: 10.1016/0022-2836(89)90577-9. PMID: 2738914.",30323
1.5,1JO2,Crystal Structure of the B-DNA Hexamer (CgATCG).Daunomycin Complex Containing a Ribose at the Intercalation Site,X-RAY DIFFRACTION,DM1,,30323,,,12876339.0,10.1107/s0907444903011788,,2286020.0,"Shi K, Pan B, Sundaralingam M. Structure of a B-form DNA/RNA chimera (dC)(rG)d(ATCG) complexed with daunomycin at 1.5 A resolution. Acta Crystallogr D Biol Crystallogr. 2003 Aug;59(Pt 8):1377–83. doi: 10.1107/s0907444903011788. PMID: 12876339.",30323
1.5,308D,BINDING OF DAUNOMYCIN TO B-D-GLUCOSYLATED DNA FOUND IN PROTOZOA TRYPANOSOMA BRUCEI STUDIED BY X-RAY CRYSTALLOGRAPH,X-RAY DIFFRACTION,DM1|BGC|MG,G71142DF,30323|888|64689,,,,,,,,30323
1.6,1VTH,DNA-DRUG INTERACTIONS: THE CRYSTAL STRUCTURES OF D(TGTACA) COMPLEXED WITH DAUNOMYCIN,X-RAY DIFFRACTION,DM1,,30323,,,,,,,,30323
1.7,1VTI,DNA-DRUG INTERACTIONS: THE CRYSTAL STRUCTURES OF D(TGATCA) COMPLEXED WITH DAUNOMYCIN,X-RAY DIFFRACTION,DM1,,30323,,,,,,,,30323
1.9,110D,ANTHRACYCLINE-DNA INTERACTIONS AT UNFAVOURABLE BASE BASE-PAIR TRIPLET-BINDING SITES: STRUCTURES OF D(CGGCCG)/DAUNOMYCIN AND D(TGGCCA)/ADRIAMYCIN COMPL,X-RAY DIFFRACTION,DM1,,30323,,,15299505.0,10.1107/s090744499300527x,,17308991.0,"Leonard GA, Hambley TW, McAuley-Hecht K, Brown T, Hunter WN. ANTHRACYCLINE-DNA INTERACTIONS AT UNFAVOURABLE BASE BASE-PAIR TRIPLET-BINDING SITES: STRUCTURES OF D(CGGCCG)/DAUNOMYCIN AND D(TGGCCA)/ADRIAMYCIN COMPL. 1993 Apr 15;(). doi: 10.2210/pdb110d/pdb.",30323
2.15,7QZ6,Transcriptional regulator LmrR with bound daunomycin and with Trp-67 and Trp-96 replaced by 5-fluoroTrp,X-RAY DIFFRACTION,DM1,,30323,,,35868012.0,10.1021/jacs.2c04986,PMC9354243,35412394.0,"Shao J, Kuiper BP, Thunnissen AWH, Cool RH, Zhou L, Huang C, Dijkstra BW, Broos J. The Role of Tryptophan in p Interactions in Proteins: An Experimental Approach. J Am Chem Soc. 2022 Aug 03;144(30):13815–22. PMID: 35868012; PMCID: PMC9354243.",30323
2.2,3F8F,Crystal structure of multidrug binding transcriptional regulator LmrR complexed with Daunomycin,X-RAY DIFFRACTION,DM1,,30323,,,19096365.0,10.1038/emboj.2008.263,PMC2634732,27522594.0,2008; 28(2):156-166,30323
2.3,7QZ7,"Transcriptional regulator LmrR with bound daunomycin and with Trp-67 and Trp-96 replaced by 5,6,7-trifluoroTrp",X-RAY DIFFRACTION,DM1,,30323,,,35868012.0,10.1021/jacs.2c04986,PMC9354243,35412394.0,"Shao J, Kuiper BP, Thunnissen AWH, Cool RH, Zhou L, Huang C, Dijkstra BW, Broos J. The Role of Tryptophan in p Interactions in Proteins: An Experimental Approach. J Am Chem Soc. 2022 Aug 03;144(30):13815–22. PMID: 35868012; PMCID: PMC9354243.",30323
2.3,7QZ8,"Transcriptional regulator LmrR with bound daunomycin and with Trp-67 and Trp-96 replaced by the unnatural amino acid 5,6-difluoroTrp",X-RAY DIFFRACTION,DM1,,30323,,,35868012.0,10.1021/jacs.2c04986,PMC9354243,35412394.0,"Shao J, Kuiper BP, Thunnissen AWH, Cool RH, Zhou L, Huang C, Dijkstra BW, Broos J. The Role of Tryptophan in p Interactions in Proteins: An Experimental Approach. J Am Chem Soc. 2022 Aug 03;144(30):13815–22. PMID: 35868012; PMCID: PMC9354243.",30323
3.1,4KR8,Salmonella typhi OmpF complex with Daunomycin,X-RAY DIFFRACTION,DM1,,30323,P37432,1252517.0,,,,,,30323
1.66,5ZNC,Plasmodium falciparum purine nucleoside phosphorylase in complex with quinine,X-RAY DIFFRACTION,PO4|QI9,,1061|3034034,Q8T9Z7,,30602534.0,10.1126/scitranslmed.aau3174,,18918853.0,"Dziekan JM, Yu H, Chen D, Dai L, Wirjanata G, Larsson A, Prabhu N, Sobota RM, Bozdech Z, Nordlund P. Identifying purine nucleoside phosphorylase as the target of quinine using cellular thermal shift assay. Sci Transl Med. 2019 Jan 02;11(473). doi: 10.1126/scitranslmed.aau3174. PMID: 30602534.",3034034
2.35,4WNV,Human Cytochrome P450 2D6 Quinine Complex,X-RAY DIFFRACTION,GOL|NA|QI9|ZN|HEM,,923|3034034|32051|753,P10635,1565.0,25555909.0,10.1074/jbc.m114.627661,PMC4335244,503029.0,"Wang A, Stout CD, Zhang Q, Johnson EF. Contributions of Ionic Interactions and Protein Dynamics to Cytochrome P450 2D6 (CYP2D6) Substrate and Inhibitor Binding. Journal of Biological Chemistry. 2015 Feb;290(8):5092–104. doi: 10.1074/jbc.m114.627661.",3034034
2.5,4UIN,crystal structure of quinine-dependent Fab 314.3 with quinine,X-RAY DIFFRACTION,QI9,,3034034,,,26282540.0,10.1182/blood-2015-04-639351,PMC4626254,29002021.0,"Zhu J, Zhu J, Bougie DW, Aster RH, Springer TA. Structural basis for quinine-dependent antibody binding to platelet integrin aIIbß3. Blood. 2015 Oct 29;126(18):2138–45. PMID: 26282540; PMCID: PMC4626254.",3034034
2.78,8R7Q,human connexin-36 gap junction channel in complex with quinine,ELECTRON MICROSCOPY,QI9,,3034034,Q9UKL4,57369.0,38890333.0,10.1038/s41421-024-00691-y,PMC11189382,37357674.0,2024; 10(1):68,3034034
2.853,4UIL,crystal structure of quinine-dependent Fab 314.1 with quinine,X-RAY DIFFRACTION,QI9,,3034034,,,26282540.0,10.1182/blood-2015-04-639351,PMC4626254,29002021.0,"Zhu J, Zhu J, Bougie DW, Aster RH, Springer TA. Structural basis for quinine-dependent antibody binding to platelet integrin aIIbß3. Blood. 2015 Oct 29;126(18):2138–45. PMID: 26282540; PMCID: PMC4626254.",3034034
2.5,2IVU,Crystal structure of phosphorylated RET tyrosine kinase domain complexed with the inhibitor ZD6474,X-RAY DIFFRACTION,FMT|ZD6,,3081361|284,P07949|2IVU_A,5979,16928683.0,10.1074/jbc.m605604200,,9895070.0,"Knowles PP, Murray-Rust J, Kjær S, Scott RP, Hanrahan S, Santoro M, Ibáñez CF, McDonald NQ. Structure and Chemical Inhibition of the RET Tyrosine Kinase Domain. Journal of Biological Chemistry. 2006 Nov;281(44):33577–87. doi: 10.1074/jbc.m605604200.",3081361
1.55,5SYM,"Cocrystal structure of the human acyl protein thioesterase 1 with an isoform-selective inhibitor, ML348",X-RAY DIFFRACTION,CL|71Q|EDO,,174|3238952|312,O75608,10434,27748579.0,10.1021/acschembio.6b00720,PMC5359770,10779624.0,"Won SJ, Davda D, Labby KJ, Hwang SY, Pricer R, Majmudar JD, Armacost KA, Rodriguez LA, Rodriguez CL, Chong FS, Torossian KA, Palakurthi J, Hur ES, Meagher JL, Brooks CL, Stuckey JA, Martin BR. Molecular Mechanism for Isoform-Selective Inhibition of Acyl Protein Thioesterases 1 and 2 (APT1 and APT2). ACS Chem Biol. 2016 Dec 16;11(12):3374–82. PMID: 27748579; PMCID: PMC5359770.",3238952
2.65,7LAD,Clobetasol propionate bound to CYP3A5,X-RAY DIFFRACTION,XRD|HEM,,32798,P20815,1577,34648292.0,10.1021/jacs.1c07066,PMC8594567,27819861.0,"Wang J, Buchman CD, Seetharaman J, Miller DJ, Huber AD, Wu J, Chai SC, Garcia-Maldonado E, Wright WC, Chenge J, Chen T. Unraveling the Structural Basis of Selective Inhibition of Human Cytochrome P450 3A5. J Am Chem Soc. 2021 Nov 10;143(44):18467–80. PMID: 34648292; PMCID: PMC8594567.",32798
2.23,9L3C,Staphylococcus aureus lipase-Penfluridol complex (on the ground),X-RAY DIFFRACTION,GOL|PPI|FMT|OCA|CA|ZN|BUA|CL|A1L60|11A|SHV|6NA,,8094|271|379|264|33630|32051|312|753|1032|284|8892|8180,,,40229318.0,10.1038/s41598-025-94981-4,PMC11997127,38678146.0,"Kitadokoro J, Hirokawa T, Kamo M, Furubayashi N, Okuno Y, Hikima T, Yamamoto M, Inaka K, Maenaka K, Kamitani S, Kitadokoro K. Structural analysis shows the mode of inhibition for Staphylococcus aureus lipase by antipsychotic penfluridol. Sci Rep. 2025 Apr 14;15(1). doi: 10.1038/s41598-025-94981-4.",33630
2.57,9L3S,Staphylococcus aureus lipase-Penfluridol complex (in space),X-RAY DIFFRACTION,GOL|PPI|OCA|CA|ZN|BUA|11A|A1L60|CL|FMT|6NA,,271|379|264|33630|32051|312|753|1032|284|8892|8180,,,40229318.0,10.1038/s41598-025-94981-4,PMC11997127,38678146.0,"Kitadokoro J, Hirokawa T, Kamo M, Furubayashi N, Okuno Y, Hikima T, Yamamoto M, Inaka K, Maenaka K, Kamitani S, Kitadokoro K. Structural analysis shows the mode of inhibition for Staphylococcus aureus lipase by antipsychotic penfluridol. Sci Rep. 2025 Apr 14;15(1). doi: 10.1038/s41598-025-94981-4.",33630
2.21,3VW1,Crystal Strucuture of the Crystal Violet-Bound Form of RamR (Transcriptional Regurator of TetR Family) from Salmonella Typhimurium,X-RAY DIFFRACTION,CVI|SO4|CL,,3468|312|1117,,,23800819.0,10.1038/ncomms3078,,15416236.0,2013; 4(1):2078,3468
2.4,5OV9,Crystal structure of Acetylcholinesterase in complex with Crystal Violet,X-RAY DIFFRACTION,ETX|NAG|PE4|PEG|AE3|PGE|PG0|CVI|EDO,G67334XY,174|8146|8134|8172|448032|24139|8076|3468|8117,P21836|2HA4_A|1Q83_A|2XUI_A|1J07_A|4A23_A|2XUF_A|2WHP_A,11423.0,28867801.0,10.3390/molecules22091433,PMC6151500,27693485.0,"Allgardsson A, David Andersson C, Akfur C, Worek F, Linusson A, Ekström F. An Unusual Dimeric Inhibitor of Acetylcholinesterase: Cooperative Binding of Crystal Violet. Molecules. 2017 Aug 30;22(9):1433. doi: 10.3390/molecules22091433.",3468
2.43,6PUB,Crystal Structure of the Type B Chloramphenicol Acetyltransferase from Vibrio cholerae in the Complex with Crystal Violet,X-RAY DIFFRACTION,CVI|SO4|CL,,3468|312|1117,,,,,,,,3468
2.85,1JTX,Crystal structure of the multidrug binding transcriptional regulator QacR bound to crystal violet,X-RAY DIFFRACTION,CVI|SO4,,3468|1117,P0A0N4|1QVT_A,,11739955.0,10.1126/science.1066020,,13193211.0,"Schumacher MA, Miller MC, Grkovic S, Brown MH, Skurray RA, Brennan RG. Structural mechanisms of QacR induction and multidrug recognition. Science. 2001 Dec 07;294(5549):2158–63. doi: 10.1126/science.1066020. PMID: 11739955.",3468
3.403,5VLM,Crystal structure of EilR in complex with crystal violet,X-RAY DIFFRACTION,CVI,,3468,,,30190458.0,10.1038/s41467-018-05857-3,PMC6207686,593293.0,"Ruegg TL, Pereira JH, Chen JC, DeGiovanni A, Novichkov P, Mutalik VK, Tomaleri GP, Singer SW, Hillson NJ, Simmons BA, Adams PD, Thelen MP. Author Correction: Jungle Express is a versatile repressor system for tight transcriptional control. Nature Communications. 2018 Oct 30;9(1):4596. doi: 10.1038/s41467-018-07111-2.",3468
6.31,7YJJ,Human Cytosolic 10-formyltetrahydrofolate dehydrogenase and Gossypol complex,ELECTRON MICROSCOPY,GO3,,3503,O75891,10840,,,,,,3503
,8GY6,Structure of SARS-CoV-2 RNA-dependent RNA polymerase with gossypol binding,ELECTRON MICROSCOPY,GO3,,3503,P0DTC1|P0DTD1,43740578,,,,,,3503
1.26,5ER5,Crystal Structure of Calcium-loaded S100B bound to SC1990,X-RAY DIFFRACTION,CA|ET,,271|3624,3LK0_A|4FQO_A|P02638,525716,27303795.0,10.1107/s2059798316005532,PMC4908867,2542247.0,"Cavalier MC, Melville Z, Aligholizadeh E, Raman EP, Yu W, Fang L, Alasady M, Pierce AD, Wilder PT, MacKerell AD, Weber DJ. Novel protein–inhibitor interactions in site 3 of Ca<sup>2+</sup>-bound S100B as discovered by X-ray crystallography. Acta Crystallogr D Struct Biol. 2016 May 25;72(6):753–60. doi: 10.1107/s2059798316005532.",3624
1.63,3VVY,Crystal Strucuture of The Ethidium-Bound Form of RamR (Transcriptional Regurator of TetR Family) from Salmonella Typhimurium,X-RAY DIFFRACTION,ET,,3624,,,23800819.0,10.1038/ncomms3078,,15416236.0,2013; 4(1):2078,3624
1.7,6KO7,Crystal structure of the Ethidium bound RamR determined with XtaLAB Synergy,X-RAY DIFFRACTION,SO4|ET,,3624|1117,Q8ZR43,1252100,31431261.0,10.1016/j.bbrc.2019.08.070,,12876200.0,"Matsumoto T, Nakashima R, Yamano A, Nishino K. Development of a structure determination method using a multidrug-resistance regulator protein as a framework. Biochemical and Biophysical Research Communications. 2019 Oct;518(2):402–8. doi: 10.1016/j.bbrc.2019.08.070.",3624
1.867,4ZVK,Reduced quinone reductase 2 in complex with ethidium,X-RAY DIFFRACTION,ZN|ET|FAD,,32051|643975|3624,P16083,4835,26636353.0,10.1021/acs.biochem.5b00884,,12778375.0,"Leung KKK, Shilton BH. Binding of DNA-Intercalating Agents to Oxidized and Reduced Quinone Reductase 2. Biochemistry. 2015 Dec 14;54(51):7438–48. doi: 10.1021/acs.biochem.5b00884.",3624
1.867,5BUC,Oxidized quinone reductase 2 in complex with ethidium,X-RAY DIFFRACTION,SO4|ZN|ET|FAD,,32051|643975|3624|1117,P16083,4835,,,,,,3624
1.95,2ZOZ,Crystal structure of the ethidium-bound form of the multi-drug binding transcriptional repressor CgmR,X-RAY DIFFRACTION,SO4|GOL|ET,,753|3624|1117,,,20691702.0,10.1016/j.jmb.2010.07.042,,7968960.0,"Itou H, Watanabe N, Yao M, Shirakihara Y, Tanaka I. Crystal Structures of the Multidrug Binding Repressor Corynebacterium glutamicum CgmR in Complex with Inducers and with an Operator. Journal of Molecular Biology. 2010 Oct;403(2):174–84. doi: 10.1016/j.jmb.2010.07.042.",3624
2.101,5KCB,The structure of SAV2435 bound to ethidium bromide,X-RAY DIFFRACTION,SO4|ET,,3624|1117,,,27505298.0,10.1021/acs.biochem.6b00651,,11439983.0,"Moreno A, Froehlig JR, Bachas S, Gunio D, Alexander T, Vanya A, Wade H. Solution Binding and Structural Analyses Reveal Potential Multidrug Resistance Functions for SAV2435 and CTR107 and Other GyrI-like Proteins. Biochemistry. 2016 Aug 30;55(34):4850–63. doi: 10.1021/acs.biochem.6b00651. PMID: 27505298.",3624
2.299,3V78,Crystal Structure of Transcriptional Regulator,X-RAY DIFFRACTION,ET,,3624,,,22821564.0,10.1093/nar/gks677,PMC3467072,18118891.0,"Bolla JR, Do SV, Long F, Dai L, Su C, Lei H, Chen X, Gerkey JE, Murphy DC, Rajashankar KR, Zhang Q, Yu EW. Structural and functional analysis of the transcriptional regulator Rv3066 of Mycobacterium tuberculosis. 2012 Jul 19;40(18):9340–55. doi: 10.1093/nar/gks677.",3624
2.585,5FFZ,S. aureus MepR bound to ethidium bromide,X-RAY DIFFRACTION,ET|K,,813|3624,,,,,,,,3624
2.7,3HTJ,Crystal structure of multidrug binding protein EbrR complexed with ethidium,X-RAY DIFFRACTION,NI|ET,,3624|934,,,,,,,,3624
2.8,3BR3,"Crystal Structure of the Complex of Ethidium Bound to QacR(E90Q), a Mutant of a Multidrug Binding Transcriptional Repressor",X-RAY DIFFRACTION,SO4|ET,,3624|1117,P0A0N5|P0A0N3|3BTI_A|3BT9_A|3PM1_A,,,,,,,3624
2.8,3PM1,Structure of QacR E90Q bound to Ethidium,X-RAY DIFFRACTION,SO4|ET,,3624|1117,P0A0N5|P0A0N3|3BTI_A|3BT9_A|3PM1_A,,21264225.0,10.1371/journal.pone.0015974,PMC3022030,10670890.0,"Peters KM, Brooks BE, Schumacher MA, Skurray RA, Brennan RG, Brown MH. A Single Acidic Residue Can Guide Binding Site Selection but Does Not Govern QacR Cationic-Drug Affinity. PLoS ONE. 2011 Jan 17;6(1):e15974. doi: 10.1371/journal.pone.0015974.",3624
2.95,3Q2Y,Crystal Structure of BmrR bound to ethidium,X-RAY DIFFRACTION,GOL|ET,,3624|753,P39075|2BOW_A,938676,21690368.0,10.1073/pnas.1104850108,PMC3131311,21470603.0,"Bachas S, Eginton C, Gunio D, Wade H. Structural contributions to multidrug recognition in the multidrug resistance (MDR) gene regulator, BmrR. Proc Natl Acad Sci U S A. 2011 Jul 05;108(27):11046–51. PMID: 21690368; PMCID: PMC3131311.",3624
2.96,1QVU,Crystal structure of the multidrug binding transcriptional repressor QacR bound to two drugs: ethidium and proflavine,X-RAY DIFFRACTION,PRL|ET,,7099|3624,P0A0N4|1QVT_A,,15257299.0,10.1038/sj.emboj.7600288,PMC514915,21363626.0,2004; 23(15):2923-2930,3624
2.97,1JTY,Crystal structure of the multidrug binding transcriptional regulator QacR bound to ethidium,X-RAY DIFFRACTION,SO4|ET,,3624|1117,P0A0N4|1QVT_A,,11739955.0,10.1126/science.1066020,,13193211.0,"Schumacher MA, Miller MC, Grkovic S, Brown MH, Skurray RA, Brennan RG. Structural mechanisms of QacR induction and multidrug recognition. Science. 2001 Dec 07;294(5549):2158–63. doi: 10.1126/science.1066020. PMID: 11739955.",3624
2.97,7KGG,Cryo-EM Structures of AdeB from Acinetobacter baumannii: AdeB-ET-I,ELECTRON MICROSCOPY,PTY|ET,,446872|3624,,,33622726.0,10.1128/mbio.03690-20,PMC8545137,25798682.0,"Morgan CE, Glaza P, Leus IV, Trinh A, Su CC, Cui M, Zgurskaya HI, Yu EW. Cryoelectron Microscopy Structures of AdeB Illuminate Mechanisms of Simultaneous Binding and Exporting of Substrates. mBio. 2021 Feb 23;12(1). PMID: 33622726; PMCID: PMC8545137.",3624
3.08,1T9X,Structural Basis of Multidrug Transport by the AcrB Multidrug Efflux Pump,X-RAY DIFFRACTION,ET,,3624,P31224,945108|75202887,16166543.0,10.1128/jb.187.19.6804-6815.2005,PMC1251581,30171409.0,"Yu EW, Aires JR, McDermott G, Nikaido H: A periplasmic drug-binding site of the AcrB multidrug efflux pump: a crystallographic and site-directed mutagenesis study. J Bacteriol. 2005 Oct;187(19):6804-15. doi: 10.1128/JB.187.19.6804-6815.2005.",3624
3.34,7KGI,Cryo-EM Structures of AdeB from Acinetobacter baumannii: AdeB-ET-III,ELECTRON MICROSCOPY,PTY|ET,,446872|3624,,,33622726.0,10.1128/mbio.03690-20,PMC8545137,25798682.0,"Morgan CE, Glaza P, Leus IV, Trinh A, Su CC, Cui M, Zgurskaya HI, Yu EW. Cryoelectron Microscopy Structures of AdeB Illuminate Mechanisms of Simultaneous Binding and Exporting of Substrates. mBio. 2021 Feb 23;12(1). PMID: 33622726; PMCID: PMC8545137.",3624
3.49,4HUM,MATE transporter NorM-NG in complex with ethidium and monobody,X-RAY DIFFRACTION,ET,,3624,,,23341609.0,10.1073/pnas.1219901110,PMC3568332,21495743.0,"Lu M, Symersky J, Radchenko M, Koide A, Guo Y, Nie R, Koide S. Structures of a Na <sup>+</sup> -coupled, substrate-bound MATE multidrug transporter. Proc. Natl. Acad. Sci. U.S.A. 2013 Jan 22;110(6):2099–104. doi: 10.1073/pnas.1219901110.",3624
3.79,7KGH,Cryo-EM Structures of AdeB from Acinetobacter baumannii: AdeB-ET-II,ELECTRON MICROSCOPY,PTY|ET,,446872|3624,,,33622726.0,10.1128/mbio.03690-20,PMC8545137,25798682.0,"Morgan CE, Glaza P, Leus IV, Trinh A, Su CC, Cui M, Zgurskaya HI, Yu EW. Cryoelectron Microscopy Structures of AdeB Illuminate Mechanisms of Simultaneous Binding and Exporting of Substrates. mBio. 2021 Feb 23;12(1). PMID: 33622726; PMCID: PMC8545137.",3624
3.8,1OY9,Structural Basis of Multiple Drug Binding Capacity of the AcrB Multidrug Efflux Pump,X-RAY DIFFRACTION,ET,,3624,P31224,945108|75202887,12738864.0,10.1126/science.1083137,,7817183.0,"Yu EW, McDermott G, Zgurskaya HI, Nikaido H, Koshland DE. Structural Basis of Multiple Drug-Binding Capacity of the AcrB Multidrug Efflux Pump. Science. 2003 May 09;300(5621):976–80. doi: 10.1126/science.1083137.",3624
1.19,7FCG,X-ray structure of high-strength hydrogel-grown FABP3 crystal soaked in 50% DMSO solution containing Indometacin,X-RAY DIFFRACTION,P6G|IMN,,17472|3715,P05413|1HMR_A,2170.0,,,,,,3715
1.4,3FO7,Simultaneous inhibition of anti-coagulation and inflammation: Crystal structure of phospholipase A2 complexed with indomethacin at 1.4 A resolution reveals the presence of the new common ligand binding site,X-RAY DIFFRACTION,SO4|IMN,,3715|1117,3H1X_A|P59071|1FV0_A,,,,,,,3715
1.4,3H1X,Simultaneous inhibition of anti-coagulation and inflammation: Crystal structure of phospholipase A2 complexed with indomethacin at 1.4 A resolution reveals the presence of the new common ligand binding site,X-RAY DIFFRACTION,SO4|IMN,,3715|1117,3H1X_A|P59071|1FV0_A,,19462410.0,10.1002/jmr.960,,26868680.0,"Singh N, Prem Kumar R, Sharma S, Kaur P, Singh TP. Simultaneous inhibition of anti-coagulation and inflammation: Crystal structure of phospholipase A2 complexed with indomethacin at 1.4 A resolution reveals the presence of the new common ligand binding site. 2009 Jun 09;(). doi: 10.2210/pdb3h1x/pdb.",3715
1.52,4JQ4,AKR1C2 complex with indomethacin,X-RAY DIFFRACTION,TLA|PO4|NAP|IMN|EDO,,174|5885|444305|3715|1061,P52895,1646.0,,,,,,3715
1.58,4YIA,Structural mechanism of hormone release in thyroxine binding globulin,X-RAY DIFFRACTION,CA|CL|NA|IMN,,923|271|312|3715,P05543|2CEO_A|2XN5_A|2XN3_A|2XN6_A,6906.0,,,,,,3715
1.65,3UGR,AKR1C3 complex with indomethacin at pH 6.8,X-RAY DIFFRACTION,NAP|EDO|DMS|IMN,,174|3715|5885|679,P42330,8644.0,22937138.0,10.1371/journal.pone.0043965,PMC3429426,31634048.0,"Flanagan JU, Yosaatmadja Y, Teague RM, Chai MZL, Turnbull AP, Squire CJ. Crystal Structures of Three Classes of Non-Steroidal Anti-Inflammatory Drugs in Complex with Aldo-Keto Reductase 1C3. PLoS ONE. 2012 Aug 28;7(8):e43965. doi: 10.1371/journal.pone.0043965.",3715
1.7,1S2A,Crystal structures of prostaglandin D2 11-ketoreductase in complex with the non-steroidal anti-inflammatory drugs flufenamic acid and indomethacin,X-RAY DIFFRACTION,UNX|NAP|DMS|IMN,,679|5885|3715,P42330,8644.0,14996743.0,10.1158/0008-5472.can-03-2847,,30820083.0,"Lovering AL, Ride JP, Bunce CM, Desmond JC, Cummings SM, White SA. Crystal Structures of Prostaglandin D2 11-Ketoreductase (AKR1C3) in Complex with the Nonsteroidal Anti-Inflammatory Drugs Flufenamic Acid and Indomethacin. 2004 Mar 01;64(5):1802–10. doi: 10.1158/0008-5472.can-03-2847.",3715
1.73,3UG8,AKR1C3 complex with indomethacin at pH 7.5,X-RAY DIFFRACTION,NAP|EDO|IMN,,174|5885|3715,P42330,8644.0,22937138.0,10.1371/journal.pone.0043965,PMC3429426,31634048.0,"Flanagan JU, Yosaatmadja Y, Teague RM, Chai MZL, Turnbull AP, Squire CJ. Crystal Structures of Three Classes of Non-Steroidal Anti-Inflammatory Drugs in Complex with Aldo-Keto Reductase 1C3. PLoS ONE. 2012 Aug 28;7(8):e43965. doi: 10.1371/journal.pone.0043965.",3715
1.95,3ADX,Human PPARgamma ligand-binding domain in complex with indomethacin and nitro-233,X-RAY DIFFRACTION,NRO|IMN,,6006216|3715,P37231|3U9Q_A|2HFP_A|3OSI_A|3T03_A|3BC5_A|1I7I_A|3R5N_A|1ZEO_A|2ATH_A|3B1M_A|4PRG_A|1NYX_A|2YFE_A|2I4J_A|1FM9_D,5468.0,20717101.0,10.1038/emboj.2010.197,PMC2957204,27558139.0,2010; 29(19):3395-3407,3715
2.0,2DM6,Crystal structure of anti-configuration of indomethacin and leukotriene B4 12-hydroxydehydrogenase/15-oxo-prostaglandin 13-reductase complex,X-RAY DIFFRACTION,TAM|NAP|IMN,,3715|448009|5885,Q9EQZ5,100135572.0,16916844.0,10.1093/jb/mvj176,,9884039.0,"Hori T, Ishijima J, Yokomizo T, Ago H, Shimizu T, Miyano M. Crystal Structure of Anti-Configuration of Indomethacin and Leukotriene B4 12-Hydroxydehydrogenase/15-Oxo-Prostaglandin 13-Reductase Complex Reveals the Structural Basis of Broad Spectrum Indomethacin Efficacy. 2006 Sep;140(3):457–66. doi: 10.1093/jb/mvj176.",3715
2.0,2ZB8,Crystal structure of human 15-ketoprostaglandin delta-13-reductase in complex with NADP and indomethacin,X-RAY DIFFRACTION,SO4|NAP|IMN,,5885|3715|1117,Q8N8N7,145482.0,19000823.0,10.1016/j.str.2008.09.007,,16700024.0,"Wu YH, Ko TP, Guo RT, Hu SM, Chuang LM, Wang AH: Structural basis for catalytic and inhibitory mechanisms of human prostaglandin reductase PTGR2. Structure. 2008 Nov 12;16(11):1714-23. doi: 10.1016/j.str.2008.09.007.",3715
2.0,4IKI,Crystal structure of wild-type human transthyretin in complex with indomethacin,X-RAY DIFFRACTION,IMN,,3715,3HJ0_A|P02766|3NEE_A|1BM7_A|3KGT_A|3NES_A|3CFN_A|4DEU_A|3FC8_A,7276.0,,,,,,3715
2.0,4KYK,Crystal structure of mouse glyoxalase I complexed with indomethacin,X-RAY DIFFRACTION,ZN|IMN,,32051|3715,Q9CPU0,109801.0,23857942.0,10.1002/cmdc.201300243,,22183345.0,"Zhai J, Zhang H, Zhang L, Zhao Y, Chen S, Chen Y, Peng X, Li Q, Yuan M, Hu X. Zopolrestat as a human glyoxalase I inhibitor and its structural basis. ChemMedChem. 2013 Sep;8(9):1462–4. doi: 10.1002/cmdc.201300243. PMID: 23857942.",3715
2.09,8YG7,HSA Copper Indomethacin Complex,X-RAY DIFFRACTION,A1D6U|PLM|IMN,,985|3715,P02768|3CX9_A|1HK2_A|1GNI_A|1HK3_A,213.0,,,,,,3715
2.1,4IK7,Crystal structure of human transthyretin in complex with indomethacin,X-RAY DIFFRACTION,IMN,,3715,3HJ0_A|P02766|3NEE_A|1BM7_A|3KGT_A|3NES_A|3CFN_A|4DEU_A|3FC8_A,7276.0,,,,,,3715
2.2,3IB1,Structural basis of the prevention of NSAID-induced damage of the gastrointestinal tract by C-terminal half (C-lobe) of bovine colostrum protein lactoferrin: Binding and structural studies of C-lobe complex with indomethacin,X-RAY DIFFRACTION,CO3|SO4|NAG|FE|ZN|IMN,G52638VY|G49954MA|G67334XY,1117|32051|24139|19660|3715|29936,P24627,280846.0,20006955.0,10.1016/j.bpj.2009.09.030,PMC2793366,8620432.0,"Mir R, Singh N, Vikram G, Kumar RP, Sinha M, Bhushan A, Kaur P, Srinivasan A, Sharma S, Singh TP. The Structural Basis for the Prevention of Nonsteroidal Antiinflammatory Drug-Induced Gastrointestinal Tract Damage by the C-Lobe of Bovine Colostrum Lactoferrin. Biophysical Journal. 2009 Dec;97(12):3178–86. doi: 10.1016/j.bpj.2009.09.030.",3715
2.25,3ADS,Human PPARgamma ligand-binding domain in complex with indomethacin,X-RAY DIFFRACTION,IMN,,3715,P37231|3U9Q_A|2HFP_A|3OSI_A|3T03_A|3BC5_A|1I7I_A|3R5N_A|1ZEO_A|2ATH_A|3B1M_A|4PRG_A|1NYX_A|2YFE_A|2I4J_A|1FM9_D,5468.0,20717101.0,10.1038/emboj.2010.197,PMC2957204,27558139.0,2010; 29(19):3395-3407,3715
2.4,2BXK,"Human serum albumin complexed with myristate, azapropazone and indomethacin",X-RAY DIFFRACTION,AZQ|MYR|IMN,,57417511|11005|3715,P02768|3CX9_A|1HK2_A|1GNI_A|1HK3_A,213.0,16169013.0,10.1016/j.jmb.2005.07.075,,30173741.0,"Ghuman J, Zunszain PA, Petitpas I, Bhattacharya AA, Otagiri M, Curry S. Structural basis of the drug-binding specificity of human serum albumin. J Mol Biol. 2005 Oct 14;353(1):38–52. doi: 10.1016/j.jmb.2005.07.075. PMID: 16169013.",3715
2.4,4XUM,PPARgamma ligand binding domain in complex with indomethacin,X-RAY DIFFRACTION,IMN,,3715,P37231|3U9Q_A|2HFP_A|3OSI_A|3T03_A|3BC5_A|1I7I_A|3R5N_A|1ZEO_A|2ATH_A|3B1M_A|4PRG_A|1NYX_A|2YFE_A|2I4J_A|1FM9_D,5468.0,26445566.0,10.1621/nrs.13004,PMC4594550,4593512.0,"Puhl AC, Milton FA, Cvoro A, Sieglaff DH, Campos JC, Bernardes A, Filgueira CS, Lindemann JL, Deng T, Neves FA, Polikarpov I, Webb P. Mechanisms of peroxisome proliferator activated receptor ? regulation by non-steroidal anti-inflammatory drugs. Nucl Recept Signal. 2015;13():e004. PMID: 26445566; PMCID: PMC4594550.",3715
2.5,2BXM,Human serum albumin complexed with myristate and indomethacin,X-RAY DIFFRACTION,MYR|IMN,,11005|3715,P02768|3CX9_A|1HK2_A|1GNI_A|1HK3_A,213.0,16169013.0,10.1016/j.jmb.2005.07.075,,30173741.0,"Ghuman J, Zunszain PA, Petitpas I, Bhattacharya AA, Otagiri M, Curry S. Structural basis of the drug-binding specificity of human serum albumin. J Mol Biol. 2005 Oct 14;353(1):38–52. doi: 10.1016/j.jmb.2005.07.075. PMID: 16169013.",3715
2.6,2BXQ,"Human serum albumin complexed with myristate, phenylbutazone and indomethacin",X-RAY DIFFRACTION,P1Z|MYR|IMN,,11005|4781|3715,P02768|3CX9_A|1HK2_A|1GNI_A|1HK3_A,213.0,16169013.0,10.1016/j.jmb.2005.07.075,,30173741.0,"Ghuman J, Zunszain PA, Petitpas I, Bhattacharya AA, Otagiri M, Curry S. Structural basis of the drug-binding specificity of human serum albumin. J Mol Biol. 2005 Oct 14;353(1):38–52. doi: 10.1016/j.jmb.2005.07.075. PMID: 16169013.",3715
2.6,1Z9H,Microsomal prostaglandin E synthase type-2,X-RAY DIFFRACTION,ACT|CL|IMN,,175|312|3715,Q9N0A4|1Z9H_A,,15854652.0,10.1016/j.jmb.2005.03.035,,7871079.0,"Yamada T, Komoto J, Watanabe K, Ohmiya Y, Takusagawa F. Crystal structure and possible catalytic mechanism of microsomal prostaglandin E synthase type 2 (mPGES-2). J Mol Biol. 2005 May 20;348(5):1163–76. doi: 10.1016/j.jmb.2005.03.035. PMID: 15854652.",3715
2.9,2OTH,Crystal structure of a ternary complex of phospholipase A2 with indomethacin and nimesulide at 2.9 A resolution,X-RAY DIFFRACTION,NIM|CCN|IMN,,6342|3715|4495,3H1X_A|P59071|1FV0_A,,,,,,,3715
2.9,4COX,"CYCLOOXYGENASE-2 (PROSTAGLANDIN SYNTHASE-2) COMPLEXED WITH A NON-SELECTIVE INHIBITOR, INDOMETHACIN",X-RAY DIFFRACTION,NAG|IMN|HEM,G67334XY,24139|3715,Q05769,19225.0,8967954.0,10.1038/384644a0,,21244061.0,"Kurumbail RG, Stevens AM, Gierse JK, McDonald JJ, Stegeman RA, Pak JY, Gildehaus D, Miyashiro JM, Penning TD, Seibert K, Isakson PC, Stallings WC. Structural basis for selective inhibition of cyclooxygenase-2 by anti-inflammatory agents. Nature. 1996 Dec;384(6610):644–8. doi: 10.1038/384644a0. PMID: 8967954.",3715
2.9,4EIX,Structural Studies of the ternary complex of Phaspholipase A2 with nimesulide and indomethacin,X-RAY DIFFRACTION,NIM|CCN|IMN,,6342|3715|4495,3H1X_A|P59071|1FV0_A,,,,,,,3715
1.71,4LMT,Structure of The N-terminal domain of Coronavirus Nucleocapsid Protein complexed with NSC663284,X-RAY DIFFRACTION,CQD,,379077,P33469,,,,,,,379077
1.03,3NDX,HIV-1 Protease Saquinavir:Ritonavir 1:50 complex structure,X-RAY DIFFRACTION,SO4|GOL|CL|DMS|RIT,,312|753|392622|679|1117,2AZB_A|1MRX_A|2QHC_A|1A30_A|2AVS_A|1SDV_A|1IZI_A|2IEO_A|3VF5_A|2AZC_A|P03367|3VFB_A|3KDB_A|3BVA_A|3DJK_A|1AAQ_A|2P3B_B|3U7S_A|2Q63_A|1A94_A|1SGU_A|2F80_A|3T3C_A|1LZQ_A|2R3T_A|2PYN_A|1ZP8_A|2Q64_A|3GGU_A|3VF7_A|2PYM_A|1SDU_A|2O4L_A|2O4N_A|2FDE_A|4FE6_A|1SDT_A|1AJV_A|3PWM_A|2AZ8_A|2AZ9_A,,,,,,,392622
1.14,3NDW,HIV-1 Protease Saquinavir:Ritonavir 1:15 complex structure,X-RAY DIFFRACTION,SO4|NA|ACT|DMS|RIT,,175|679|392622|923|1117,2AZB_A|1MRX_A|2QHC_A|1A30_A|2AVS_A|1SDV_A|1IZI_A|2IEO_A|3VF5_A|2AZC_A|P03367|3VFB_A|3KDB_A|3BVA_A|3DJK_A|1AAQ_A|2P3B_B|3U7S_A|2Q63_A|1A94_A|1SGU_A|2F80_A|3T3C_A|1LZQ_A|2R3T_A|2PYN_A|1ZP8_A|2Q64_A|3GGU_A|3VF7_A|2PYM_A|1SDU_A|2O4L_A|2O4N_A|2FDE_A|4FE6_A|1SDT_A|1AJV_A|3PWM_A|2AZ8_A|2AZ9_A,,,,,,,392622
1.38,3PRS,Endothiapepsin in complex with ritonavir,X-RAY DIFFRACTION,GOL|1PE|PGE|DMS|RIT,,62551|753|392622|679|8172,P11838|1GVU_A|1EED_P,,22213702.0,10.1002/cmdc.201100490,,22164987.0,"Behnen J, Köster H, Neudert G, Craan T, Heine A, Klebe G. Experimental and computational active site mapping as a starting point to fragment-based lead discovery. ChemMedChem. 2012 Feb 06;7(2):248–61. doi: 10.1002/cmdc.201100490. PMID: 22213702.",392622
1.4,3Q70,Secreted aspartic protease in complex with ritonavir,X-RAY DIFFRACTION,ZN|MRD|RIT,,5288845|32051|392622,P0CS83,,,,,,,392622
1.8,1HXW,HIV-1 PROTEASE DIMER COMPLEXED WITH A-84538,X-RAY DIFFRACTION,RIT,,392622,P12499|2WKZ_A|1EBY_A|2AZ8_A|2WL0_A,,7708670.0,10.1073/pnas.92.7.2484,PMC42242,5642386.0,"Kempf DJ, Marsh KC, Denissen JF, McDonald E, Vasavanonda S, Flentge CA, Green BE, Fino L, Park CH, Kong XP. ABT-538 is a potent inhibitor of human immunodeficiency virus protease and has high oral bioavailability in humans. Proc. Natl. Acad. Sci. U.S.A. 1995 Mar 28;92(7):2484–8. doi: 10.1073/pnas.92.7.2484.",392622
1.8,4EYR,Crystal structure of multidrug-resistant clinical isolate 769 HIV-1 protease in complex with ritonavir,X-RAY DIFFRACTION,RIT,,392622,,,23313846.0,10.1016/j.bbrc.2012.12.127,,32293155.0,"Liu Z, Yedidi RS, Wang Y, Dewdney TG, Reiter SJ, Brunzelle JS, Kovari IA, Kovari LC. Insights into the mechanism of drug resistance: X-ray structure analysis of multi-drug resistant HIV-1 protease ritonavir complex. Biochemical and Biophysical Research Communications. 2013 Feb;431(2):232–8. doi: 10.1016/j.bbrc.2012.12.127.",392622
1.8,4NJV,Crystal structure of multidrug-resistant clinical isolate A02 HIV-1 protease in complex with ritonavir,X-RAY DIFFRACTION,RIT,,392622,,,24752271.0,10.1128/aac.00107-14,PMC4068604,1835161.0,"Yedidi RS, Garimella H, Aoki M, Aoki-Ogata H, Desai DV, Chang SB, Davis DA, Fyvie WS, Kaufman JD, Smith DW, Das D, Wingfield PT, Maeda K, Ghosh AK, Mitsuya H. A Conserved Hydrogen-Bonding Network of P2 <i>bis</i> -Tetrahydrofuran-Containing HIV-1 Protease Inhibitors (PIs) with a Protease Active-Site Amino Acid Backbone Aids in Their Activity against PI-Resistant HIV. Antimicrob Agents Chemother. 2014 Jul;58(7):3679–88. doi: 10.1128/aac.00107-14.",392622
1.9,7VE0,Crystal Structure of Ritonavir bound Plasmepsin II (PMII) from Plasmodium falciparum,X-RAY DIFFRACTION,EDO|RIT|CPS,,107670|174|392622,Q8I6V3,811659.0,,,,,,392622
2.0,3NXU,Crystal structure of human cytochrome P4503A4 bound to an inhibitor ritonavir,X-RAY DIFFRACTION,RIT|DMS|HEM,,679|392622,P08684,1576.0,20937904.0,10.1073/pnas.1010693107,PMC2973003,18755586.0,"Sevrioukova IF, Poulos TL: Structure and mechanism of the complex between cytochrome P4503A4 and ritonavir. Proc Natl Acad Sci U S A. 2010 Oct 26;107(43):18422-7. doi: 10.1073/pnas.1010693107. Epub 2010 Oct 11.",392622
2.0,1RL8,Crystal structure of the complex of resistant strain of hiv-1 protease(v82a mutant) with ritonavir,X-RAY DIFFRACTION,RIT,,392622,2AZB_A|1MRX_A|2QHC_A|1A30_A|2AVS_A|1SDV_A|1IZI_A|2IEO_A|3VF5_A|2AZC_A|P03367|3VFB_A|3KDB_A|3BVA_A|3DJK_A|1AAQ_A|2P3B_B|3U7S_A|2Q63_A|1A94_A|1SGU_A|2F80_A|3T3C_A|1LZQ_A|2R3T_A|2PYN_A|1ZP8_A|2Q64_A|3GGU_A|3VF7_A|2PYM_A|1SDU_A|2O4L_A|2O4N_A|2FDE_A|4FE6_A|1SDT_A|1AJV_A|3PWM_A|2AZ8_A|2AZ9_A,,,,,,,392622
2.05,6XCY,Porcine pepsin in complex with ritonavir,X-RAY DIFFRACTION,RIT,,392622,P00791,,,,,,,392622
2.2,1N49,Viability of a Drug-Resistant HIV-1 Protease Variant: Structural Insights for Better Anti-Viral Therapy,X-RAY DIFFRACTION,RIT,,392622,P03369|3AID_A|3EKP_A|3EL4_A|3HAU_A|1D4K_A|3LZV_A|2F3K_A|3HLO_A|1AID_A|3EL1_A|3FSM_A|3EKV_A|2FGV_A|1B6K_A|3HBO_A|3EL9_A|2FGU_A|3HAW_B|3KA2_A|1B6J_A|3EKQ_A|1KZK_A|3EL5_A,,12502847.0,10.1128/jvi.77.2.1306-1315.2003,PMC140781,2964152.0,"Prabu-Jeyabalan M, Nalivaika EA, King NM, Schiffer CA. Viability of a Drug-Resistant Human Immunodeficiency Virus Type 1 Protease Variant: Structural Insights for Better Antiviral Therapy. J Virol. 2003 Jan 15;77(2):1306–15. doi: 10.1128/jvi.77.2.1306-1315.2003.",392622
2.2,2B60,Structure of HIV-1 protease mutant bound to Ritonavir,X-RAY DIFFRACTION,GOL|RIT,,392622|753,,,,,,,,392622
2.2,5VCE,Crystal structure of the cysteine depleted CYP3A4 bound to ritonavir,X-RAY DIFFRACTION,RIT|HEM,,392622,P08684,1576.0,28590129.0,10.1021/acs.biochem.7b00334,PMC5858725,5308624.0,Sevrioukova IF. High-Level Production and Properties of the Cysteine-Depleted Cytochrome P450 3A4. Biochemistry. 2017 Jun 20;56(24):3058–67. PMID: 28590129; PMCID: PMC5858725.,392622
2.4,3TNE,The crystal structure of protease Sapp1p from Candida parapsilosis in complex with the HIV protease inhibitor ritonavir,X-RAY DIFFRACTION,RIT,,392622,P32951|3FV3_B,,22146051.0,10.3109/14756366.2011.627508,,15390316.0,"Dostál J, Brynda J, Hrušková-Heidingsfeldová O, Pachl P, Pichová I, Rezácová P. The crystal structure of protease Sapp1p from <i>Candida parapsilosis</i> in complex with the HIV protease inhibitor ritonavir. Journal of Enzyme Inhibition and Medicinal Chemistry. 2011 Dec 06;27(1):160–5. doi: 10.3109/14756366.2011.627508.",392622
2.5,1SH9,Comparing the Accumulation of Active Site and Non-active Site Mutations in the HIV-1 Protease,X-RAY DIFFRACTION,RIT,,392622,2AZB_A|1MRX_A|2QHC_A|1A30_A|2AVS_A|1SDV_A|1IZI_A|2IEO_A|3VF5_A|2AZC_A|P03367|3VFB_A|3KDB_A|3BVA_A|3DJK_A|1AAQ_A|2P3B_B|3U7S_A|2Q63_A|1A94_A|1SGU_A|2F80_A|3T3C_A|1LZQ_A|2R3T_A|2PYN_A|1ZP8_A|2Q64_A|3GGU_A|3VF7_A|2PYM_A|1SDU_A|2O4L_A|2O4N_A|2FDE_A|4FE6_A|1SDT_A|1AJV_A|3PWM_A|2AZ8_A|2AZ9_A,,15379553.0,10.1021/bi049459m,,11896484.0,"Clemente JC, Moose RE, Hemrajani R, Whitford LRS, Govindasamy L, Reutzel R, McKenna R, Agbandje-McKenna M, Goodenow MM, Dunn BM. Comparing the Accumulation of Active- and Nonactive-Site Mutations in the HIV-1 Protease. Biochemistry. 2004 Aug 31;43(38):12141–51. doi: 10.1021/bi049459m.",392622
2.7,5VC0,Crystal structure of human CYP3A4 bound to ritonavir,X-RAY DIFFRACTION,RIT|HEM,,392622,P08684,1576.0,28590129.0,10.1021/acs.biochem.7b00334,PMC5858725,5308624.0,Sevrioukova IF. High-Level Production and Properties of the Cysteine-Depleted Cytochrome P450 3A4. Biochemistry. 2017 Jun 20;56(24):3058–67. PMID: 28590129; PMCID: PMC5858725.,392622
2.91,5VEU,Human Cytochrome P450 3A5 (CYP3A5),X-RAY DIFFRACTION,RIT|HEM,,392622,P20815,1577.0,29093019.0,10.1124/mol.117.109744,PMC5708090,14853884.0,"Hsu M, Savas U, Johnson EF. The X-Ray Crystal Structure of the Human Mono-Oxygenase Cytochrome P450 3A5-Ritonavir Complex Reveals Active Site Differences between P450s 3A4 and 3A5. Molecular Pharmacology. 2018 Jan;93(1):14–24. doi: 10.1124/mol.117.109744.",392622
1.65,4BZ7,Crystal structure of Schistosoma mansoni HDAC8 complexed with M344,X-RAY DIFFRACTION,B3N|GOL|ZN|K,,813|3994|32051|753,,,24086136.0,10.1371/journal.ppat.1003645,PMC3784479,2479186.0,"Marek M, Kannan S, Hauser A, Moraes Mourão M, Caby S, Cura V, Stolfa DA, Schmidtkunz K, Lancelot J, Andrade L, Renaud J, Oliveira G, Sippl W, Jung M, Cavarelli J, Pierce RJ, Romier C. Structural Basis for the Inhibition of Histone Deacetylase 8 (HDAC8), a Key Epigenetic Player in the Blood Fluke Schistosoma mansoni. PLoS Pathog. 2013 Sep 26;9(9):e1003645. doi: 10.1371/journal.ppat.1003645.",3994
1.7,6PI1,Crystal structure of Marinobacter subterrani acetylpolyamine amidohydrolase (msAPAH) complexed with 4-(dimethylamino)-N-[7-hydroxyamino)-7-oxoheptyl]benzamide,X-RAY DIFFRACTION,B3N|ZN|MG|K,,813|3994|32051|888,,,31436969.0,10.1021/acs.biochem.9b00582,PMC6736730,12881677.0,"Osko JD, Roose BW, Shinsky SA, Christianson DW. Structure and Function of the Acetylpolyamine Amidohydrolase from the Deep Earth Halophile <i>Marinobacter subterrani</i>. Biochemistry. 2019 Aug 22;58(36):3755–66. doi: 10.1021/acs.biochem.9b00582.",3994
1.8,3EW8,Crystal Structure Analysis of human HDAC8 D101L variant,X-RAY DIFFRACTION,BME|B3N|GOL|ZN|K,,813|3994|32051|1567|753,2V5X_A|3MZ3_A|Q9BY41|3MZ6_A|3SFF_A|3F07_A,55869.0,19053282.0,10.1021/bi801610c,PMC2635894,386313.0,"Dowling DP, Gantt SL, Gattis SG, Fierke CA, Christianson DW. Structural Studies of Human Histone Deacetylase 8 and Its Site-Specific Variants Complexed with Substrate and Inhibitors<sup>,</sup>. Biochemistry. 2008 Nov 24;47(51):13554–63. doi: 10.1021/bi801610c.",3994
1.845,3MZ4,Crystal structure of D101L Mn2+ HDAC8 complexed with M344,X-RAY DIFFRACTION,B3N|GOL|MN|K,,813|3994|27854|753,2V5X_A|3MZ3_A|Q9BY41|3MZ6_A|3SFF_A|3F07_A,55869.0,20545365.0,10.1021/bi1005046,PMC2895166,20778225.0,"Dowling DP, Gattis SG, Fierke CA, Christianson DW. Structures of Metal-Substituted Human Histone Deacetylase 8 Provide Mechanistic Inferences on Biological Function, Biochemistry. 2010 May 27;49(24):5048–56. doi: 10.1021/bi1005046.",3994
1.868,5THV,Crystal Structure of G305A HDAC8 in complex with M344,X-RAY DIFFRACTION,B3N|ZN|EDO|K,,813|3994|32051|174,2V5X_A|3MZ3_A|Q9BY41|3MZ6_A|3SFF_A|3F07_A,55869.0,27933794.0,10.1021/acs.biochem.6b01014,PMC5161102,29033752.0,"Porter NJ, Christianson NH, Decroos C, Christianson DW. Structural and Functional Influence of the Glycine-Rich Loop G<sup>302</sup>GGGY on the Catalytic Tyrosine of Histone Deacetylase 8. Biochemistry. 2016 Nov 28;55(48):6718–29. doi: 10.1021/acs.biochem.6b01014.",3994
1.9,3MZ7,Crystal structure of D101L Co2+ HDAC8 complexed with M344,X-RAY DIFFRACTION,B3N|GOL|CO|K,,104729|3994|813|753,2V5X_A|3MZ3_A|Q9BY41|3MZ6_A|3SFF_A|3F07_A,55869.0,20545365.0,10.1021/bi1005046,PMC2895166,20778225.0,"Dowling DP, Gattis SG, Fierke CA, Christianson DW. Structures of Metal-Substituted Human Histone Deacetylase 8 Provide Mechanistic Inferences on Biological Function, Biochemistry. 2010 May 27;49(24):5048–56. doi: 10.1021/bi1005046.",3994
1.9,5THS,Crystal Structure of G302A HDAC8 in complex with M344,X-RAY DIFFRACTION,B3N|ZN|EDO|K,,813|3994|32051|174,2V5X_A|3MZ3_A|Q9BY41|3MZ6_A|3SFF_A|3F07_A,55869.0,27933794.0,10.1021/acs.biochem.6b01014,PMC5161102,29033752.0,"Porter NJ, Christianson NH, Decroos C, Christianson DW. Structural and Functional Influence of the Glycine-Rich Loop G<sup>302</sup>GGGY on the Catalytic Tyrosine of Histone Deacetylase 8. Biochemistry. 2016 Nov 28;55(48):6718–29. doi: 10.1021/acs.biochem.6b01014.",3994
1.92,4QA1,Crystal structure of A188T HDAC8 in complex with M344,X-RAY DIFFRACTION,B3N|GOL|ZN|K,,813|3994|32051|753,2V5X_A|3MZ3_A|Q9BY41|3MZ6_A|3SFF_A|3F07_A,55869.0,25075551.0,10.1021/cb5003762,PMC4168803,12775902.0,"Decroos C, Bowman CM, Moser JA, Christianson KE, Deardorff MA, Christianson DW. Compromised structure and function of HDAC8 mutants identified in Cornelia de Lange Syndrome spectrum disorders. ACS Chem Biol. 2014 Sep 19;9(9):2157–64. PMID: 25075551; PMCID: PMC4168803.",3994
1.93,4RSY,Crystal structures of the Human leukotriene A4 Hydrolase complex with a potential inhibitor H7,X-RAY DIFFRACTION,B3N|YB|IMD|ACY|ZN,,444234|3994|32051|105055|176,3B7R_L|3CHO_A|P09960|2R59_A,4048.0,,,,,,3994
1.94,5DC5,Crystal structure of D176N HDAC8 in complex with M344,X-RAY DIFFRACTION,B3N|ZN|K,,813|3994|32051,2V5X_A|3MZ3_A|Q9BY41|3MZ6_A|3SFF_A|3F07_A,55869.0,26806311.0,10.1021/acs.biochem.5b01327,PMC4747815,5973152.0,"Gantt SML, Decroos C, Lee MS, Gullett LE, Bowman CM, Christianson DW, Fierke CA. General Base–General Acid Catalysis in Human Histone Deacetylase 8. Biochemistry. 2016 Jan 25;55(5):820–32. doi: 10.1021/acs.biochem.5b01327.",3994
1.95,5THU,Crystal Structure of G304A HDAC8 in complex with M344,X-RAY DIFFRACTION,B3N|ZN|GGG|K,,813|3994|32051|11161,2V5X_A|3MZ3_A|Q9BY41|3MZ6_A|3SFF_A|3F07_A,55869.0,27933794.0,10.1021/acs.biochem.6b01014,PMC5161102,29033752.0,"Porter NJ, Christianson NH, Decroos C, Christianson DW. Structural and Functional Influence of the Glycine-Rich Loop G<sup>302</sup>GGGY on the Catalytic Tyrosine of Histone Deacetylase 8. Biochemistry. 2016 Nov 28;55(48):6718–29. doi: 10.1021/acs.biochem.6b01014.",3994
1.98,4QA4,Crystal structure of H334R HDAC8 in complex with M344,X-RAY DIFFRACTION,B3N|GOL|ZN|K,,813|3994|32051|753,2V5X_A|3MZ3_A|Q9BY41|3MZ6_A|3SFF_A|3F07_A,55869.0,25075551.0,10.1021/cb5003762,PMC4168803,12775902.0,"Decroos C, Bowman CM, Moser JA, Christianson KE, Deardorff MA, Christianson DW. Compromised structure and function of HDAC8 mutants identified in Cornelia de Lange Syndrome spectrum disorders. ACS Chem Biol. 2014 Sep 19;9(9):2157–64. PMID: 25075551; PMCID: PMC4168803.",3994
2.0,3MZ6,Crystal structure of D101L Fe2+ HDAC8 complexed with M344,X-RAY DIFFRACTION,B3N|FE2|K,,813|3994|27284,2V5X_A|3MZ3_A|Q9BY41|3MZ6_A|3SFF_A|3F07_A,55869.0,20545365.0,10.1021/bi1005046,PMC2895166,20778225.0,"Dowling DP, Gattis SG, Fierke CA, Christianson DW. Structures of Metal-Substituted Human Histone Deacetylase 8 Provide Mechanistic Inferences on Biological Function, Biochemistry. 2010 May 27;49(24):5048–56. doi: 10.1021/bi1005046.",3994
2.25,3Q9B,Crystal Structure of APAH complexed with M344,X-RAY DIFFRACTION,B3N|NA|ZN|K|DMS,,813|3994|32051|679|923,Q48935,,21268586.0,10.1021/bi101859k,PMC3074186,31587304.0,"Lombardi PM, Angell HD, Whittington DA, Flynn EF, Rajashankar KR, Christianson DW. Structure of Prokaryotic Polyamine Deacetylase Reveals Evolutionary Functional Relationships with Eukaryotic Histone Deacetylases, Biochemistry. 2011 Jan 26;50(11):1808–17. doi: 10.1021/bi101859k.",3994
2.31,1T67,Crystal Structure of Human HDAC8 complexed with MS-344,X-RAY DIFFRACTION,B3N|ZN|NA,,923|3994|32051,2V5X_A|3MZ3_A|Q9BY41|3MZ6_A|3SFF_A|3F07_A,55869.0,15242608.0,10.1016/j.str.2004.04.012,,21349744.0,"Somoza JR, Skene RJ, Katz BA, Mol C, Ho JD, Jennings AJ, Luong C, Arvai A, Buggy JJ, Chi E, Tang J, Sang BC, Verner E, Wynands R, Leahy EM, Dougan DR, Snell G, Navre M, Knuth MW, Swanson RV, McRee DE, Tari LW. Structural snapshots of human HDAC8 provide insights into the class I histone deacetylases. Structure. 2004 Jul;12(7):1325–34. doi: 10.1016/j.str.2004.04.012. PMID: 15242608.",3994
2.40302,7JVW,Crystal structure of human histone deacetylase 8 (HDAC8) G320R mutation complexed with M344,X-RAY DIFFRACTION,B3N|ZN|K,,813|3994|32051,2V5X_A|3MZ3_A|Q9BY41|3MZ6_A|3SFF_A|3F07_A,55869.0,33316326.0,10.1016/j.jsb.2020.107681,PMC7981260,16997693.0,"Osko JD, Porter NJ, Decroos C, Lee MS, Watson PR, Raible SE, Krantz ID, Deardorff MA, Christianson DW. Structural analysis of histone deacetylase 8 mutants associated with Cornelia de Lange Syndrome spectrum disorders. Journal of Structural Biology. 2021 Mar;213(1):107681. doi: 10.1016/j.jsb.2020.107681.",3994
2.407,5THT,Crystal Structure of G303A HDAC8 in complex with M344,X-RAY DIFFRACTION,B3N|ZN|EDO|K,,813|3994|32051|174,2V5X_A|3MZ3_A|Q9BY41|3MZ6_A|3SFF_A|3F07_A,55869.0,27933794.0,10.1021/acs.biochem.6b01014,PMC5161102,29033752.0,"Porter NJ, Christianson NH, Decroos C, Christianson DW. Structural and Functional Influence of the Glycine-Rich Loop G<sup>302</sup>GGGY on the Catalytic Tyrosine of Histone Deacetylase 8. Biochemistry. 2016 Nov 28;55(48):6718–29. doi: 10.1021/acs.biochem.6b01014.",3994
2.55,3F06,Crystal Structure Analysis of Human HDAC8 D101A Variant.,X-RAY DIFFRACTION,BME|B3N|ZN|K,,813|3994|32051|1567,2V5X_A|3MZ3_A|Q9BY41|3MZ6_A|3SFF_A|3F07_A,55869.0,19053282.0,10.1021/bi801610c,PMC2635894,386313.0,"Dowling DP, Gantt SL, Gattis SG, Fierke CA, Christianson DW. Structural Studies of Human Histone Deacetylase 8 and Its Site-Specific Variants Complexed with Substrate and Inhibitors<sup>,</sup>. Biochemistry. 2008 Nov 24;47(51):13554–63. doi: 10.1021/bi801610c.",3994
2.65,3EZP,Crystal Structure Analysis of human HDAC8 D101N variant,X-RAY DIFFRACTION,BME|B3N|ZN|K,,813|3994|32051|1567,2V5X_A|3MZ3_A|Q9BY41|3MZ6_A|3SFF_A|3F07_A,55869.0,19053282.0,10.1021/bi801610c,PMC2635894,386313.0,"Dowling DP, Gantt SL, Gattis SG, Fierke CA, Christianson DW. Structural Studies of Human Histone Deacetylase 8 and Its Site-Specific Variants Complexed with Substrate and Inhibitors<sup>,</sup>. Biochemistry. 2008 Nov 24;47(51):13554–63. doi: 10.1021/bi801610c.",3994
2.85,3EZT,Crystal Structure Analysis of Human HDAC8 D101E Variant,X-RAY DIFFRACTION,BME|B3N|ZN|K,,813|3994|32051|1567,2V5X_A|3MZ3_A|Q9BY41|3MZ6_A|3SFF_A|3F07_A,55869.0,19053282.0,10.1021/bi801610c,PMC2635894,386313.0,"Dowling DP, Gantt SL, Gattis SG, Fierke CA, Christianson DW. Structural Studies of Human Histone Deacetylase 8 and Its Site-Specific Variants Complexed with Substrate and Inhibitors<sup>,</sup>. Biochemistry. 2008 Nov 24;47(51):13554–63. doi: 10.1021/bi801610c.",3994
3.2,3MZ3,Crystal structure of Co2+ HDAC8 complexed with M344,X-RAY DIFFRACTION,B3N|CO|K,,104729|3994|813,2V5X_A|3MZ3_A|Q9BY41|3MZ6_A|3SFF_A|3F07_A,55869.0,20545365.0,10.1021/bi1005046,PMC2895166,20778225.0,"Dowling DP, Gattis SG, Fierke CA, Christianson DW. Structures of Metal-Substituted Human Histone Deacetylase 8 Provide Mechanistic Inferences on Biological Function, Biochemistry. 2010 May 27;49(24):5048–56. doi: 10.1021/bi1005046.",3994
1.05,5ACM,Mcg immunoglobulin variable domain with methylene blue,X-RAY DIFFRACTION,SO4|GOL|MBT,,753|4139|1117,P01709,,26576950.0,10.7554/elife.10935,PMC4758944,17490509.0,"Brumshtein B, Esswein SR, Salwinski L, Phillips ML, Ly AT, Cascio D, Sawaya MR, Eisenberg DS. Inhibition by small-molecule ligands of formation of amyloid fibrils of an immunoglobulin light chain variable domain. Elife. 2015 Nov 18;4():e10935. PMID: 26576950; PMCID: PMC4758944.",4139
1.4,2YVE,Crystal structure of the methylene blue-bound form of the multi-drug binding transcriptional repressor CgmR,X-RAY DIFFRACTION,GOL|CL|MBT,,4139|312|753,,,20691702.0,10.1016/j.jmb.2010.07.042,,7968960.0,"Itou H, Watanabe N, Yao M, Shirakihara Y, Tanaka I. Crystal Structures of the Multidrug Binding Repressor Corynebacterium glutamicum CgmR in Complex with Inducers and with an Operator. Journal of Molecular Biology. 2010 Oct;403(2):174–84. doi: 10.1016/j.jmb.2010.07.042.",4139
2.1,4XYP,Crystal structure of a piscine viral fusion protein,X-RAY DIFFRACTION,CL|MBT,,4139|312,,,26082488.0,10.1074/jbc.m115.644781,PMC4513110,29663189.0,"Cook JD, Soto-Montoya H, Korpela MK, Lee JE. Electrostatic Architecture of the Infectious Salmon Anemia Virus (ISAV) Core Fusion Protein Illustrates a Carboxyl-Carboxylate pH Sensor. Journal of Biological Chemistry. 2015 Jul;290(30):18495–504. doi: 10.1074/jbc.m115.644781.",4139
2.2,3ZYX,Crystal structure of human monoamine oxidase B in complex with methylene blue and bearing the double mutation I199A-Y326A,X-RAY DIFFRACTION,MBT|FAD,,4139|643975,P27338,4129.0,21978362.0,10.1111/j.1742-4658.2011.08386.x,PMC3228903,19459249.0,"Milczek EM, Binda C, Rovida S, Mattevi A, Edmondson DE. The ‘gating’ residues Ile199 and Tyr326 in human monoamine oxidase B function in substrate and inhibitor recognition. The FEBS Journal. 2011 Nov 03;278(24):4860–9. doi: 10.1111/j.1742-4658.2011.08386.x.",4139
2.43,5E4T,Acetylcholinesterase Methylene Blue with PEG,X-RAY DIFFRACTION,PGE|MBT|EDO|PEG,G03681DA|G77969SE|G79110UQ,174|4139|8117|8172,1AMN_A|1GQS_A|P04058|1DX6_A|3I6M_A,,26990888.0,10.1002/pro.2923,PMC4941771,3927394.0,"Dym O, Song W, Felder C, Roth E, Shnyrov V, Ashani Y, Xu Y, Joosten RP, Weiner L, Sussman JL, Silman I. The impact of crystallization conditions on structure-based drug design: A case study on the methylene blue/acetylcholinesterase complex. Protein Science. 2016 Mar 28;25(6):1096–114. doi: 10.1002/pro.2923.",4139
2.7,5DLP,Acetylcholinesterase Methylene Blue no PEG,X-RAY DIFFRACTION,SO4|NAG|MBT,G77969SE|G67334XY|G79110UQ,4139|24139|1117,1AMN_A|1GQS_A|P04058|1DX6_A|3I6M_A,,26990888.0,10.1002/pro.2923,PMC4941771,3927394.0,"Dym O, Song W, Felder C, Roth E, Shnyrov V, Ashani Y, Xu Y, Joosten RP, Weiner L, Sussman JL, Silman I. The impact of crystallization conditions on structure-based drug design: A case study on the methylene blue/acetylcholinesterase complex. Protein Science. 2016 Mar 28;25(6):1096–114. doi: 10.1002/pro.2923.",4139
0.0,7NFD,Structure of mitoxantrone-bound ABCG2,ELECTRON MICROSCOPY,MIX,,4212,Q9UNQ0,9429,33838147.0,10.1016/j.jmb.2021.166980,,27133050.0,"Kowal J, Ni D, Jackson SM, Manolaridis I, Stahlberg H, Locher KP. Structural Basis of Drug Recognition by the Multidrug Transporter ABCG2. J Mol Biol. 2021 Jun 25;433(13):166980. doi: 10.1016/j.jmb.2021.166980. PMID: 33838147.",4212
1.98,7R2G,USP15 D1D2 in catalytically-competent state bound to mitoxantrone stack (isoform 2),X-RAY DIFFRACTION,MIX|GOL|ZN,,753|32051|4212,,,35605756.0,10.1016/j.jsb.2022.107862,,34108644.0,"Priyanka A, Tisi D, Sixma TK. Mitoxantrone stacking does not define the active or inactive state of USP15 catalytic domain. Journal of Structural Biology. 2022 Sep;214(3):107862. doi: 10.1016/j.jsb.2022.107862.",4212
2.09,6GH9,USP15 catalytic domain in complex with small molecule,X-RAY DIFFRACTION,MIX|ZN|DMS,,679|32051|4212,Q9Y4E8,9958,30228188.0,10.1074/jbc.ra118.003857,PMC6231127,19002485.0,"Ward SJ, Gratton HE, Indrayudha P, Michavila C, Mukhopadhyay R, Maurer SK, Caulton SG, Emsley J, Dreveny I. The structure of the deubiquitinase USP15 reveals a misaligned catalytic triad and an open ubiquitin-binding channel. Journal of Biological Chemistry. 2018 Nov;293(45):17362–74. doi: 10.1074/jbc.ra118.003857.",4212
2.548,4G0V,Human topoisomerase iibeta in complex with DNA and mitoxantrone,X-RAY DIFFRACTION,MIX|MG,,888|4212,Q02880,7155,24038465.0,10.1093/nar/gkt828,PMC3905874,24928954.0,"Wu CC, Li YC, Wang YR, Li TK, Chan NL. On the structural basis and design guidelines for type II topoisomerase-targeting anticancer drugs. Nucleic Acids Res. 2013 Dec;41(22):10630–40. PMID: 24038465; PMCID: PMC3905874.",4212
2.7,4I41,Crystal Structure of human Ser/Thr kinase Pim1 in complex with mitoxantrone,X-RAY DIFFRACTION,MIX,,4212,2XIX_A|3R00_A|2XJ0_A|3CY2_A|2J2I_B|3C4E_A|P11309|4A7C_A|3F2A_A|2XIY_A|2OBJ_A|3DCV_A|2O3P_A|1YHS_A|3BWF_A|3JPV_A|3UIX_A|4DTK_A|3MA3_A,5292,23442188.0,10.1021/jm400045y,,12727887.0,"Wan X, Zhang W, Li L, Xie Y, Li W, Huang N. A new target for an old drug: identifying mitoxantrone as a nanomolar inhibitor of PIM1 kinase via kinome-wide selectivity modeling. J Med Chem. 2013 Mar 28;56(6):2619–29. doi: 10.1021/jm400045y. PMID: 23442188.",4212
2.89,2FUM,Catalytic domain of protein kinase PknB from Mycobacterium tuberculosis in complex with mitoxantrone,X-RAY DIFFRACTION,MIX,,4212,P9WI81|2FUM_A|3F69_A,45423973|887072,16674948.0,10.1016/j.febslet.2006.04.046,,33533326.0,"Wehenkel A, Fernandez P, Bellinzoni M, Catherinot V, Barilone N, Labesse G, Jackson M, Alzari PM. The structure of PknB in complex with mitoxantrone, an ATP-competitive inhibitor, suggests a mode of protein kinase regulation in mycobacteria. FEBS Lett. 2006 May 29;580(13):3018–22. doi: 10.1016/j.febslet.2006.04.046. PMID: 16674948.",4212
3.7,6VXI,Structure of ABCG2 bound to mitoxantrone,ELECTRON MICROSCOPY,MIX|CLR,,5997|4212,Q9UNQ0,9429,32385283.0,10.1038/s41467-020-16155-2,PMC7210939,18294449.0,"Orlando BJ, Liao M. ABCG2 transports anticancer drugs via a closed-to-open switch. Nature Communications. 2020 May 08;11(1):2264. doi: 10.1038/s41467-020-16155-2.",4212
,2KGP,Structural basis for stabilization of the tau pre-mRNA splicing regulatory element by Novantrone (Mitoxantrone),SOLUTION NMR,MIX,,4212,,,19477420.0,10.1016/j.chembiol.2009.03.009,PMC2759301,20083557.0,"Zheng S, Chen Y, Donahue CP, Wolfe MS, Varani G. Structural Basis for Stabilization of the Tau Pre-mRNA Splicing Regulatory Element by Novantrone (Mitoxantrone). Chemistry & Biology. 2009 May;16(5):557–66. doi: 10.1016/j.chembiol.2009.03.009.",4212
3.2,3FBV,Crystal structure of the oligomer formed by the kinase-ribonuclease domain of Ire1,X-RAY DIFFRACTION,APJ,,42627755,P32361|2RIO_A,856478,19079236.0,10.1038/nature07661,PMC2846394,25144426.0,"Korennykh AV, Egea PF, Korostelev AA, Finer-Moore J, Zhang C, Shokat KM, Stroud RM, Walter P. The unfolded protein response signals through high-order assembly of Ire1. Nature. 2008 Dec 14;457(7230):687–93. doi: 10.1038/nature07661.",42627755
3.65,3SDJ,Structure of RNase-inactive point mutant of oligomeric kinase/RNase Ire1,X-RAY DIFFRACTION,APJ,,42627755,P32361|2RIO_A,856478,21729333.0,10.1186/1741-7007-9-47,PMC3149027,17413784.0,2011; 9(1):47,42627755
1.67,6SDC,Crystal structure of D1228V cMET bound by foretinib,X-RAY DIFFRACTION,88Z,,42642645,3F66_A|4GG5_A|3LQ8_A|3DKF_A|3DKG_A|P08581|3I5N_A|2RFN_A|3C1X_A|3RHK_A|1R0P_A|3QTI_A|2WGJ_A|2WD1_A|3CE3_A|3Q6W_A|3A4P_A,4233,31531204.0,10.1021/acsmedchemlett.9b00276,PMC6746082,7469858.0,"Collie GW, Koh CM, O’Neill DJ, Stubbs CJ, Khurana P, Eddershaw A, Snijder A, Mauritzson F, Barlind L, Dale IL, Shaw J, Phillips C, Hennessy EJ, Cheung T, Narvaez AJ. Structural and Molecular Insight into Resistance Mechanisms of First Generation cMET Inhibitors. ACS Med. Chem. Lett. 2019 Aug 02;10(9):1322–7. doi: 10.1021/acsmedchemlett.9b00276.",42642645
1.797,5IA4,Crystal Structure of Ephrin A2 (EphA2) Receptor Protein Kinase with foretinib (XL880),X-RAY DIFFRACTION,88Z|EDO,,42642645|174,P29317,1969,27768280.0,10.1021/acschembio.6b00709,,31708588.0,"Heinzlmeir S, Kudlinzki D, Sreeramulu S, Klaeger S, Gande SL, Linhard V, Wilhelm M, Qiao H, Helm D, Ruprecht B, Saxena K, Médard G, Schwalbe H, Kuster B. Chemical Proteomics and Structural Biology Define EPHA2 Inhibition by Clinical Kinase Drugs. ACS Chem Biol. 2016 Dec 16;11(12):3400–11. doi: 10.1021/acschembio.6b00709. PMID: 27768280.",42642645
2.02,3LQ8,Structure of the kinase domain of c-Met bound to XL880 (GSK1363089),X-RAY DIFFRACTION,88Z,,42642645,3F66_A|4GG5_A|3LQ8_A|3DKF_A|3DKG_A|P08581|3I5N_A|2RFN_A|3C1X_A|3RHK_A|1R0P_A|3QTI_A|2WGJ_A|2WD1_A|3CE3_A|3Q6W_A|3A4P_A,4233,19808973.0,10.1158/0008-5472.can-08-4889,,30896433.0,"Qian F, Engst S, Yamaguchi K, Yu P, Won KA, Mock L, Lou T, Tan J, Li C, Tam D, Lougheed J, Yakes FM, Bentzien F, Xu W, Zaks T, Wooster R, Greshock J, Joly AH. Inhibition of tumor cell growth, invasion, and metastasis by EXEL-2880 (XL880, GSK1363089), a novel inhibitor of HGF and VEGF receptor tyrosine kinases. Cancer Res. 2009 Oct 15;69(20):8009–16. doi: 10.1158/0008-5472.can-08-4889. PMID: 19808973.",42642645
2.35,6SD9,Crystal structure of wild-type cMET bound by foretinib,X-RAY DIFFRACTION,CL|88Z,,42642645|312,3F66_A|4GG5_A|3LQ8_A|3DKF_A|3DKG_A|P08581|3I5N_A|2RFN_A|3C1X_A|3RHK_A|1R0P_A|3QTI_A|2WGJ_A|2WD1_A|3CE3_A|3Q6W_A|3A4P_A,4233,31531204.0,10.1021/acsmedchemlett.9b00276,PMC6746082,7469858.0,"Collie GW, Koh CM, O’Neill DJ, Stubbs CJ, Khurana P, Eddershaw A, Snijder A, Mauritzson F, Barlind L, Dale IL, Shaw J, Phillips C, Hennessy EJ, Cheung T, Narvaez AJ. Structural and Molecular Insight into Resistance Mechanisms of First Generation cMET Inhibitors. ACS Med. Chem. Lett. 2019 Aug 02;10(9):1322–7. doi: 10.1021/acsmedchemlett.9b00276.",42642645
2.56,6I2Y,Human STK10 bound to Foretinib,X-RAY DIFFRACTION,88Z,,42642645,O94804,6793,,,,,,42642645
1.5,3ARQ,Crystal Structure Analysis of Chitinase A from Vibrio harveyi with novel inhibitors - complex structure with IDARUBICIN,X-RAY DIFFRACTION,GOL|DM5,,42890|753,,,21531720.0,10.1074/jbc.m110.183376,PMC3129211,14042307.0,"Pantoom S, Vetter IR, Prinz H, Suginta W. Potent family-18 chitinase inhibitors: x-ray structures, affinities, and binding mechanisms. J Biol Chem. 2011 Jul 08;286(27):24312–23. PMID: 21531720; PMCID: PMC3129211.",42890
1.6,1D67,THE MOLECULAR STRUCTURE OF AN IDARUBICIN-D(TGATCA) COMPLEX AT HIGH RESOLUTION,X-RAY DIFFRACTION,DM5,,42890,,,15299520.0,10.1107/s0907444992009983,,17309005.0,"Gallois B, Langlois d'Estaintot B, Brown T, Hunter WN. The structure of an idarubicin–d(TGATCA) complex at high resolution. Acta Crystallogr D Biol Crystallogr. 1993 May 01;49(3):311–7. doi: 10.1107/s0907444992009983.",42890
1.7,1D38,INFLUENCE OF AGLYCONE MODIFICATIONS ON THE BINDING OF ANTHRACYCLINE DRUGS TO DNA: THE MOLECULAR STRUCTURE OF IDARUBICIN AND 4-O-DEMETHYL-11-DEOXYDOXORUBICIN COMPLEXED TO D(CGATCG),X-RAY DIFFRACTION,DM5|MG,,888|42890,,,1872945.0,,,15008369.0,"Gao YG, Wang AH. Influence of aglycone modifications on the binding of anthracycline drugs to DNA: the molecular structure of idarubicin and 4-O-demethyl-11-deoxydoxorubicin complexed to d(CGATCG). Anticancer Drug Des. 1991 Jul;6(3):137–49. PMID: 1872945.",42890
1.97,198D,A TRIGONAL FORM OF THE IDARUBICIN-D(CGATCG) COMPLEX: CRYSTAL AND MOLECULAR STRUCTURE AT 2.0 ANGSTROMS RESOLUTION,X-RAY DIFFRACTION,SPM|DM5,,1103|42890,,,7784175.0,10.1093/nar/23.10.1710,PMC306926,4935327.0,"Dautant A, d'Estaintot BL, Gallois B, Brown T, Hunter WN. A trigonal form of the idarubicin:d(CGATCG) complex; crystal and molecular structure at 2.0 A resolution. Nucleic Acids Research. 1995 May 25;23(10):1710–6. doi: 10.1093/nar/23.10.1710.",42890
2.8,4LB2,X-ray study of human serum albumin complexed with idarubicin,X-RAY DIFFRACTION,DM5,,42890,P02768|3CX9_A|1HK2_A|1GNI_A|1HK3_A,213.0,23838380.0,10.1016/j.bbagen.2013.06.032,,20848356.0,"Wang ZM, Ho JX, Ruble JR, Rose J, Ruker F, Ellenburg M, Murphy R, Click J, Soistman E, Wilkerson L, Carter DC: Structural studies of several clinically important oncology drugs in complex with human serum albumin. Biochim Biophys Acta. 2013 Dec;1830(12):5356-74. doi: 10.1016/j.bbagen.2013.06.032. Epub 2013 Jul 6.",42890
2.5,5YO1,Structure of ePepN E298A mutant in complex with Puromycin,X-RAY DIFFRACTION,GOL|ZN|NA|PUY,,923|32051|439530|753,P04825|3KED_A,947253,,,,,,439530
2.597,4TVA,Universal Pathway for Post-Transfer Editing Reactions: Insight from Crystal structure of TthPheRS with Puromycine,X-RAY DIFFRACTION,PHE|PUY,,6140|439530,Q5SGX1|P27002|P27001|Q5SGX2,3169713|3169731,25775602.0,10.1073/pnas.1414852112,PMC4386372,22889094.0,"Tworowski D, Klipcan L, Peretz M, Moor N, Safro MG. Universal pathway for posttransfer editing reactions: Insights from the crystal structure of <i>Tt</i> PheRS with puromycin. Proc. Natl. Acad. Sci. U.S.A. 2015 Mar 16;112(13):3967–72. doi: 10.1073/pnas.1414852112.",439530
2.75,2DPT,Leucyl/phenylalanyl-tRNA-protein transferase complexed with puromycin,X-RAY DIFFRACTION,TAR|PUY,,439655|439530,P0A8P1,945490|75206174,17110926.0,10.1038/sj.emboj.7601433,PMC1698881,5796442.0,2006; 25(24):5942-5950,439530
2.79,3Q3D,Crystal structure of BmrR bound to puromycin,X-RAY DIFFRACTION,PUY,,439530,P39075|2BOW_A,938676,21690368.0,10.1073/pnas.1104850108,PMC3131311,21470603.0,"Bachas S, Eginton C, Gunio D, Wade H. Structural contributions to multidrug recognition in the multidrug resistance (MDR) gene regulator, BmrR. Proc Natl Acad Sci U S A. 2011 Jul 05;108(27):11046–51. PMID: 21690368; PMCID: PMC3131311.",439530
3.2,1Q7Y,Crystal Structure of CCdAP-Puromycin bound at the Peptidyl transferase center of the 50S ribosomal subunit,X-RAY DIFFRACTION,PO4|CD|CL|K|NA|MG|PUY,,31193|813|312|888|439530|923|1061,P10971|P10970|P12735|P14124|P12737|P12736|P20279|P20276|P12734|P32410|P14123|P60617|P14121|P22452|P12743|P14135|P12732|P12733|P18138|P29198|P14116|P14119|P60619|P10972|P60618|P22450|P15825|P32411,40152572|40152560|64823135|40152561|40152384,12185246.0,10.1073/pnas.172404099,PMC129327,11831390.0,"Hansen JL, Schmeing TM, Moore PB, Steitz TA. Structural insights into peptide bond formation. Proc Natl Acad Sci U S A. 2002 Sep 03;99(18):11670–5. PMID: 12185246; PMCID: PMC129327.",439530
3.2,5NC5,Crystal structure of AcrBZ in complex with antibiotic puromycin,X-RAY DIFFRACTION,HEX|D10|D12|LMT|PUY|DD9,G66120GK|G71142DF,8058|439530|8182|114880|6255|15600|64689|8141,P0AAW9|P0AAX2|P0AAX1|P31224,945365|93776719|917527|945108|75202887,28355133.0,10.7554/elife.24905,PMC5404916,8900161.0,"Wang Z, Fan G, Hryc CF, Blaza JN, Serysheva II, Schmid MF, Chiu W, Luisi BF, Du D. Author response: An allosteric transport mechanism for the AcrAB-TolC multidrug efflux pump. 2017 Mar 07;(). doi: 10.7554/elife.24905.042.",439530
2.26,4WNU,Human Cytochrome P450 2D6 Quinidine Complex,X-RAY DIFFRACTION,GOL|QDN|ZN|DMS|HEM,,441074|32051|679|753,P10635,1565,25555909.0,10.1074/jbc.m114.627661,PMC4335244,503029.0,"Wang A, Stout CD, Zhang Q, Johnson EF. Contributions of Ionic Interactions and Protein Dynamics to Cytochrome P450 2D6 (CYP2D6) Substrate and Inhibitor Binding. Journal of Biological Chemistry. 2015 Feb;290(8):5092–104. doi: 10.1074/jbc.m114.627661.",441074
2.97,8R7R,human connexin36 gap junction channel in complex with quinidine,ELECTRON MICROSCOPY,QDN,,441074,Q9UKL4,57369,,,,,,441074
3.3,6LQA,voltage-gated sodium channel Nav1.5 with quinidine,ELECTRON MICROSCOPY,NAG|QDN,,441074|24139,Q14524,6331,33684260.0,10.1002/anie.202102196,,18985160.0,"Li Z, Jin X, Wu T, Huang G, Wu K, Lei J, Pan X, Yan N. Structural Basis for Pore Blockade of the Human Cardiac Sodium Channel Nav 1.5 by the Antiarrhythmic Drug Quinidine*. Angew Chem Int Ed Engl. 2021 May 10;60(20):11474–80. doi: 10.1002/anie.202102196. PMID: 33684260.",441074
2.196,6LR9,HSP90 in complex with Debio0932,X-RAY DIFFRACTION,GOL|EOR,,44156921|753,P07900|3B24_A|3K98_A|4EEH_A|2YJW_A|2QF6_A|2XHX_A|3K97_A|3BM9_A|3QDD_A|2XAB_A|2CCS_A|3R4M_A|2FWY_A|3HHU_A|1UY6_A|1YC1_A|2QFO_A|4AWO_A|3D0B_A|2BYH_A|2XJJ_A|3EKO_A|1UYI_A|2YI0_A,3320,33404528.0,10.1107/s2059798320014990,,16973048.0,"Qin W, Yu F, Zhou H, Li P, Zhou F, Li HJ, He CX, Xing L, Zhou X, Zhao D, Li PQ, Jin X, Wang QS, He JH, Cao HL. Complex crystal structure determination and anti-non-small-cell lung cancer activity of the Hsp90N inhibitor Debio0932. Acta Crystallogr D Struct Biol. 2021 Jan 01;77(Pt 1):86–97. doi: 10.1107/s2059798320014990. PMID: 33404528.",44156921
1.05,5WGI,Ultrahigh resolution crystal structure of Danio rerio histone deacetylase 6 catalytic domain 2 in complex with TSA,X-RAY DIFFRACTION,GOL|PEG|CL|TSN|ZN|MG|K|EDO,,174|813|32051|312|888|753|444732|8117,,,29203661.0,10.1073/pnas.1718823114,PMC5754815,28392028.0,"Porter NJ, Mahendran A, Breslow R, Christianson DW. Unusual zinc-binding mode of HDAC6-selective hydroxamate inhibitors. Proc Natl Acad Sci U S A. 2017 Dec 19;114(51):13459–64. PMID: 29203661; PMCID: PMC5754815.",444732
1.26831,6UO4,Crystal structure of Danio rerio histone deacetylase 6 catalytic domain 1 (CD1) Y363F mutant complexed with Trichostatin A,X-RAY DIFFRACTION,ZN|TSN|K,,813|444732|32051,,,31755702.0,10.1021/acs.biochem.9b00934,PMC6904440,4015445.0,"Osko JD, Christianson DW. Structural Basis of Catalysis and Inhibition of HDAC6 CD1, the Enigmatic Catalytic Domain of Histone Deacetylase 6. Biochemistry. 2019 Dec 10;58(49):4912–24. PMID: 31755702; PMCID: PMC6904440.",444732
1.499,5G0G,Crystal structure of Danio rerio HDAC6 CD1 in complex with trichostatin A,X-RAY DIFFRACTION,ZN|CL|TSN|NA,,923|444732|32051|312,,,27454931.0,10.1038/nchembio.2140,,14842288.0,"Miyake Y, Keusch JJ, Wang L, Saito M, Hess D, Wang X, Melancon BJ, Helquist P, Gut H, Matthias P. Structural insights into HDAC6 tubulin deacetylation and its selective inhibition. Nat Chem Biol. 2016 Sep;12(9):748–54. doi: 10.1038/nchembio.2140. PMID: 27454931.",444732
1.59,5EEK,Crystal structure of Danio rerio histone deacetylase 6 catalytic domain 2 in complex with trichostatin A,X-RAY DIFFRACTION,GOL|CL|TSN|NH4|IOD|ZN|K|EDO,,223|174|813|32051|312|753|444732|30165,,,27454933.0,10.1038/nchembio.2134,PMC4990478,14842289.0,10.1038/nchembio.2134,444732
1.65002,6UO2,Crystal structure of Danio rerio histone deacetylase 6 catalytic domain 1 (CD1) complexed with Trichostatin A,X-RAY DIFFRACTION,ZN|TSN|K,,813|444732|32051,,,31755702.0,10.1021/acs.biochem.9b00934,PMC6904440,4015445.0,"Osko JD, Christianson DW. Structural Basis of Catalysis and Inhibition of HDAC6 CD1, the Enigmatic Catalytic Domain of Histone Deacetylase 6. Biochemistry. 2019 Dec 10;58(49):4912–24. PMID: 31755702; PMCID: PMC6904440.",444732
1.7,6HOY,Human Sirt6 in complex with ADP-ribose and the inhibitor trichostatin A,X-RAY DIFFRACTION,SO4|AR6|TSN|PG4|ZN|EDO,,174|32051|444732|447048|8200|1117,Q8N6T7,51548,30395713.0,10.1021/acs.jmedchem.8b01455,,8144299.0,"You W, Steegborn C. Structural Basis of Sirtuin 6 Inhibition by the Hydroxamate Trichostatin A: Implications for Protein Deacylase Drug Development. J Med Chem. 2018 Dec 13;61(23):10922–8. doi: 10.1021/acs.jmedchem.8b01455. PMID: 30395713.",444732
1.9,1T64,Crystal Structure of human HDAC8 complexed with Trichostatin A,X-RAY DIFFRACTION,CA|ZN|TSN|NA,,923|271|32051|444732,2V5X_A|3MZ3_A|Q9BY41|3MZ6_A|3SFF_A|3F07_A,55869,15242608.0,10.1016/j.str.2004.04.012,,21349744.0,"Somoza JR, Skene RJ, Katz BA, Mol C, Ho JD, Jennings AJ, Luong C, Arvai A, Buggy JJ, Chi E, Tang J, Sang BC, Verner E, Wynands R, Leahy EM, Dougan DR, Snell G, Navre M, Knuth MW, Swanson RV, McRee DE, Tari LW. Structural snapshots of human HDAC8 provide insights into the class I histone deacetylases. Structure. 2004 Jul;12(7):1325–34. doi: 10.1016/j.str.2004.04.012. PMID: 15242608.",444732
2.0,1C3R,CRYSTAL STRUCTURE OF AN HDAC HOMOLOG COMPLEXED WITH TRICHOSTATIN A,X-RAY DIFFRACTION,ZN|TSN,,444732|32051,,,10490031.0,10.1038/43710,,21261583.0,"Finnin MS, Donigian JR, Cohen A, Richon VM, Rifkind RA, Marks PA, Breslow R, Pavletich NP. Structures of a histone deacetylase homologue bound to the TSA and SAHA inhibitors. Nature. 1999 Sep 09;401(6749):188–93. doi: 10.1038/43710. PMID: 10490031.",444732
2.0,3C10,Crystal structure of catalytic domain of human histone deacetylase HDAC7 in complex with Trichostatin A (TSA),X-RAY DIFFRACTION,ZN|TSN|K,,813|444732|32051,3C0Z_A|Q8WUI4,51564,18285338.0,10.1074/jbc.m707362200,PMC2431080,33576594.0,"Schuetz A, Min J, Allali-Hassani A, Schapira M, Shuen M, Loppnau P, Mazitschek R, Kwiatkowski NP, Lewis TA, Maglathin RL, McLean TH, Bochkarev A, Plotnikov AN, Vedadi M, Arrowsmith CH. Human HDAC7 Harbors a Class IIa Histone Deacetylase-specific Zinc Binding Motif and Cryptic Deacetylase Activity. Journal of Biological Chemistry. 2008 Apr;283(17):11355–63. doi: 10.1074/jbc.m707362200.",444732
2.151,5EEF,Crystal structure of Danio rerio histone deacetylase 6 catalytic domain 1 in complex with trichostatin A,X-RAY DIFFRACTION,SO4|TSN|NH4|ZN|EDO,,174|223|32051|444732|1117,,,27454933.0,10.1038/nchembio.2134,PMC4990478,14842289.0,10.1038/nchembio.2134,444732
2.18,9GN7,Crystal Structure of Deacetylase (HdaH) from Klebsiella pneumoniae subsp. ozaenae in Complex with the inhibitor TSA,X-RAY DIFFRACTION,K|TSN|ZN|GOL|PO4,,813|32051|753|444732|1061,,,39489725.0,10.1038/s41467-024-53903-0,PMC11532494,37947692.0,"Graf LG, Moreno-Yruela C, Qin C, Schulze S, Palm GJ, Schmöker O, Wang N, Hocking DM, Jebeli L, Girbardt B, Berndt L, Dörre B, Weis DM, Janetzky M, Albrecht D, Zühlke D, Sievers S, Strugnell RA, Olsen CA, Hofmann K, Lammers M. Distribution and diversity of classical deacylases in bacteria. Nat Commun. 2024 Nov 03;15(1). doi: 10.1038/s41467-024-53903-0.",444732
2.3,6WYO,Crystal structure of Danio rerio histone deacetylase 6 catalytic domain 1 (CD1) H82F F202Y double mutant complexed with Trichostatin A,X-RAY DIFFRACTION,ZN|TSN|K,,813|444732|32051,,,32880591.0,10.1107/s2053230x20010250,PMC7470039,21682776.0,"Osko JD, Christianson DW. Binding of inhibitors to active-site mutants of CD1, the enigmatic catalytic domain of histone deacetylase 6. Acta Crystallogr F Struct Biol Commun. 2020 Sep 01;76(Pt 9):428–37. PMID: 32880591; PMCID: PMC7470039.",444732
2.54,3F0R,Crystal Structure Analysis of Human HDAC8 complexed with trichostatin A in a new monoclinic crystal form,X-RAY DIFFRACTION,ZN|TSN|K,,813|444732|32051,2V5X_A|3MZ3_A|Q9BY41|3MZ6_A|3SFF_A|3F07_A,55869,19053282.0,10.1021/bi801610c,PMC2635894,386313.0,"Dowling DP, Gantt SL, Gattis SG, Fierke CA, Christianson DW. Structural Studies of Human Histone Deacetylase 8 and Its Site-Specific Variants Complexed with Substrate and Inhibitors<sup>,</sup>. Biochemistry. 2008 Nov 24;47(51):13554–63. doi: 10.1021/bi801610c.",444732
2.79,5EDU,Crystal structure of human histone deacetylase 6 catalytic domain 2 in complex with trichostatin A,X-RAY DIFFRACTION,ZN|TSN|K,G07411ON,813|444732|32051|439341,Q9UBN7|P0AEY0|P0AEX9|1DMB_A|1R6Z_Z|1ANF_A|3MP1_A|3MP6_A|3RUM_A|1N3W_A,10013|948538|75204178,27454933.0,10.1038/nchembio.2134,PMC4990478,14842289.0,10.1038/nchembio.2134,444732
2.876,4QA3,Crystal structure of T311M HDAC8 in complex with Trichostatin A (TSA),X-RAY DIFFRACTION,GOL|ZN|TSN|K,,813|444732|32051|753,2V5X_A|3MZ3_A|Q9BY41|3MZ6_A|3SFF_A|3F07_A,55869,25075551.0,10.1021/cb5003762,PMC4168803,12775902.0,"Decroos C, Bowman CM, Moser JA, Christianson KE, Deardorff MA, Christianson DW. Compromised structure and function of HDAC8 mutants identified in Cornelia de Lange Syndrome spectrum disorders. ACS Chem Biol. 2014 Sep 19;9(9):2157–64. PMID: 25075551; PMCID: PMC4168803.",444732
2.9,5D1B,Crystal structure of G117E HDAC8 in complex with TSA,X-RAY DIFFRACTION,ZN|TSN|K,,813|444732|32051,2V5X_A|3MZ3_A|Q9BY41|3MZ6_A|3SFF_A|3F07_A,55869,26463496.0,10.1021/acs.biochem.5b00881,PMC4624487,9418443.0,"Decroos C, Christianson NH, Gullett LE, Bowman CM, Christianson KE, Deardorff MA, Christianson DW. Biochemical and structural characterization of HDAC8 mutants associated with Cornelia de Lange syndrome spectrum disorders. Biochemistry. 2015 Oct 27;54(42):6501–13. PMID: 26463496; PMCID: PMC4624487.",444732
1.2,4FGL,Reduced quinone reductase 2 in complex with chloroquine,X-RAY DIFFRACTION,CLQ|ZN|FAD,,444810|32051|643975,P16083,4835.0,,,,,,444810
1.82,7DI7,Falcilysin in complex with chloroquine,X-RAY DIFFRACTION,ACT|ZN|CLQ,,175|444810|32051,Q76NL8,814283.0,,,,,,444810
2.05,1CET,CHLOROQUINE BINDS IN THE COFACTOR BINDING SITE OF PLASMODIUM FALCIPARUM LACTATE DEHYDROGENASE.,X-RAY DIFFRACTION,CLQ,,444810,Q27743|1CET_A,,10187806.0,10.1074/jbc.274.15.10213,,13157538.0,"Read JA, Wilkinson KW, Tranter R, Sessions RB, Brady RL. Chloroquine Binds in the Cofactor Binding Site ofPlasmodium falciparum Lactate Dehydrogenase. Journal of Biological Chemistry. 1999 Apr;274(15):10213–8. doi: 10.1074/jbc.274.15.10213.",444810
2.1,8F4Z,Crystal structure of acetyltransferase Eis from M. tuberculosis in complex with chloroquine,X-RAY DIFFRACTION,CLQ|GOL|PEG,,444810|8117|753,P9WFK7,885903.0,36657084.0,10.1021/acs.biochem.2c00658,PMC9905294,34385913.0,"Pang AH, Green KD, Punetha A, Thamban Chandrika N, Howard KC, Garneau-Tsodikova S, Tsodikov OV. Discovery and Mechanistic Analysis of Structurally Diverse Inhibitors of Acetyltransferase Eis among FDA-Approved Drugs. Biochemistry. 2023 Feb 07;62(3):710–21. PMID: 36657084; PMCID: PMC9905294.",444810
2.13,4V2O,Structure of saposin B in complex with chloroquine,X-RAY DIFFRACTION,CLQ,,444810,P07602,5660.0,26616259.0,10.1002/cmdc.201500494,PMC5558615,10069229.0,"Huta BP, Mehlenbacher MR, Nie Y, Lai X, Zubieta C, Bou-Abdallah F, Doyle RP. The Lysosomal Protein Saposin B Binds Chloroquine. ChemMedChem. 2016 Feb 04;11(3):277–82. PMID: 26616259; PMCID: PMC5558615.",444810
2.45,5AP7,Naturally Occurring Mutations in the MPS1 Gene Predispose Cells to Kinase Inhibitor Drug Resistance.,X-RAY DIFFRACTION,DMS|SVE|EDO,,679|174|44556162,P33981|3H9F_A|3VQU_A|3GFW_A|3HMO_A,7272,26202014.0,10.1158/0008-5472.can-14-3272,,2713553.0,"Gurden MD, Westwood IM, Faisal A, Naud S, Cheung KJ, McAndrew C, Wood A, Schmitt J, Boxall K, Mak G, Workman P, Burke R, Hoelder S, Blagg J, van Montfort RLM, Linardopoulos S. Naturally Occurring Mutations in the MPS1 Gene Predispose Cells to Kinase Inhibitor Drug Resistance. 2015 Sep 23;(). doi: 10.2210/pdb5ap0/pdb.",44556162
2.75,5NTT,Crystal structure of human Mps1 (TTK) C604Y mutant in complex with NMS-P715,X-RAY DIFFRACTION,SVE|EDO,,174|44556162,P33981|3H9F_A|3VQU_A|3GFW_A|3HMO_A,7272,28726638.0,10.1074/jbc.m117.783555,PMC5582842,20933419.0,"Hiruma Y, Koch A, Hazraty N, Tsakou F, Medema RH, Joosten RP, Perrakis A. Understanding inhibitor resistance in Mps1 kinase through novel biophysical assays and structures. Journal of Biological Chemistry. 2017 Sep;292(35):14496–504. doi: 10.1074/jbc.m117.783555.",44556162
3.1,2X9E,HUMAN MPS1 IN COMPLEX WITH NMS-P715,X-RAY DIFFRACTION,SVE,,44556162,P33981|3H9F_A|3VQU_A|3GFW_A|3HMO_A,7272,21159646.0,10.1158/0008-5472.can-10-2101,,1095498.0,"Colombo R, Caldarelli M, Mennecozzi M, Giorgini ML, Sola F, Cappella P, Perrera C, Depaolini SR, Rusconi L, Cucchi U, Avanzi N, Bertrand JA, Bossi RT, Pesenti E, Galvani A, Isacchi A, Colotta F, Donati D, Moll J. Targeting the mitotic checkpoint for cancer therapy with NMS-P715, an inhibitor of MPS1 kinase. Cancer Res. 2010 Dec 15;70(24):10255–64. doi: 10.1158/0008-5472.can-10-2101. PMID: 21159646.",44556162
1.1,3O5R,Complex of Fk506 with the Fk1 domain mutant A19T of FKBP51,X-RAY DIFFRACTION,FK5,,445643,Q13451|4DRK_A,2289,21636895.0,10.1107/s0907444911013862,,8659142.0,"Bracher A, Kozany C, Thost AK, Hausch F. Structural characterization of the PPIase domain of FKBP51, a cochaperone of human Hsp90. Acta Crystallogr D Biol Crystallogr. 2011 Jun;67(Pt 6):549–59. doi: 10.1107/s0907444911013862. PMID: 21636895.",445643
1.13,6J2M,Crystal structure of AtFKBP53 C-terminal domain,X-RAY DIFFRACTION,FK5|CL,,312|445643,Q93ZG9,828637,31807785.0,10.1093/nar/gkz1153,PMC7026663,20997685.0,"Singh AK, Datta A, Jobichen C, Luan S, Vasudevan D. AtFKBP53: a chimeric histone chaperone with functional nucleoplasmin and PPIase domains. Nucleic Acids Res. 2020 Feb 20;48(3):1531–50. PMID: 31807785; PMCID: PMC7026663.",445643
1.3,5HUA,Structure of C. glabrata FKBP12-FK506 complex,X-RAY DIFFRACTION,FK5,,445643,Q6FMA3,2890244,27118592.0,10.1128/mbio.00492-16,PMC4850266,16868140.0,"Tonthat NK, Juvvadi PR, Zhang H, Lee SC, Venters R, Spicer L, Steinbach WJ, Heitman J, Schumacher MA. Structures of Pathogenic Fungal FKBP12s Reveal Possible Self-Catalysis Function. mBio. 2016 Apr 26;7(2):e00492–16. PMID: 27118592; PMCID: PMC4850266.",445643
1.5,3UF8,Crystal structure of a SMT fusion Peptidyl-prolyl cis-trans isomerase with a G95A surface mutation from Burkholderia pseudomallei complexed with FK506,X-RAY DIFFRACTION,FK5,,445643,Q12306,852122,24366729.0,10.1128/aac.01875-13,PMC3957879,26966061.0,"Begley DW, Fox D, Jenner D, Juli C, Pierce PG, Abendroth J, Muruthi M, Safford K, Anderson V, Atkins K, Barnes SR, Moen SO, Raymond AC, Stacy R, Myler PJ, Staker BL, Harmer NJ, Norville IH, Holzgrabe U, Sarkar-Tyson M, Edwards TE, Lorimer DD. A structural biology approach enables the development of antimicrobials targeting bacterial immunophilins. Antimicrob Agents Chemother. 2014;58(3):1458–67. PMID: 24366729; PMCID: PMC3957879.",445643
1.55,3UQA,Crystal structure of a SMT fusion Peptidyl-prolyl cis-trans isomerase with surface mutation A54E from Burkholderia pseudomallei complexed with FK506,X-RAY DIFFRACTION,FK5|CL|PEG,,312|8117|445643,Q12306,852122,24366729.0,10.1128/aac.01875-13,PMC3957879,26966061.0,"Begley DW, Fox D, Jenner D, Juli C, Pierce PG, Abendroth J, Muruthi M, Safford K, Anderson V, Atkins K, Barnes SR, Moen SO, Raymond AC, Stacy R, Myler PJ, Staker BL, Harmer NJ, Norville IH, Holzgrabe U, Sarkar-Tyson M, Edwards TE, Lorimer DD. A structural biology approach enables the development of antimicrobials targeting bacterial immunophilins. Antimicrob Agents Chemother. 2014;58(3):1458–67. PMID: 24366729; PMCID: PMC3957879.",445643
1.55,3VAW,Crystal structure of a smt fusion peptidyl-prolyl cis-trans isomerase with surface mutation v3i from burkholderia pseudomallei complexed with fk506,X-RAY DIFFRACTION,FK5,,445643,Q12306,852122,24366729.0,10.1128/aac.01875-13,PMC3957879,26966061.0,"Begley DW, Fox D, Jenner D, Juli C, Pierce PG, Abendroth J, Muruthi M, Safford K, Anderson V, Atkins K, Barnes SR, Moen SO, Raymond AC, Stacy R, Myler PJ, Staker BL, Harmer NJ, Norville IH, Holzgrabe U, Sarkar-Tyson M, Edwards TE, Lorimer DD. A structural biology approach enables the development of antimicrobials targeting bacterial immunophilins. Antimicrob Agents Chemother. 2014;58(3):1458–67. PMID: 24366729; PMCID: PMC3957879.",445643
1.599,4ODO,Structure of SlyD from Thermus thermophilus in complex with FK506,X-RAY DIFFRACTION,GOL|FK5|BTB|CL|MG,,81462|312|888|753|445643,,,27664121.0,10.1186/s12915-016-0300-3,PMC5034536,18205323.0,2016; 14(1):82,445643
1.6,1BKF,FK506 BINDING PROTEIN FKBP MUTANT R42K/H87V COMPLEX WITH IMMUNOSUPPRESSANT FK506,X-RAY DIFFRACTION,FK5,,445643,P62942|1A7X_A|P62943|1BL4_A,2280,,,,,,445643
1.67,3IHZ,Crystal structure of the FK506 binding domain of Plasmodium vivax FKBP35 in complex with FK506,X-RAY DIFFRACTION,FK5,,445643,,,20572013.0,10.1002/pro.438,PMC2923510,22121142.0,"Alag R, Qureshi IA, Bharatham N, Shin J, Lescar J, Yoon HS. NMR and crystallographic structures of the FK506 binding domain of human malarial parasite <i>Plasmodium vivax</i> FKBP35. Protein Science. 2010 Jul 21;19(8):1577–86. doi: 10.1002/pro.438.",445643
1.7,1FKF,"ATOMIC STRUCTURE OF FKBP-FK506, AN IMMUNOPHILIN-IMMUNOSUPPRESSANT COMPLEX",X-RAY DIFFRACTION,FK5,,445643,P62942|1A7X_A|P62943|1BL4_A,2280,1709302.0,10.1126/science.1709302,,19070524.0,"Van Duyne GD, Standaert RF, Karplus PA, Schreiber SL, Clardy J. Atomic Structure of FKBP-FK506, an Immunophilin-Immunosuppressant Complex. Science. 1991 May 10;252(5007):839–42. doi: 10.1126/science.1709302.",445643
1.7,1FKJ,"ATOMIC STRUCTURE OF FKBP12-FK506, AN IMMUNOPHILIN IMMUNOSUPPRESSANT COMPLEX",X-RAY DIFFRACTION,FK5,,445643,P62942|1A7X_A|P62943|1BL4_A,2280,15299838.0,10.1107/s0907444994014514,,17309312.0,"Wilson KP, Yamashita MM, Sintchak MD, Rotstein SH, Murcko MA, Boger J, Thomson JA, Fitzgibbon MJ, Black JR, Navia MA. Comparative X-ray structures of the major binding protein for the immunosuppressant FK506 (tacrolimus) in unliganded form and in complex with FK506 and rapamycin. Acta Crystallogr D Biol Crystallogr. 1995 Jul 01;51(Pt 4):511–21. doi: 10.1107/s0907444994014514. PMID: 15299838.",445643
1.72,2FKE,"FK-506-BINDING PROTEIN: THREE-DIMENSIONAL STRUCTURE OF THE COMPLEX WITH THE ANTAGONIST L-685,818",X-RAY DIFFRACTION,FK5,,445643,P62942|1A7X_A|P62943|1BL4_A,2280,7684380.0,10.1016/s0021-9258(18)82129-9,,5618293.0,"Becker JW, Rotonda J, McKeever BM, Chan HK, Marcy AI, Wiederrecht G, Hermes JD, Springer JP. FK-506-binding protein: three-dimensional structure of the complex with the antagonist L-685,818. Journal of Biological Chemistry. 1993 May;268(15):11335–9. doi: 10.1016/s0021-9258(18)82129-9.",445643
1.83,5D75,Crystal structure of Human FKBD25 in complex with FK506,X-RAY DIFFRACTION,JEF|FK5,,445643,Q00688|1PBK_A,2287,26749369.0,10.1002/pro.2875,PMC4941220,7375853.0,"Prakash A, Rajan S, Yoon HS. Crystal structure of the <scp>FK</scp>506 binding domain of human <scp>FKBP</scp>25 in complex with <scp>FK</scp>506. Protein Science. 2016 Feb;25(4):905–10. doi: 10.1002/pro.2875.",445643
1.85,5B8I,Crystal structure of Calcineurin A and Calcineurin B in complex with FKBP12 and FK506 from Coccidioides immitis RS,X-RAY DIFFRACTION,FK5|FE|CA|ZN|EDO|MES,,271|174|32051|78165|445643|29936,,,31537789.0,10.1038/s41467-019-12199-1,PMC6753081,7476083.0,"Juvvadi PR, Fox D, Bobay BG, Hoy MJ, Gobeil SMC, Venters RA, Chang Z, Lin JJ, Averette AF, Cole DC, Barrington BC, Wheaton JD, Ciofani M, Trzoss M, Li X, Lee SC, Chen Y, Mutz M, Spicer LD, Schumacher MA, Heitman J, Steinbach WJ. Harnessing calcineurin-FK506-FKBP12 crystal structures from invasive fungal pathogens to develop antifungal agents. Nat Commun. 2019 Sep 19;10(1). doi: 10.1038/s41467-019-12199-1.",445643
1.9,7U0U,Crystal Structure of a Aspergillus fumigatus Calcineurin A - Calcineurin B fusion bound to FKBP12 and FK-506,X-RAY DIFFRACTION,PG4|CA|FK5|PO4,,1061|271|8200|445643,Q4WUR1,3511045,35604094.0,10.1128/mbio.01049-22,PMC9239059,34082834.0,"Hoy MJ, Park E, Lee H, Lim WY, Cole DC, DeBouver ND, Bobay BG, Pierce PG, Fox D, Ciofani M, Juvvadi PR, Steinbach W, Hong J, Heitman J. Structure-Guided Synthesis of FK506 and FK520 Analogs with Increased Selectivity Exhibit In Vivo Therapeutic Efficacy against Cryptococcus. mBio. 2022 Jun 28;13(3):e0104922. PMID: 35604094; PMCID: PMC9239059.",445643
1.9,3UQB,Crystal structure of a SMT Fusion PEPTIDYL-PROLYL CIS-TRANS ISOMERASE with surface mutation D44G from Burkholderia pseudomallei complexed with FK506,X-RAY DIFFRACTION,FK5,,445643,Q12306,852122,24366729.0,10.1128/aac.01875-13,PMC3957879,26966061.0,"Begley DW, Fox D, Jenner D, Juli C, Pierce PG, Abendroth J, Muruthi M, Safford K, Anderson V, Atkins K, Barnes SR, Moen SO, Raymond AC, Stacy R, Myler PJ, Staker BL, Harmer NJ, Norville IH, Holzgrabe U, Sarkar-Tyson M, Edwards TE, Lorimer DD. A structural biology approach enables the development of antimicrobials targeting bacterial immunophilins. Antimicrob Agents Chemother. 2014;58(3):1458–67. PMID: 24366729; PMCID: PMC3957879.",445643
1.929,4ODR,Structure of SlyD delta-IF from Thermus thermophilus in complex with FK506,X-RAY DIFFRACTION,GOL|FK5|CL|ACT|ZN,,32051|312|753|175|445643,P62942|1A7X_A|P62943|1BL4_A,2280,27664121.0,10.1186/s12915-016-0300-3,PMC5034536,18205323.0,2016; 14(1):82,445643
1.98,4NNR,FKBP13-FK506 Complex,X-RAY DIFFRACTION,FK5,,445643,P26885,2286,,,,,,445643
2.0,4DZ2,Crystal structure of a Peptidyl-prolyl cis-trans isomerase with surface mutation R92G from Burkholderia pseudomallei complexed with FK506,X-RAY DIFFRACTION,CA|FK5,,271|445643,,,24366729.0,10.1128/aac.01875-13,PMC3957879,26966061.0,"Begley DW, Fox D, Jenner D, Juli C, Pierce PG, Abendroth J, Muruthi M, Safford K, Anderson V, Atkins K, Barnes SR, Moen SO, Raymond AC, Stacy R, Myler PJ, Staker BL, Harmer NJ, Norville IH, Holzgrabe U, Sarkar-Tyson M, Edwards TE, Lorimer DD. A structural biology approach enables the development of antimicrobials targeting bacterial immunophilins. Antimicrob Agents Chemother. 2014;58(3):1458–67. PMID: 24366729; PMCID: PMC3957879.",445643
2.0,4DZ3,Crystal structure of a Peptidyl-prolyl cis-trans isomerase with surface mutation M61H from Burkholderia pseudomallei complexed with FK506,X-RAY DIFFRACTION,CA|ACT|EDO|FK5,,175|271|174|445643,,,24366729.0,10.1128/aac.01875-13,PMC3957879,26966061.0,"Begley DW, Fox D, Jenner D, Juli C, Pierce PG, Abendroth J, Muruthi M, Safford K, Anderson V, Atkins K, Barnes SR, Moen SO, Raymond AC, Stacy R, Myler PJ, Staker BL, Harmer NJ, Norville IH, Holzgrabe U, Sarkar-Tyson M, Edwards TE, Lorimer DD. A structural biology approach enables the development of antimicrobials targeting bacterial immunophilins. Antimicrob Agents Chemother. 2014;58(3):1458–67. PMID: 24366729; PMCID: PMC3957879.",445643
2.007,4LAX,"Crystal Structure Analysis of FKBP52, Complex with FK506",X-RAY DIFFRACTION,GOL|FK5|DMS,,679|445643|753,Q02790,2288,23933011.0,10.1016/j.jmb.2013.07.041,,463329.0,"Bracher A, Kozany C, Hähle A, Wild P, Zacharias M, Hausch F. Crystal structures of the free and ligand-bound FK1-FK2 domain segment of FKBP52 reveal a flexible inter-domain hinge. J Mol Biol. 2013 Nov 15;425(22):4134–44. doi: 10.1016/j.jmb.2013.07.041. PMID: 23933011.",445643
2.05,6MKE,Crystal Structure of Peptidylprolyl Isomerase from Naegleria fowleri with bound FK506,X-RAY DIFFRACTION,FK5,,445643,,,,,,,,445643
2.05,5HWC,Aspergillus fumigatus FKBP12 P90G protein bound with FK506 in P212121 space group,X-RAY DIFFRACTION,FK5,,445643,Q4WLV6,3508401,27118592.0,10.1128/mbio.00492-16,PMC4850266,16868140.0,"Tonthat NK, Juvvadi PR, Zhang H, Lee SC, Venters R, Spicer L, Steinbach WJ, Heitman J, Schumacher MA. Structures of Pathogenic Fungal FKBP12s Reveal Possible Self-Catalysis Function. mBio. 2016 Apr 26;7(2):e00492–16. PMID: 27118592; PMCID: PMC4850266.",445643
2.25,1Q6I,"Crystal structure of a truncated form of FkpA from Escherichia coli, in complex with immunosuppressant FK506",X-RAY DIFFRACTION,FK5,,445643,P45523,947850,14672666.0,10.1016/j.jmb.2003.10.056,,19996733.0,"Saul FA, Arié JP, Vulliez-le Normand B, Kahn R, Betton JM, Bentley GA. Structural and functional studies of FkpA from Escherichia coli, a cis/trans peptidyl-prolyl isomerase with chaperone activity. J Mol Biol. 2004 Jan 09;335(2):595–608. doi: 10.1016/j.jmb.2003.10.056. PMID: 14672666.",445643
2.35,2VN1,Crystal structure of the FK506-binding domain of Plasmodium falciparum FKBP35 in complex with FK506,X-RAY DIFFRACTION,FK5,,445643,Q8I4V8,811507,18465874.0,10.1021/bi800004u,,21424544.0,"Kotaka M, Ye H, Alag R, Hu G, Bozdech Z, Preiser PR, Yoon HS, Lescar J. Crystal Structure of the FK506 Binding Domain of <i>Plasmodium falciparum</i> FKBP35 in Complex with FK506. Biochemistry. 2008 May 09;47(22):5951–61. doi: 10.1021/bi800004u.",445643
2.5,1TCO,"TERNARY COMPLEX OF A CALCINEURIN A FRAGMENT, CALCINEURIN B, FKBP12 AND THE IMMUNOSUPPRESSANT DRUG FK506 (TACROLIMUS)",X-RAY DIFFRACTION,FK5|FE|PO4|MYR|CA|ZN,,271|11005|32051|1061|445643|29936,P63099|P18203|P48452,282321|614795|286852,7543369.0,10.1016/0092-8674(95)90439-5,,12434087.0,"Griffith JP, Kim JL, Kim EE, Sintchak MD, Thomson JA, Fitzgibbon MJ, Fleming MA, Caron PR, Hsiao K, Navia MA. X-ray structure of calcineurin inhibited by the immunophilin-immunosuppressant FKBP12-FK506 complex. Cell. 1995 Aug 11;82(3):507–22. doi: 10.1016/0092-8674(95)90439-5. PMID: 7543369.",445643
2.5,1YAT,IMPROVED CALCINEURIN INHIBITION BY YEAST FKBP12-DRUG COMPLEXES. CRYSTALLOGRAPHIC AND FUNCTIONAL ANALYSIS,X-RAY DIFFRACTION,FK5,,445643,P20081,855587,7681823.0,10.1016/s0021-9258(18)52995-1,,5615737.0,"Rotonda J, Burbaum JJ, Chan HK, Marcy AI, Becker JW. Improved calcineurin inhibition by yeast FKBP12-drug complexes. Crystallographic and functional analysis. Journal of Biological Chemistry. 1993 Apr;268(11):7607–9. doi: 10.1016/s0021-9258(18)52995-1.",445643
2.5,6TZ7,"Crystal Structure of Aspergillus fumigatus Calcineurin A, Calcineurin B, FKBP12 and FK506 (Tacrolimus)",X-RAY DIFFRACTION,FK5|FE|PO4|CA|ZN|EDO,,271|174|32051|1061|445643|29936,Q4WUR1|Q4WLV6,3511045|3508401,31537789.0,10.1038/s41467-019-12199-1,PMC6753081,7476083.0,"Juvvadi PR, Fox D, Bobay BG, Hoy MJ, Gobeil SMC, Venters RA, Chang Z, Lin JJ, Averette AF, Cole DC, Barrington BC, Wheaton JD, Ciofani M, Trzoss M, Li X, Lee SC, Chen Y, Mutz M, Spicer LD, Schumacher MA, Heitman J, Steinbach WJ. Harnessing calcineurin-FK506-FKBP12 crystal structures from invasive fungal pathogens to develop antifungal agents. Nat Commun. 2019 Sep 19;10(1). doi: 10.1038/s41467-019-12199-1.",445643
2.54,6VRX,Mucor circinelloides FKBP12 protein bound with FK506 in P3221 space group,X-RAY DIFFRACTION,FK5,,445643,,,,,,,,445643
2.55,6TZ6,"Crystal Structure of Candida Albicans Calcineurin A, Calcineurin B, FKBP12 and FK506 (Tacrolimus)",X-RAY DIFFRACTION,FK5|FE|PO4|CA|ZN|EDO,,271|174|32051|1061|445643|29936,P28870,3647647,31537789.0,10.1038/s41467-019-12199-1,PMC6753081,7476083.0,"Juvvadi PR, Fox D, Bobay BG, Hoy MJ, Gobeil SMC, Venters RA, Chang Z, Lin JJ, Averette AF, Cole DC, Barrington BC, Wheaton JD, Ciofani M, Trzoss M, Li X, Lee SC, Chen Y, Mutz M, Spicer LD, Schumacher MA, Heitman J, Steinbach WJ. Harnessing calcineurin-FK506-FKBP12 crystal structures from invasive fungal pathogens to develop antifungal agents. Nat Commun. 2019 Sep 19;10(1). doi: 10.1038/s41467-019-12199-1.",445643
2.86,5HW8,Candida albicans FKBP12 P104G protein bound with FK506 in C2 space group,X-RAY DIFFRACTION,FK5,,445643,P28870,3647647,27118592.0,10.1128/mbio.00492-16,PMC4850266,16868140.0,"Tonthat NK, Juvvadi PR, Zhang H, Lee SC, Venters R, Spicer L, Steinbach WJ, Heitman J, Schumacher MA. Structures of Pathogenic Fungal FKBP12s Reveal Possible Self-Catalysis Function. mBio. 2016 Apr 26;7(2):e00492–16. PMID: 27118592; PMCID: PMC4850266.",445643
3.3,6TZ8,"Crystal structure of Cryptococcus neoformans Calceineurin A, Calcineurin B, and FKBP12 with FK-506",X-RAY DIFFRACTION,SO4|FK5|FE|CA|ZN,,271|1117|32051|445643|29936,O94746|O42773,23887158|23888175,31537789.0,10.1038/s41467-019-12199-1,PMC6753081,7476083.0,"Juvvadi PR, Fox D, Bobay BG, Hoy MJ, Gobeil SMC, Venters RA, Chang Z, Lin JJ, Averette AF, Cole DC, Barrington BC, Wheaton JD, Ciofani M, Trzoss M, Li X, Lee SC, Chen Y, Mutz M, Spicer LD, Schumacher MA, Heitman J, Steinbach WJ. Harnessing calcineurin-FK506-FKBP12 crystal structures from invasive fungal pathogens to develop antifungal agents. Nat Commun. 2019 Sep 19;10(1). doi: 10.1038/s41467-019-12199-1.",445643
3.3,9KDF,CryoEM structure of Calcineurin-fusion Human endothelin receptor type-B in complex with RES-701-3,ELECTRON MICROSCOPY,FK5|CA|FE|ZN,,271|32051|445643|29936,P68106,2281,40263271.0,10.1038/s41467-025-57960-x,PMC12015262,38707628.0,"Shihoya W, Akasaka H, Jordan PA, Lechner A, Okada BK, Costa Machado da Cruz G, Sano FK, Tanaka T, Kawahara R, Chaudhari R, Masamune H, Burk MJ, Nureki O. Structure of a lasso peptide bound ETB receptor provides insights into the mechanism of GPCR inverse agonism. Nat Commun. 2025 Apr 22;16(1). doi: 10.1038/s41467-025-57960-x.",445643
3.33,9KDG,CryoEM structure of Calcineurin-fusion Human endothelin receptor type-B in the ligand-free form,ELECTRON MICROSCOPY,FK5|CA|FE|ZN,,271|32051|445643|29936,P68106,2281,40263271.0,10.1038/s41467-025-57960-x,PMC12015262,38707628.0,"Shihoya W, Akasaka H, Jordan PA, Lechner A, Okada BK, Costa Machado da Cruz G, Sano FK, Tanaka T, Kawahara R, Chaudhari R, Masamune H, Burk MJ, Nureki O. Structure of a lasso peptide bound ETB receptor provides insights into the mechanism of GPCR inverse agonism. Nat Commun. 2025 Apr 22;16(1). doi: 10.1038/s41467-025-57960-x.",445643
3.49,9CHU,Cryo-EM structure of calcineurin fused beta2 adrenergic receptor in norepinephrine bound inactive state,ELECTRON MICROSCOPY,FK5|E5E,,6921840|445643,P62942|1A7X_A|P62943|1BL4_A|P63098|P63328|P07550|3P0G_A,2280|5534|19055|154,,,,,,445643
3.5,9CHX,cryo-EM structure of calcineurin-fused beta2 adrenergic receptor in carazolol bound inactive state,ELECTRON MICROSCOPY,CAU|FK5,,445643|13023332,P62942|1A7X_A|P62943|1BL4_A|P63098|P63328|P07550|3P0G_A,2280|5534|19055|154,,,,,,445643
3.95,9CHV,cryo-EM structure of calcineurin-fused beta2 adrenergic receptor in apo state,ELECTRON MICROSCOPY,FK5,,445643,P62942|1A7X_A|P62943|1BL4_A|P63098|P63328|P07550|3P0G_A,2280|5534|19055|154,,,,,,445643
1.91,1JQE,Crystal Structure Analysis of Human Histamine Methyltransferase (Ile105 Polymorphic Variant) Complexed with AdoHcy and Antimalarial Drug Quinacrine,X-RAY DIFFRACTION,UNX|QUN|SAH,,446536|439155,P50135|1JQE_A|2AOU_A,3176,11566133.0,10.1016/s0969-2126(01)00643-8,PMC4030376,17929696.0,"Horton JR, Sawada K, Nishibori M, Zhang X, Cheng X. Two polymorphic forms of human histamine methyltransferase: structural, thermal, and kinetic comparisons. Structure. 2001 Sep;9(9):837–49. PMID: 11566133; PMCID: PMC4030376.",446536
3.0,1KKQ,Crystal structure of the human PPAR-alpha ligand-binding domain in complex with an antagonist GW6471 and a SMRT corepressor motif,X-RAY DIFFRACTION,471,,446738,Q9Y618|Q07869|1I7G_A|3G8I_A|1KKQ_A|3FEI_A|3KDT_A,9612|5465,11845213.0,10.1038/415813a,,1591776.0,"Xu HE, Stanley TB, Montana VG, Lambert MH, Shearer BG, Cobb JE, McKee DD, Galardi CM, Plunket KD, Nolte RT, Parks DJ, Moore JT, Kliewer SA, Willson TM, Stimmel JB. Structural basis for antagonist-mediated recruitment of nuclear co-repressors by PPARalpha. Nature. 2002 Feb 14;415(6873):813–7. doi: 10.1038/415813a. PMID: 11845213.",446738
2.7,4L9Q,X-ray study of human serum albumin complexed with teniposide,X-RAY DIFFRACTION,9TP,,452548,P02768|3CX9_A|1HK2_A|1GNI_A|1HK3_A,213,23838380.0,10.1016/j.bbagen.2013.06.032,,20848356.0,"Wang ZM, Ho JX, Ruble JR, Rose J, Ruker F, Ellenburg M, Murphy R, Click J, Soistman E, Wilkerson L, Carter DC: Structural studies of several clinically important oncology drugs in complex with human serum albumin. Biochim Biophys Acta. 2013 Dec;1830(12):5356-74. doi: 10.1016/j.bbagen.2013.06.032. Epub 2013 Jul 6.",452548
3.4,8VAC,Cryogenic electron microscopy structure of human serum albumin in complex with teniposide,ELECTRON MICROSCOPY,9TP,,452548,P02768|3CX9_A|1HK2_A|1GNI_A|1HK3_A,213,38852682.0,10.1016/j.jsb.2024.108105,,37336444.0,"Catalano C, Lucier KW, To D, Senko S, Tran NL, Farwell AC, Silva SM, Dip PV, Poweleit N, Scapin G. The CryoEM structure of human serum albumin in complex with ligands. Journal of Structural Biology. 2024 Sep;216(3):108105. doi: 10.1016/j.jsb.2024.108105.",452548
2.5,6GVF,"Crystal structure of PI3K alpha in complex with 3-(2-Amino-benzooxazol-5-yl)-1-isopropyl-1H-pyrazolo[3,4-d]pyrimidin-4-ylamine",X-RAY DIFFRACTION,FE5,,45375953,P42336,5290,31749911.0,10.1021/acsmedchemlett.9b00401,PMC6862343,4009907.0,"Ouvry G, Clary L, Tomas L, Aurelly M, Bonnary L, Borde E, Bouix-Peter C, Chantalat L, Defoin-Platel C, Deret S, Forissier M, Harris CS, Isabet T, Lamy L, Luzy A, Pascau J, Soulet C, Taddei A, Taquet N, Thoreau E, Varvier E, Vial E, Hennequin LF. Impact of Minor Structural Modifications on Properties of a Series of mTOR Inhibitors. ACS Med. Chem. Lett. 2019 Oct 04;10(11):1561–7. doi: 10.1021/acsmedchemlett.9b00401.",45375953
1.489,7F9T,Toxoplasma gondii Prolyl-tRNA Synthetase (TgPRS) in Complex with inhibitor L97 and Halofuginone,X-RAY DIFFRACTION,OXM|HFG|1XK|ACT|FMT|EDO|MES,,974|174|164889254|456390|175|78165|284,,,,,,,,456390
1.697,7EVU,Co-crystal Structure of Toxoplasma gondii Prolyl tRNA Synthetase (TgPRS) in complex with HFG and JE6,X-RAY DIFFRACTION,JE6|MES|HFG,,78165|150183269|456390,,,35333915.0,10.1371/journal.ppat.1010363,PMC9004777,32533265.0,"Manickam Y, Malhotra N, Mishra S, Babbar P, Dusane A, Laleu B, Bellini V, Hakimi M, Bougdour A, Sharma A. Double drugging of prolyl-tRNA synthetase provides a new paradigm for anti-infective drug development. PLoS Pathog. 2022 Mar 25;18(3):e1010363. doi: 10.1371/journal.ppat.1010363.",456390
1.7,7X09,Homo sapiens Prolyl-tRNA Synthetase (HsPRS) in Complex with inhibitors L95 and Halofuginone,X-RAY DIFFRACTION,HFG|CA|ZN|BR|CL|JE6|GOL,,271|259|32051|312|456390|753|150183269,P07814,2058.0,,,,,,456390
1.75,6UYH,Crystal structure of prolyl-tRNA synthetase from Naegleria fowleri in complex with halofuginone and AMPPNP,X-RAY DIFFRACTION,SO4|ANP|MG|EDO|HFG,,174|33113|888|456390|1117,,,,,,,,456390
1.816,7F9V,Toxoplasma gondii Prolyl-tRNA Synthetase (TgPRS) in Complex with inhibitor T35 and Halofuginone,X-RAY DIFFRACTION,BME|BR|GOL|1TI|HFG|F|IOD|MES,,259|164513364|456390|1567|753|78165|28179|30165,,,,,,,,456390
1.84,5ZNJ,Crystal structure of a bacterial ProRS with ligands,X-RAY DIFFRACTION,GOL|ANP|PO4|MG|HFG,,33113|888|456390|753|1061,,,,,,,,456390
2.0,4HVC,Crystal structure of human prolyl-tRNA synthetase in complex with halofuginone and ATP analogue,X-RAY DIFFRACTION,ZN|ANP|MG|HFG,,32051|888|33113|456390,P07814,2058.0,23263184.0,10.1038/nature11774,PMC3569068,9363321.0,"Zhou H, Sun L, Yang XL, Schimmel P. ATP-directed capture of bioactive herbal-based medicine on human tRNA synthetase. Nature. 2013 Feb 07;494(7435):121–4. PMID: 23263184; PMCID: PMC3569068.",456390
2.04,7X1O,Homo sapiens Prolyl-tRNA Synthetase (HsPRS) in Complex with double inhibitors HF and L95,X-RAY DIFFRACTION,CA|HFG|ZN|BR|JE6|GOL,,271|259|32051|456390|753|150183269,P07814,2058.0,,,,,,456390
2.14,8JE7,Crystal Structure of Anopheles culicifacies Prolyl-tRNA Synthetase (AcPRS) in complex with two inhibitors (Halofuginone and L95),X-RAY DIFFRACTION,ZN|BR|GOL|JE6|CL|HFG,,259|32051|312|753|456390|150183269,,,,,,,,456390
2.19,5XIQ,Crystal Structure of Toxoplasma gondii Prolyl-tRNA Synthetase (TgPRS) in complex with Halofuginone,X-RAY DIFFRACTION,ANP|MG|HFG,,888|33113|456390,,,28867614.0,10.1016/j.str.2017.07.015,,23066991.0,"Jain V, Yogavel M, Kikuchi H, Oshima Y, Hariguchi N, Matsumoto M, Goel P, Touquet B, Jumani RS, Tacchini-Cottier F, Harlos K, Huston CD, Hakimi M, Sharma A. Targeting Prolyl-tRNA Synthetase to Accelerate Drug Discovery against Malaria, Leishmaniasis, Toxoplasmosis, Cryptosporidiosis, and Coccidiosis. Structure. 2017 Oct;25(10):1495–1505.e6. doi: 10.1016/j.str.2017.07.015.",456390
2.3,4YDQ,Crystal Structure of Prolyl-tRNA Synthetase (PRS) from Plasmodium falciparum in complex with Halofuginone and AMPPNP,X-RAY DIFFRACTION,ANP|MG|HFG,,888|33113|456390,Q8I5R7,811187.0,25817387.0,10.1016/j.str.2015.02.011,,14787629.0,"Jain V, Yogavel M, Oshima Y, Kikuchi H, Touquet B, Hakimi MA, Sharma A. Structure of Prolyl-tRNA Synthetase-Halofuginone Complex Provides Basis for Development of Drugs against Malaria and Toxoplasmosis. Structure. 2015 May 05;23(5):819–29. doi: 10.1016/j.str.2015.02.011. PMID: 25817387.",456390
2.35,4Q15,"Crystal Structure of Prolyl-tRNA synthetase (ProRS, Proline--tRNA ligase) from Plasmodium falciparum in complex with Halofuginone and AMPPNP in space group P212121 at 2.35 A",X-RAY DIFFRACTION,EDO|ANP|MG|HFG,,456390|174|33113|888,Q8I5R7,811187.0,27798837.0,10.1021/acsinfecdis.6b00078,PMC5241706,26335673.0,"Hewitt SN, Dranow DM, Horst BG, Abendroth JA, Forte B, Hallyburton I, Jansen C, Baragaña B, Choi R, Rivas KL, Hulverson MA, Dumais M, Edwards TE, Lorimer DD, Fairlamb AH, Gray DW, Read KD, Lehane AM, Kirk K, Myler PJ, Wernimont A, Walpole C, Stacy R, Barrett LK, Gilbert IH, Van Voorhis WC. Biochemical and Structural Characterization of Selective Allosteric Inhibitors of the <i>Plasmodium falciparum</i> Drug Target, Prolyl-tRNA-synthetase. ACS Infect. Dis. 2016 Nov 16;3(1):34–44. doi: 10.1021/acsinfecdis.6b00078.",456390
2.35,6MN8,Crystal Structure of Prolyl-tRNA Synthetase from Onchocerca volvulus with bound Halofuginone and nucleotide,X-RAY DIFFRACTION,SER|2PN|ANP|AMP|MG|GLY|HFG,,750|33113|122874|6083|888|456390|5951,,,,,,,,456390
2.4,5F9Z,Crystal Structure of Prolyl-tRNA Synthetase from Cryptosporidium parvum complexed with Halofuginone and AMPPNP,X-RAY DIFFRACTION,GOL|ANP|ZN|MG|HFG,,33113|32051|888|456390|753,,,,,,,,456390
2.46,5XIO,Crystal Structure of Cryptosporidium parvum Prolyl-tRNA Synthetase (CpPRS) in complex with Halofuginone,X-RAY DIFFRACTION,ZN|ANP|HFG,,32051|33113|456390,,,28867614.0,10.1016/j.str.2017.07.015,,23066991.0,"Jain V, Yogavel M, Kikuchi H, Oshima Y, Hariguchi N, Matsumoto M, Goel P, Touquet B, Jumani RS, Tacchini-Cottier F, Harlos K, Huston CD, Hakimi M, Sharma A. Targeting Prolyl-tRNA Synthetase to Accelerate Drug Discovery against Malaria, Leishmaniasis, Toxoplasmosis, Cryptosporidiosis, and Coccidiosis. Structure. 2017 Oct;25(10):1495–1505.e6. doi: 10.1016/j.str.2017.07.015.",456390
2.57,8JE5,Crystal Structure of Anopheles culicifacies Prolyl-tRNA Synthetase (AcPRS) in complex with Halofuginone,X-RAY DIFFRACTION,ZN|GOL|CL|HFG,,456390|32051|312|753,,,,,,,,456390
2.619,4K88,Crystal structure of human prolyl-tRNA synthetase (halofuginone bound form),X-RAY DIFFRACTION,ZN|HFG,,32051|456390,P07814,2058.0,24100331.0,10.1107/s0907444913020556,,2490882.0,"Son J, Lee EH, Park M, Kim JH, Kim J, Kim S, Jeon YH, Hwang KY. Conformational changes in human prolyl-tRNA synthetase upon binding of the substrates proline and ATP and the inhibitor halofuginone. Acta Crystallogr D Biol Crystallogr. 2013 Oct;69(Pt 10):2136–45. doi: 10.1107/s0907444913020556. PMID: 24100331.",456390
2.8,7F9U,Toxoplasma gondii Prolyl-tRNA Synthetase (TgPRS) in Complex with inhibitor T35 and Halofuginone,X-RAY DIFFRACTION,BR|1TI|CL|CA|HFG,,271|259|312|164513364|456390,,,,,,,,456390
2.883,8JE6,Crystal Structure of Anopheles culicifacies Prolyl-tRNA Synthetase (AcPRS) in complex with Halofuginone and ATP analogue,X-RAY DIFFRACTION,ZN|ANP|MG|HFG,,32051|888|33113|456390,,,,,,,,456390
2.9,4OLF,"Crystal Structure of Prolyl-tRNA synthetase (ProRS, Proline--tRNA ligase)from Plasmodium falciparum in complex with Halofuginone and AMPPNP",X-RAY DIFFRACTION,SO4|ANP|NA|EDO|HFG,,174|33113|456390|923|1117,Q8I5R7,811187.0,,,,,,456390
3.1,5XIP,Crystal Structure of Eimeria tenella Prolyl-tRNA Synthetase (EtPRS) in complex with Halofuginone,X-RAY DIFFRACTION,ANP|MG|HFG,,888|33113|456390,,,28867614.0,10.1016/j.str.2017.07.015,,23066991.0,"Jain V, Yogavel M, Kikuchi H, Oshima Y, Hariguchi N, Matsumoto M, Goel P, Touquet B, Jumani RS, Tacchini-Cottier F, Harlos K, Huston CD, Hakimi M, Sharma A. Targeting Prolyl-tRNA Synthetase to Accelerate Drug Discovery against Malaria, Leishmaniasis, Toxoplasmosis, Cryptosporidiosis, and Coccidiosis. Structure. 2017 Oct;25(10):1495–1505.e6. doi: 10.1016/j.str.2017.07.015.",456390
2.1,7XC4,Crystal structure of SARS-CoV-2 NSP3 Macrodomain 3 (SARS-unique domain-M) in complex with Oxaprozin,X-RAY DIFFRACTION,BJ6,,4614,P0DTC1,43740578,36356292.0,10.1021/acs.jmedchem.2c01168,,34916076.0,"Li J, Zhong F, Li M, Liu Y, Wang L, Liu M, Li F, Zhang J, Wu J, Shi Y, Zhang Z, Tu X, Ruan K, Gao J. Two Binding Sites of SARS-CoV-2 Macrodomain 3 Probed by Oxaprozin and Meclomen. J Med Chem. 2022 Nov 24;65(22):15227–37. doi: 10.1021/acs.jmedchem.2c01168. PMID: 36356292.",4614
1.55,4U93,Crystal Structure of Hsp90-alpha N-domain Bound to the Inhibitor NVP-HSP990,X-RAY DIFFRACTION,990,,46216556,P07900|3B24_A|3K98_A|4EEH_A|2YJW_A|2QF6_A|2XHX_A|3K97_A|3BM9_A|3QDD_A|2XAB_A|2CCS_A|3R4M_A|2FWY_A|3HHU_A|1UY6_A|1YC1_A|2QFO_A|4AWO_A|3D0B_A|2BYH_A|2XJJ_A|3EKO_A|1UYI_A|2YI0_A,3320,25368984.0,10.1021/jm501107q,,3872123.0,"McBride CM, Levine B, Xia Y, Bellamacina C, Machajewski T, Gao Z, Renhowe P, Antonios-McCrea W, Barsanti P, Brinner K, Costales A, Doughan B, Lin X, Louie A, McKenna M, Mendenhall K, Poon D, Rico A, Wang M, Williams TE, Abrams T, Fong S, Hendrickson T, Lei D, Lin J, Menezes D, Pryer N, Taverna P, Xu Y, Zhou Y, Shafer CM. Design, structure-activity relationship, and in vivo characterization of the development candidate NVP-HSP990. J Med Chem. 2014 Nov 13;57(21):9124–9. doi: 10.1021/jm501107q. PMID: 25368984.",46216556
2.53,9MSQ,Candida albicans Hsp90 nucleotide binding domain in complex with HSP990,X-RAY DIFFRACTION,990,,46216556,P46598,3636951,40397669.0,10.1021/acs.biochem.5c00015,,38887827.0,"Kowalewski ME, Zagler S, Redinbo MR. Structural Insights into Selectively Targeting <i>Candida albicans</i> Hsp90. Biochemistry. 2025 May 21;64(11):2401–11. doi: 10.1021/acs.biochem.5c00015.",46216556
2.4,8BI6,Crystal structure of human Choline Kinase A in complex with UNC0638,X-RAY DIFFRACTION,CIQ|MG|IPA|PEG|PO4|EDO|CL,,174|888|312|1061|8117|3776|46224516,P35790|3G15_A,1119,,,,,,46224516
2.56,3RJW,Crystal structure of histone lysine methyltransferase g9a with an inhibitor,X-RAY DIFFRACTION,UNX|ZN|CIQ|SAH,,32051|439155|46224516,Q96KQ7|3K5K_A,10919,21743462.0,10.1038/nchembio.599,PMC3184254,17427188.0,10.1038/nchembio.599,46224516
0.0,8CVT,"Human 19S-20S proteasome, state SD2",ELECTRON MICROSCOPY,LDZ|ZN|ATP,,5957|32051|462382,O43242|P43686|P48556|P49720|P28074|P25789|P20618|P17980|P49721|Q15008|Q99436|P60900|P25788|P60896|P62193|P62191|Q13200|P28066|P62333|O00231|P25787|P62195|O00487|P28070|P28072|P51665|O14818|O00232|P55036|Q99460|Q9UNM6|P35998|P25786,5709|5704|5714|5691|5693|5685|5689|5702|5690|9861|5695|5687|5684|7979|5700|5708|5686|5706|5717|5683|5705|10213|5692|5694|5713|5688|5718|5710|5707|5719|5701|5682,35858375.0,10.1073/pnas.2207200119,PMC9388094,34020159.0,"Zhao J, Makhija S, Zhou C, Zhang H, Wang Y, Muralidharan M, Huang B, Cheng Y. Structural insights into the human PA28-20S proteasome enabled by efficient tagging and purification of endogenous proteins. Proc Natl Acad Sci U S A. 2022 Aug 16;119(33):e2207200119. PMID: 35858375; PMCID: PMC9388094.",462382
2.49,4G4S,Structure of Proteasome-Pba1-Pba2 Complex,X-RAY DIFFRACTION,LDZ|MG,,888|462382,P40302|P25043|3GPJ_H|4FZC_H|P30657|P23638|P23724|3MG6_L|3OEU_L|3GPJ_Z|P32379|P21242|P21243|3GPJ_I|P25451|4FZC_I|P40303|P36040|P30656|3MG4_K|3NZW_K|3OEU_K|P38624|P23639|Q05778|P22141,855362|854328|850611|853036|852239|853168|854544|852873|856830|854119|853629|856218|853456|854882|850896|856731,22930756.0,10.1074/jbc.m112.367003,PMC3481334,31628111.0,"Stadtmueller BM, Kish-Trier E, Ferrell K, Petersen CN, Robinson H, Myszka DG, Eckert DM, Formosa T, Hill CP. Structure of a proteasome Pba1-Pba2 complex: implications for proteasome assembly, activation, and biological function. J Biol Chem. 2012 Oct 26;287(44):37371–82. PMID: 22930756; PMCID: PMC3481334.",462382
2.7,8CVR,Human 20S proteasome with MG-132,ELECTRON MICROSCOPY,LDZ,,462382,Q99436|P25787|P60900|P25788|P28070|P49721|P28072|P49720|P28066|O14818|P28074|P25789|P20618|P25786,5695|5683|5687|5684|5692|5690|5694|5691|5686|5688|5693|5685|5689|5682,35858375.0,10.1073/pnas.2207200119,PMC9388094,34020159.0,"Zhao J, Makhija S, Zhou C, Zhang H, Wang Y, Muralidharan M, Huang B, Cheng Y. Structural insights into the human PA28-20S proteasome enabled by efficient tagging and purification of endogenous proteins. Proc Natl Acad Sci U S A. 2022 Aug 16;119(33):e2207200119. PMID: 35858375; PMCID: PMC9388094.",462382
2.8,9NKG,"Structure of substrate engaged MIDN-bound human 26S proteasome, EB-MIDN (Composite map)",ELECTRON MICROSCOPY,ATP|LDZ|ZN|MG|ADP,,5957|888|32051|6022|462382,P25786|P25787|O00232|P49721|P60896|Q99460|P28072|P62193|P62191|P49720|P17980|O43242|Q15008|Q99436|Q504T8|P48556|P28066|P25788|P25789|P62195|O00231|O00487|P20618|P28074|P55036|P43686|Q13200|P51665|P60900|O14818|P35998|P28070|Q9UNM6,5682|5683|5718|5690|7979|5707|5694|5700|5691|5702|5709|9861|5695|90007|5714|5686|5684|5685|5705|5717|10213|5689|5693|5710|5704|5708|5713|5687|5688|5701|5692|5719,,,,,,462382
2.9,9NKF,"Structure of human substrate-free 26S proteasome in the presence of ATPgS and MG-132,SA-like state (composite map)",ELECTRON MICROSCOPY,ATP|LDZ|ZN|MG|ADP,,5957|888|32051|6022|462382,P25786|P25787|O00232|P49721|P60896|Q99460|P28072|P62193|P62191|P49720|P17980|O43242|Q15008|Q99436|P48556|P28066|P25788|P25789|P62195|O00231|O00487|P20618|P28074|P55036|P43686|Q13200|P51665|P60900|O14818|P35998|P28070|Q9UNM6,5682|5683|5718|5690|7979|5707|5694|5700|5691|5702|5709|9861|5695|5714|5686|5684|5685|5705|5717|10213|5689|5693|5710|5704|5708|5713|5687|5688|5701|5692|5719,,,,,,462382
3.1,8CVS,Human PA200-20S proteasome with MG-132,ELECTRON MICROSCOPY,IHP|LDZ,,462382,Q99436|P25787|P60900|P25788|P28070|P49721|P28072|P49720|P28066|Q14997|O14818|P28074|P25789|P20618|P25786,5695|5683|5687|5684|5692|5690|5694|5691|5686|23198|5688|5693|5685|5689|5682,35858375.0,10.1073/pnas.2207200119,PMC9388094,34020159.0,"Zhao J, Makhija S, Zhou C, Zhang H, Wang Y, Muralidharan M, Huang B, Cheng Y. Structural insights into the human PA28-20S proteasome enabled by efficient tagging and purification of endogenous proteins. Proc Natl Acad Sci U S A. 2022 Aug 16;119(33):e2207200119. PMID: 35858375; PMCID: PMC9388094.",462382
3.84,9NKJ,"Structure of substrates-engaged MIDN-bound human 26S proteasome,ED-MIDN state (Composite map)",ELECTRON MICROSCOPY,ATP|LDZ|ZN|MG|ADP,,5957|888|32051|6022|462382,P25786|P25787|O00232|P49721|P60896|Q99460|P28072|P62193|P62191|P49720|P17980|O43242|Q15008|Q99436|P48556|P28066|P25788|P25789|P62195|O00231|O00487|P20618|P28074|P55036|P43686|Q13200|P51665|P60900|O14818|P35998|P28070|Q9UNM6,5682|5683|5718|5690|7979|5707|5694|5700|5691|5702|5709|9861|5695|5714|5686|5684|5685|5705|5717|10213|5689|5693|5710|5704|5708|5713|5687|5688|5701|5692|5719,,,,,,462382
1.8,3KRR,Crystal Structure of JAK2 complexed with a potent quinoxaline ATP site inhibitor,X-RAY DIFFRACTION,DQX,,46398810,O60674|4HGE_A|3JY9_A|4FVQ_A|2W1I_A|2XA4_A|4AQC_A|3TJC_A|2B7A_A|3KRR_A|4FVR_A|4BBE_A|4E6D_A|3E62_A|3Q32_A|3RVG_A|4F08_A|3IO7_A,3717,20587663.0,10.1158/1535-7163.mct-10-0053,,22135736.0,"Baffert F, Régnier CH, De Pover A, Pissot-Soldermann C, Tavares GA, Blasco F, Brueggen J, Chène P, Drueckes P, Erdmann D, Furet P, Gerspacher M, Lang M, Ledieu D, Nolan L, Ruetz S, Trappe J, Vangrevelinghe E, Wartmann M, Wyder L, Hofmann F, Radimerski T. Potent and selective inhibition of polycythemia by the quinoxaline JAK2 inhibitor NVP-BSK805. Mol Cancer Ther. 2010 Jul;9(7):1945–55. doi: 10.1158/1535-7163.mct-10-0053. PMID: 20587663.",46398810
2.0,5UT4,JAK2 JH2 in complex with NVP-BSK805,X-RAY DIFFRACTION,GOL|DQX|DMS,,679|46398810|753,O60674|4HGE_A|3JY9_A|4FVQ_A|2W1I_A|2XA4_A|4AQC_A|3TJC_A|2B7A_A|3KRR_A|4FVR_A|4BBE_A|4E6D_A|3E62_A|3Q32_A|3RVG_A|4F08_A|3IO7_A,3717,28626520.0,10.1021/acsmedchemlett.7b00154,PMC5467202,3260374.0,"Newton AS, Deiana L, Puleo DE, Cisneros JA, Cutrona KJ, Schlessinger J, Jorgensen WL. JAK2 JH2 Fluorescence Polarization Assay and Crystal Structures for Complexes with Three Small Molecules. ACS Med. Chem. Lett. 2017 May 17;8(6):614–7. doi: 10.1021/acsmedchemlett.7b00154.",46398810
1.5,7K6H,Crystal structure of the first bromodomain (BD1) of human BRD4 bound to XMD8-92,X-RAY DIFFRACTION,4WG,,46843772,O60885|3MXF_A|4HBW_A|2YEM_A,23476,34710325.0,10.1021/acs.jmedchem.1c01096,PMC9119049,11576592.0,"Karim RM, Bikowitz MJ, Chan A, Zhu J, Grassie D, Becker A, Berndt N, Gunawan S, Lawrence NJ, Schönbrunn E. Differential BET Bromodomain Inhibition by Dihydropteridinone and Pyrimidodiazepinone Kinase Inhibitors. J. Med. Chem. 2021 Oct 28;64(21):15772–86. doi: 10.1021/acs.jmedchem.1c01096.",46843772
1.7,5LRQ,BRD4 in complex with ERK5 inhibitor XMD8-92,X-RAY DIFFRACTION,4WG,,46843772,O60885|3MXF_A|4HBW_A|2YEM_A,23476,31212132.0,10.1016/j.ejmech.2019.05.057,,19008051.0,"Myers SM, Miller DC, Molyneux L, Arasta M, Bawn RH, Blackburn TJ, Cook SJ, Edwards N, Endicott JA, Golding BT, Griffin RJ, Hammonds T, Hardcastle IR, Harnor SJ, Heptinstall AB, Lochhead PA, Martin MP, Martin NC, Newell DR, Owen PJ, Pang LC, Reuillon T, Rigoreau LJM, Thomas HD, Tucker JA, Wang L, Wong A, Noble MEM, Wedge SR, Cano C. Identification of a novel orally bioavailable ERK5 inhibitor with selectivity over p38a and BRD4. European Journal of Medicinal Chemistry. 2019 Sep;178():530–43. doi: 10.1016/j.ejmech.2019.05.057.",46843772
2.79,5BYY,ERK5 IN COMPLEX WITH SMALL MOLECULE,X-RAY DIFFRACTION,4WG,,46843772,Q13164,5598,27139631.0,10.1107/s2059798316004502,PMC4854315,525356.0,"Chen H, Tucker J, Wang X, Gavine PR, Phillips C, Augustin MA, Schreiner P, Steinbacher S, Preston M, Ogg D. Discovery of a novel allosteric inhibitor-binding site in ERK5: comparison with the canonical kinase hinge ATP-binding site. Acta Crystallogr D Struct Biol. 2016 May;72(Pt 5):682–93. PMID: 27139631; PMCID: PMC4854315.",46843772
1.4,8BX9,Crystal structure of JAK2 JH1 in complex with ilginatinib,X-RAY DIFFRACTION,S59|DMS,,679|46866319,O60674|4HGE_A|3JY9_A|4FVQ_A|2W1I_A|2XA4_A|4AQC_A|3TJC_A|2B7A_A|3KRR_A|4FVR_A|4BBE_A|4E6D_A|3E62_A|3Q32_A|3RVG_A|4F08_A|3IO7_A,3717,,,,,,46866319
2.52,5N7V,TTK kinase domain in complex with MPI-0479605,X-RAY DIFFRACTION,8PT|7PE,,526557|46909588,P33981|3H9F_A|3VQU_A|3GFW_A|3HMO_A,7272,28539250.0,10.1016/j.jmb.2017.05.014,,19582760.0,"Uitdehaag JCM, de Man J, Willemsen-Seegers N, Prinsen MBW, Libouban MAA, Sterrenburg JG, de Wit JJP, de Vetter JRF, de Roos JADM, Buijsman RC, Zaman GJR. Target Residence Time-Guided Optimization on TTK Kinase Results in Inhibitors with Potent Anti-Proliferative Activity. J Mol Biol. 2017 Jul 07;429(14):2211–30. doi: 10.1016/j.jmb.2017.05.014. PMID: 28539250.",46909588
1.7,3GY3,A comparative study on the inhibition of bovine beta-trypsin by bis-benzamidines diminazene and pentamidine by X-ray crystallography and ITC,X-RAY DIFFRACTION,PNT|CA|EDO,,174|271|4735,P00760|1V2J_T|1V2N_T|1G3B_A|1V2S_T|1V2O_T|1V2U_T|1ZZZ_A|1AQ7_A|1UTN_A|1V2Q_T|1PPH_E|1V2K_T|1F0T_A|1TNG_A,615026|780933,20356563.0,10.1016/j.ijbiomac.2010.03.006,,19430775.0,"Perilo CS, Pereira MT, Santoro MM, Nagem RAP. Structural binding evidence of the trypanocidal drugs Berenil® and Pentacarinate® active principles to a serine protease model. International Journal of Biological Macromolecules. 2010 Jun;46(5):502–11. doi: 10.1016/j.ijbiomac.2010.03.006.",4735
1.85,3CR5,"X-ray structure of bovine Pnt-Zn(2+),Ca(2+)-S100B",X-RAY DIFFRACTION,CA|ZN|PNT,,271|32051|4735,3LK0_A|4FQO_A|P02638,525716,18602402.0,10.1016/j.jmb.2008.06.047,PMC2636698,11967924.0,"Charpentier TH, Wilder PT, Liriano MA, Varney KM, Pozharski E, MacKerell AD, Coop A, Toth EA, Weber DJ. Divalent Metal Ion Complexes of S100B in the Absence and Presence of Pentamidine. Journal of Molecular Biology. 2008 Sep;382(1):56–73. doi: 10.1016/j.jmb.2008.06.047.",4735
2.1,1D64,CRYSTAL STRUCTURE OF A PENTAMIDINE-OLIGONUCLEOTIDE COMPLEX: IMPLICATIONS FOR DNA-BINDING PROPERTIES,X-RAY DIFFRACTION,PNT,,4735,,,1643044.0,10.1021/bi00146a011,,6916487.0,"Edwards KJ, Jenkins TC, Neidle S. Crystal structure of a pentamidine-oligonucleotide complex: implications for DNA-binding properties. Biochemistry. 1992 Aug 11;31(31):7104–9. doi: 10.1021/bi00146a011. PMID: 1643044.",4735
2.149,3HII,Crystal structure of human diamine oxidase in complex with the inhibitor pentamidine,X-RAY DIFFRACTION,CA|GOL|PNT|CU,G73541PI|G49954MA,27099|271|4735|753,P19801|3HIG_A,26,19764817.0,10.1021/bi9014192,PMC2791411,13351678.0,"McGrath AP, Hilmer KM, Collyer CA, Shepard EM, Elmore BO, Brown DE, Dooley DM, Guss JM. Structure and Inhibition of Human Diamine Oxidase. Biochemistry. 2009 Sep 25;48(41):9810–22. doi: 10.1021/bi9014192.",4735
2.15,3CR4,"X-ray structure of bovine Pnt,Ca(2+)-S100B",X-RAY DIFFRACTION,CA|PNT,,271|4735,3LK0_A|4FQO_A|P02638,525716,18602402.0,10.1016/j.jmb.2008.06.047,PMC2636698,11967924.0,"Charpentier TH, Wilder PT, Liriano MA, Varney KM, Pozharski E, MacKerell AD, Coop A, Toth EA, Weber DJ. Divalent Metal Ion Complexes of S100B in the Absence and Presence of Pentamidine. Journal of Molecular Biology. 2008 Sep;382(1):56–73. doi: 10.1016/j.jmb.2008.06.047.",4735
2.45,8JY8,Structure of TbAQP2 in complex with anti-trypanosomatid drug pentamidine,ELECTRON MICROSCOPY,PNT,,4735,Q6ZXT3,,38734677.0,10.1038/s41467-024-48445-4,PMC11088622,37191529.0,"Chen W, Zou R, Mei Y, Li J, Xuan Y, Cui B, Zou J, Wang J, Lin S, Zhang Z, Wang C. Structural insights into drug transport by an aquaglyceroporin. Nat Commun. 2024 May 11;15(1):3985. PMID: 38734677; PMCID: PMC11088622.",4735
2.52,3EY0,A new form of DNA-drug interaction in the minor groove of a coiled coil,X-RAY DIFFRACTION,MG|PNT,,4735|888,,,20179336.0,10.1107/s0907444909055693,,12678045.0,"Moreno T, Pous J, Subirana JA, Campos JL. Coiled-coil conformation of a pentamidine-DNA complex. Acta Crystallogr D Biol Crystallogr. 2010 Mar;66(Pt 3):251–7. doi: 10.1107/s0907444909055693. PMID: 20179336.",4735
2.62,1RKW,CRYSTAL STRUCTURE OF THE MULTIDRUG BINDING TRANSCRIPTIONAL REPRESSOR QACR BOUND TO PENTAMADINE,X-RAY DIFFRACTION,SO4|PNT,,4735|1117,P0A0N4|1QVT_A,,14726520.0,10.1074/jbc.m313870200,,977741.0,"Murray DS, Schumacher MA, Brennan RG: Crystal structures of QacR-diamidine complexes reveal additional multidrug-binding modes and a novel mechanism of drug charge neutralization. J Biol Chem. 2004 Apr 2;279(14):14365-71. doi: 10.1074/jbc.M313870200. Epub 2004 Jan 15.",4735
2.954,7WP3,"Crystal structure of the complex of proliferating cell nuclear antigen (PCNA) from Leishmania donovani with 1,5-Bis (4-amidinophenoxy) pentane (PNT) at 2.95 A resolution",X-RAY DIFFRACTION,PNT,,4735,,,,,,,,4735
3.7,8OFY,Molecular Mechanism of trypanosomal AQP2,ELECTRON MICROSCOPY,PNT,,4735,Q6ZXT3,,,,,,,4735
1.16,3ARX,Crystal Structure Analysis of Chitinase A from Vibrio harveyi with novel inhibitors - complex structure with Propentofylline,X-RAY DIFFRACTION,POY|GOL,,4938|753,,,21531720.0,10.1074/jbc.m110.183376,PMC3129211,14042307.0,"Pantoom S, Vetter IR, Prinz H, Suginta W. Potent family-18 chitinase inhibitors: x-ray structures, affinities, and binding mechanisms. J Biol Chem. 2011 Jul 08;286(27):24312–23. PMID: 21531720; PMCID: PMC3129211.",4938
1.8,3AS2,Crystal Structure Analysis of Chitinase A from Vibrio harveyi with novel inhibitors - W275G mutant complex structure with Propentofylline,X-RAY DIFFRACTION,POY,,4938,,,21531720.0,10.1074/jbc.m110.183376,PMC3129211,14042307.0,"Pantoom S, Vetter IR, Prinz H, Suginta W. Potent family-18 chitinase inhibitors: x-ray structures, affinities, and binding mechanisms. J Biol Chem. 2011 Jul 08;286(27):24312–23. PMID: 21531720; PMCID: PMC3129211.",4938
1.95,4KMP,Structure of XIAP-BIR3 and inhibitor,X-RAY DIFFRACTION,GT6|ZN,,49836020|32051,3CM2_D|1G3F_A|3HL5_A|3G76_A|P98170|2OPY_A|2VSL_A|2JK7_A|3UW5_A|3UW4_A,331,,,,,,49836020
1.3,4KM0,Crystal structure of dihydrofolate reductase from Mycobacterium tuberculosis in complex with pyrimethamine,X-RAY DIFFRACTION,CP6|ATR,,165230|4993,P9WNX1,887777.0,24210757.0,10.1016/j.str.2013.09.022,,14754884.0,"Dias MV, Tyrakis P, Domingues RR, Paes Leme AF, Blundell TL. Mycobacterium tuberculosis dihydrofolate reductase reveals two conformational states and a possible low affinity mechanism to antifolate drugs. Structure. 2014 Jan 07;22(1):94–103. doi: 10.1016/j.str.2013.09.022. PMID: 24210757.",4993
1.34,7OPJ,Trypanosoma brucei PTR1 (TbPTR1) in complex with pyrimethamine,X-RAY DIFFRACTION,CP6|ACT|GOL|NAP,,175|5885|4993|753,,,34209148.0,10.3390/ph14070636,PMC8308740,2003728.0,"Tassone G, Landi G, Linciano P, Francesconi V, Tonelli M, Tagliazucchi L, Costi MP, Mangani S, Pozzi C. Evidence of Pyrimethamine and Cycloguanil Analogues as Dual Inhibitors of Trypanosoma brucei Pteridine Reductase and Dihydrofolate Reductase. Pharmaceuticals (Basel). 2021 Jun 30;14(7). PMID: 34209148; PMCID: PMC8308740.",4993
1.561,6NNI,Structure of closed state of Dihydrofolate reductase from Mycobacterium tuberculosis in complex with NADPH and pyrimethamine,X-RAY DIFFRACTION,CP6|SO4|CO|NDP|MES,,104729|78165|4993|5884|1117,P9WNX1,887777.0,31282477.0,10.1107/s205979831900901x,,8832062.0,"Ribeiro JA, Chavez-Pacheco SM, de Oliveira GS, Silva CDS, Giudice JHP, Libreros-Zúñiga GA, Dias MVB. Crystal structures of the closed form of Mycobacterium tuberculosis dihydrofolate reductase in complex with dihydrofolate and antifolates. Acta Crystallogr D Struct Biol. 2019 Jul 01;75(Pt 7):682–93. doi: 10.1107/s205979831900901x. PMID: 31282477.",4993
1.7,8A0Z,Crystal structure of Candida auris dihydrofolate reductase complexed with NADPH and pyrimethamine,X-RAY DIFFRACTION,NO3|NDP|EPE|CP6,,23830|943|4993|5884,,,,,,,,4993
1.9,2BL9,X-ray crystal structure of Plasmodium vivax dihydrofolate reductase in complex with pyrimethamine and its derivative,X-RAY DIFFRACTION,CP6|NDP,,4993|5884,O02604,,16135570.0,10.1073/pnas.0501747102,PMC1201571,14627357.0,"Kongsaeree P, Khongsuk P, Leartsakulpanich U, Chitnumsub P, Tarnchompoo B, Walkinshaw MD, Yuthavong Y. Crystal structure of dihydrofolate reductase from <i>Plasmodium vivax</i> : Pyrimethamine displacement linked with mutation-induced resistance. Proc. Natl. Acad. Sci. U.S.A. 2005 Aug 31;102(37):13046–51. doi: 10.1073/pnas.0501747102.",4993
2.15,7FGW,"Toxoplasma gondii dihydrofolate reductase thymidylate synthase (TgDHFR-TS) complexed with pyrimethamine, NADPH and dUMP",X-RAY DIFFRACTION,CP6|BEN|NDP|UMP,,65063|2332|4993|5884,Q07422,,35715223.0,10.1021/acschembio.1c00627,,34159256.0,"Vanichtanankul J, Yoomuang A, Taweechai S, Saeyang T, Pengon J, Yuvaniyama J, Tarnchompoo B, Yuthavong Y, Kamchonwongpaisan S. Structural Insight into Effective Inhibitors' Binding to Toxoplasma gondii Dihydrofolate Reductase Thymidylate Synthase. ACS Chem Biol. 2022 Jul 15;17(7):1691–702. doi: 10.1021/acschembio.1c00627. PMID: 35715223.",4993
2.2,3QFX,Trypanosoma brucei dihydrofolate reductase pyrimethamine complex,X-RAY DIFFRACTION,CP6|NDP,,4993|5884,Q27783,,21650210.0,10.1021/cb200124r,,32257272.0,"Vanichtanankul J, Taweechai S, Yuvaniyama J, Vilaivan T, Chitnumsub P, Kamchonwongpaisan S, Yuthavong Y. Trypanosomal dihydrofolate reductase reveals natural antifolate resistance. ACS Chem Biol. 2011 Sep 16;6(9):905–11. doi: 10.1021/cb200124r. PMID: 21650210.",4993
2.3,1J3J,"Double mutant (C59R+S108N) Plasmodium falciparum dihydrofolate reductase-thymidylate synthase (PfDHFR-TS) complexed with pyrimethamine, NADPH, and dUMP",X-RAY DIFFRACTION,CP6|NDP|UMP,,65063|4993|5884,P13922,,12704428.0,10.1038/nsb921,,255272.0,"Yuvaniyama J, Chitnumsub P, Kamchonwongpaisan S, Vanichtanankul J, Sirawaraporn W, Taylor P, Walkinshaw MD, Yuthavong Y. Insights into antifolate resistance from malarial DHFR-TS structures. Nature Structural & Molecular Biology. 2003 Apr 21;10(5):357–65. doi: 10.1038/nsb921.",4993
2.3,3QG2,"Plasmodium falciparum DHFR-TS qradruple mutant (N51I+C59R+S108N+I164L, V1/S) pyrimethamine complex",X-RAY DIFFRACTION,CP6|NDP|UMP,,65063|4993|5884,,,21650210.0,10.1021/cb200124r,,32257272.0,"Vanichtanankul J, Taweechai S, Yuvaniyama J, Vilaivan T, Chitnumsub P, Kamchonwongpaisan S, Yuthavong Y. Trypanosomal dihydrofolate reductase reveals natural antifolate resistance. ACS Chem Biol. 2011 Sep 16;6(9):905–11. doi: 10.1021/cb200124r. PMID: 21650210.",4993
2.3,3QGT,"Crystal structure of Wild-type PfDHFR-TS COMPLEXED WITH NADPH, dUMP AND PYRIMETHAMINE",X-RAY DIFFRACTION,CP6|NDP|UMP,,65063|4993|5884,,,21650210.0,10.1021/cb200124r,,32257272.0,"Vanichtanankul J, Taweechai S, Yuvaniyama J, Vilaivan T, Chitnumsub P, Kamchonwongpaisan S, Yuthavong Y. Trypanosomal dihydrofolate reductase reveals natural antifolate resistance. ACS Chem Biol. 2011 Sep 16;6(9):905–11. doi: 10.1021/cb200124r. PMID: 21650210.",4993
2.4,3UM5,"Double mutant (A16V+S108T) Plasmodium falciparum dihydrofolate reductase-thymidylate synthase (PfDHFR-TS-T9/94) complexed with pyrimethamine, NADPH, and dUMP",X-RAY DIFFRACTION,CP6|NDP|UMP,,65063|4993|5884,,,22526319.0,10.1128/aac.00301-12,PMC3393428,18768490.0,"Vanichtanankul J, Taweechai S, Uttamapinant C, Chitnumsub P, Vilaivan T, Yuthavong Y, Kamchonwongpaisan S. Combined spatial limitation around residues 16 and 108 of Plasmodium falciparum dihydrofolate reductase explains resistance to cycloguanil. Antimicrob Agents Chemother. 2012 Jul;56(7):3928–35. PMID: 22526319; PMCID: PMC3393428.",4993
2.5,2BLA,SP21 double mutant P. vivax Dihydrofolate reductase in complex with pyrimethamine,X-RAY DIFFRACTION,CP6|NDP|MES,,78165|4993|5884,O02604,,16135570.0,10.1073/pnas.0501747102,PMC1201571,14627357.0,"Kongsaeree P, Khongsuk P, Leartsakulpanich U, Chitnumsub P, Tarnchompoo B, Walkinshaw MD, Yuthavong Y. Crystal structure of dihydrofolate reductase from <i>Plasmodium vivax</i> : Pyrimethamine displacement linked with mutation-induced resistance. Proc. Natl. Acad. Sci. U.S.A. 2005 Aug 31;102(37):13046–51. doi: 10.1073/pnas.0501747102.",4993
2.8,3LMY,The Crystal Structure of beta-hexosaminidase B in complex with Pyrimethamine,X-RAY DIFFRACTION,CP6|SO4|NAG|NDG,G68544GH|G73541PI|G67334XY|G49954MA,82313|24139|4993|1117,P07686,3074.0,,,,,,4993
3.2,6AOG,"Crystal structure of Toxoplasma gondii TS-DHFR complexed with NADPH, dUMP, PDDF, and 5-(4-chlorophenyl)-6-ethylpyrimidine-2,4-diamine (pyrimethamine)",X-RAY DIFFRACTION,CP6|NDP|CB3|UMP,,135438608|65063|4993|5884,Q07422,,,,,,,4993
1.47,9F8H,Crystal Structure of PhzA/B from Burkholderia cepacia R18194 in complex with Raloxifene,X-RAY DIFFRACTION,EDO|GOL|RAL,,5035|174|753,,,40156840.0,10.1021/acs.jmedchem.4c03065,PMC11998002,38602690.0,"Thiemann M, Zimmermann M, Diederich C, Zhan H, Lebedev M, Pletz J, Baumgarten J, Handke M, Müsken M, Breinbauer R, Krasteva-Christ G, Zanin E, Empting M, Schiedel M, Kunick C, Blankenfeldt W. From Bones to Bugs: Structure-Based Development of Raloxifene-Derived Pathoblockers That Inhibit Pyocyanin Production in <i>Pseudomonas aeruginosa</i>. J. Med. Chem. 2025 Mar 29;68(7):7390–420. doi: 10.1021/acs.jmedchem.4c03065.",5035
1.6,7NDO,"ER-PRS*(-) (L536S, L372R) in complex with raloxifene",X-RAY DIFFRACTION,RAL|CL|EDO,,312|174|5035,P03372|1SJ0_A|2IOK_A|2IOG_A|1UOM_A|1QKT_A|1PCG_A|1QKU_A|4DMA_A|1ZKY_A|1X7E_A|2P15_A|1GWQ_A,2099.0,34006920.0,10.1038/s41598-021-89785-1,PMC8131754,31825799.0,"Kriegel M, Wiederanders HJ, Alkhashrom S, Eichler J, Muller YA. A PROSS-designed extensively mutated estrogen receptor a variant displays enhanced thermal stability while retaining native allosteric regulation and structure. Scientific Reports. 2021 May 18;11(1):10509. doi: 10.1038/s41598-021-89785-1.",5035
1.7,2QXS,Crystal Structure of Antagonizing Mutant 536S of the Estrogen Receptor Alpha Ligand Binding Domain Complexed to Raloxifene,X-RAY DIFFRACTION,RAL,,5035,P03372|1SJ0_A|2IOK_A|2IOG_A|1UOM_A|1QKT_A|1PCG_A|1QKU_A|4DMA_A|1ZKY_A|1X7E_A|2P15_A|1GWQ_A,2099.0,20924370.0,10.1038/nchembio.451,PMC2974172,18744141.0,10.1038/nchembio.451,5035
1.78,7UJC,Raloxifene in Complex with Estrogen Receptor Alpha Ligand Binding Domain Y537S Mutation,X-RAY DIFFRACTION,RAL,,5035,P03372|1SJ0_A|2IOK_A|2IOG_A|1UOM_A|1QKT_A|1PCG_A|1QKU_A|4DMA_A|1ZKY_A|1X7E_A|2P15_A|1GWQ_A,2099.0,35575456.0,10.7554/elife.72512,PMC9177151,34072705.0,"Hosfield DJ, Weber S, Li N, Sauvage M, Joiner CF, Hancock GR, Sullivan EA, Ndukwe E, Han R, Cush S, Lainé M, Mader SC, Greene GL, Fanning SW. Author response: Stereospecific lasofoxifene derivatives reveal the interplay between estrogen receptor alpha stability and antagonistic activity in ESR1 mutant breast cancer cells. 2022 Apr 21;(). doi: 10.7554/elife.72512.sa2.",5035
1.834,7KBS,Estrogen Receptor Alpha Ligand Binding Domain in Complex with Raloxifene,X-RAY DIFFRACTION,RAL,,5035,P03372|1SJ0_A|2IOK_A|2IOG_A|1UOM_A|1QKT_A|1PCG_A|1QKU_A|4DMA_A|1ZKY_A|1X7E_A|2P15_A|1GWQ_A,2099.0,35575456.0,10.7554/elife.72512,PMC9177151,34072705.0,"Hosfield DJ, Weber S, Li N, Sauvage M, Joiner CF, Hancock GR, Sullivan EA, Ndukwe E, Han R, Cush S, Lainé M, Mader SC, Greene GL, Fanning SW. Author response: Stereospecific lasofoxifene derivatives reveal the interplay between estrogen receptor alpha stability and antagonistic activity in ESR1 mutant breast cancer cells. 2022 Apr 21;(). doi: 10.7554/elife.72512.sa2.",5035
2.2,2Y05,Crystal structure of human leukotriene B4 12-hydroxydehydrogenase in complex with NADP and raloxifene,X-RAY DIFFRACTION,NAP|RAL|CL|EDO,,312|5035|174|5885,Q14914,22949.0,,,,,,5035
2.25,1QKN,RAT OESTROGEN RECEPTOR BETA LIGAND-BINDING DOMAIN IN COMPLEX WITH ANTAGONIST RALOXIFENE,X-RAY DIFFRACTION,ACT|RAL,,175|5035,Q62986,25149.0,10469641.0,10.1093/emboj/18.17.4608,PMC1171535,32064836.0,1999; 18(17):4608-4618,5035
2.55,2JFA,ESTROGEN RECEPTOR ALPHA LBD IN COMPLEX WITH AN AFFINITY-SELECTED COREPRESSOR PEPTIDE,X-RAY DIFFRACTION,SO4|RAL,,5035|1117,P03372|1SJ0_A|2IOK_A|2IOG_A|1UOM_A|1QKT_A|1PCG_A|1QKU_A|4DMA_A|1ZKY_A|1X7E_A|2P15_A|1GWQ_A,2099.0,17283072.0,10.1074/jbc.m611424200,,3735846.0,"Heldring N, Pawson T, McDonnell D, Treuter E, Gustafsson J, Pike ACW. Structural Insights into Corepressor Recognition by Antagonist-bound Estrogen Receptors. Journal of Biological Chemistry. 2007 Apr;282(14):10449–55. doi: 10.1074/jbc.m611424200.",5035
2.6,7OPN,Human Aldehyde Oxidase SNP R1231H in complex with Raloxifene,X-RAY DIFFRACTION,PG6|FES|GOL|RAL|MTE|MOS|FAD|MLI|DMS,,135398581|9084|753|70931|679|5035|643975,Q06278,316.0,34415167.0,10.1021/acs.jmedchem.1c01125,,8214557.0,"Mota C, Diniz A, Coelho C, Santos-Silva T, Esmaeeli M, Leimkühler S, Cabrita EJ, Marcelo F, Romão MJ. Interrogating the Inhibition Mechanisms of Human Aldehyde Oxidase by X-ray Crystallography and NMR Spectroscopy: The Raloxifene Case. J Med Chem. 2021 Sep 09;64(17):13025–37. doi: 10.1021/acs.jmedchem.1c01125. PMID: 34415167.",5035
2.6,1ERR,HUMAN ESTROGEN RECEPTOR LIGAND-BINDING DOMAIN IN COMPLEX WITH RALOXIFENE,X-RAY DIFFRACTION,RAL,,5035,P03372|1SJ0_A|2IOK_A|2IOG_A|1UOM_A|1QKT_A|1PCG_A|1QKU_A|4DMA_A|1ZKY_A|1X7E_A|2P15_A|1GWQ_A,2099.0,9338790.0,10.1038/39645,,2908571.0,"Brzozowski AM, Pike AC, Dauter Z, Hubbard RE, Bonn T, Engström O, Ohman L, Greene GL, Gustafsson JA, Carlquist M. Molecular basis of agonism and antagonism in the oestrogen receptor. Nature. 1997 Oct 16;389(6652):753–8. doi: 10.1038/39645. PMID: 9338790.",5035
2.7,7ORC,Human Aldehyde Oxidase in complex with Raloxifene,X-RAY DIFFRACTION,FES|RAL|MOS|MTE|FAD|MLI,,135398581|9084|5035|643975,Q06278,316.0,34415167.0,10.1021/acs.jmedchem.1c01125,,8214557.0,"Mota C, Diniz A, Coelho C, Santos-Silva T, Esmaeeli M, Leimkühler S, Cabrita EJ, Marcelo F, Romão MJ. Interrogating the Inhibition Mechanisms of Human Aldehyde Oxidase by X-ray Crystallography and NMR Spectroscopy: The Raloxifene Case. J Med Chem. 2021 Sep 09;64(17):13025–37. doi: 10.1021/acs.jmedchem.1c01125. PMID: 34415167.",5035
2.9,8TZE,Structure of C-terminal half of LRRK2 bound to GZD-824,ELECTRON MICROSCOPY,T3X,,51038269,Q5S007,120892,,,,,,51038269
2.99,8TYQ,Structure of the C-terminal half of LRRK2 bound to GZD-824 (G2019S mutant),ELECTRON MICROSCOPY,T3X,,51038269,Q5S007,120892,,,,,,51038269
3.1,8TZB,Structure of the C-terminal half of LRRK2 bound to GZD-824 (I2020T mutant),ELECTRON MICROSCOPY,T3X,,51038269,Q5S007,120892,,,,,,51038269
3.4,8TZF,Structure of full length LRRK2 bound to GZD-824 (I2020T mutant),ELECTRON MICROSCOPY,GDP|T3X,,51038269|135398619,Q5S007,120892,,,,,,51038269
3.6,8U7L,Cryo-EM structure of LRRK2 bound to type II inhibitor GZD824,ELECTRON MICROSCOPY,T3X|GDP,,51038269|135398619,Q5S007,120892,38263358.0,10.1038/s41421-023-00639-8,PMC10897174,36789619.0,2024; 10(1):23,51038269
2.25,4RX0,Crystal structure of Plasmodium falciparum dihydroorotate dehydrogenase bound with Inhibitor DSM265,X-RAY DIFFRACTION,ORO|GOL|FMN|D65,,51347395|643976|967|753,Q08210,,26180101.0,10.1126/scitranslmed.aaa6645,PMC4539048,649306.0,"Phillips MA, Lotharius J, Marsh K, White J, Dayan A, White KL, Njoroge JW, El Mazouni F, Lao Y, Kokkonda S, Tomchick DR, Deng X, Laird T, Bhatia SN, March S, Ng CL, Fidock DA, Wittlin S, Lafuente-Monasterio M, Benito FJ, Alonso LM, Martinez MS, Jimenez-Diaz MB, Bazaga SF, Angulo-Barturen I, Haselden JN, Louttit J, Cui Y, Sridhar A, Zeeman AM, Kocken C, Sauerwein R, Dechering K, Avery VM, Duffy S, Delves M, Sinden R, Ruecker A, Wickham KS, Rochford R, Gahagen J, Iyer L, Riccio E, Mirsalis J, Bathhurst I, Rueckle T, Ding X, Campo B, Leroy D, Rogers MJ, Rathod PK, Burrows JN, Charman SA. A long-duration dihydroorotate dehydrogenase inhibitor (DSM265) for prevention and treatment of malaria. Sci Transl Med. 2015 Jul 15;7(296):296ra111. PMID: 26180101; PMCID: PMC4539048.",51347395
2.8,5BOO,Crystal structure of Plasmodium falciparum dihydroorotate dehydrogenase bound with Inhibitor DSM265,X-RAY DIFFRACTION,ORO|FMN|D65,,51347395|967|643976,Q08210,,26180101.0,10.1126/scitranslmed.aaa6645,PMC4539048,649306.0,"Phillips MA, Lotharius J, Marsh K, White J, Dayan A, White KL, Njoroge JW, El Mazouni F, Lao Y, Kokkonda S, Tomchick DR, Deng X, Laird T, Bhatia SN, March S, Ng CL, Fidock DA, Wittlin S, Lafuente-Monasterio M, Benito FJ, Alonso LM, Martinez MS, Jimenez-Diaz MB, Bazaga SF, Angulo-Barturen I, Haselden JN, Louttit J, Cui Y, Sridhar A, Zeeman AM, Kocken C, Sauerwein R, Dechering K, Avery VM, Duffy S, Delves M, Sinden R, Ruecker A, Wickham KS, Rochford R, Gahagen J, Iyer L, Riccio E, Mirsalis J, Bathhurst I, Rueckle T, Ding X, Campo B, Leroy D, Rogers MJ, Rathod PK, Burrows JN, Charman SA. A long-duration dihydroorotate dehydrogenase inhibitor (DSM265) for prevention and treatment of malaria. Sci Transl Med. 2015 Jul 15;7(296):296ra111. PMID: 26180101; PMCID: PMC4539048.",51347395
3.25,7BI2,PI3KC2aDeltaN and DeltaC-C2,X-RAY DIFFRACTION,IOD|EDO|17G,,51358113|30165|174,Q61194,18704,35256802.0,10.1038/s41594-022-00730-w,PMC8930771,9577681.0,2022; 29(3):218-228,51358113
3.5,4JSX,structure of mTORDeltaN-mLST8-Torin2 complex,X-RAY DIFFRACTION,17G,,51358113,Q9BVC4|P42345|2GAQ_A,64223|2475,23636326.0,10.1038/nature12122,PMC4512754,16324226.0,"Yang H, Rudge DG, Koos JD, Vaidialingam B, Yang HJ, Pavletich NP. mTOR kinase structure, mechanism and regulation. Nature. 2013 May;497(7448):217–23. doi: 10.1038/nature12122.",51358113
0.0,7CX2,Cryo-EM structure of the PGE2-bound EP2-Gs complex,ELECTRON MICROSCOPY,P2E,,5280360,P59768|P84996|P63092|Q5JWF2|P43116|P62873,54331|2778|5732|2782,33811074.0,10.1126/sciadv.abf1268,PMC11057787,28475105.0,"Qu C, Mao C, Xiao P, Shen Q, Zhong Y, Yang F, Shen D, Tao X, Zhang H, Yan X, Zhao R, He J, Guan Y, Zhang C, Hou G, Zhang P, Hou G, Li Z, Yu X, Chai R, Guan Y, Sun J, Zhang Y. Ligand recognition, unconventional activation, and G protein coupling of the prostaglandin E <sub>2</sub> receptor EP2 subtype. Sci. Adv. 2021 Apr 02;7(14). doi: 10.1126/sciadv.abf1268.",5280360
1.9,3WFH,Crystal structure of anti-Prostaglandin E2 Fab fragment PGE2 complex,X-RAY DIFFRACTION,P2E,,5280360,,,,,,,,5280360
2.55,9M1H,Cryo-EM structure of PGE2-EP1-Gq complex,ELECTRON MICROSCOPY,P2E,,5280360,P59768|P84996|P63092|Q5JWF2|P62873|P50148|P34995|P63096|2G83_A|3QI2_A,54331|2778|2782|2776|5731|2770,,,,,,5280360
2.9,6AK3,Crystal structure of the human prostaglandin E receptor EP3 bound to prostaglandin E2,X-RAY DIFFRACTION,POV|P2E,,5280360|10908846,P43115|P0ABE7|4EA3_A,5733,30510192.0,10.1038/s41589-018-0171-8,,2598686.0,2018; 15(1):8-10,5280360
2.9,8SXB,Bovine multidrug resistance protein 4 (MRP4) bound to prostaglandin E2 in MSP lipid nanodisc,ELECTRON MICROSCOPY,P2E,,5280360,,,38216659.0,10.1038/s41594-023-01176-4,PMC11145372,36723148.0,2024; 31(4):621-632,5280360
3.1,8GCP,Cryo-EM Structure of the Prostaglandin E2 Receptor 4 Coupled to G Protein,ELECTRON MICROSCOPY,P2E,,5280360,P63096|2G83_A|3QI2_A|P62873|P35408,2770|2782|5734,37478163.0,10.1073/pnas.2216329120,PMC10372679,36015951.0,"Huang SM, Xiong MY, Liu L, Mu J, Wang MW, Jia YL, Cai K, Tie L, Zhang C, Cao S, Wen X, Wang JL, Guo SC, Li Y, Qu CX, He QT, Cai BY, Xue C, Gan S, Xie Y, Cong X, Yang Z, Kong W, Li S, Li Z, Xiao P, Yang F, Yu X, Guan YF, Zhang X, Liu Z, Yang BX, Du Y, Sun JP. Single hormone or synthetic agonist induces Gs/Gi coupling selectivity of EP receptors via distinct binding modes and propagating paths. Proc Natl Acad Sci U S A. 2023 Jul 25;120(30):e2216329120. PMID: 37478163; PMCID: PMC10372679.",5280360
3.1,8GDB,Cryo-EM Structure of the Prostaglandin E2 Receptor 4 Coupled to G Protein,ELECTRON MICROSCOPY,P2E,,5280360,P62873|P35408|P84996|P63092|Q5JWF2,2782|5734|2778,37478163.0,10.1073/pnas.2216329120,PMC10372679,36015951.0,"Huang SM, Xiong MY, Liu L, Mu J, Wang MW, Jia YL, Cai K, Tie L, Zhang C, Cao S, Wen X, Wang JL, Guo SC, Li Y, Qu CX, He QT, Cai BY, Xue C, Gan S, Xie Y, Cong X, Yang Z, Kong W, Li S, Li Z, Xiao P, Yang F, Yu X, Guan YF, Zhang X, Liu Z, Yang BX, Du Y, Sun JP. Single hormone or synthetic agonist induces Gs/Gi coupling selectivity of EP receptors via distinct binding modes and propagating paths. Proc Natl Acad Sci U S A. 2023 Jul 25;120(30):e2216329120. PMID: 37478163; PMCID: PMC10372679.",5280360
3.3,7D7M,Cryo-EM Structure of the Prostaglandin E Receptor EP4 Coupled to G Protein,ELECTRON MICROSCOPY,P2E,,5280360,P59768|P84996|P63092|Q5JWF2|P35408|P62873,54331|2778|5734|2782,33264604.0,10.1016/j.str.2020.11.007,,4018499.0,"Nojima S, Fujita Y, Kimura KT, Nomura N, Suno R, Morimoto K, Yamamoto M, Noda T, Iwata S, Shigematsu H, Kobayashi T. Cryo-EM Structure of the Prostaglandin E Receptor EP4 Coupled to G Protein. Structure. 2021 Mar 04;29(3):252–260.e6. doi: 10.1016/j.str.2020.11.007. PMID: 33264604.",5280360
3.4,8KGW,Molecular mechanism of prostaglandin transporter SLCO2A1,ELECTRON MICROSCOPY,P2E,,5280360,Q92959,6578,,,,,,5280360
3.5,8GDC,Cryo-EM Structure of the Prostaglandin E2 Receptor 3 Coupled to G Protein,ELECTRON MICROSCOPY,P2E,,5280360,P63096|2G83_A|3QI2_A|P62873|P43115,2770|2782|5733,37478163.0,10.1073/pnas.2216329120,PMC10372679,36015951.0,"Huang SM, Xiong MY, Liu L, Mu J, Wang MW, Jia YL, Cai K, Tie L, Zhang C, Cao S, Wen X, Wang JL, Guo SC, Li Y, Qu CX, He QT, Cai BY, Xue C, Gan S, Xie Y, Cong X, Yang Z, Kong W, Li S, Li Z, Xiao P, Yang F, Yu X, Guan YF, Zhang X, Liu Z, Yang BX, Du Y, Sun JP. Single hormone or synthetic agonist induces Gs/Gi coupling selectivity of EP receptors via distinct binding modes and propagating paths. Proc Natl Acad Sci U S A. 2023 Jul 25;120(30):e2216329120. PMID: 37478163; PMCID: PMC10372679.",5280360
4.0,8BWR,Cryo-EM structure of nanodisc-reconstituted wildtype human MRP4 (in complex with prostaglandin E2),ELECTRON MICROSCOPY,P2E,,5280360,O15439,10257,,,,,,5280360
1.8,3HKU,Human carbonic anhydrase II in complex with topiramate,X-RAY DIFFRACTION,TOR|ZN,,5284627|32051,1YDD_A|3KIG_A|1ZSB_A|1XPZ_A|2Q1Q_A|3R16_A|2POV_A|1A42_A|P00918|3DBU_A|1YDA_A|1H4N_A|3M1K_A|1YDB_A|1G45_A|2FOU_A|3RYV_B,760,19827837.0,10.1021/jm900914e,,30913668.0,"Lopez M, Paul B, Hofmann A, Morizzi J, Wu QK, Charman SA, Innocenti A, Vullo D, Supuran CT, Poulsen SA. S-glycosyl primary sulfonamides--a new structural class for selective inhibition of cancer-associated carbonic anhydrases. J Med Chem. 2009 Oct 22;52(20):6421–32. doi: 10.1021/jm900914e. PMID: 19827837.",5284627
1.9,3LXE,Human Carbonic Anhydrase I in complex with topiramate,X-RAY DIFFRACTION,TOR|ZN,,5284627|32051,P00915|2IT4_A|2FOY_A,759,20505865.0,10.1039/b926832d,,3810337.0,"Alterio V, Monti SM, Truppo E, Pedone C, Supuran CT, De Simone G. The first example of a significant active site conformational rearrangement in a carbonic anhydrase-inhibitor adduct: the carbonic anhydrase I-topiramate complex. Org Biomol Chem. 2010 Aug 07;8(15):3528–33. doi: 10.1039/b926832d. PMID: 20505865.",5284627
2.0,5JNA,Crystal structure for the complex of human carbonic anhydrase IV and topiramate,X-RAY DIFFRACTION,SO4|GOL|TOR|ACT|ZN,,5284627|32051|753|175|1117,3F7B_A|P22748,762,28975383.0,10.1007/s00249-017-1256-0,PMC6276378,2574434.0,2017; 47(3):271-290,5284627
3.0,7YG5,Structure of human R-type voltage-gated CaV2.3-alpha2/delta1-beta1 channel complex in the topiramate-bound state,ELECTRON MICROSCOPY,TOR|NAG|CA|R16|3PE|Y01,,271|11006|5284627|65082|447078|24139,Q15878|Q02641|P54289,777|782|781,,,,,,5284627
2.5,8BI5,Crystal structure of human Choline Kinase A in complex with UNC0737,X-RAY DIFFRACTION,QQS|MG|PO4|EDO|CL,,174|312|888|1061|52953431,P35790|3G15_A,1119,,,,,,52953431
1.32,5EEI,Crystal structure of Danio rerio histone deacetylase 6 catalytic domain 2 in complex with SAHA,X-RAY DIFFRACTION,GOL|CL|ZN|MG|K|SHH|EDO,,5311|174|813|32051|888|312|753,,,27454933.0,10.1038/nchembio.2134,PMC4990478,14842289.0,10.1038/nchembio.2134,5311
1.50048,7JVU,Crystal structure of human histone deacetylase 8 (HDAC8) I45T mutation complexed with SAHA,X-RAY DIFFRACTION,SHH|ZN|EDO|K,,813|5311|32051|174,2V5X_A|3MZ3_A|Q9BY41|3MZ6_A|3SFF_A|3F07_A,55869,33316326.0,10.1016/j.jsb.2020.107681,PMC7981260,16997693.0,"Osko JD, Porter NJ, Decroos C, Lee MS, Watson PR, Raible SE, Krantz ID, Deardorff MA, Christianson DW. Structural analysis of histone deacetylase 8 mutants associated with Cornelia de Lange Syndrome spectrum disorders. Journal of Structural Biology. 2021 Mar;213(1):107681. doi: 10.1016/j.jsb.2020.107681.",5311
1.57,1ZZ1,Crystal structure of a HDAC-like protein with SAHA bound,X-RAY DIFFRACTION,SHH|ZN|K,,813|5311|32051,Q70I53|2VCG_A|1ZZ1_A,,16242151.0,10.1016/j.jmb.2005.09.065,,26790632.0,"Nielsen TK, Hildmann C, Dickmanns A, Schwienhorst A, Ficner R. Crystal structure of a bacterial class 2 histone deacetylase homologue. J Mol Biol. 2005 Nov 18;354(1):107–20. doi: 10.1016/j.jmb.2005.09.065. PMID: 16242151.",5311
1.66,4R7L,Structure of Human Leukotriene A4 Hydrolase in complex with inhibitor H1,X-RAY DIFFRACTION,GOL|YB|IMD|ACT|ZN|SHH,,5311|444234|32051|105055|753|175,3B7R_L|3CHO_A|P09960|2R59_A,4048,,,,,,5311
1.75,9GKX,Crystal Structure of Rhizorhabdus wittichii Dimethoate hydrolase (DmhA) in complex with SAHA,X-RAY DIFFRACTION,K|ZN|OCA|SHH,,813|5311|32051|379,,,39489725.0,10.1038/s41467-024-53903-0,PMC11532494,37947692.0,"Graf LG, Moreno-Yruela C, Qin C, Schulze S, Palm GJ, Schmöker O, Wang N, Hocking DM, Jebeli L, Girbardt B, Berndt L, Dörre B, Weis DM, Janetzky M, Albrecht D, Zühlke D, Sievers S, Strugnell RA, Olsen CA, Hofmann K, Lammers M. Distribution and diversity of classical deacylases in bacteria. Nat Commun. 2024 Nov 03;15(1). doi: 10.1038/s41467-024-53903-0.",5311
1.85,4LXZ,Structure of Human HDAC2 in complex with SAHA (vorinostat),X-RAY DIFFRACTION,NHE|NA|PG4|CA|ZN|SHH,,271|5311|8200|32051|923|66898,Q92769|3MAX_A,3066,23897821.0,10.1074/jbc.m113.490706,PMC3772242,16792099.0,"Lauffer BEL, Mintzer R, Fong R, Mukund S, Tam C, Zilberleyb I, Flicke B, Ritscher A, Fedorowicz G, Vallero R, Ortwine DF, Gunzner J, Modrusan Z, Neumann L, Koth CM, Lupardus PJ, Kaminker JS, Heise CE, Steiner P. Histone Deacetylase (HDAC) Inhibitor Kinetic Rate Constants Correlate with Cellular Histone Acetylation but Not Transcription and Cell Viability. Journal of Biological Chemistry. 2013 Sep;288(37):26926–43. doi: 10.1074/jbc.m113.490706.",5311
1.88,7ZZS,HDAC2 complexed with an inhibitory ligand,X-RAY DIFFRACTION,KZF|PEG|NA|PG4|CA|ZN|KK0|SHH|EDO,,271|5311|174|8200|32051|923|66898|8117|71662117,Q92769|3MAX_A,3066,36262388.0,10.1021/acsmedchemlett.2c00272,PMC9575179,34895327.0,"Tamanini E, Miyamura S, Buck IM, Cons BD, Dawson L, East C, Futamura T, Goto S, Griffiths-Jones C, Hashimoto T, Heightman TD, Ishikawa S, Ito H, Kaneko Y, Kawato T, Kondo K, Kurihara N, McCarthy JM, Mori Y, Nagase T, Nakaishi Y, Reeks J, Sato A, Schöpf P, Tai K, Tamai T, Tisi D, Woolford AJ-. Fragment-Based Discovery of a Novel, Brain Penetrant, Orally Active HDAC2 Inhibitor. ACS Med. Chem. Lett. 2022 Sep 06;13(10):1591–7. doi: 10.1021/acsmedchemlett.2c00272.",5311
1.9,9GKV,Crystal Structure of Deacetylase (HdaH) from Vibrio cholerae in complex with SAHA,X-RAY DIFFRACTION,K|ACT|ZN|SHH,,175|813|5311|32051,,,39489725.0,10.1038/s41467-024-53903-0,PMC11532494,37947692.0,"Graf LG, Moreno-Yruela C, Qin C, Schulze S, Palm GJ, Schmöker O, Wang N, Hocking DM, Jebeli L, Girbardt B, Berndt L, Dörre B, Weis DM, Janetzky M, Albrecht D, Zühlke D, Sievers S, Strugnell RA, Olsen CA, Hofmann K, Lammers M. Distribution and diversity of classical deacylases in bacteria. Nat Commun. 2024 Nov 03;15(1). doi: 10.1038/s41467-024-53903-0.",5311
1.95,9GN6,Crystal Structure of Deacetylase (HdaH) from Klebsiella pneumoniae subsp. ozaenae in complex with the inhibitor SAHA,X-RAY DIFFRACTION,K|ZN|SHH,,813|5311|32051,,,39489725.0,10.1038/s41467-024-53903-0,PMC11532494,37947692.0,"Graf LG, Moreno-Yruela C, Qin C, Schulze S, Palm GJ, Schmöker O, Wang N, Hocking DM, Jebeli L, Girbardt B, Berndt L, Dörre B, Weis DM, Janetzky M, Albrecht D, Zühlke D, Sievers S, Strugnell RA, Olsen CA, Hofmann K, Lammers M. Distribution and diversity of classical deacylases in bacteria. Nat Commun. 2024 Nov 03;15(1). doi: 10.1038/s41467-024-53903-0.",5311
2.0,4BZ6,Crystal structure of Schistosoma mansoni HDAC8 complexed with SAHA,X-RAY DIFFRACTION,GOL|DMF|ZN|K|SHH,,5311|813|32051|753|6228,,,24086136.0,10.1371/journal.ppat.1003645,PMC3784479,2479186.0,"Marek M, Kannan S, Hauser A, Moraes Mourão M, Caby S, Cura V, Stolfa DA, Schmidtkunz K, Lancelot J, Andrade L, Renaud J, Oliveira G, Sippl W, Jung M, Cavarelli J, Pierce RJ, Romier C. Structural Basis for the Inhibition of Histone Deacetylase 8 (HDAC8), a Key Epigenetic Player in the Blood Fluke Schistosoma mansoni. PLoS Pathog. 2013 Sep 26;9(9):e1003645. doi: 10.1371/journal.ppat.1003645.",5311
2.1,3C0Z,Crystal structure of catalytic domain of human histone deacetylase HDAC7 in complex with SAHA,X-RAY DIFFRACTION,SHH|ZN|K,,813|5311|32051,3C0Z_A|Q8WUI4,51564,18285338.0,10.1074/jbc.m707362200,PMC2431080,33576594.0,"Schuetz A, Min J, Allali-Hassani A, Schapira M, Shuen M, Loppnau P, Mazitschek R, Kwiatkowski NP, Lewis TA, Maglathin RL, McLean TH, Bochkarev A, Plotnikov AN, Vedadi M, Arrowsmith CH. Human HDAC7 Harbors a Class IIa Histone Deacetylase-specific Zinc Binding Motif and Cryptic Deacetylase Activity. Journal of Biological Chemistry. 2008 Apr;283(17):11355–63. doi: 10.1074/jbc.m707362200.",5311
2.1,7SGG,Crystal Structure of Danio rerio Histone Deacetylase 10 in Complex with SAHA,X-RAY DIFFRACTION,PEG|PO4|NA|ZN|K|SHH,,5311|813|32051|923|1061|8117,F1QCV2,327253,36200994.0,10.1021/jacs.2c05030,PMC9588710,34508507.0,"Steimbach RR, Herbst-Gervasoni CJ, Lechner S, Stewart TM, Klinke G, Ridinger J, Géraldy MNE, Tihanyi G, Foley JR, Uhrig U, Kuster B, Poschet G, Casero RA, Médard G, Oehme I, Christianson DW, Gunkel N, Miller AK. Aza-SAHA Derivatives Are Selective Histone Deacetylase 10 Chemical Probes That Inhibit Polyamine Deacetylation and Phenocopy HDAC10 Knockout. J Am Chem Soc. 2022 Oct 19;144(41):18861–75. PMID: 36200994; PMCID: PMC9588710.",5311
2.242,4QA0,Crystal structure of C153F HDAC8 in complex with SAHA,X-RAY DIFFRACTION,SHH|GOL|ZN|K,,813|5311|32051|753,2V5X_A|3MZ3_A|Q9BY41|3MZ6_A|3SFF_A|3F07_A,55869,25075551.0,10.1021/cb5003762,PMC4168803,12775902.0,"Decroos C, Bowman CM, Moser JA, Christianson KE, Deardorff MA, Christianson DW. Compromised structure and function of HDAC8 mutants identified in Cornelia de Lange Syndrome spectrum disorders. ACS Chem Biol. 2014 Sep 19;9(9):2157–64. PMID: 25075551; PMCID: PMC4168803.",5311
2.377,4QA2,Crystal structure of I243N HDAC8 in complex with SAHA,X-RAY DIFFRACTION,SHH|GOL|ZN|K,,813|5311|32051|753,2V5X_A|3MZ3_A|Q9BY41|3MZ6_A|3SFF_A|3F07_A,55869,25075551.0,10.1021/cb5003762,PMC4168803,12775902.0,"Decroos C, Bowman CM, Moser JA, Christianson KE, Deardorff MA, Christianson DW. Compromised structure and function of HDAC8 mutants identified in Cornelia de Lange Syndrome spectrum disorders. ACS Chem Biol. 2014 Sep 19;9(9):2157–64. PMID: 25075551; PMCID: PMC4168803.",5311
2.5,1C3S,CRYSTAL STRUCTURE OF AN HDAC HOMOLOG COMPLEXED WITH SAHA,X-RAY DIFFRACTION,SHH|ZN,,5311|32051,,,10490031.0,10.1038/43710,,21261583.0,"Finnin MS, Donigian JR, Cohen A, Richon VM, Rifkind RA, Marks PA, Breslow R, Pavletich NP. Structures of a histone deacetylase homologue bound to the TSA and SAHA inhibitors. Nature. 1999 Sep 09;401(6749):188–93. doi: 10.1038/43710. PMID: 10490031.",5311
2.8,8BPC,Cryo-EM structure of the human SIN3B histone deacetylase core complex with SAHA at 2.8 Angstrom,ELECTRON MICROSCOPY,ZN|SHH|CA,,271|5311|32051,Q96QT6|Q92769|3MAX_A|O75182,57649|3066|23309,37137925.0,10.1038/s41467-023-38276-0,PMC10156912,35794130.0,"Wan MSM, Muhammad R, Koliopoulos MG, Roumeliotis TI, Choudhary JS, Alfieri C. Mechanism of assembly, activation and lysine selection by the SIN3B histone deacetylase complex. Nat Commun. 2023 May 03;14(1):2556. PMID: 37137925; PMCID: PMC10156912.",5311
2.91,1T69,Crystal Structure of human HDAC8 complexed with SAHA,X-RAY DIFFRACTION,SHH|ZN,,5311|32051,2V5X_A|3MZ3_A|Q9BY41|3MZ6_A|3SFF_A|3F07_A,55869,15242608.0,10.1016/j.str.2004.04.012,,21349744.0,"Somoza JR, Skene RJ, Katz BA, Mol C, Ho JD, Jennings AJ, Luong C, Arvai A, Buggy JJ, Chi E, Tang J, Sang BC, Verner E, Wynands R, Leahy EM, Dougan DR, Snell G, Navre M, Knuth MW, Swanson RV, McRee DE, Tari LW. Structural snapshots of human HDAC8 provide insights into the class I histone deacetylases. Structure. 2004 Jul;12(7):1325–34. doi: 10.1016/j.str.2004.04.012. PMID: 15242608.",5311
1.93,5VC5,Crystal structure of human WEE1 kinase domain in complex with PD-166285,X-RAY DIFFRACTION,PEG|CL|EDO|96M,,312|174|8117|5311382,P30291|2IN6_A|3BI6_A,7465,28792760.0,10.1021/acs.jmedchem.7b00996,PMC6200136,16885751.0,"Zhu J, Cuellar RA, Berndt N, Lee HE, Olesen SH, Martin MP, Jensen JT, Georg GI, Schönbrunn E. Structural Basis of Wee Kinases Functionality and Inactivation by Diverse Small Molecule Inhibitors. J. Med. Chem. 2017 Sep 14;60(18):7863–75. doi: 10.1021/acs.jmedchem.7b00996.",5311382
2.7,5KCV,"Crystal structure of allosteric inhibitor, ARQ 092, in complex with autoinhibited form of AKT1",X-RAY DIFFRACTION,6S1,,53262401,P31749|2UVM_A|3OCB_A|3CQU_A|3O96_A|4EJN_A,207,27305487.0,10.1021/acs.jmedchem.6b00619,,2543122.0,"Lapierre JM, Eathiraj S, Vensel D, Liu Y, Bull CO, Cornell-Kennon S, Iimura S, Kelleher EW, Kizer DE, Koerner S, Makhija S, Matsuda A, Moussa M, Namdev N, Savage RE, Szwaya J, Volckova E, Westlund N, Wu H, Schwartz B. Discovery of 3-(3-(4-(1-Aminocyclobutyl)phenyl)-5-phenyl-3H-imidazo[4,5-b]pyridin-2-yl)pyridin-2-amine (ARQ 092): An Orally Bioavailable, Selective, and Potent Allosteric AKT Inhibitor. J Med Chem. 2016 Jul 14;59(13):6455–69. doi: 10.1021/acs.jmedchem.6b00619. PMID: 27305487.",53262401
1.6,8U06,Imine reductase RedE bound with NADP+ and arcyriaflavin A (primary site),X-RAY DIFFRACTION,NAP|TRS|A7F|EDO|CL|IOD,,3777159|174|5885|312|30165|5327723,,,,,,,,5327723
1.63,8U07,Imine reductase RedE bound with NADP+ and arcyriaflavin A (secondary site),X-RAY DIFFRACTION,NAP|TRS|A7F|EDO|CL|NA|IOD,,3777159|174|5885|312|923|30165|5327723,,,,,,,,5327723
1.427,5I9X,Crystal Structure of Ephrin A2 (EphA2) Receptor Protein Kinase with bosutinib (SKI-606),X-RAY DIFFRACTION,DB8|EDO,,5328940|174,P29317,1969,27768280.0,10.1021/acschembio.6b00709,,31708588.0,"Heinzlmeir S, Kudlinzki D, Sreeramulu S, Klaeger S, Gande SL, Linhard V, Wilhelm M, Qiao H, Helm D, Ruprecht B, Saxena K, Médard G, Schwalbe H, Kuster B. Chemical Proteomics and Structural Biology Define EPHA2 Inhibition by Clinical Kinase Drugs. ACS Chem Biol. 2016 Dec 16;11(12):3400–11. doi: 10.1021/acschembio.6b00709. PMID: 27768280.",5328940
1.56,5VCY,CRYSTAL STRUCTURE OF HUMAN MYT1 KINASE DOMAIN IN COMPLEX WITH BOSUTINIB,X-RAY DIFFRACTION,DMS|DB8|EDO|PEG,,679|8117|5328940|174,Q99640,9088,28792760.0,10.1021/acs.jmedchem.7b00996,PMC6200136,16885751.0,"Zhu J, Cuellar RA, Berndt N, Lee HE, Olesen SH, Martin MP, Jensen JT, Georg GI, Schönbrunn E. Structural Basis of Wee Kinases Functionality and Inactivation by Diverse Small Molecule Inhibitors. J. Med. Chem. 2017 Sep 14;60(18):7863–75. doi: 10.1021/acs.jmedchem.7b00996.",5328940
1.7,6FDY,Unc-51-Like Kinase 3 (ULK3) In Complex With Bosutinib,X-RAY DIFFRACTION,DB8,,5328940,Q6PHR2,25989,,,,,,5328940
1.97,5VC3,CRYSTAL STRUCTURE OF HUMAN WEE1 KINASE DOMAIN IN COMPLEX WITH BOSUTINIB,X-RAY DIFFRACTION,CL|DB8|EDO,,174|5328940|312,P30291|2IN6_A|3BI6_A,7465,28792760.0,10.1021/acs.jmedchem.7b00996,PMC6200136,16885751.0,"Zhu J, Cuellar RA, Berndt N, Lee HE, Olesen SH, Martin MP, Jensen JT, Georg GI, Schönbrunn E. Structural Basis of Wee Kinases Functionality and Inactivation by Diverse Small Molecule Inhibitors. J. Med. Chem. 2017 Sep 14;60(18):7863–75. doi: 10.1021/acs.jmedchem.7b00996.",5328940
2.091,4QMN,MST3 in complex with BOSUTINIB,X-RAY DIFFRACTION,DB8,,5328940,Q9Y6E0,8428,27135311.0,10.1002/cmdc.201600115,PMC7771544,521367.0,"Olesen SH, Zhu JY, Martin MP, Schönbrunn E. Discovery of Diverse Small-Molecule Inhibitors of Mammalian Sterile20-like Kinase 3 (MST3). ChemMedChem. 2016 Jun 06;11(11):1137–44. PMID: 27135311; PMCID: PMC7771544.",5328940
2.105,4MXO,human Src kinase bound to kinase inhibitor bosutinib,X-RAY DIFFRACTION,DB8,,5328940,2BDF_A|1O4F_A|P12931|1A07_B|1O41_A|2H8H_A|1Y57_A,6714,24292070.0,10.1038/nchembio.1404,PMC3947016,11380275.0,"Levinson NM, Boxer SG. A conserved water-mediated hydrogen bond network defines bosutinib's kinase selectivity. Nature Chemical Biology. 2013 Dec 01;10(2):127–32. doi: 10.1038/nchembio.1404.",5328940
2.2,5AJQ,Human LOK (STK10) in complex with Bosutinib,X-RAY DIFFRACTION,CL|DB8|EDO,,174|5328940|312,O94804,6793,,,,,,5328940
2.424,3UE4,Structural and spectroscopic analysis of the kinase inhibitor bosutinib binding to the Abl tyrosine kinase domain,X-RAY DIFFRACTION,DB8,,5328940,3QRJ_A|2HZI_A|2HZ0_A|2F4J_A|2E2B_A|P00519|2HIW_A|2HYY_A|3QRI_A|3PYY_A|2V7A_A,25,22493660.0,10.1371/journal.pone.0029828,PMC3320885,12253761.0,"Levinson NM, Boxer SG. Structural and Spectroscopic Analysis of the Kinase Inhibitor Bosutinib and an Isomer of Bosutinib Binding to the Abl Tyrosine Kinase Domain. PLoS ONE. 2012 Apr 06;7(4):e29828. doi: 10.1371/journal.pone.0029828.",5328940
2.501,6OP9,HER3 pseudokinase domain bound to bosutinib,X-RAY DIFFRACTION,DB8,,5328940,P21860,2065,35108525.0,10.1016/j.celrep.2021.110291,PMC8889928,27823120.0,"Campbell MR, Ruiz-Saenz A, Peterson E, Agnew C, Ayaz P, Garfinkle S, Littlefield P, Steri V, Oeffinger J, Sampang M, Shan Y, Shaw DE, Jura N, Moasser MM. Targetable HER3 functions driving tumorigenic signaling in HER2-amplified cancers. Cell Reports. 2022 Feb;38(5):110291. doi: 10.1016/j.celrep.2021.110291.",5328940
2.582,4MXY,Src M314L T338M double mutant bound to kinase inhibitor bosutinib,X-RAY DIFFRACTION,DB8,,5328940,2BDF_A|1O4F_A|P12931|1A07_B|1O41_A|2H8H_A|1Y57_A,6714,24292070.0,10.1038/nchembio.1404,PMC3947016,11380275.0,"Levinson NM, Boxer SG. A conserved water-mediated hydrogen bond network defines bosutinib's kinase selectivity. Nature Chemical Biology. 2013 Dec 01;10(2):127–32. doi: 10.1038/nchembio.1404.",5328940
2.582,4MXZ,Src M314L T338M double mutant bound to kinase inhibitor bosutinib,X-RAY DIFFRACTION,DB8,,5328940,2BDF_A|1O4F_A|P12931|1A07_B|1O41_A|2H8H_A|1Y57_A,6714,24292070.0,10.1038/nchembio.1404,PMC3947016,11380275.0,"Levinson NM, Boxer SG. A conserved water-mediated hydrogen bond network defines bosutinib's kinase selectivity. Nature Chemical Biology. 2013 Dec 01;10(2):127–32. doi: 10.1038/nchembio.1404.",5328940
2.6,4MXX,Human Src A403T mutant bound to kinase inhibitor bosutinib,X-RAY DIFFRACTION,DB8,,5328940,2BDF_A|1O4F_A|P12931|1A07_B|1O41_A|2H8H_A|1Y57_A,6714,24292070.0,10.1038/nchembio.1404,PMC3947016,11380275.0,"Levinson NM, Boxer SG. A conserved water-mediated hydrogen bond network defines bosutinib's kinase selectivity. Nature Chemical Biology. 2013 Dec 01;10(2):127–32. doi: 10.1038/nchembio.1404.",5328940
2.838,8R4Q,Salt inducible kinase 3 in complex with inhibitor,X-RAY DIFFRACTION,SO4|DB8,,5328940|1117,Q9Y2K2,23387,38508313.0,10.1016/j.jbc.2024.107201,PMC11061224,36960666.0,"Öster L, Castaldo M, de Vries E, Edfeldt F, Pemberton N, Gordon E, Cederblad L, Käck H. The structures of salt-inducible kinase 3 in complex with inhibitors reveal determinants for binding and selectivity. Journal of Biological Chemistry. 2024 May;300(5):107201. doi: 10.1016/j.jbc.2024.107201.",5328940
3.5501,3SOA,Full-length human CaMKII,X-RAY DIFFRACTION,DB8,,5328940,Q9UQM7,815,21884935.0,10.1016/j.cell.2011.07.038,PMC3184253,7285371.0,"Chao L, Stratton M, Lee I, Rosenberg O, Levitz J, Mandell D, Kortemme T, Groves J, Schulman H, Kuriyan J. A Mechanism for Tunable Autoinhibition in the Structure of a Human Ca2+/Calmodulin- Dependent Kinase II Holoenzyme. Cell. 2011 Sep;146(5):732–45. doi: 10.1016/j.cell.2011.07.038.",5328940
1.5,6V0X,Crystal structure of the bromodomain of human BRD9 bound to sunitinib,X-RAY DIFFRACTION,B49,,5329102,Q9H8M2,65980,32091206.0,10.1021/acs.jmedchem.9b01980,PMC7771325,25775016.0,"Karim RM, Chan A, Zhu J, Schönbrunn E. Structural Basis of Inhibitor Selectivity in the BRD7/9 Subfamily of Bromodomains. J. Med. Chem. 2020 Feb 24;63(6):3227–37. doi: 10.1021/acs.jmedchem.9b01980.",5329102
1.6,3G0E,KIT kinase domain in complex with sunitinib,X-RAY DIFFRACTION,B49,,5329102,P10721|3G0E_A|3G0F_A,3815,19164557.0,10.1073/pnas.0812413106,PMC2635778,16016459.0,"Gajiwala KS, Wu JC, Christensen J, Deshmukh GD, Diehl W, DiNitto JP, English JM, Greig MJ, He YA, Jacques SL, Lunney EA, McTigue M, Molina D, Quenzer T, Wells PA, Yu X, Zhang Y, Zou A, Emmett MR, Marshall AG, Zhang HM, Demetri GD. KIT kinase mutants show unique mechanisms of drug resistance to imatinib and sunitinib in gastrointestinal stromal tumor patients. Proc Natl Acad Sci U S A. 2009 Feb 03;106(5):1542–7. PMID: 19164557; PMCID: PMC2635778.",5329102
1.67,3MIY,X-ray crystal structure of ITK complexed with sunitinib,X-RAY DIFFRACTION,B49,,5329102,Q08881|1SM2_A|3QGW_A|4HCT_A|3MIY_A|3V5J_A|3T9T_A,3702,20545945.0,10.1111/j.1747-0285.2010.00993.x,,20778778.0,"Kutach AK, Villaseñor AG, Lam D, Belunis C, Janson C, Lok S, Hong LN, Liu CM, Deval J, Novak TJ, Barnett JW, Chu W, Shaw D, Kuglstatter A. Crystal structures of IL-2-inducible T cell kinase complexed with inhibitors: insights into rational drug design and activity regulation. Chem Biol Drug Des. 2010 Aug;76(2):154–63. doi: 10.1111/j.1747-0285.2010.00993.x. PMID: 20545945.",5329102
1.88,4QMZ,MST3 IN COMPLEX WITH SUNITINIB,X-RAY DIFFRACTION,CL|B49,,5329102|312,Q9Y6E0,8428,27135311.0,10.1002/cmdc.201600115,PMC7771544,521367.0,"Olesen SH, Zhu JY, Martin MP, Schönbrunn E. Discovery of Diverse Small-Molecule Inhibitors of Mammalian Sterile20-like Kinase 3 (MST3). ChemMedChem. 2016 Jun 06;11(11):1137–44. PMID: 27135311; PMCID: PMC7771544.",5329102
1.95,4KS8,PAK6 kinase domain in complex with sunitinib,X-RAY DIFFRACTION,B49,,5329102,Q9NQU5,106821730|56924,24204982.0,10.1371/journal.pone.0077818,PMC3810134,18816721.0,"Gao J, Ha BH, Lou HJ, Morse EM, Zhang R, Calderwood DA, Turk BE, Boggon TJ. Substrate and Inhibitor Specificity of the Type II p21-Activated Kinase, PAK6. PLoS ONE. 2013 Oct 28;8(10):e77818. doi: 10.1371/journal.pone.0077818.",5329102
1.99,3TI1,CDK2 in complex with SUNITINIB,X-RAY DIFFRACTION,EDO|B49,,5329102|174,1B38_A|1OIR_A|P24941|4ERW_A|2UZB_A|2IW8_A|3EZR_A|2R3I_A|3PXF_A|1OGU_A|2IW6_A|1OIT_A|3MY5_A|1E9H_A|1H01_A|1PF8_A|2DS1_A|1H1P_A|4I3Z_A|1P5E_A|1VYW_A,1017,22893598.0,10.1002/cbic.201200316,PMC3483082,10681282.0,"Martin MP, Alam R, Betzi S, Ingles DJ, Zhu JY, Schönbrunn E. A novel approach to the discovery of small-molecule ligands of CDK2. Chembiochem. 2012 Sep 24;13(14):2128–36. PMID: 22893598; PMCID: PMC3483082.",5329102
2.05,6NG0,"Crystal structure of HPK1 kinase domain T165E,S171E phosphomimetic mutant in complex with sunitinib in the inactive state.",X-RAY DIFFRACTION,B49,,5329102,Q92918,11184,31018963.0,10.1074/jbc.ac119.007466,PMC6556572,33127730.0,"Johnson E, McTigue M, Gallego RA, Johnson TW, Timofeevski S, Maestre M, Fisher TS, Kania R, Sawasdikosol S, Burakoff S, Cronin CN. Multiple conformational states of the HPK1 kinase domain in complex with sunitinib reveal the structural changes accompanying HPK1 trans-regulation. Journal of Biological Chemistry. 2019 Jun;294(23):9029–36. doi: 10.1074/jbc.ac119.007466.",5329102
2.17,6NFY,"Crystal structure of nonphosphorylated, HPK1 kinase domain in complex with sunitinib in the inactive state.",X-RAY DIFFRACTION,B49,,5329102,Q92918,11184,31018963.0,10.1074/jbc.ac119.007466,PMC6556572,33127730.0,"Johnson E, McTigue M, Gallego RA, Johnson TW, Timofeevski S, Maestre M, Fisher TS, Kania R, Sawasdikosol S, Burakoff S, Cronin CN. Multiple conformational states of the HPK1 kinase domain in complex with sunitinib reveal the structural changes accompanying HPK1 trans-regulation. Journal of Biological Chemistry. 2019 Jun;294(23):9029–36. doi: 10.1074/jbc.ac119.007466.",5329102
2.46,6M11,Crystal structure of Rnase L in complex with Sunitinib,X-RAY DIFFRACTION,PO4|25A|B49,,1061|5329102|449135,,,32830849.0,10.1042/bcj20200260,,8869763.0,"Tang J, Wang Y, Zhou H, Ye Y, Talukdar M, Fu Z, Liu Z, Li J, Neculai D, Gao J, Huang H. Sunitinib inhibits RNase L by destabilizing its active dimer conformation. Biochem J. 2020 Sep 18;477(17):3387–99. doi: 10.1042/bcj20200260. PMID: 32830849.",5329102
2.5,2Y7J,"Structure of human phosphorylase kinase, gamma 2",X-RAY DIFFRACTION,B49,,5329102,P15735,5261,,,,,,5329102
2.6,3G0F,KIT kinase domain mutant D816H in complex with sunitinib,X-RAY DIFFRACTION,SO4|B49,,5329102|1117,P10721|3G0E_A|3G0F_A,3815,19164557.0,10.1073/pnas.0812413106,PMC2635778,16016459.0,"Gajiwala KS, Wu JC, Christensen J, Deshmukh GD, Diehl W, DiNitto JP, English JM, Greig MJ, He YA, Jacques SL, Lunney EA, McTigue M, Molina D, Quenzer T, Wells PA, Yu X, Zhang Y, Zou A, Emmett MR, Marshall AG, Zhang HM, Demetri GD. KIT kinase mutants show unique mechanisms of drug resistance to imatinib and sunitinib in gastrointestinal stromal tumor patients. Proc Natl Acad Sci U S A. 2009 Feb 03;106(5):1542–7. PMID: 19164557; PMCID: PMC2635778.",5329102
2.81,4AGD,"CRYSTAL STRUCTURE OF VEGFR2 (JUXTAMEMBRANE AND KINASE DOMAINS) IN COMPLEX WITH SUNITINIB (SU11248) (N-2-diethylaminoethyl)-5-((Z)-(5- fluoro-2-oxo-1H-indol-3-ylidene)methyl)-2,4-dimethyl-1H-pyrrole-3- carboxamide)",X-RAY DIFFRACTION,B49,,5329102,P35968|2P2H_A|3C7Q_A|3VHE_A|2P2I_A|1Y6A_A|3U6J_A|4AG8_A|3CJF_A|4AGC_A|3VHK_A|3EWH_A|3VID_A|3VNT_A|2OH4_A,3791,22988103.0,10.1073/pnas.1207759109,PMC3494931,32959442.0,"McTigue M, Murray BW, Chen JH, Deng YL, Solowiej J, Kania RS. Molecular conformations, interactions, and properties associated with drug efficiency and clinical performance among VEGFR TK inhibitors. Proc Natl Acad Sci U S A. 2012 Nov 06;109(45):18281–9. PMID: 22988103; PMCID: PMC3494931.",5329102
2.966,6NFZ,Crystal structure of diphosphorylated HPK1 kinase domain in complex with sunitinib in the active state.,X-RAY DIFFRACTION,B49,,5329102,Q92918,11184,31018963.0,10.1074/jbc.ac119.007466,PMC6556572,33127730.0,"Johnson E, McTigue M, Gallego RA, Johnson TW, Timofeevski S, Maestre M, Fisher TS, Kania R, Sawasdikosol S, Burakoff S, Cronin CN. Multiple conformational states of the HPK1 kinase domain in complex with sunitinib reveal the structural changes accompanying HPK1 trans-regulation. Journal of Biological Chemistry. 2019 Jun;294(23):9029–36. doi: 10.1074/jbc.ac119.007466.",5329102
3.8,6JOK,Crystal structure of PDGFRA in complex with sunitinib by soaking,X-RAY DIFFRACTION,CL|B49,,5329102|312,P16234,5156,,,,,,5329102
2.33,4RZM,Crystal structure of the Lsd19-lasalocid A complex,X-RAY DIFFRACTION,GOL|CL|NA|LSD|FMT,,5360807|312|753|284|923,B6ZK72,,25535803.0,10.1021/ja511374k,,484353.0,"Wong FT, Hotta K, Chen X, Fang M, Watanabe K, Kim CY. Epoxide hydrolase-lasalocid a structure provides mechanistic insight into polyether natural product biosynthesis. J Am Chem Soc. 2015 Jan 14;137(1):86–9. doi: 10.1021/ja511374k. PMID: 25535803.",5360807
1.09,1JK3,Crystal structure of human MMP-12 (Macrophage Elastase) at true atomic resolution,X-RAY DIFFRACTION,CA|BAT|ZN,,271|32051|5362422,P39900|1RMZ_A|2WO8_A|2W0D_A|1ROS_A|1JIZ_A|3EHX_A|1UTT_A|2K2G_A,4321,11575928.0,10.1006/jmbi.2001.4954,,29387222.0,"Lang R, Kocourek A, Braun M, Tschesche H, Huber R, Bode W, Maskos K. Substrate specificity determinants of human macrophage elastase (MMP-12) based on the 1.1 Å crystal structure 1 1Edited by I. Wilson. Journal of Molecular Biology. 2001 Sep;312(4):731–42. doi: 10.1006/jmbi.2001.4954.",5362422
1.8,1RM8,Crystal structure of the catalytic domain of MMP-16/MT3-MMP: Characterization of MT-MMP specific features,X-RAY DIFFRACTION,CA|BAT|ZN,,271|32051|5362422,P51512|1RM8_A,4325,14741217.0,10.1016/j.jmb.2003.12.022,,17967788.0,"Lang R, Braun M, Sounni NE, Noel A, Frankenne F, Foidart JM, Bode W, Maskos K. Crystal structure of the catalytic domain of MMP-16/MT3-MMP: characterization of MT-MMP specific features. J Mol Biol. 2004 Feb 06;336(1):213–25. doi: 10.1016/j.jmb.2003.12.022. PMID: 14741217.",5362422
2.0,1DTH,METALLOPROTEASE,X-RAY DIFFRACTION,CA|BAT|ZN,,271|32051|5362422,P15167|1ATL_B|1DTH_A,,8610113.0,10.1073/pnas.93.7.2749,PMC39703,26006188.0,"Botos I, Scapozza L, Zhang D, Liotta LA, Meyer EF. Batimastat, a potent matrix mealloproteinase inhibitor, exhibits an unexpected mode of binding. Proc. Natl. Acad. Sci. U.S.A. 1996 Apr 02;93(7):2749–54. doi: 10.1073/pnas.93.7.2749.",5362422
2.0,2J83,Ulilysin metalloprotease in complex with batimastat.,X-RAY DIFFRACTION,CA|BAT|GOL|ZN,,753|271|32051|5362422,Q8TL28|2J83_A,1475107,17097044.0,10.1016/j.abb.2006.10.004,,23429366.0,"García-Castellanos R, CynthiaTallant, Marrero A, Solà M, Baumann U, Gomis-Rüth FX. Substrate specificity of a metalloprotease of the pappalysin family revealed by an inhibitor and a product complex. Archives of Biochemistry and Biophysics. 2007 Jan;457(1):57–72. doi: 10.1016/j.abb.2006.10.004.",5362422
2.1,4DD8,ADAM-8 metalloproteinase domain with bound batimastat,X-RAY DIFFRACTION,CL|NA|CA|BAT|ZN|K,,271|813|32051|312|5362422|923,P78325,101,22684055.0,10.1107/s1744309112015618,PMC3370895,28261180.0,"Hall T, Shieh H, Day JE, Caspers N, Chrencik JE, Williams JM, Pegg LE, Pauley AM, Moon AF, Krahn JM, Fischer DH, Kiefer JR, Tomasselli AG, Zack MD. Structure of human ADAM-8 catalytic domain complexed with batimastat. Acta Crystallogr F Struct Biol Cryst Commun. 2012 May 22;68(6):616–21. doi: 10.1107/s1744309112015618.",5362422
2.1,1MMB,COMPLEX OF BB94 WITH THE CATALYTIC DOMAIN OF MATRIX METALLOPROTEINASE-8,X-RAY DIFFRACTION,CA|BAT|ZN,,271|32051|5362422,P22894|1BZS_A|1JAO_A|1A85_A,4317,7577999.0,10.1021/bi00043a007,,11751708.0,"Grams F, Crimmin M, Hinnes L, Huxley P, Pieper M, Tschesche H, Bode W. Structure determination and analysis of human neutrophil collagenase complexed with a hydroxamate inhibitor. Biochemistry. 1995 Oct 31;34(43):14012–20. doi: 10.1021/bi00043a007. PMID: 7577999.",5362422
2.6,2RJQ,Crystal structure of ADAMTS5 with inhibitor bound,X-RAY DIFFRACTION,CA|BAT|ZN|CL,G73541PI,271|32051|312|5362422,Q9UNA0|3B8Z_A|3HY7_A|3LJT_A,11096,18042673.0,10.1110/ps.073287008,PMC2144589,31533310.0,"Mosyak L, Georgiadis K, Shane T, Svenson K, Hebert T, McDonagh T, Mackie S, Olland S, Lin L, Zhong X, Kriz R, Reifenberg EL, Collins-Racie LA, Corcoran C, Freeman B, Zollner R, Marvell T, Vera M, Sum PE, Lavallie ER, Stahl M, Somers W. Crystal structures of the two major aggrecan degrading enzymes, ADAMTS4 and ADAMTS5. Protein Sci. 2008 Jan;17(1):16–21. PMID: 18042673; PMCID: PMC2144589.",5362422
3.1,7W6Y,Crystal structure of Kangiella koreensis RseP orthologue in complex with batimastat in space group P1,X-RAY DIFFRACTION,BAT|ZN,,32051|5362422,,,36001659.0,10.1126/sciadv.abp9011,PMC9401612,35337450.0,"Imaizumi Y, Takanuki K, Miyake T, Takemoto M, Hirata K, Hirose M, Oi R, Kobayashi T, Miyoshi K, Aruga R, Yokoyama T, Katagiri S, Matsuura H, Iwasaki K, Kato T, Kaneko MK, Kato Y, Tajiri M, Akashi S, Nureki O, Hizukuri Y, Akiyama Y, Nogi T. Mechanistic insights into intramembrane proteolysis by E. coli site-2 protease homolog RseP. Sci Adv. 2022 Aug 26;8(34):eabp9011. PMID: 36001659; PMCID: PMC9401612.",5362422
3.15,7W6Z,Crystal structure of Kangiella koreensis RseP orthologue in complex with batimastat in space group P21,X-RAY DIFFRACTION,BAT|ZN,,32051|5362422,,,36001659.0,10.1126/sciadv.abp9011,PMC9401612,35337450.0,"Imaizumi Y, Takanuki K, Miyake T, Takemoto M, Hirata K, Hirose M, Oi R, Kobayashi T, Miyoshi K, Aruga R, Yokoyama T, Katagiri S, Matsuura H, Iwasaki K, Kato T, Kaneko MK, Kato Y, Tajiri M, Akashi S, Nureki O, Hizukuri Y, Akiyama Y, Nogi T. Mechanistic insights into intramembrane proteolysis by E. coli site-2 protease homolog RseP. Sci Adv. 2022 Aug 26;8(34):eabp9011. PMID: 36001659; PMCID: PMC9401612.",5362422
3.2,7W6X,Crystal structure of E. coli RseP in complex with batimastat,X-RAY DIFFRACTION,BAT|ZN,,32051|5362422,P0AEH2|P0AEH1,944871,36001659.0,10.1126/sciadv.abp9011,PMC9401612,35337450.0,"Imaizumi Y, Takanuki K, Miyake T, Takemoto M, Hirata K, Hirose M, Oi R, Kobayashi T, Miyoshi K, Aruga R, Yokoyama T, Katagiri S, Matsuura H, Iwasaki K, Kato T, Kaneko MK, Kato Y, Tajiri M, Akashi S, Nureki O, Hizukuri Y, Akiyama Y, Nogi T. Mechanistic insights into intramembrane proteolysis by E. coli site-2 protease homolog RseP. Sci Adv. 2022 Aug 26;8(34):eabp9011. PMID: 36001659; PMCID: PMC9401612.",5362422
3.3,8ESV,Structure of human ADAM10-Tspan15 complex bound to 11G2 vFab,ELECTRON MICROSCOPY,Y01|ZN|NAG|BAT|CA,,271|32051|5362422|65082|24139,O14672|O95858,102|23555,,,,,,5362422
2.31,7Q4A,Toxoplasma gondii PRP4K kinase domain (L715F) bound to altiratinib,X-RAY DIFFRACTION,SCN|A9I|GOL|PEG,,54576299|8117|9322|753,,,35921477.0,10.1126/scitranslmed.abn3231,,34606569.0,"Swale C, Bellini V, Bowler MW, Flore N, Brenier-Pinchart MP, Cannella D, Belmudes L, Mas C, Couté Y, Laurent F, Scherf A, Bougdour A, Hakimi MA. Altiratinib blocks Toxoplasma gondii and Plasmodium falciparum development by selectively targeting a spliceosome kinase. Sci Transl Med. 2022 Aug 03;14(656):eabn3231. doi: 10.1126/scitranslmed.abn3231. PMID: 35921477.",54576299
1.74,6AH9,Crystal structure of enoyl-ACP reductase from Acinetobacter baumannii in complex with NAD and Triclosan,X-RAY DIFFRACTION,TCL|NAD,,5892|5564,,,,,,,,5564
1.75,1QSG,CRYSTAL STRUCTURE OF ENOYL REDUCTASE INHIBITION BY TRICLOSAN,X-RAY DIFFRACTION,TCL|NAD|GLC,G71142DF|G61491DK,5564|79025|5892|185698|64689,P0AEK6|P0AEK4,945870|93775413,10398587.0,10.1006/jmbi.1999.2907,,9110905.0,"Stewart MJ, Parikh S, Xiao G, Tonge PJ, Kisker C. Structural basis and mechanism of enoyl reductase inhibition by triclosan. J Mol Biol. 1999 Jul 23;290(4):859–65. doi: 10.1006/jmbi.1999.2907. PMID: 10398587.",5564
1.799,4NR0,Crystal structure of the Pseudomonas aeruginosa Enoyl-Acyl Carrier Protein Reductase (FabI) in complex with NAD+ and triclosan,X-RAY DIFFRACTION,TCL|NAD,,5892|5564,Q9ZFE4,878311,,,,,,5564
1.8,3OID,Crystal Structure of Enoyl-ACP Reductases III (FabL) from B. subtilis (complex with NADP and TCL),X-RAY DIFFRACTION,TCL|NDP,,5564|5884,P71079,939223|86874682,21185310.0,10.1016/j.jmb.2010.12.003,,18096105.0,"Kim KH, Ha BH, Kim SJ, Hong SK, Hwang KY, Kim EE. Crystal structures of Enoyl-ACP reductases I (FabI) and III (FabL) from B. subtilis. J Mol Biol. 2011 Feb 25;406(3):403–15. doi: 10.1016/j.jmb.2010.12.003. PMID: 21185310.",5564
1.84,4W9N,Enoyl-acyl carrier protein-reductase domain from human fatty acid synthase complexed with triclosan,X-RAY DIFFRACTION,IMD|TCL|CL|NA,,923|312|5564|444234,P49327|3TJM_A,2194,25301948.0,10.1074/jbc.m114.608547,PMC4246086,24282955.0,"Sippel KH, Vyas NK, Zhang W, Sankaran B, Quiocho FA. Crystal Structure of the Human Fatty Acid Synthase Enoyl-Acyl Carrier Protein-Reductase Domain Complexed with Triclosan Reveals Allosteric Protein-Protein Interface Inhibition. Journal of Biological Chemistry. 2014 Nov;289(48):33287–95. doi: 10.1074/jbc.m114.608547.",5564
1.9,1D7O,CRYSTAL STRUCTURE OF BRASSICA NAPUS ENOYL ACYL CARRIER PROTEIN REDUCTASE COMPLEXED WITH NAD AND TRICLOSAN,X-RAY DIFFRACTION,TCL|NAD,,5892|5564,P80030,,10610777.0,10.1006/jmbi.1999.3240,,11800738.0,"Roujeinikova A, Levy CW, Rowsell S, Sedelnikova S, Baker PJ, Minshull CA, Mistry A, Colls JG, Camble R, Stuitje AR, Slabas AR, Rafferty JB, Pauptit RA, Viner R, Rice DW. Crystallographic analysis of triclosan bound to enoyl reductase. J Mol Biol. 1999 Nov 26;294(2):527–35. doi: 10.1006/jmbi.1999.3240. PMID: 10610777.",5564
1.9,1QG6,CRYSTAL STRUCTURE OF E. COLI ENOYL ACYL CARRIER PROTEIN REDUCTASE IN COMPLEX WITH NAD AND TRICLOSAN,X-RAY DIFFRACTION,TCL|NAD,,5892|5564,P0AEK6|P0AEK4,945870|93775413,10493822.0,10.1021/bi9907779,,21265353.0,"Ward WH, Holdgate GA, Rowsell S, McLean EG, Pauptit RA, Clayton E, Nichols WW, Colls JG, Minshull CA, Jude DA, Mistry A, Timms D, Camble R, Hales NJ, Britton CJ, Taylor IW. Kinetic and structural characteristics of the inhibition of enoyl (acyl carrier protein) reductase by triclosan. Biochemistry. 1999 Sep 21;38(38):12514–25. doi: 10.1021/bi9907779. PMID: 10493822.",5564
1.9,2WYW,High resolution structure of Thermus thermophilus enoyl-acyl carrier protein reductase NAD and triclosan-form,X-RAY DIFFRACTION,TCL|NAD,,5892|5564,,,23027736.0,10.1107/s1744309112033982,PMC3497968,13402069.0,"Otero JM, Noël A, Guardado-Calvo P, Llamas-Saiz AL, Wende W, Schierling B, Pingoud A, van Raaij MJ. High-resolution structures of<i>Thermus thermophilus</i>enoyl-acyl carrier protein reductase in the apo form, in complex with NAD<sup>+</sup>and in complex with NAD<sup>+</sup>and triclosan. Acta Crystallogr F Struct Biol Cryst Commun. 2012 Sep 22;68(10):1139–48. doi: 10.1107/s1744309112033982.",5564
1.9,4M89,Crystal Structure of Enoyl-Acyl Carrier Protein Reductase (FabI) from Neisseria meningitidis in complex with NAD+ and Triclosan,X-RAY DIFFRACTION,TCL|NAD,,5892|5564,,,,,,,,5564
1.9,3PJF,Structure of ENR G93V mutant-NAD+-triclosan complex,X-RAY DIFFRACTION,TCL|NAD,,5892|5564,P0AEK6|P0AEK4,945870|93775413,21094257.0,10.1016/j.jsb.2010.11.008,,26903252.0,"Jiten Singh N, Shin D, Lee HM, Kim HT, Chang H, Cho JM, Kim KS, Ro S. Structural basis of triclosan resistance. Journal of Structural Biology. 2011 Apr;174(1):173–9. doi: 10.1016/j.jsb.2010.11.008.",5564
1.95,5YCS,X-Ray Structure of Enoyl-Acyl Carrier Protein Reductase from Bacillus Anthracis with triclosan,X-RAY DIFFRACTION,SO4|TCL|NAD,,5892|5564|1117,Q81GI3,75084525,28935372.0,10.1016/j.bbrc.2017.09.084,,16189104.0,"Kim HT, Kim S, Na BK, Chung J, Hwang E, Hwang KY. Structural insights into the dimer-tetramer transition of FabI from Bacillus anthracis. Biochemical and Biophysical Research Communications. 2017 Nov;493(1):28–33. doi: 10.1016/j.bbrc.2017.09.084.",5564
2.0,1C14,CRYSTAL STRUCTURE OF E COLI ENOYL REDUCTASE-NAD+-TRICLOSAN COMPLEX,X-RAY DIFFRACTION,TCL|NAD,,5892|5564,P0AEK6|P0AEK4,945870|93775413,10595560.0,10.1110/ps.8.11.2529,PMC2144207,12502403.0,"Qiu X, Janson CA, Court RI, Smyth MG, Payne DJ, Abdel-Meguid SS. Molecular basis for triclosan activity involves a flipping loop in the active site. Protein Sci. 1999 Nov;8(11):2529–32. PMID: 10595560; PMCID: PMC2144207.",5564
2.02,3P9T,SmeT-Triclosan complex,X-RAY DIFFRACTION,SO4|TCL,,5564|1117,,,21738470.0,10.1371/journal.ppat.1002103,PMC3128119,17422468.0,"Hernández A, Ruiz FM, Romero A, Martínez JL. The Binding of Triclosan to SmeT, the Repressor of the Multidrug Efflux Pump SmeDEF, Induces Antibiotic Resistance in Stenotrophomonas maltophilia. PLoS Pathog. 2011 Jun 30;7(6):e1002103. doi: 10.1371/journal.ppat.1002103.",5564
2.05,3AM5,K316A mutant of Enoyl-ACP Reductase from Plasmodium falciparum (PfENR) in complex with triclosan,X-RAY DIFFRACTION,TCL|NAD,,5892|5564,,,21280175.0,10.1002/iub.412,,31597793.0,"Maity K, Banerjee T, Prabakaran N, Surolia N, Surolia A, Suguna K. Effect of substrate binding loop mutations on the structure, kinetics, and inhibition of enoyl acyl carrier protein reductase from Plasmodium falciparum. IUBMB Life. 2011 Jan;63(1):30–41. doi: 10.1002/iub.412. PMID: 21280175.",5564
2.1,4ALI,Crystal structure of S. aureus FabI in complex with NADP and triclosan (P1),X-RAY DIFFRACTION,TCL|NAP|GLU,,5885|5564|33032,,,22579249.0,10.1016/j.str.2012.03.013,PMC3376755,14752799.0,"Schiebel J, Chang A, Lu H, Baxter MV, Tonge PJ, Kisker C. Staphylococcus aureus FabI: inhibition, substrate recognition, and potential implications for in vivo essentiality. Structure. 2012 May 09;20(5):802–13. PMID: 22579249; PMCID: PMC3376755.",5564
2.101,3NRC,Crystal Structure of the Francisella tularensis enoyl-acyl carrier protein reductase (FabI) in complex with NAD+ and triclosan,X-RAY DIFFRACTION,TCL|NAD,,5892|5564,,,21045289.0,10.1107/s1744309110039862,PMC3001642,28224340.0,"Mehboob S, Truong K, Santarsiero BD, Johnson ME. Structure of the<i>Francisella tularensis</i>enoyl-acyl carrier protein reductase (FabI) in complex with NAD<sup>+</sup>and triclosan. Acta Crystallogr F Struct Biol Cryst Commun. 2010 Oct 27;66(11):1436–40. doi: 10.1107/s1744309110039862.",5564
2.2,1UH5,Crystal Structure of Enoyl-ACP Reductase with Triclosan at 2.2angstroms,X-RAY DIFFRACTION,TCL|NAD,,5892|5564,,,15381426.0,10.1016/j.jmb.2004.08.033,,11898285.0,"Pidugu LS, Kapoor M, Surolia N, Surolia A, Suguna K. Structural basis for the variation in triclosan affinity to enoyl reductases. J Mol Biol. 2004 Oct 08;343(1):147–55. doi: 10.1016/j.jmb.2004.08.033. PMID: 15381426.",5564
2.2,1D8A,E. COLI ENOYL REDUCTASE/NAD+/TRICLOSAN COMPLEX,X-RAY DIFFRACTION,TCL|NAD,,5892|5564,P0AEK6|P0AEK4,945870|93775413,10201369.0,10.1038/18803,,13170905.0,"Levy CW, Roujeinikova A, Sedelnikova S, Baker PJ, Stuitje AR, Slabas AR, Rice DW, Rafferty JB. Molecular basis of triclosan activity. Nature. 1999 Apr 01;398(6726):383–4. doi: 10.1038/18803. PMID: 10201369.",5564
2.2,2O2Y,The crystal structure of P. falciparum enoyl acyl carrier protein reductase,X-RAY DIFFRACTION,SO4|TCL|CL|NAD,,5892|312|5564|1117,,,17327670.0,10.1107/s0907444906053625,PMC2483495,25137097.0,"Muench SP, Prigge ST, McLeod R, Rafferty JB, Kirisits MJ, Roberts CW, Mui EJ, Rice DW. Studies of<i>Toxoplasma gondii</i>and<i>Plasmodium falciparum</i>enoyl acyl carrier protein reductase and implications for the development of antiparasitic agents. Acta Crystallogr D Biol Crystallogr. 2007 Feb 21;63(3):328–38. doi: 10.1107/s0907444906053625.",5564
2.22,7FCM,Crystal structure of Moraxella catarrhalis enoyl-ACP-reductase (FabI) in complex with NAD and Triclosan,X-RAY DIFFRACTION,CA|TCL|NAD,,5892|271|5564,,,,,,,,5564
2.28,3GR6,Crystal structure of the staphylococcus aureus enoyl-acyl carrier protein reductase (fabI) in complex with NADP and triclosan,X-RAY DIFFRACTION,TCL|NAP,,5885|5564,Q6GI75,,19768684.0,10.1002/prot.22581,,13355362.0,"Priyadarshi A, Kim EE, Hwang KY. Structural insights into Staphylococcus aureus enoyl-ACP reductase (FabI), in complex with NADP and triclosan. Proteins. 2010 Feb 01;78(2):480–6. doi: 10.1002/prot.22581. PMID: 19768684.",5564
2.3,2B35,Crystal structure of Mycobacterium tuberculosis enoyl reductase (InhA) inhibited by triclosan,X-RAY DIFFRACTION,TCL|NAD,,5892|5564,P9WGR0|P9WGR1,45425463|886523,,,,,,5564
2.43,1NHG,CRYSTAL STRUCTURE ANALYSIS OF PLASMODIUM FALCIPARUM ENOYL-ACYL-CARRIER-PROTEIN REDUCTASE WITH TRICLOSAN,X-RAY DIFFRACTION,TCL|NAD,,5892|5564,,,11792710.0,10.1074/jbc.m112000200,,30747144.0,"Perozzo R, Kuo M, Sidhu ABS, Valiyaveettil JT, Bittman R, Jacobs WR, Fidock DA, Sacchettini JC. Structural Elucidation of the Specificity of the Antibacterial Agent Triclosan for Malarial Enoyl Acyl Carrier Protein Reductase. Journal of Biological Chemistry. 2002 Apr;277(15):13106–14. doi: 10.1074/jbc.m112000200.",5564
2.44,2QIO,X-Ray Structure of Enoyl-Acyl Carrier Protein Reductase from Bacillus Anthracis with Triclosan,X-RAY DIFFRACTION,TCL|NAD,,5892|5564,,,18663709.0,10.1002/cmdc.200800047,PMC2693028,7236407.0,"Tipparaju S, Mulhearn D, Klein G, Chen Y, Tapadar S, Bishop M, Yang S, Chen J, Ghassemi M, Santarsiero B, Cook J, Johlfs M, Mesecar A, Johnson M, Kozikowski A. Design and Synthesis of Aryl Ether Inhibitors of the <i>Bacillus Anthracis</i> Enoyl-ACP Reductase. ChemMedChem. 2008 Aug 11;3(8):1250–68. doi: 10.1002/cmdc.200800047.",5564
2.49,3F4B,Crystal structure of Plasmodium berghei Enoyl-acyl-carrier-protein reductase with TRICLOSAN,X-RAY DIFFRACTION,TCL|NAD,,5892|5564,,,19064257.0,10.1016/j.chom.2008.11.001,PMC2646117,7926380.0,"Yu M, Kumar TRS, Nkrumah LJ, Coppi A, Retzlaff S, Li CD, Kelly BJ, Moura PA, Lakshmanan V, Freundlich JS, Valderramos J, Vilcheze C, Siedner M, Tsai JH-, Falkard B, Sidhu ABS, Purcell LA, Gratraud P, Kremer L, Waters AP, Schiehser G, Jacobus DP, Janse CJ, Ager A, Jacobs WR, Sacchettini JC, Heussler V, Sinnis P, Fidock DA. The Fatty Acid Biosynthesis Enzyme FabI Plays a Key Role in the Development of Liver-Stage Malarial Parasites. Cell Host & Microbe. 2008 Dec;4(6):567–78. doi: 10.1016/j.chom.2008.11.001.",5564
2.5,2PD3,"Crystal Structure of the Helicobacter pylori Enoyl-Acyl Carrier Protein Reductase in Complex with Hydroxydiphenyl Ether Compounds, Triclosan and Diclosan",X-RAY DIFFRACTION,TCL|NAD,,5892|5564,O24990,,17879346.0,10.1002/prot.21586,,20055017.0,"Lee HH, Moon J, Suh SW. Crystal structure of the <i>Helicobacter pylori</i> enoyl-acyl carrier protein reductase in complex with hydroxydiphenyl ether compounds, triclosan and diclosan. Proteins. 2007 Aug 24;69(3):691–4. doi: 10.1002/prot.21586.",5564
2.5,3AM3,A372M mutant of Enoyl-ACP Reductase from Plasmodium falciparum (PfENR) in complex with triclosan,X-RAY DIFFRACTION,TCL|NAD,,5892|5564,,,21280175.0,10.1002/iub.412,,31597793.0,"Maity K, Banerjee T, Prabakaran N, Surolia N, Surolia A, Suguna K. Effect of substrate binding loop mutations on the structure, kinetics, and inhibition of enoyl acyl carrier protein reductase from Plasmodium falciparum. IUBMB Life. 2011 Jan;63(1):30–41. doi: 10.1002/iub.412. PMID: 21280175.",5564
2.5,3PJD,Structure of ENR G93A mutant-NAD+-Triclosan complex,X-RAY DIFFRACTION,TCL|NAD,,5892|5564,P0AEK6|P0AEK4,945870|93775413,21094257.0,10.1016/j.jsb.2010.11.008,,26903252.0,"Jiten Singh N, Shin D, Lee HM, Kim HT, Chang H, Cho JM, Kim KS, Ro S. Structural basis of triclosan resistance. Journal of Structural Biology. 2011 Apr;174(1):173–9. doi: 10.1016/j.jsb.2010.11.008.",5564
2.5,3PJE,Structure of ENR G93S mutant-NAD+-triclosan complex,X-RAY DIFFRACTION,TCL|NAD,,5892|5564,P0AEK6|P0AEK4,945870|93775413,21094257.0,10.1016/j.jsb.2010.11.008,,26903252.0,"Jiten Singh N, Shin D, Lee HM, Kim HT, Chang H, Cho JM, Kim KS, Ro S. Structural basis of triclosan resistance. Journal of Structural Biology. 2011 Apr;174(1):173–9. doi: 10.1016/j.jsb.2010.11.008.",5564
2.6,1P45,Targeting tuberculosis and malaria through inhibition of enoyl reductase: compound activity and structural data,X-RAY DIFFRACTION,TCL|NAD,,5892|5564,P9WGR0|P9WGR1,45425463|886523,12606558.0,10.1074/jbc.m211968200,,20637012.0,"Kuo MR, Morbidoni HR, Alland D, Sneddon SF, Gourlie BB, Staveski MM, Leonard M, Gregory JS, Janjigian AD, Yee C, Musser JM, Kreiswirth B, Iwamoto H, Perozzo R, Jacobs WR, Sacchettini JC, Fidock DA. Targeting Tuberculosis and Malaria through Inhibition of Enoyl Reductase. Journal of Biological Chemistry. 2003 Jun;278(23):20851–9. doi: 10.1074/jbc.m211968200.",5564
2.6,3OIF,Crystal Structure of Enoyl-ACP Reductases I (FabI) from B. subtilis (complex with NAD and TCL),X-RAY DIFFRACTION,TCL|NAD,,5892|5564,P54616,939379,21185310.0,10.1016/j.jmb.2010.12.003,,18096105.0,"Kim KH, Ha BH, Kim SJ, Hong SK, Hwang KY, Kim EE. Crystal structures of Enoyl-ACP reductases I (FabI) and III (FabL) from B. subtilis. J Mol Biol. 2011 Feb 25;406(3):403–15. doi: 10.1016/j.jmb.2010.12.003. PMID: 21185310.",5564
2.6,5IFL,Crystal structure of B. pseudomallei FabI in complex with NAD and triclosan,X-RAY DIFFRACTION,TCL|NAD,,5892|5564,,,28225601.0,10.1021/acs.biochem.6b01048,PMC5401771,32385329.0,"Neckles C, Eltschkner S, Cummings JE, Hirschbeck M, Daryaee F, Bommineni GR, Zhang Z, Spagnuolo L, Yu W, Davoodi S, Slayden RA, Kisker C, Tonge PJ. Rationalizing the Binding Kinetics for the Inhibition of the <i>Burkholderia pseudomallei</i> FabI1 Enoyl-ACP Reductase. Biochemistry. 2017 Mar 21;56(13):1865–78. doi: 10.1021/acs.biochem.6b01048.",5564
2.6,2O2S,The structure of T. gondii enoyl acyl carrier protein reductase in complex with NAD and triclosan,X-RAY DIFFRACTION,TCL|NAD,,5892|5564,,,17327670.0,10.1107/s0907444906053625,PMC2483495,25137097.0,"Muench SP, Prigge ST, McLeod R, Rafferty JB, Kirisits MJ, Roberts CW, Mui EJ, Rice DW. Studies of<i>Toxoplasma gondii</i>and<i>Plasmodium falciparum</i>enoyl acyl carrier protein reductase and implications for the development of antiparasitic agents. Acta Crystallogr D Biol Crystallogr. 2007 Feb 21;63(3):328–38. doi: 10.1107/s0907444906053625.",5564
2.8,4ALL,Crystal structure of S. aureus FabI in complex with NADP and triclosan (P212121),X-RAY DIFFRACTION,TCL|NAP,,5885|5564,,,22579249.0,10.1016/j.str.2012.03.013,PMC3376755,14752799.0,"Schiebel J, Chang A, Lu H, Baxter MV, Tonge PJ, Kisker C. Staphylococcus aureus FabI: inhibition, substrate recognition, and potential implications for in vivo essentiality. Structure. 2012 May 09;20(5):802–13. PMID: 22579249; PMCID: PMC3376755.",5564
1.9,9HKE,Crystal structure of flavin-dependent monooxygenase Tet(X4) in complex with trifluoperazine,X-RAY DIFFRACTION,GOL|FDA|TFP|SO4,,446013|1117|5566|753,,,40342919.0,10.1039/d5sc00964b,PMC12056667,38785720.0,"Beech MJ, Toma EC, Smith HG, Trush MM, Ang JHJ, Wong MY, Wong CHJ, Ali HS, Butt Z, Goel V, Duarte F, Farley AJM, Walsh TR, Schofield CJ. Binding assays enable discovery of Tet(X) inhibitors that combat tetracycline destructase resistance. Chem. Sci. 2025;16(22):9691–704. doi: 10.1039/d5sc00964b.",5566
2.0,1LIN,CALMODULIN COMPLEXED WITH TRIFLUOPERAZINE (1:4 COMPLEX),X-RAY DIFFRACTION,CA|TFP,,271|5566,P62157|1QIW_B,,7634090.0,10.1038/nsb1194-795,,7020363.0,"Vandonselaar M, Hickie RA, Quail W, Delbaere LTJ. Trifluoperazine-induced conformational change in Ca2+-calmodulin. Nature Structural & Molecular Biology. 1994 Nov;1(11):795–801. doi: 10.1038/nsb1194-795.",5566
2.0,4RJD,TFP bound in alternate orientations to calcium-saturated Calmodulin C-Domains,X-RAY DIFFRACTION,CL|1PE|OXL|SCN|CA|TFP,,271|62551|312|5566|71081|9322,P0DP31|P62160|P0DP29,24242|50663,25694384.0,10.1002/prot.24781,PMC4400249,2508821.0,"Feldkamp MD, Gakhar L, Pandey N, Shea MA. Opposing orientations of the anti-psychotic drug trifluoperazine selected by alternate conformations of M144 in calmodulin. Proteins. 2015 May;83(5):989–96. PMID: 25694384; PMCID: PMC4400249.",5566
2.15,1WRK,Crystal structure of the N-terminal domain of human cardiac troponin C in complex with trifluoperazine (orthrombic crystal form),X-RAY DIFFRACTION,CA|TFP,,271|5566,P63316|1IH0_A|1LXF_C|2KFX_T|2KDH_A,7134,,,,,,5566
2.3,3KO0,Structure of the tfp-ca2+-bound activated form of the s100a4 Metastasis factor,X-RAY DIFFRACTION,CA|TFP,,271|5566,P26447,6275,20421509.0,10.1073/pnas.0913660107,PMC2889333,5168262.0,"Malashkevich VN, Dulyaninova NG, Ramagopal UA, Liriano MA, Varney KM, Knight D, Brenowitz M, Weber DJ, Almo SC, Bresnick AR: Phenothiazines inhibit S100A4 function by inducing protein oligomerization. Proc Natl Acad Sci U S A. 2010 May 11;107(19):8605-10. doi: 10.1073/pnas.0913660107. Epub 2010 Apr 26.",5566
2.45,1CTR,DRUG BINDING BY CALMODULIN: CRYSTAL STRUCTURE OF A CALMODULIN-TRIFLUOPERAZINE COMPLEX,X-RAY DIFFRACTION,CA|TFP,,271|5566,P0DP23|P0DP25|2LL6_A,801|805|808,7803388.0,10.1021/bi00255a006,,2871032.0,"Cook WJ, Walter LJ, Walter MR. Drug binding by calmodulin: crystal structure of a calmodulin-trifluoperazine complex. Biochemistry. 1994 Dec 27;33(51):15259–65. doi: 10.1021/bi00255a006. PMID: 7803388.",5566
2.6,1WRL,Crystal structure of the N-terminal domain of human cardiac troponin C in complex with trifluoperazine (monoclinic crystal form),X-RAY DIFFRACTION,CA|TFP,,271|5566,P63316|1IH0_A|1LXF_C|2KFX_T|2KDH_A,7134,,,,,,5566
2.74,1A29,CALMODULIN COMPLEXED WITH TRIFLUOPERAZINE (1:2 COMPLEX),X-RAY DIFFRACTION,CA|TFP,,271|5566,P62157|1QIW_B,,9799490.0,10.1021/bi980795a,,14500339.0,"Vertessy BG, Harmat V, Böcskei Z, Náray-Szabó G, Orosz F, Ovádi J. Simultaneous Binding of Drugs with Different Chemical Structures to Ca<sup>2+</sup>-Calmodulin: Crystallographic and Spectroscopic Studies<sup>,</sup>. Biochemistry. 1998 Oct 20;37(44):15300–10. doi: 10.1021/bi980795a.",5566
1.2,4C9X,Crystal structure of NUDT1 (MTH1) with S-crizotinib,X-RAY DIFFRACTION,SO4|VHS|CL,,312|56671814|1117,P36639,4521,24695225.0,10.1038/nature13194,PMC4150021,30986280.0,"Huber KVM, Salah E, Radic B, Gridling M, Elkins JM, Stukalov A, Jemth A, Göktürk C, Sanjiv K, Strömberg K, Pham T, Berglund UW, Colinge J, Bennett KL, Loizou JI, Helleday T, Knapp S, Superti-Furga G. Stereospecific targeting of MTH1 by (S)-crizotinib as an anticancer strategy. Nature. 2014 Apr 02;508(7495):222–7. doi: 10.1038/nature13194.",56671814
2.4,4ER3,Crystal Structure of Human DOT1L in complex with inhibitor EPZ004777,X-RAY DIFFRACTION,UNX|SO4|0QK|EDO,,56962336|174|1117,Q8TEK3|4EK9_A|3QOX_A|3SR4_A,84444.0,23250418.0,10.1038/ncomms2304,,9351359.0,2012; 3(1):1288,56962336
2.57,4ER5,Crystal structure of human DOT1L in complex with 2 molecules of EPZ004777,X-RAY DIFFRACTION,UNX|0QK,,56962336,Q8TEK3|4EK9_A|3QOX_A|3SR4_A,84444.0,23250418.0,10.1038/ncomms2304,,9351359.0,2012; 3(1):1288,56962336
2.68,7RFM,CamA Adenine Methyltransferase Complexed to Cognate Substrate DNA and Inhibitor EPZ004777,X-RAY DIFFRACTION,0QK|EDO|K,,56962336|813|174,,,34523387.0,10.1080/15592294.2021.1976910,PMC9487755,12240102.0,"Zhou J, Horton JR, Yu D, Ren R, Blumenthal RM, Zhang X, Cheng X. Repurposing epigenetic inhibitors to target the <i>Clostridioides difficile-</i>specific DNA adenine methyltransferase and sporulation regulator CamA. Epigenetics. 2021 Sep 15;17(9):970–81. doi: 10.1080/15592294.2021.1976910.",56962336
2.85,4EKI,Crystal Structure of DOT1L in complex with EPZ004777,X-RAY DIFFRACTION,SO4|0QK,,56962336|1117,Q8TEK3|4EK9_A|3QOX_A|3SR4_A,84444.0,22978415.0,10.1111/cbdd.12050,,26273878.0,"Basavapathruni A, Jin L, Daigle SR, Majer CR, Therkelsen CA, Wigle TJ, Kuntz KW, Chesworth R, Pollock RM, Scott MP, Moyer MP, Richon VM, Copeland RA, Olhava EJ. Conformational adaptation drives potent, selective and durable inhibition of the human protein methyltransferase DOT1L. Chem Biol Drug Des. 2012 Dec;80(6):971–80. doi: 10.1111/cbdd.12050. PMID: 22978415.",56962336
2.87,9L40,kinase of ATR bound VE-822 state,ELECTRON MICROSCOPY,A1EIE,,59472121,Q13535,545,,,,,,59472121
3.95,9L45,ATR-ATRIP bound with VE-822,ELECTRON MICROSCOPY,ZN|A1EIE,,32051|59472121,Q13535|Q8WXE1,545|84126,,,,,,59472121
0.0,6TNU,Yeast 80S ribosome in complex with eIF5A and decoding A-site and P-site tRNAs.,ELECTRON MICROSCOPY,3HE|ZN|SPD,,6197|32051|1102,P38701|P0C0V8|P0CX29|P0CX30|P10664|P14120|P04456|B3RHV0|P0CX82|P0CX83|P05740|P05750|P39939|P05745|P0CX45|P0CX46|P26786|Q12690|P49166|P0CX27|P0CX28|P05756|P0CX38|P0CX37|P25443|P0CX48|P0CX47|P36105|P26784|P05738|P05749|Q08745|Q3E792|P41805|P41057|P02406|P0CX50|P0CX49|P0CX42|P0CX41|P23301|P17076|P0CX33|P0CX34|P04449|P0CX85|P0CX84|P14127|P0CH08|P0CG74|P0CH09|P05759|P0C2H8|P0CX36|P0CX35|P39516|P0CX26|P0CX25|P0C0W1|P38011|Q3E7X9|P0CX24|P0CX23|P14126|P87262|O13516|P05737|Q3E757|P48589|P04650|P05747|Q02753|P38061|B3LI22|P05739|P0CX31|P0CX32|P35997|P0CX51|P0CX52|P49167|P0C2H6|P05743|P07280|P26321|P05748|Q01855|P0CX55|P0CX56|P05744,856371|853931|853015|852319|852853|853993|852379|853674|855543|856868|855232|850590|854263|851477|850882|855560|851636|852479|856015|852754|851589|853864|854673|852730|850750|854468|852911|850764|851104|852775|854029|852191|856677|856352|850994|852852|851336|852058|854658|851484|853610|853248|856156|853249|850864|855143|854338|855283|854229|856784|856024|852804|852976|854551|853250|850592|852489|852185|851169|856805|853700|855174|851035|856401|851058|854028|855972|850716|854117|852061|855960,32299921.0,10.1126/science.aay6912,PMC8663607,16982330.0,"Buschauer R, Matsuo Y, Sugiyama T, Chen YH, Alhusaini N, Sweet T, Ikeuchi K, Cheng J, Matsuki Y, Nobuta R, Gilmozzi A, Berninghausen O, Tesina P, Becker T, Coller J, Inada T, Beckmann R. The Ccr4-Not complex monitors the translating ribosome for codon optimality. Science. 2020 Apr 17;368(6488). PMID: 32299921; PMCID: PMC8663607.",6197
0.0,6Y0G,Structure of human ribosome in classical-PRE state,ELECTRON MICROSCOPY,3HE|ZN|MG,,6197|32051|888,P39023|P62861|P62857|P42766|P62750|P62753|P62851|P62277|P62279|P83881|P61353|P62910|P62945|P61247|P62829|P40429|P62854|P63220|P62891|P63244|P62890|P62888|P47914|P62917|P62979|P63173|P62273|P50914|Q96L21|Q9Y3U8|P49207|P61254|P42677|P62241|P46781|P46782|P35268|P18621|P62244|P62847|Q02543|P62263|P62280|P62987|P39019|P46783|P62701|P61313|P26373|P62424|P62266|P83731|Q07020|P84098|Q02878|P62899|P23396|P61927|P62913|P61513|P18124|P15880|P60866|P62081|P18077|P46778|P62841|P62249|P08865|P32969|P08708|P25398|P46779|P62269|P36578|P46777|P46776,6122|2197|6234|11224|6147|6194|6230|6207|6173|6155|6161|6171|6189|9349|23521|6231|6227|6170|10399|6156|6159|6132|6233|6169|6235|9045|140801|25873|6164|6154|6232|6202|6203|6193|6146|6139|6210|6229|6142|6208|6205|7311|6223|6204|6191|6138|6137|6130|6228|6152|6141|6143|6128|6160|6188|6167|6135|6168|6129|6187|6224|6201|6165|6144|6209|6217|3921|6133|6218|6206|6158|6222|6124|6125|6157,32268098.0,10.1016/j.celrep.2020.03.037,,28434851.0,"Bhaskar V, Graff-Meyer A, Schenk AD, Cavadini S, von Loeffelholz O, Natchiar SK, Artus-Revel CG, Hotz HR, Bretones G, Klaholz BP, Chao JA. Dynamics of uS19 C-Terminal Tail during the Translation Elongation Cycle in Human Ribosomes. Cell Rep. 2020 Apr 07;31(1):107473. doi: 10.1016/j.celrep.2020.03.037. PMID: 32268098.",6197
0.0,8G6J,mRNA decoding in human is kinetically and structurally distinct from bacteria (GA state 2),ELECTRON MICROSCOPY,HMT|ZN|K|SPD|PHE|YRB|MET|PUT|MG|3HE|GSP,,6197|1102|285033|135398675|813|32051|888|1045|6140|167714258|6137,P18621|P32969|P27635|P40429|P39019|P42677|P62979|P36578|P62241|P84098|Q9Y3U8|P61927|P61247|P62861|P46776|P18077|P62753|P62847|P68104|P62857|P47914|P62269|P62081|P42766|P62891|P62277|P62279|P62829|P62945|P62244|P08708|P62910|Q02543|Q07020|P62701|P62913|P05388|P46781|P61513|P62263|P62906|P61313|P15880|P25398|P61353|P46783|Q02878|P63220|P46778|P35268|P60866|P62280|P63244|P83731|P62273|P08865|P23396|P46779|P30050|P46782|P62424|P62750|P62854|P62890|P62888|P62851|P18124|P49207|P62899|P63173|P46777|P62249|P62841|P61254|P50914|P39023,6139|6133|6134|23521|6223|6232|6233|6124|6202|6143|25873|6167|6189|2197|6157|6165|6194|6229|1915|6234|6159|6222|6201|11224|6170|6207|9349|6171|6210|6218|6161|6142|6141|6191|6135|6175|6203|6168|6208|4736|6138|6187|6206|6155|6204|6128|6227|6144|6146|6224|6205|10399|6152|6235|3921|6188|6158|6136|6193|6130|6147|6231|6156|6230|6129|6164|6160|6169|6125|6217|6209|6154|9045|6122,37020024.0,10.1038/s41586-023-05908-w,PMC10156603,35776674.0,"Holm M, Natchiar KS, Rundlet EJ, Myasnikov AG, Altman RB, Blanchard SC. mRNA decoding in human is kinetically and structurally distinct from bacteria (GA state 2). 2023 Apr 19;(). doi: 10.2210/pdb8g6j/pdb.",6197
0.0,7N8B,Cycloheximide bound vacant 80S structure isolated from cbf5-D95A,ELECTRON MICROSCOPY,3HE|ZN|MG,,6197|32051|888,P38701|P0C0V8|P0CX29|P0CX30|P10664|P14120|P04456|P0CX82|P0CX83|P39939|P49166|P05740|P05750|P05745|P0CX45|P0CX46|P26786|P39015|Q12690|P0CX27|P0CX28|P05756|P0CX38|P0CX37|P25443|P0CX48|P0CX47|P0CX39|P0CX40|P26784|P05738|P05749|P36105|Q08745|Q3E792|P41805|P0CX87|P0CX86|P02406|P41057|P0CX50|P0CX49|P0CX42|P0CX41|P17076|P0CX33|P0CX34|P04449|P0CX85|P0CX84|P0CH08|P0CG74|P0CH09|P05759|P06367|P02407|P0C2H8|P0CX36|P0CX35|P0CX26|P0CX25|P0C0W1|P32905|P38011|Q3E7X9|P0CX24|P0CX23|P14126|P87262|O13516|P05737|P33442|P48589|P04650|P05747|Q02753|P38061|P0CX31|P0CX32|P35997|P0CX51|P0CX52|P26783|P49167|P0C2H6|P05743|P07280|P26321|P05748|Q02326|Q01855|P0CX55|P0CX56|P0C0W9|P05744,856371|853931|853015|852319|852853|853993|852379|856868|850882|853674|855543|855232|850590|854263|850843|851477|855560|851636|852479|856015|852754|851589|852206|854673|852730|850750|853864|854468|852911|850764|851344|852775|851104|854029|852191|856352|850994|852852|851336|854658|850397|854984|851484|853610|856156|853249|850864|853128|855143|854338|855283|854229|856784|856024|852804|851162|854551|853250|850592|852489|852185|856805|853700|855174|853587|851035|856401|851058|854028|855972|850716|854902|854117|852061|856217|855960,35489333.0,10.1016/j.str.2022.04.002,PMC9271598,34217238.0,"Zhao Y, Rai J, Yu H, Li H. CryoEM structures of pseudouridine-free ribosome suggest impacts of chemical modifications on ribosome conformations. Structure. 2022 Jul 07;30(7):983–992.e5. PMID: 35489333; PMCID: PMC9271598.",6197
2.2,8T2Y,"Hypomethylated yeast 80S bound with cycloheximide, P-site tRNA, and A-site tRNA, messenger RNA, PRE",ELECTRON MICROSCOPY,SPD|ZN|MG|3HE,,6197|32051|888|1102,P0C0V8|P05740|P0CX87|P0CX86|P17076|P26784|P0CX36|P0CX35|Q02753|Q08745|P02406|P04456|P35997|P05738|P0CX82|P0CX83|P0C2H8|P05744|P0CX33|P0CX34|P0CX31|P0CX32|P0CX85|P0CX84|P0CX51|P0CX52|P0CX48|P0CX47|P05743|P26786|P05749|P49166|P14126|P0CX39|P0CX40|P0CX50|P0CX49|P0CX55|P0CX56|P38011|P0CH08|P0CG74|P0CH09|P05759|P0CX42|P0CX41|Q12690|O13516|P0C2H6|P05748|P05737|P36105|P87262|P32905|P04650|P02407|P05756|P06367|P0CX29|P0CX30|P14120|Q02326|P0CX38|P0CX37|P0CX45|P0CX46|P07280|P0CX27|P0CX28|P0CX26|P0CX25|P05745,853931|853674|851344|856352|854673|853610|852489|854468|852775|853993|853700|852730|852379|851484|855960|850994|856805|851336|855174|851589|851058|854263|850750|850882|854229|852206|854029|852061|855143|854658|852191|851477|856024|856401|850716|852804|853864|856784|853128|853250|854984|851636|850397|853015|852853|854902|852479|856015|850590|854028|855560|856156|855232,,,,,,6197
2.4,8T2Z,"Hypomethylated yeast 80S bound with cycloheximide, P-site tRNA, and A-site tRNA, messenger RNA, POST",ELECTRON MICROSCOPY,SPD|ZN|3HE,,6197|32051|1102,P0C0V8|P05740|P0CX87|P0CX86|P17076|P26784|P0CX36|P0CX35|Q02753|Q08745|P02406|P04456|P35997|P05738|P0CX82|P0CX83|P0C2H8|P05744|P0CX33|P0CX34|P0CX31|P0CX32|P0CX85|P0CX84|P0CX51|P0CX52|P0CX48|P0CX47|P05743|P26786|P05749|P49166|P14126|P0CX39|P0CX40|P0CX50|P0CX49|P0CX55|P0CX56|P38011|P0CH08|P0CG74|P0CH09|P05759|P0CX42|P0CX41|Q12690|O13516|P0C2H6|P05748|P05737|P36105|P87262|P32905|P04650|P02407|P05756|P06367|P0CX29|P0CX30|P14120|Q02326|P0CX38|P0CX37|P0CX45|P0CX46|P07280|P0CX27|P0CX28|P0CX26|P0CX25|P05745,853931|853674|851344|856352|854673|853610|852489|854468|852775|853993|853700|852730|852379|851484|855960|850994|856805|851336|855174|851589|851058|854263|850750|850882|854229|852206|854029|852061|855143|854658|852191|851477|856024|856401|850716|852804|853864|856784|853128|853250|854984|851636|850397|853015|852853|854902|852479|856015|850590|854028|855560|856156|855232,,,,,,6197
2.4,8BN3,"Yeast 80S, ES7s delta, eIF5A, Stm1 containing",ELECTRON MICROSCOPY,K|ZN|MG|3HE|SPD,,6197|1102|813|32051|888,P0CX24|P0CX23|P0CX26|P0CX25|P35997|P0CX38|P0CX37|P05756|P0C2H6|P0CX36|P0CX35|Q02753|P0CX51|P0CX52|P0CX87|P32905|P05749|P05740|P26786|P04456|P0C2H8|P49166|P0CX50|P0CX49|P0CX82|P0CX83|P0CX48|P0CX47|P14120|P0CX44|P0CX43|P05744|P02406|P0CX29|P0CX30|P0CX42|P0CX41|P26784|P04650|P36105|P05743|P07280|P0CX45|P0CX46|P0CX55|P0CX56|P17076|P05745|O13516|P0CX33|P0CX34|P0CX85|P0CX84|P87262|P0CX31|P0CX32|P38011|Q12690|P39516|P0CH08|P0CG74|P0CH09|P05759|P05737|P0C0V8|P0CX27|P0CX28|Q08745,855283|856156|853700|852479|856015|851636|856401|853610|852489|855174|851422|853128|850750|853674|854263|853993|851484|850882|854029|852379|851589|852853|855881|855960|852775|853015|852191|854673|853250|853864|851058|854028|850590|852061|856352|855232|856024|850994|851336|856784|856805|855143|851477|853248|854658|852804|853931|855560|854468,,,,,,6197
2.46,8T2X,"Hypomethylated yeast 80S bound with cycloheximide, P-site tRNA, A-site tRNA, messenger RNA and eIF5A, PRE",ELECTRON MICROSCOPY,3HE|SPD|ZN|MG|K,,6197|1102|813|32051|888,P0C0V8|P05740|P0CX87|P0CX86|P17076|P26784|P0CX36|P0CX35|Q02753|Q08745|P02406|P04456|P35997|P05738|P0CX82|P0CX83|P0C2H8|P05744|P0CX33|P0CX34|P0CX31|P0CX32|P0CX85|P0CX84|P0CX51|P0CX52|P0CX48|P0CX47|P05743|P26786|P05749|P49166|P14126|P0CX39|P0CX40|P0CX50|P0CX49|P0CX55|P0CX56|P38011|P0CH08|P0CG74|P0CH09|P05759|P0CX42|P0CX41|Q12690|O13516|P0C2H6|P05748|P05737|P36105|P87262|P32905|P04650|P02407|P05756|P06367|P0CX29|P0CX30|P14120|Q02326|P0CX38|P0CX37|P0CX45|P0CX46|P07280|P0CX27|P0CX28|P0CX26|P0CX25|P05745,853931|853674|851344|856352|854673|853610|852489|854468|852775|853993|853700|852730|852379|851484|855960|850994|856805|851336|855174|851589|851058|854263|850750|850882|854229|852206|854029|852061|855143|854658|852191|851477|856024|856401|850716|852804|853864|856784|853128|853250|854984|851636|850397|853015|852853|854902|852479|856015|850590|854028|855560|856156|855232,,,,,,6197
2.56,7Q08,Structure of Candida albicans 80S ribosome in complex with cycloheximide,ELECTRON MICROSCOPY,3HE|ZN|SPD,,6197|32051|1102,A0A1D8PK40|Q5A900|A0A1D8PL99|A0A1D8PSK2|Q5ALV6|A0A1D8PCQ5|A0A1D8PK61|Q5AJ93|P83774|A0A1D8PF08|A0A1D8PFL9|A0A1D8PPS1|A0A1D8PP14|Q5A6R1|A0A1D8PEV4|A0A1D8PTR4|A0A1D8PDU3|A0A1D8PL68|A0A1D8PDL6|A0A1D8PN83|A0A1D8PG16|A0A1D8PH21|A0A1D8PSV5|A0A1D8PGY8|A0A1D8PDT4|A0A1D8PSC5|A0A1D8PFG4|P40910|Q59LS1|Q5A109|A0A1D8PCX8|A0A1D8PHH4|A0A1D8PCI6|A0A1D8PDZ1|Q5AIB8|A0A1D8PCW6|A0A1D8PCG7|Q5A389|A0A1D8PK30|A0A1D8PFV1|Q5ANA1|Q59TE0|A0A1D8PDT3|A0A1D8PQQ5|A0A1D8PF45|A0A1D8PF57|Q5ADQ6|A0A1D8PI15|A0A1D8PGY0|A0A1D8PM75|A0A1D8PNQ6|A0A1D8PPE0|A0A1D8PPT5|O42817|Q5AGZ7|A0A1D8PK43|A0A1D8PTI7|Q96W54|A0A1D8PEY9|A0A1D8PHW1|Q5AB87|A0A1D8PQN0|A0A1D8PM41|O59931|A0A1D8PPN6|Q5AG43|A0A1D8PK22|A0A1D8PLC9|A0A1D8PK71|Q59T44|A0A1D8PHF5|Q5A6A1|Q5AEN2|Q5A7K0,3635257|3640242|3635701|30515390|3635787|30514969|30515208|3636573|3645907|30515049|30515072|30515338|30515319|3641025|30515041|30515442|3639515|30515232|30515000|30515301|30515082|3647299|30515104|30515007|30515386|30515062|3636924|3647719|3642934|30514975|30515127|3640195|30515014|3636850|30514974|30514961|3642071|30515207|3643347|3635198|3645439|30515006|3637953|30515053|30515048|3638438|30515149|3637400|30515273|3646972|30515328|3647558|3643678|3637057|3635156|30515429|3639551|30515044|3643489|3639338|30515349|30515267|3636841|30515335|3637700|3635194|3635615|30515205|3645565|30515120|3641174|3638348|3640568,35613268.0,10.1126/sciadv.abn1062,PMC9132455,34085486.0,"Zgadzay Y, Kolosova O, Stetsenko A, Wu C, Bruchlen D, Usachev K, Validov S, Jenner L, Rogachev A, Yusupova G, Sachs MS, Guskov A, Yusupov M. E-site drug specificity of the human pathogen Candida albicans ribosome. Sci Adv. 2022 May 27;8(21):eabn1062. PMID: 35613268; PMCID: PMC9132455.",6197
2.59,9CAI,High-resolution C. elegans 80S ribosome structure - class 2,ELECTRON MICROSCOPY,3HE|SPD,,6197|1102,P48152|P49197|P49041|O02639|Q09533|Q9TXP0|P37165|Q9XVP0|O17570|P48154|P49632|P0CG71|Q20647|P49181|Q95Y04|Q9NEN6|P46769|P52819|Q27389|O01802|P51404|P52821|Q9U2A8|Q19162|P49196|P48166|O01868|Q19877|O01692|P34662|P51403|O45946|P91128|P48156|Q20228|Q9U332|P47991|O45499|P48158|Q9XVF7|Q9N3X2|P34334|P52814|Q95Y90|Q23312|Q9BL19|P49405|P48150|P49180|O44480|P91914|P50880|P91374|Q19869|O18650|O02056|Q22054|Q966C6,175879|176011|178012|172201|174311|178538|175413|172693|180044|175584|176718|176007|176975|173260|173873|175455|171602|175901|177365|175070|180535|175786|174695|178188|172313|176097|177583|178342|171949|177503|174699|173235|176015|173342|175796|180343|177481|176146|179153|176071|172901|171692|174371|176006|174166|24104384|171750|175501|176891|174379|172805|172074|179998|177203,39209556.0,10.1261/rna.080103.124,PMC11482609,37661493.0,"Sehgal E, Wohlenberg C, Soukup EM, Viscardi MJ, Serrão VHB, Arribere JA. High-resolution reconstruction of a<i>C. elegans</i>ribosome sheds light on evolutionary dynamics and tissue specificity. RNA. 2024 Aug 29;30(11):1513–28. doi: 10.1261/rna.080103.124.",6197
2.63,9BH5,High-resolution C. elegans 80S ribosome structure - class 1,ELECTRON MICROSCOPY,SPD|3HE,,6197|1102,P52819|Q9U2A8|O01868|Q966C6|Q95Y04|Q19869|P49041|O44480|O18650|P52821|O01692|Q9BL19|Q9U332|O45946|P91374|Q22054|P49180|Q20228|O02639|Q23312|P91128|P46769|P49196|Q95Y90|O02056|P47991|P48166|P50880|Q9NEN6|Q9XVP0|P48154|P48156|Q27389|P48158|P34334|P52814|P34662|P49181|Q19877|Q20647|Q9N3X2|Q09533|P37165|Q9TXP0|P51403|P49632|P0CG71|Q9XVF7|O01802|P49197|O17570|O45499|P51404|P91914|Q19162|P49405|P48152|P48150,173873|175070|177203|176975|174379|178012|24104384|172805|177365|172313|171692|173235|178342|176891|179998|174166|174699|172201|172901|171949|175786|176071|172074|176015|174695|175501|173260|172693|175584|177503|175455|175796|176146|179153|176097|176007|178188|177481|174311|175413|178538|177583|176718|180343|171602|176011|180044|173342|175901|171750|180535|174371|175879|176006,,,,,,6197
2.7,7R81,Structure of the translating Neurospora crassa ribosome arrested by cycloheximide,ELECTRON MICROSCOPY,3HE|SPD|MG,,6197|888|1102,P08978|Q7S6W5|Q871N9|O59953|Q9C2B9|Q7RVN2|Q7S7F1|Q9C2P2|Q7SC06|Q7SDU2|P27770|Q01291|Q8X034|Q01369|P59671|Q7RVI1|P21772|Q7RXY1|Q9HE25|P14799|Q7SBD5|O93798|O43105|Q7RVN0|Q7SFJ9|Q9HE74|Q7RV75,3877355|3876676|3872112|3876725|3877494|3881915|3876935|3877589|3879379|3880348|3877983|3872987|3873305|3876201|3879466|3879378|3872091|3872930|3877643|3872092|3879098|3880995|3873891|3881790|3880988|3872393|3873491,34815343.0,10.1073/pnas.2111862118,PMC8640747,29820313.0,"Shen L, Su Z, Yang K, Wu C, Becker T, Bell-Pedersen D, Zhang J, Sachs MS. Structure of the translating <i>Neurospora</i> ribosome arrested by cycloheximide. Proc. Natl. Acad. Sci. U.S.A. 2021 Nov 23;118(48). doi: 10.1073/pnas.2111862118.",6197
2.88,8T30,"Hypomethylated yeast 80S bound with cycloheximide, unmodified U2921, mid rotated",ELECTRON MICROSCOPY,SPD|ZN|3HE,,6197|32051|1102,P0C0V8|P05740|P0CX87|P0CX86|P17076|P26784|P0CX36|P0CX35|Q02753|Q08745|P02406|P04456|P35997|P05738|P0CX82|P0CX83|P0C2H8|P05744|P0CX33|P0CX34|P0CX31|P0CX32|P0CX85|P0CX84|P0CX51|P0CX52|P0CX48|P0CX47|P05743|P26786|P05749|P49166|P14126|P0CX39|P0CX40|P0CX50|P0CX49|P0CX55|P0CX56|P38011|P0CH08|P0CG74|P0CH09|P05759|P0CX42|P0CX41|Q12690|O13516|P0C2H6|P05748|P05737|P36105|P87262|P32905|P04650|P02407|P05756|P06367|P0CX29|P0CX30|P14120|Q02326|P0CX38|P0CX37|P0CX45|P0CX46|P07280|P0CX27|P0CX28|P0CX26|P0CX25|P05745,853931|853674|851344|856352|854673|853610|852489|854468|852775|853993|853700|852730|852379|851484|855960|850994|856805|851336|855174|851589|851058|854263|850750|850882|854229|852206|854029|852061|855143|854658|852191|851477|856024|856401|850716|852804|853864|856784|853128|853250|854984|851636|850397|853015|852853|854902|852479|856015|850590|854028|855560|856156|855232,,,,,,6197
2.9,4U3U,Crystal structure of Cycloheximide bound to the yeast 80S ribosome,X-RAY DIFFRACTION,OHX|3HE|ZN|MG,,6197|32051|888|49795048,P38701|P0C0V8|P0CX29|P0CX30|P10664|P14120|P04456|P0CX82|P0CX83|P39939|P49166|P05740|P05317|P05750|P05745|P0CX45|P0CX46|P26786|P39015|Q12690|P0CX27|P0CX28|P05756|P0CX38|P0CX37|P25443|P0CX48|P0CX47|P0CX39|P0CX40|P26784|P05738|P05749|P36105|Q08745|Q3E792|P41805|P0CX87|P0CX86|P02406|P41057|P0CX50|P0CX49|P0CX42|P0CX41|P17076|P0CX33|P0CX34|P04449|P0CX85|P0CX84|P0CH08|P0CG74|P0CH09|P05759|P06367|P02407|P0C2H8|P0CX36|P0CX35|P0CX26|P0CX25|P0C0W1|P32905|P38011|Q3E7X9|P0CX24|P0CX23|P14126|P87262|O13516|P05737|P33442|Q3E757|P48589|P04650|P05747|Q02753|P38061|P0CX31|P0CX32|P35997|P0CX51|P0CX52|P26783|P49167|P0C2H6|P05743|P07280|P26321|P05748|Q02326|Q01855|P0CX55|P0CX56|P05744,856371|853931|853015|852319|852853|853993|852379|856868|850882|853674|851052|855543|855232|850590|854263|850843|851477|855560|851636|852479|856015|852754|851589|852206|854673|852730|850750|853864|854468|852911|850764|851344|852775|851104|854029|852191|856352|850994|852852|851336|854658|850397|854984|851484|853610|856156|853249|850864|853128|855143|854338|855283|854229|856784|856024|852804|851162|852976|854551|853250|850592|852489|852185|856805|853700|855174|853587|851035|856401|851058|854028|855972|850716|854902|854117|852061|855960,25209664.0,10.1038/nature13737,,2699140.0,"Garreau de Loubresse N, Prokhorova I, Holtkamp W, Rodnina MV, Yusupova G, Yusupov M. Structural basis for the inhibition of the eukaryotic ribosome. Nature. 2014 Sep 10;513(7519):517–22. doi: 10.1038/nature13737.",6197
2.96,8UIK,In situ HHT and CHX treated human 80S ribosome with EBP1 (consensus map),ELECTRON MICROSCOPY,3HE|MG|HMT|ZN,,6197|32051|888|285033,P46777|P62249|P08865|P32969|P46783|P39019|P62082|P62424|P49207|P46779|P23396|P62266|P61927|P26373|P61254|Q96L21|P62891|P62979|P60866|P25398|Q02543|P36578|P62917|P50914|P18124|P61313|P47914|P42677|P46782|Q9UQ80|P18077|P62753|P62913|P62241|P46776|P84098|P62854|P05388|P62890|P62888|P62861|P62987|P08708|P46781|P39023|P15880|P62269|P62829|P61513|P62244|Q9Y3U8|P62750|P62847|P62899|P62277|P62279|P62857|P62263|P83881|P18621|P63220|P61353|Q07020|P40429|P63173|P42766|P62701|P62945|Q02878|P62851|P63244|P46778|P61247|P62841|P62273|P62910|P62280,6125|6217|3921|6133|6204|6223|20115|6130|6164|6158|6188|6228|6167|6137|6154|140801|6170|6233|6224|6206|6142|6124|6132|9045|6129|6138|6159|6232|6193|5036|6165|6194|6135|6202|6157|6143|6231|6175|6156|2197|7311|6218|6203|6122|6187|6222|9349|6168|6210|25873|6147|6229|6160|6207|6234|6208|6173|6139|6227|6155|6141|23521|6169|11224|6191|6171|6128|6230|10399|6144|6189|6209|6235|6161|6205,,,,,,6197
3.0,6Y2L,Structure of human ribosome in POST state,ELECTRON MICROSCOPY,3HE|ZN|MG,,6197|32051|888,P39023|P62861|P62857|P42766|P62750|P62753|P62851|P62277|P62279|P83881|P61353|P62910|P62945|P61247|P62829|P40429|P62854|P63220|P62891|P63244|P62890|P62888|P47914|P62917|P63173|Q96L21|P62273|P50914|Q9Y3U8|P49207|P61254|P42677|P62241|P46781|P46782|P35268|P18621|P62244|P62847|Q02543|P62263|P62280|P62987|P39019|P46783|P62701|P61313|P26373|P62424|P62266|P83731|Q07020|P84098|Q02878|P62899|P23396|P61927|P62913|P61513|P18124|P15880|P60866|P62081|P18077|P46778|P62841|P62249|P08865|P32969|P08708|P46779|P62269|P36578|P46777|P46776,6122|2197|6234|11224|6147|6194|6230|6207|6173|6155|6161|6171|6189|9349|23521|6231|6227|6170|10399|6156|6159|6132|6169|140801|6235|9045|25873|6164|6154|6232|6202|6203|6193|6146|6139|6210|6229|6142|6208|6205|7311|6223|6204|6191|6138|6137|6130|6228|6152|6141|6143|6128|6160|6188|6167|6135|6168|6129|6187|6224|6201|6165|6144|6209|6217|3921|6133|6218|6158|6222|6124|6125|6157,32268098.0,10.1016/j.celrep.2020.03.037,,28434851.0,"Bhaskar V, Graff-Meyer A, Schenk AD, Cavadini S, von Loeffelholz O, Natchiar SK, Artus-Revel CG, Hotz HR, Bretones G, Klaholz BP, Chao JA. Dynamics of uS19 C-Terminal Tail during the Translation Elongation Cycle in Human Ribosomes. Cell Rep. 2020 Apr 07;31(1):107473. doi: 10.1016/j.celrep.2020.03.037. PMID: 32268098.",6197
3.13,8UTI,Eukaryotic 80S ribosome with Reh1 and A/P site tRNA,ELECTRON MICROSCOPY,3HE,,6197,P0CX36|P0CX35|P0CX85|P0CX84|P38011|P02406|P04456|O13516|P0CX38|P0CX37|P0CX31|P0CX32|P0CX26|P0CX25|P36105|P32905|P41057|P05747|P0CX82|P0CX83|P26784|P87262|P26786|Q3E7X9|P05749|P0CX42|P0CX41|P0C0V8|P49166|P0CX55|P0CX56|P04650|P0CX87|P0CX86|Q12690|P26783|P02407|P0CX51|P0CX52|P0CX27|P0CX28|P48589|P0CX45|P0CX46|P0CH08|P0CG74|P0CH09|P05759|P05739|P38061|P05744|P0C0W1|P0CX24|P0CX23|P05740|P05756|P05743|P0C2H6|P0CX33|P0CX34|P39938|P49167|P06367|P0CX48|P0CX47|P35997|P0C0W9|P05737|P07280|P0CX50|P0CX49|P10664|P05745|P05738|P14120|Q08745|P0C2H8|P05748|P0CX29|P0CX30|Q02753,853610|851336|855143|852775|853993|856024|852479|856015|856805|856156|853864|853128|851104|850592|852379|854673|856784|854263|854338|850750|852191|853931|850882|852061|853250|851344|851477|853587|854984|855174|855560|854551|850590|854658|851169|852185|855960|853249|855283|853674|851636|851058|856401|850994|852686|851035|850397|851589|853700|856217|852804|854028|854029|852319|855232|852730|852853|854468|851484|850716|853015|852489,,,,,,6197
3.22,8UT0,"Eukaryotic 80S ribosome with Reh1, eIF5A and A/P site tRNA",ELECTRON MICROSCOPY,3HE,,6197,P0CX36|P0CX35|P0CX85|P0CX84|P38011|P02406|P04456|O13516|P0CX38|P0CX37|P0CX31|P0CX32|P0CX26|P0CX25|P36105|P32905|P41057|P05747|P0CX82|P0CX83|P26784|P87262|P26786|Q3E7X9|P05749|P0CX42|P0CX41|P0C0V8|P49166|P0CX55|P0CX56|P04650|P0CX87|P0CX86|Q12690|P26783|P02407|P0CX51|P0CX52|P0CX27|P0CX28|P48589|P0CX45|P0CX46|P0CH08|P0CG74|P0CH09|P05759|P05739|P38061|P05744|P0C0W1|P0CX24|P0CX23|P05740|P05756|P05743|P0C2H6|P0CX33|P0CX34|P39938|P49167|P06367|P0CX48|P0CX47|P0C0W9|P35997|P05737|P07280|P0CX50|P0CX49|P10664|P05745|P05738|P14120|Q08745|P0C2H8|P05748|P0CX29|P0CX30|Q02753,853610|851336|855143|852775|853993|856024|852479|856015|856805|856156|853864|853128|851104|850592|852379|854673|856784|854263|854338|850750|852191|853931|850882|852061|853250|851344|851477|853587|854984|855174|855560|854551|850590|854658|851169|852185|855960|853249|855283|853674|851636|851058|856401|850994|852686|851035|850397|851589|856217|853700|852804|854028|854029|852319|855232|852730|852853|854468|851484|850716|853015|852489,,,,,,6197
3.4,8IPA,Wheat 80S ribosome stalled on AUG-Stop boron dependently with cycloheximide,ELECTRON MICROSCOPY,ZN|3HE|MG,,6197|32051|888,Q8L805|P62125,,38267667.0,10.1038/s41589-023-01513-0,,36729336.0,2024; 20(5):605-614,6197
3.4,8IPB,Wheat 80S ribosome pausing on AUG-Stop with cycloheximide,ELECTRON MICROSCOPY,ZN|3HE|MG,,6197|32051|888,Q8L805|P62125,,38267667.0,10.1038/s41589-023-01513-0,,36729336.0,2024; 20(5):605-614,6197
3.4,6HD7,Cryo-EM structure of the ribosome-NatA complex,ELECTRON MICROSCOPY,3HE,,6197,P14120|P10664|P49166|P04456|P0CX82|P0CX83|P05740|P05745|P0CX45|P0CX46|Q12690|P0CX27|P0CX28|P12945|P36105|P26784|P05738|P05749|P41805|P02406|P0CX50|P0CX49|P0CX42|P0CX41|P17076|P04449|P0CX85|P0CX84|P0CH08|P0CG74|P0CH09|P05759|P0C2H8|P0CX26|P0CX25|Q08689|P0CX24|P0CX23|P14126|P87262|P05737|P04650|P05747|Q02753|P38061|P07347|P49167|P0C2H6|P05743|P26321|P05748|Q02326|P0C0W9|P05744,852853|852319|850882|853993|852379|853674|855232|850590|851477|855560|851521|853864|854673|852730|850750|850764|852775|854029|852191|856352|852852|851336|854658|851484|856156|854427|855283|854229|856784|852804|853250|850592|852489|852185|856404|851035|856401|851058|855972|850716|854902|856217|855960,30559462.0,10.1038/s41594-018-0165-y,,25750659.0,2018; 26(1):35-39,6197
3.54,8UJK,In situ HHT and CHX treated A-P-Z state 80S ribosome,ELECTRON MICROSCOPY,MG|3HE|HMT|ZN,,6197|32051|888|285033,P62857|P18124|P46779|P47914|P61353|P46783|P62701|P62851|P46778|P62249|P18077|P62979|P62241|P61927|P63173|P62753|P46781|P62899|P08865|Q96L21|P62890|P62888|P39019|P46782|P08708|P32969|P62917|P39023|P62277|P62279|P05388|P61254|P63220|Q02878|P62280|P62945|P26373|P62269|P23396|P62244|P62263|P30050|P62847|P46776|Q9Y3U8|P40429|P36578|P62854|P62266|P62273|P62861|P62987|Q02543|P49207|P25398|P63244|P62829|P83881|P62910|P84098|P62424|P62841|P46777|P62081|P42766|P62906|P60866|P61313|P62891|P62913|P15880|P61513|P50914|P42677|P62750|P61247|P18621|Q07020,6234|6129|6158|6159|6155|6204|6191|6230|6144|6217|6165|6233|6202|6167|6169|6194|6203|6160|3921|140801|6156|6223|6193|6218|6133|6132|6122|6207|6175|6154|6227|6128|6205|6171|6137|6222|6188|6210|6208|6136|6229|6157|25873|23521|6124|6231|6228|6235|2197|7311|6142|6164|6206|10399|9349|6173|6161|6143|6130|6209|6125|6201|11224|4736|6224|6138|6170|6135|6187|6168|9045|6232|6147|6189|6139|6141,,,,,,6197
3.56,8UJJ,In situ HHT and CHX treated A-P state 80S ribosome,ELECTRON MICROSCOPY,MG|3HE|HMT|ZN,,6197|32051|888|285033,P62857|P18124|P46779|P47914|P61353|P46783|P62701|P62851|P46778|P62249|P18077|P62979|P62241|P61927|P63173|P62753|P46781|P62899|P08865|Q96L21|P62890|P62888|P39019|P46782|P08708|P32969|P62917|P39023|P62277|P62279|P05388|P61254|P63220|Q02878|P62280|P62945|P26373|P62269|P23396|P62244|P62263|P30050|P62847|P46776|Q9Y3U8|P40429|P36578|P62854|P62266|P62273|P62861|P62987|Q02543|P49207|P25398|P63244|P62829|P83881|P62910|P84098|P62424|P62841|P46777|P62081|P42766|P62906|P60866|P61313|P62891|P62913|P15880|P61513|P50914|P42677|P62750|P61247|P18621|Q07020,6234|6129|6158|6159|6155|6204|6191|6230|6144|6217|6165|6233|6202|6167|6169|6194|6203|6160|3921|140801|6156|6223|6193|6218|6133|6132|6122|6207|6175|6154|6227|6128|6205|6171|6137|6222|6188|6210|6208|6136|6229|6157|25873|23521|6124|6231|6228|6235|2197|7311|6142|6164|6206|10399|9349|6173|6161|6143|6130|6209|6125|6201|11224|4736|6224|6138|6170|6135|6187|6168|9045|6232|6147|6189|6139|6141,,,,,,6197
3.6,5LKS,Structure-function insights reveal the human ribosome as a cancer target for antibiotics,ELECTRON MICROSCOPY,3HE|ZN|MG,,6197|32051|888,P39023|P62857|P42766|P62750|P62753|P62851|P62277|P62279|P83881|P61353|P62910|P62945|P61247|P62829|P40429|P62854|P63220|P62891|P63244|P62890|P62888|P62979|P62917|P63173|Q96L21|P62273|P50914|Q9Y3U8|P49207|P61254|P42677|P62241|P46781|P46782|P35268|P18621|P62244|P62847|Q02543|P62263|P62280|P62987|P39019|P46783|P62701|P61313|P26373|P62424|P62266|P83731|Q07020|P84098|Q02878|P62899|P23396|P61927|P62913|P61513|P18124|P15880|P60866|P62081|P18077|P46778|P62906|P62841|P62249|P08865|P32969|P08708|P25398|P46779|P62269|P36578|P46777|P46776,6122|6234|11224|6147|6194|6230|6207|6173|6155|6161|6171|6189|9349|23521|6231|6227|6170|10399|6156|6233|6132|6169|140801|6235|9045|25873|6164|6154|6232|6202|6203|6193|6146|6139|6210|6229|6142|6208|6205|7311|6223|6204|6191|6138|6137|6130|6228|6152|6141|6143|6128|6160|6188|6167|6135|6168|6129|6187|6224|6201|6165|6144|4736|6209|6217|3921|6133|6218|6206|6158|6222|6124|6125|6157,27665925.0,10.1038/ncomms12856,PMC5052680,23054475.0,2016; 7(1):12856,6197
3.88,5GAK,"Yeast 60S ribosomal subunit with A-site tRNA, P-site tRNA and eIF-5A",ELECTRON MICROSCOPY,3HE,,6197,P14120|P10664|P49166|P04456|P0CX82|P0CX83|P05740|P05745|P0CX45|P0CX46|Q12690|P0CX27|P0CX28|P36105|P26784|P05738|P05749|P41805|P0CX87|P0CX86|P02406|P0CX50|P0CX49|P0CX42|P0CX41|P23301|P17076|P04449|P0CX85|P0CX84|P0CH08|P0CG74|P0CH09|P05759|P0C2H8|P0CX26|P0CX25|P0CX24|P0CX23|P14126|P87262|P05737|P04650|P05747|Q02753|P38061|P49167|P0C2H6|P05743|P26321|P05748|Q02326|P0C0W9|P05744,852853|852319|850882|853993|852379|853674|855232|850590|851477|855560|853864|854673|852730|850750|850764|851344|852775|854029|852191|856677|856352|852852|851336|854658|851484|856156|855283|854229|856784|852804|853250|850592|852489|852185|851035|856401|851058|855972|850716|854902|856217|855960,26715760.0,10.1093/nar/gkv1517,PMC4770232,6685778.0,"Schmidt C, Becker T, Heuer A, Braunger K, Shanmuganathan V, Pech M, Berninghausen O, Wilson DN, Beckmann R. Structure of the hypusinylated eukaryotic translation factor eIF-5A bound to the ribosome. Nucleic Acids Res. 2016 Feb 27;44(4):1944–51. PMID: 26715760; PMCID: PMC4770232.",6197
1.66,7S6V,Leishmania infantum Glycogen Synthase Kinase 3 beta bound to CGP60474,X-RAY DIFFRACTION,SO4|EDO|8II,,644215|174|1117,,,,,,,,644215
1.4,7AXM,Structure of SARS-CoV-2 Main Protease bound to Pelitinib,X-RAY DIFFRACTION,IMD|93J|DMS,,679|6445562|444234,P0DTD1,,33811162.0,10.1126/science.abf7945,PMC8224385,28475156.0,"Günther S, Reinke PYA, Fernández-García Y, Lieske J, Lane TJ, Ginn HM, Koua FHM, Ehrt C, Ewert W, Oberthuer D, Yefanov O, Meier S, Lorenzen K, Krichel B, Kopicki JD, Gelisio L, Brehm W, Dunkel I, Seychell B, Gieseler H, Norton-Baker B, Escudero-Pérez B, Domaracky M, Saouane S, Tolstikova A, White TA, Hänle A, Groessler M, Fleckenstein H, Trost F, Galchenkova M, Gevorkov Y, Li C, Awel S, Peck A, Barthelmess M, Schlünzen F, Lourdu Xavier P, Werner N, Andaleeb H, Ullah N, Falke S, Srinivasan V, França BA, Schwinzer M, Brognaro H, Rogers C, Melo D, Zaitseva-Kinneberg JI, Knoska J, Peña-Murillo GE, Mashhour AR, Hennicke V, Fischer P, Hakanpää J, Meyer J, Gribbon P, Ellinger B, Kuzikov M, Wolf M, Beccari AR, Bourenkov G, von Stetten D, Pompidor G, Bento I, Panneerselvam S, Karpics I, Schneider TR, Garcia-Alai MM, Niebling S, Günther C, Schmidt C, Schubert R, Han H, Boger J, Monteiro DCF, Zhang L, Sun X, Pletzer-Zelgert J, Wollenhaupt J, Feiler CG, Weiss MS, Schulz EC, Mehrabi P, Karnicar K, Usenik A, Loboda J, Tidow H, Chari A, Hilgenfeld R, Uetrecht C, Cox R, Zaliani A, Beck T, Rarey M, Günther S, Turk D, Hinrichs W, Chapman HN, Pearson AR, Betzel C, Meents A. X-ray screening identifies active site and allosteric inhibitors of SARS-CoV-2 main protease. Science. 2021 May 07;372(6542):642–6. PMID: 33811162; PMCID: PMC8224385.",6445562
2.25,5VCW,CRYSTAL STRUCTURE OF HUMAN MYT1 KINASE DOMAIN IN COMPLEX WITH Pelitinib,X-RAY DIFFRACTION,SO4|EDO|93J,,174|6445562|1117,Q99640,9088.0,28792760.0,10.1021/acs.jmedchem.7b00996,PMC6200136,16885751.0,"Zhu J, Cuellar RA, Berndt N, Lee HE, Olesen SH, Martin MP, Jensen JT, Georg GI, Schönbrunn E. Structural Basis of Wee Kinases Functionality and Inactivation by Diverse Small Molecule Inhibitors. J. Med. Chem. 2017 Sep 14;60(18):7863–75. doi: 10.1021/acs.jmedchem.7b00996.",6445562
1.5,2DES,INTERACTIONS BETWEEN MORPHOLINYL ANTHRACYCLINES AND DNA: THE CRYSTAL STRUCTURE OF A MORPHOLINO DOXORUBICIN BOUND TO D(CGTACG),X-RAY DIFFRACTION,NA|MG|DMM,,923|65907|888,,,8478940.0,10.1006/jmbi.1993.1208,,17859943.0,"Cirilli M, Bachechi F, Ughetto G, Colonna FP, Capobianco ML. Interactions between Morpholinyl Anthracyclines and DNA. Journal of Molecular Biology. 1993 Apr;230(3):878–89. doi: 10.1006/jmbi.1993.1208.",65907
1.7,215D,CRYSTAL STRUCTURE OF FOUR MORPHOLINO-DOXORUBICIN ANTICANCER DRUGS COMPLEXED WITH D(CGTACG) AND D(CGATCG): IMPLICATIONS IN DRUG-DNA CROSSLINK,X-RAY DIFFRACTION,DMM,,65907,,,8527023.0,10.1080/07391102.1995.10508824,,10410252.0,"Gao Y, Wang AH-. Crystal Structures of Four Morpholino-Doxorubicin Anticancer Drugs Complexed with d(CGTACG) and d(CGATCG): Implications in Drug-DNA Crosslink. Journal of Biomolecular Structure and Dynamics. 1995 Aug;13(1):103–17. doi: 10.1080/07391102.1995.10508824.",65907
1.8,234D,CRYSTAL STRUCTURE OF FOUR MORPHOLINO-DOXORUBICIN ANTICANCER DRUGS COMPLEXED WITH D(CGTACG) AND D(CGATCG): IMPLICATIONS IN DRUG-DNA CROSSLINK,X-RAY DIFFRACTION,DMM,,65907,,,8527023.0,10.1080/07391102.1995.10508824,,10410252.0,"Gao Y, Wang AH-. Crystal Structures of Four Morpholino-Doxorubicin Anticancer Drugs Complexed with d(CGTACG) and d(CGATCG): Implications in Drug-DNA Crosslink. Journal of Biomolecular Structure and Dynamics. 1995 Aug;13(1):103–17. doi: 10.1080/07391102.1995.10508824.",65907
1.8,235D,CRYSTAL STRUCTURE OF FOUR MORPHOLINO-DOXORUBICIN ANTICANCER DRUGS COMPLEXED WITH D(CGTACG) AND D(CGATCG): IMPLICATIONS IN DRUG-DNA CROSSLINK,X-RAY DIFFRACTION,DMM,,65907,,,8527023.0,10.1080/07391102.1995.10508824,,10410252.0,"Gao Y, Wang AH-. Crystal Structures of Four Morpholino-Doxorubicin Anticancer Drugs Complexed with d(CGTACG) and d(CGATCG): Implications in Drug-DNA Crosslink. Journal of Biomolecular Structure and Dynamics. 1995 Aug;13(1):103–17. doi: 10.1080/07391102.1995.10508824.",65907
0.0,6B5V,Structure of TRPV5 in complex with econazole,ELECTRON MICROSCOPY,CA|ECL,,271|6604378,Q9XSM3,100009364.0,29323279.0,10.1038/s41594-017-0009-1,PMC5951624,18252768.0,2018; 25(1):53-60,6604378
2.14,3R9C,Crystal structure of Mycobacterium smegmatis CYP164A2 with Econazole bound,X-RAY DIFFRACTION,NA|ECL|EDO|HEM,,923|174|6604378,,,22037849.0,10.1128/aac.05227-11,PMC3256051,5191029.0,"Agnew CR, Warrilow AG, Burton NM, Lamb DC, Kelly SL, Brady RL. An enlarged, adaptable active site in CYP164 family P450 enzymes, the sole P450 in Mycobacterium leprae. Antimicrob Agents Chemother. 2012 Jan;56(1):391–402. PMID: 22037849; PMCID: PMC3256051.",6604378
2.85,7S8C,Cryo-EM structure of human TRPV6 in complex with inhibitor econazole,ELECTRON MICROSCOPY,ECL|POV|CL|CA|Y01,,271|10908846|312|65082|6604378,Q9H1D0,55503.0,34725357.0,10.1038/s41467-021-26608-x,PMC8560856,20369002.0,"Neuberger A, Nadezhdin KD, Sobolevsky AI. Structural mechanisms of TRPV6 inhibition by ruthenium red and econazole. Nature Communications. 2021 Nov 01;12(1):6284. doi: 10.1038/s41467-021-26608-x.",6604378
2.9,3JUS,Crystal structure of human lanosterol 14alpha-demethylase (CYP51) in complex with econazole,X-RAY DIFFRACTION,ECL|ECN|HEM,G01435GL,444041|12773795|6604378,Q16850,1595.0,20149798.0,10.1016/j.jmb.2010.01.075,,9960307.0,"Strushkevich N, Usanov SA, Park HW: Structural basis of human CYP51 inhibition by antifungal azoles. J Mol Biol. 2010 Apr 9;397(4):1067-78. doi: 10.1016/j.jmb.2010.01.075. Epub 2010  Feb 10.",6604378
2.4,8KCS,Cryo-EM structure of human gamma-secretase in complex with BMS906024,ELECTRON MICROSCOPY,PC1|NAG|CLR|Q70,,66550890|94190|24139|5997,Q92542|Q96BI3|P49768|Q9NZ42,23385|51107|5663|55851,,,,,,66550890
1.5,1KDG,Crystal structure of the flavin domain of cellobiose dehydrogenase,X-RAY DIFFRACTION,6FA|NAG|MAN|HG|UNX|EMT,G61491DK|G67334XY,26623|67361|24139|185698,Q01738,,11786022.0,10.1006/jmbi.2001.5246,,28737599.0,"Martin Hallberg B, Henriksson G, Pettersson G, Divne C. Crystal structure of the flavoprotein domain of the extracellular flavocytochrome cellobiose dehydrogenase. Journal of Molecular Biology. 2002 Jan;315(3):421–34. doi: 10.1006/jmbi.2001.5246.",67361
1.69,3A0W,"Catalytic domain of histidine kinase ThkA (TM1359) for MAD phasing (nucleotide free form 2, orthorombic)",X-RAY DIFFRACTION,EMC|MPD|EMT,,67361|5442|5288834,,,19836334.0,10.1016/j.str.2009.07.016,,30920745.0,"Yamada S, Sugimoto H, Kobayashi M, Ohno A, Nakamura H, Shiro Y. Structure of PAS-linked histidine kinase and the response regulator complex. Structure. 2009 Oct 14;17(10):1333–44. doi: 10.1016/j.str.2009.07.016. PMID: 19836334.",67361
1.79,4GSR,"Structural basis for the inhibition of Mycobacterium tuberculosis L,D-transpeptidase by meropenem, a drug effective against extensively drug-resistant strains",X-RAY DIFFRACTION,GOL|EMT,,67361|753,O53223|I6Y9J2,888160.0,23519417.0,10.1107/s0907444912048998,PMC3605043,6632953.0,"Kim HS, Kim J, Im HN, Yoon JY, An DR, Yoon HJ, Kim JY, Min HK, Kim S, Lee JY, Han BW, Suh SW. Structural basis for the inhibition of<i>Mycobacterium tuberculosis</i><scp>L</scp>,<scp>D</scp>-transpeptidase by meropenem, a drug effective against extensively drug-resistant strains. Acta Crystallogr D Biol Crystallogr. 2013 Feb 16;69(3):420–31. doi: 10.1107/s0907444912048998.",67361
2.1,2YPD,Crystal structure of the Jumonji domain of human Jumonji domain containing 1C protein,X-RAY DIFFRACTION,NA|EMT,,923|67361,Q15652,221037.0,,,,,,67361
2.4,1O9L,Succinate:Coenzyme-A Transferase (pig heart),X-RAY DIFFRACTION,EMC|EMT,,67361|5442,Q29551,396978.0,,,,,,67361
2.5,5VEE,PAK4 kinase domain in complex with FRAX486,X-RAY DIFFRACTION,981,,68060125,O96013|2X4Z_A,10298,28993291.0,10.1016/j.bbapap.2017.10.004,PMC5742302,25696403.0,"Zhang EY, Ha BH, Boggon TJ. PAK4 crystal structures suggest unusual kinase conformational movements. Biochimica et Biophysica Acta (BBA) - Proteins and Proteomics. 2018 Feb;1866(2):356–65. doi: 10.1016/j.bbapap.2017.10.004.",68060125
1.87,5TVI,Crystal structure of non-specific lipid transfer protein reveals non-canonical lipid binding: possible relevance in modulating allergenicity,X-RAY DIFFRACTION,GOL|MYR|O8N,,68406|11005|753,,,28612368.0,10.1002/prot.25335,,5329376.0,"Jain A, Salunke DM. Crystal structure of nonspecific lipid transfer protein from Solanum melongena. Proteins. 2017 Oct;85(10):1820–30. doi: 10.1002/prot.25335. PMID: 28612368.",68406
2.6,2CHZ,A pharmacological map of the PI3-K family defines a role for p110alpha in signaling: The structure of complex of phosphoinositide 3-kinase gamma with inhibitor PIK-93,X-RAY DIFFRACTION,093,,6852167,P48736|2A4Z_A|4ANU_A|4DK5_A|3QAQ_A|3CST_A|4ANV_A|3APC_A|3NZS_A|3DBS_A|3L54_A|4ANX_A,5294,16647110.0,10.1016/j.cell.2006.03.035,PMC2946820,25132103.0,"Knight ZA, Gonzalez B, Feldman ME, Zunder ER, Goldenberg DD, Williams O, Loewith R, Stokoe D, Balla A, Toth B, Balla T, Weiss WA, Williams RL, Shokat KM. A Pharmacological Map of the PI3-K Family Defines a Role for p110a in Insulin Signaling. Cell. 2006 May;125(4):733–47. doi: 10.1016/j.cell.2006.03.035.",6852167
2.94,4D0L,Phosphatidylinositol 4-kinase III beta-PIK93 in a complex with Rab11a- GTP gammaS,X-RAY DIFFRACTION,GSP|MG|093,,6852167|888|135398675,Q9UBF8|P62491,5298|8766,24876499.0,10.1126/science.1253397,PMC4046302,2693534.0,"Burke JE, Inglis AJ, Perisic O, Masson GR, McLaughlin SH, Rutaganira F, Shokat KM, Williams RL. Structures of PI4KIIIß complexes show simultaneous recruitment of Rab11 and its effectors. Science. 2014 May 30;344(6187):1035–8. doi: 10.1126/science.1253397.",6852167
3.5,2X6J,THE CRYSTAL STRUCTURE OF THE DROSOPHILA CLASS III PI3-KINASE VPS34 IN COMPLEX WITH PIK-93,X-RAY DIFFRACTION,093,,6852167,,,20339072.0,10.1126/science.1184429,PMC2860105,5873732.0,"Miller S, Tavshanjian B, Oleksy A, Perisic O, Houseman BT, Shokat KM, Williams RL. Shaping Development of Autophagy Inhibitors with the Structure of the Lipid Kinase Vps34. Science. 2010 Mar 26;327(5973):1638–42. doi: 10.1126/science.1184429.",6852167
6.0,4D0M,Phosphatidylinositol 4-kinase III beta in a complex with Rab11a-GTP- gamma-S and the Rab-binding domain of FIP3,X-RAY DIFFRACTION,GSP|MG|093,,6852167|888|135398675,O75154|Q9UBF8|P62491,9727|5298|8766,24876499.0,10.1126/science.1253397,PMC4046302,2693534.0,"Burke JE, Inglis AJ, Perisic O, Masson GR, McLaughlin SH, Rutaganira F, Shokat KM, Williams RL. Structures of PI4KIIIß complexes show simultaneous recruitment of Rab11 and its effectors. Science. 2014 May 30;344(6187):1035–8. doi: 10.1126/science.1253397.",6852167
1.5,6FGD,Crystal structure of Gephyrin E domain in complex with Artemether,X-RAY DIFFRACTION,PO4|NA|CA|ACT|MPD|ADP|D8Z,,68911|271|6022|175|923|1061|5288834,Q03555,64845,30704910.0,10.1016/j.neuron.2019.01.001,,11501612.0,"Kasaragod VB, Hausrat TJ, Schaefer N, Kuhn M, Christensen NR, Tessmer I, Maric HM, Madsen KL, Sotriffer C, Villmann C, Kneussel M, Schindelin H. Elucidating the Molecular Basis for Inhibitory Neurotransmission Regulation by Artemisinins. Neuron. 2019 Feb 20;101(4):673–689.e11. doi: 10.1016/j.neuron.2019.01.001. PMID: 30704910.",68911
1.5,6FGC,Crystal structure of Gephyrin E domain in complex with Artesunate,X-RAY DIFFRACTION,PO4|CL|CA|ACT|MPD|MRD|D95|ADP,,5288845|271|312|6917864|175|6022|1061|5288834,Q03555,64845,30704910.0,10.1016/j.neuron.2019.01.001,,11501612.0,"Kasaragod VB, Hausrat TJ, Schaefer N, Kuhn M, Christensen NR, Tessmer I, Maric HM, Madsen KL, Sotriffer C, Villmann C, Kneussel M, Schindelin H. Elucidating the Molecular Basis for Inhibitory Neurotransmission Regulation by Artemisinins. Neuron. 2019 Feb 20;101(4):673–689.e11. doi: 10.1016/j.neuron.2019.01.001. PMID: 30704910.",6917864
2.4,6YK1,Crystal structure of mouse pyridoxal kinase in complex with ATP-gamma-S and artesunate,X-RAY DIFFRACTION,GOL|PG4|D95|AGS|EDO,,174|6917864|753|8200|440317,Q8K183,216134,33318193.0,10.1073/pnas.2008695117,PMC7777086,15604040.0,"Kasaragod VB, Pacios-Michelena A, Schaefer N, Zheng F, Bader N, Alzheimer C, Villmann C, Schindelin H. Pyridoxal kinase inhibition by artemisinins down-regulates inhibitory neurotransmission. Proc Natl Acad Sci U S A. 2020 Dec 29;117(52):33235–45. PMID: 33318193; PMCID: PMC7777086.",6917864
1.861,5EEN,Crystal structure of Danio rerio histone deacetylase 6 catalytic domain 2 in complex with belinostat,X-RAY DIFFRACTION,5OG|ZN|CL|K,,813|32051|312|6918638,,,27454933.0,10.1038/nchembio.2134,PMC4990478,14842289.0,10.1038/nchembio.2134,6918638
2.6,5EF8,Crystal structure of Danio rerio histone deacetylase 6 catalytic domain 2 in complex with panobinostat,X-RAY DIFFRACTION,GOL|LBH|ZN|K|EDO,,174|813|32051|753|6918837,,,27454933.0,10.1038/nchembio.2134,PMC4990478,14842289.0,10.1038/nchembio.2134,6918837
1.09,6UO3,Crystal structure of Danio rerio histone deacetylase 6 catalytic domain 1 (CD1) complexed with AR-42,X-RAY DIFFRACTION,QCP|ZN|EDO|K,,6918848|32051|174|813,,,31755702.0,10.1021/acs.biochem.9b00934,PMC6904440,4015445.0,"Osko JD, Christianson DW. Structural Basis of Catalysis and Inhibition of HDAC6 CD1, the Enigmatic Catalytic Domain of Histone Deacetylase 6. Biochemistry. 2019 Dec 10;58(49):4912–24. PMID: 31755702; PMCID: PMC6904440.",6918848
1.39501,6UO7,Crystal structure of Danio rerio histone deacetylase 6 catalytic domain 1 (CD1) K330L mutant complexed with AR-42,X-RAY DIFFRACTION,QCP|ZN|K,,6918848|32051|813,,,31755702.0,10.1021/acs.biochem.9b00934,PMC6904440,4015445.0,"Osko JD, Christianson DW. Structural Basis of Catalysis and Inhibition of HDAC6 CD1, the Enigmatic Catalytic Domain of Histone Deacetylase 6. Biochemistry. 2019 Dec 10;58(49):4912–24. PMID: 31755702; PMCID: PMC6904440.",6918848
1.43934,6UO5,Crystal structure of Danio rerio histone deacetylase 6 catalytic domain 1 (CD1) Y363F mutant complexed with AR-42,X-RAY DIFFRACTION,QCP|ZN|EDO|K,,6918848|32051|174|813,,,31755702.0,10.1021/acs.biochem.9b00934,PMC6904440,4015445.0,"Osko JD, Christianson DW. Structural Basis of Catalysis and Inhibition of HDAC6 CD1, the Enigmatic Catalytic Domain of Histone Deacetylase 6. Biochemistry. 2019 Dec 10;58(49):4912–24. PMID: 31755702; PMCID: PMC6904440.",6918848
1.65,7AXO,Structure of SARS-CoV-2 Main Protease bound to AR-42.,X-RAY DIFFRACTION,QCP|DMS,,679|6918848,P0DTD1,,33811162.0,10.1126/science.abf7945,PMC8224385,28475156.0,"Günther S, Reinke PYA, Fernández-García Y, Lieske J, Lane TJ, Ginn HM, Koua FHM, Ehrt C, Ewert W, Oberthuer D, Yefanov O, Meier S, Lorenzen K, Krichel B, Kopicki JD, Gelisio L, Brehm W, Dunkel I, Seychell B, Gieseler H, Norton-Baker B, Escudero-Pérez B, Domaracky M, Saouane S, Tolstikova A, White TA, Hänle A, Groessler M, Fleckenstein H, Trost F, Galchenkova M, Gevorkov Y, Li C, Awel S, Peck A, Barthelmess M, Schlünzen F, Lourdu Xavier P, Werner N, Andaleeb H, Ullah N, Falke S, Srinivasan V, França BA, Schwinzer M, Brognaro H, Rogers C, Melo D, Zaitseva-Kinneberg JI, Knoska J, Peña-Murillo GE, Mashhour AR, Hennicke V, Fischer P, Hakanpää J, Meyer J, Gribbon P, Ellinger B, Kuzikov M, Wolf M, Beccari AR, Bourenkov G, von Stetten D, Pompidor G, Bento I, Panneerselvam S, Karpics I, Schneider TR, Garcia-Alai MM, Niebling S, Günther C, Schmidt C, Schubert R, Han H, Boger J, Monteiro DCF, Zhang L, Sun X, Pletzer-Zelgert J, Wollenhaupt J, Feiler CG, Weiss MS, Schulz EC, Mehrabi P, Karnicar K, Usenik A, Loboda J, Tidow H, Chari A, Hilgenfeld R, Uetrecht C, Cox R, Zaliani A, Beck T, Rarey M, Günther S, Turk D, Hinrichs W, Chapman HN, Pearson AR, Betzel C, Meents A. X-ray screening identifies active site and allosteric inhibitors of SARS-CoV-2 main protease. Science. 2021 May 07;372(6542):642–6. PMID: 33811162; PMCID: PMC8224385.",6918848
1.12,3FT6,Crystal Structure of Proflavine in Complex with a DNA hexamer duplex,X-RAY DIFFRACTION,PRL|NCO,,7099,,,,,,,,7099
1.9,2V57,Crystal structure of the TetR-like transcriptional regulator LfrR from Mycobacterium smegmatis in complex with proflavine,X-RAY DIFFRACTION,SO4|PRL|IPA,,3776|7099|1117,A0R5K4|2V57_A,,19820093.0,10.1128/jb.00631-09,PMC2786614,30906309.0,"Bellinzoni M, Buroni S, Schaeffer F, Riccardi G, De Rossi E, Alzari PM. Structural plasticity and distinct drug-binding modes of LfrR, a mycobacterial efflux pump regulator. J Bacteriol. 2009 Dec;191(24):7531–7. PMID: 19820093; PMCID: PMC2786614.",7099
2.0,1VTF,STRUCTURE OF 5'-D(*(BRO)CP*GP*(BRO)CP*G)-3' IN COMPLEX WITH PROFLAVINE,X-RAY DIFFRACTION,PRL,,7099,,,3179273.0,10.1021/bi00415a052,,5529592.0,"Westhof E, Hosur MV, Sundaralingam M. Nonintercalative binding of proflavin to Z-DNA: structure of a complex between d(5BrC-G-5BrC-G) and proflavin. Biochemistry. 1988 Jul 26;27(15):5742–7. doi: 10.1021/bi00415a052. PMID: 3179273.",7099
2.0,1BCU,ALPHA-THROMBIN COMPLEXED WITH HIRUGEN AND PROFLAVIN,X-RAY DIFFRACTION,PRL,,7099,P00734|1D9I_A|1VZQ_H|2BDY_A|1JWT_A|1NM6_A|1D6W_A|1GJ4_H|1DOJ_A|2BVR_H|1D3D_B|1A2C_H|P01050,2147,9559654.0,10.1016/s0014-5793(98)00235-x,,7756603.0,"Conti E, Rivetti C, Wonacott A, Brick P. X-ray and spectrophotometric studies of the binding of proflavin to the S1 specificity pocket of human alpha-thrombin. FEBS Lett. 1998 Mar 27;425(2):229–33. doi: 10.1016/s0014-5793(98)00235-x. PMID: 9559654.",7099
2.68,7NT4,X-ray structure of SCoV2-PLpro in complex with small molecule inhibitor,X-RAY DIFFRACTION,SO4|PRL|ZN|EDO,,32051|174|7099|1117,P0DTD1,,35021060.0,10.1016/j.chembiol.2021.11.006,PMC8751734,12952902.0,"Napolitano V, Dabrowska A, Schorpp K, Mourão A, Barreto-Duran E, Benedyk M, Botwina P, Brandner S, Bostock M, Chykunova Y, Czarna A, Dubin G, Fröhlich T, Hölscher M, Jedrysik M, Matsuda A, Owczarek K, Pachota M, Plettenburg O, Potempa J, Rothenaigner I, Schlauderer F, Slysz K, Szczepanski A, Greve-Isdahl Mohn K, Blomberg B, Sattler M, Hadian K, Popowicz GM, Pyrc K. Acriflavine, a clinically approved drug, inhibits SARS-CoV-2 and other betacoronaviruses. Cell Chemical Biology. 2022 May;29(5):774–784.e8. doi: 10.1016/j.chembiol.2021.11.006.",7099
2.7,3HTH,Crystal structure of multidrug binding protein EbrR complexed with proflavin,X-RAY DIFFRACTION,NI|PRL,,7099|934,,,,,,,,7099
2.8,4ZPH,Crystal Structure of the Heterodimeric HIF-2a:ARNT Complex with Proflavine,X-RAY DIFFRACTION,PRL,,7099,P97481|P53762,13819|11863,26245371.0,10.1038/nature14883,,13466057.0,"Wu D, Potluri N, Lu J, Kim Y, Rastinejad F. Structural integration in hypoxia-inducible factors. Nature. 2015 Aug 20;524(7565):303–8. doi: 10.1038/nature14883. PMID: 26245371.",7099
2.89,1QVT,CRYSTAL STRUCTURE OF THE MULTIDRUG BINDING TRANSCRIPTIONAL REPRESSOR QACR BOUND TO THE DRUG PROFLAVINE,X-RAY DIFFRACTION,SO4|PRL,,7099|1117,P0A0N4|1QVT_A,,15257299.0,10.1038/sj.emboj.7600288,PMC514915,21363626.0,2004; 23(15):2923-2930,7099
2.96,1QVU,Crystal structure of the multidrug binding transcriptional repressor QacR bound to two drugs: ethidium and proflavine,X-RAY DIFFRACTION,PRL|ET,,7099|3624,P0A0N4|1QVT_A,,15257299.0,10.1038/sj.emboj.7600288,PMC514915,21363626.0,2004; 23(15):2923-2930,7099
3.05,8UTA,yjdF riboswitch from R. gauvreauii in complex with proflavine bound to Fab BL3-6 S97N,X-RAY DIFFRACTION,PRL|MG,,888|7099,,,,,,,,7099
,2KD4,"Solution structure and thermodynamics of 2',5' RNA intercalation",SOLUTION NMR,PRL,,7099,,,19309071.0,10.1021/ja810068e,,18727837.0,"Horowitz ED, Lilavivat S, Holladay BW, Germann MW, Hud NV. Solution structure and thermodynamics of 2',5' RNA intercalation. J Am Chem Soc. 2009 Apr 29;131(16):5831–8. doi: 10.1021/ja810068e. PMID: 19309071.",7099
2.6,8BYN,Chronic traumatic encephalopathy tau filaments with PET ligand flortaucipir,ELECTRON MICROSCOPY,S9C,,71059746,P10636,4137,,,,,,71059746
1.46,7L73,Crystal structure of the first bromodomain (BD1) of human BRDT bound to ERK5-IN-1,X-RAY DIFFRACTION,VYJ,,71604307,Q58F21|4FLP_A,676.0,34710325.0,10.1021/acs.jmedchem.1c01096,PMC9119049,11576592.0,"Karim RM, Bikowitz MJ, Chan A, Zhu J, Grassie D, Becker A, Berndt N, Gunawan S, Lawrence NJ, Schönbrunn E. Differential BET Bromodomain Inhibition by Dihydropteridinone and Pyrimidodiazepinone Kinase Inhibitors. J. Med. Chem. 2021 Oct 28;64(21):15772–86. doi: 10.1021/acs.jmedchem.1c01096.",71604307
1.7,7K6G,Crystal structure of the first bromodomain (BD1) of human BRD4 bound to ERK5-IN-1,X-RAY DIFFRACTION,EDO|VYJ,,71604307|174,O60885|3MXF_A|4HBW_A|2YEM_A,23476.0,34710325.0,10.1021/acs.jmedchem.1c01096,PMC9119049,11576592.0,"Karim RM, Bikowitz MJ, Chan A, Zhu J, Grassie D, Becker A, Berndt N, Gunawan S, Lawrence NJ, Schönbrunn E. Differential BET Bromodomain Inhibition by Dihydropteridinone and Pyrimidodiazepinone Kinase Inhibitors. J. Med. Chem. 2021 Oct 28;64(21):15772–86. doi: 10.1021/acs.jmedchem.1c01096.",71604307
2.302,7LAZ,Crystal structure of the first bromodomain (BD1) of human BRD3 bound to ERK5-IN-1,X-RAY DIFFRACTION,VYJ,,71604307,Q15059,8019.0,34710325.0,10.1021/acs.jmedchem.1c01096,PMC9119049,11576592.0,"Karim RM, Bikowitz MJ, Chan A, Zhu J, Grassie D, Becker A, Berndt N, Gunawan S, Lawrence NJ, Schönbrunn E. Differential BET Bromodomain Inhibition by Dihydropteridinone and Pyrimidodiazepinone Kinase Inhibitors. J. Med. Chem. 2021 Oct 28;64(21):15772–86. doi: 10.1021/acs.jmedchem.1c01096.",71604307
2.4,7LAU,Crystal structure of the first bromodomain (BD1) of human BRD2 bound to ERK5-IN-1,X-RAY DIFFRACTION,VYJ,,71604307,,,34710325.0,10.1021/acs.jmedchem.1c01096,PMC9119049,11576592.0,"Karim RM, Bikowitz MJ, Chan A, Zhu J, Grassie D, Becker A, Berndt N, Gunawan S, Lawrence NJ, Schönbrunn E. Differential BET Bromodomain Inhibition by Dihydropteridinone and Pyrimidodiazepinone Kinase Inhibitors. J. Med. Chem. 2021 Oct 28;64(21):15772–86. doi: 10.1021/acs.jmedchem.1c01096.",71604307
2.7,7LBT,Crystal structure of the second bromodomain (BD2) of human BRD3 bound to ERK5-IN-1,X-RAY DIFFRACTION,VYJ,,71604307,Q15059,8019.0,34710325.0,10.1021/acs.jmedchem.1c01096,PMC9119049,11576592.0,"Karim RM, Bikowitz MJ, Chan A, Zhu J, Grassie D, Becker A, Berndt N, Gunawan S, Lawrence NJ, Schönbrunn E. Differential BET Bromodomain Inhibition by Dihydropteridinone and Pyrimidodiazepinone Kinase Inhibitors. J. Med. Chem. 2021 Oct 28;64(21):15772–86. doi: 10.1021/acs.jmedchem.1c01096.",71604307
2.75,7LEK,Crystal structure of the second bromodomain (BD2) of human BRDT bound to ERK5-IN-1,X-RAY DIFFRACTION,CL|EDO|VYJ,,174|312|71604307,Q58F21|4FLP_A,676.0,34710325.0,10.1021/acs.jmedchem.1c01096,PMC9119049,11576592.0,"Karim RM, Bikowitz MJ, Chan A, Zhu J, Grassie D, Becker A, Berndt N, Gunawan S, Lawrence NJ, Schönbrunn E. Differential BET Bromodomain Inhibition by Dihydropteridinone and Pyrimidodiazepinone Kinase Inhibitors. J. Med. Chem. 2021 Oct 28;64(21):15772–86. doi: 10.1021/acs.jmedchem.1c01096.",71604307
2.93,7LG8,EGFR (T79M/V948R) in complex with naquotinib and an allosteric inhibitor,X-RAY DIFFRACTION,VNS|8RC,,156595832|71667668,P00533|3IKA_A|3UG2_A|2RGP_A|2ITY_A|2JIU_A|3LZB_A|2ITO_A|2ITT_A|1XKK_A,1956,35534503.0,10.1038/s41467-022-30258-y,PMC9085736,33911444.0,"Beyett TS, To C, Heppner DE, Rana JK, Schmoker AM, Jang J, De Clercq DJH, Gomez G, Scott DA, Gray NS, Jänne PA, Eck MJ. Molecular basis for cooperative binding and synergy of ATP-site and allosteric EGFR inhibitors. Nature Communications. 2022 May 09;13(1):2530. doi: 10.1038/s41467-022-30258-y.",71667668
3.25,5Y9T,Crystal Structure of EGFR T790M mutant in complex with naquotinib,X-RAY DIFFRACTION,8RC,,71667668,P00533|3IKA_A|3UG2_A|2RGP_A|2ITY_A|2JIU_A|3LZB_A|2ITO_A|2ITT_A|1XKK_A,1956,29467275.0,10.1158/1535-7163.mct-17-1033,,33085715.0,"Hirano T, Yasuda H, Hamamoto J, Nukaga S, Masuzawa K, Kawada I, Naoki K, Niimi T, Mimasu S, Sakagami H, Soejima K, Betsuyaku T. Pharmacological and Structural Characterizations of Naquotinib, a Novel Third-Generation EGFR Tyrosine Kinase Inhibitor, in EGFR-Mutated Non-Small Cell Lung Cancer. Mol Cancer Ther. 2018 Apr;17(4):740–50. doi: 10.1158/1535-7163.mct-17-1033. PMID: 29467275.",71667668
1.91,8C2Z,Crystal structure of DYRK1B in complex with AZ191,X-RAY DIFFRACTION,MN|QS0,,27854|72716071,Q9Y463,9149,,,,,,72716071
2.08,8C3G,Crystal structure of DYRK1A in complex with AZ191,X-RAY DIFFRACTION,SO4|EDO|QS0,,174|72716071|1117,Q13627|3ANQ_A,1859,,,,,,72716071
2.783,8R7E,MutSbeta bound to compound CHDI-00898647 in the canonical DNA-mismatch bound form,X-RAY DIFFRACTION,YKQ|SO4|EDO|ADP|CL,,174|72734520|312|6022|1117,P20585|P43246,4437|4436,,,,,,72734520
3.12,8R7V,MutSbeta bound to compound CHDI-00898647 in the canonical DNA-mismatch bound form,ELECTRON MICROSCOPY,MG|ADP|YKQ|SO4,,6022|888|72734520|1117,P43246|P20585,4436|4437,,,,,,72734520
3.1,7RLI,Cryo-EM structure of human p97 bound to CB-5083 and ADP.,ELECTRON MICROSCOPY,JDP|ADP,,6022|73051434,P55072|3HU1_A|3HU2_A|3HU3_A|3TIW_A,7415,34520757.0,10.1016/j.jbc.2021.101187,PMC8517850,12238393.0,"Caffrey B, Zhu X, Berezuk A, Tuttle K, Chittori S, Subramaniam S. AAA+ ATPase p97/VCP mutants and inhibitor binding disrupt inter-domain coupling and subsequent allosteric activation. Journal of Biological Chemistry. 2021 Oct;297(4):101187. doi: 10.1016/j.jbc.2021.101187.",73051434
3.77,6MCK,p97 D1D2 with CB5083 bound,X-RAY DIFFRACTION,JDP,,73051434,P55072|3HU1_A|3HU2_A|3HU3_A|3TIW_A,7415,30591537.0,10.1124/mol.118.114256,PMC6355941,18908894.0,"Tang WK, Odzorig T, Jin W, Xia D. Structural Basis of p97 Inhibition by the Site-Selective Anticancer Compound CB-5083. Molecular Pharmacology. 2019 Mar;95(3):286–93. doi: 10.1124/mol.118.114256.",73051434
3.8,7RLJ,Cryo-EM structure of human p97 bound to CB-5083 and ATPgS.,ELECTRON MICROSCOPY,JDP|AGS|MG,,73051434|888|440317,P55072|3HU1_A|3HU2_A|3HU3_A|3TIW_A,7415,34520757.0,10.1016/j.jbc.2021.101187,PMC8517850,12238393.0,"Caffrey B, Zhu X, Berezuk A, Tuttle K, Chittori S, Subramaniam S. AAA+ ATPase p97/VCP mutants and inhibitor binding disrupt inter-domain coupling and subsequent allosteric activation. Journal of Biological Chemistry. 2021 Oct;297(4):101187. doi: 10.1016/j.jbc.2021.101187.",73051434
1.85,7PAE,The crystal structure of Deltarasin in complex with PDE6D,X-RAY DIFFRACTION,ACY|O7T,,176|73292904,O43924|3T5I_A,5147,35422065.0,10.1038/s41408-022-00663-z,PMC9010429,34039407.0,2022; 12(4):64,73292904
2.84,6PFM,Crystal structure of GDC-0927 bound to estrogen receptor alpha,X-RAY DIFFRACTION,OGJ,,87055263,P03372|1SJ0_A|2IOK_A|2IOG_A|1UOM_A|1QKT_A|1PCG_A|1QKU_A|4DMA_A|1ZKY_A|1X7E_A|2P15_A|1GWQ_A,2099,31311734.0,10.1016/j.bmcl.2019.07.013,,32446583.0,"Labadie SS, Li J, Blake RA, Chang JH, Goodacre S, Hartman SJ, Liang W, Kiefer JR, Kleinheinz T, Lai T, Liao J, Ortwine DF, Mody V, Ray NC, Roussel F, Vinogradova M, Yeap SK, Zhang B, Zheng X, Zbieg JR, Liang J, Wang X. Discovery of a C-8 hydroxychromene as a potent degrader of estrogen receptor alpha with improved rat oral exposure over GDC-0927. Bioorganic & Medicinal Chemistry Letters. 2019 Aug;29(16):2090–3. doi: 10.1016/j.bmcl.2019.07.013.",87055263
2.401,5X02,Crystal structure of the FLT3 kinase domain bound to the inhibitor FF-10101,X-RAY DIFFRACTION,F6M|SO4,,90052320|1117,P36888,2322,29187377.0,10.1182/blood-2017-05-786657,,28377112.0,"Yamaura T, Nakatani T, Uda K, Ogura H, Shin W, Kurokawa N, Saito K, Fujikawa N, Date T, Takasaki M, Terada D, Hirai A, Akashi A, Chen F, Adachi Y, Ishikawa Y, Hayakawa F, Hagiwara S, Naoe T, Kiyoi H. A novel irreversible FLT3 inhibitor, FF-10101, shows excellent efficacy against AML cells with FLT3 mutations. Blood. 2018 Jan 25;131(4):426–38. doi: 10.1182/blood-2017-05-786657. PMID: 29187377.",90052320
2.334,6B0Z,IDH1 R132H mutant in complex with IDH305,X-RAY DIFFRACTION,C81|NDP|FLC,,31348|5884|90415637,O75874,3417,29057061.0,10.1021/acsmedchemlett.7b00342,PMC5641959,18884941.0,"Cho YS, Levell JR, Liu G, Caferro T, Sutton J, Shafer CM, Costales A, Manning JR, Zhao Q, Sendzik M, Shultz M, Chenail G, Dooley J, Villalba B, Farsidjani A, Chen J, Kulathila R, Xie X, Dodd S, Gould T, Liang G, Heimbach T, Slocum K, Firestone B, Pu M, Pagliarini R, Growney JD. Discovery and Evaluation of Clinical Candidate IDH305, a Brain Penetrant Mutant IDH1 Inhibitor. ACS Med. Chem. Lett. 2017 Sep 22;8(10):1116–21. doi: 10.1021/acsmedchemlett.7b00342.",90415637
2.75,7NAA,Crystal structure of Mycobacterium tuberculosis H37Rv PknF kinase domain,X-RAY DIFFRACTION,V17,,9549298,P9WI75,45425719|885275,34382010.0,10.1016/j.crstbi.2021.07.001,PMC8339232,32501916.0,"Cabarca S, Frazão de Souza M, Albert de Oliveira A, Vignoli Muniz GS, Lamy MT, Vinicius dos Reis C, Takarada J, Effer B, Souza LS, Iriarte de la Torre L, Couñago R, Pinto Oliveira CL, Balan A. Structure of the Mycobacterium tuberculosis cPknF and conformational changes induced in forkhead-associated regulatory domains. Current Research in Structural Biology. 2021;3():165–78. doi: 10.1016/j.crstbi.2021.07.001.",9549298
1.40001,6UOC,Crystal structure of Danio rerio histone deacetylase 6 catalytic domain 1 (CD1) K330L mutant complexed with Givinostat,X-RAY DIFFRACTION,ZN|QCM|EDO|K,,813|9804992|32051|174,,,31755702.0,10.1021/acs.biochem.9b00934,PMC6904440,4015445.0,"Osko JD, Christianson DW. Structural Basis of Catalysis and Inhibition of HDAC6 CD1, the Enigmatic Catalytic Domain of Histone Deacetylase 6. Biochemistry. 2019 Dec 10;58(49):4912–24. PMID: 31755702; PMCID: PMC6904440.",9804992
2.597,4NCT,Human DYRK1A in complex with PKC412,X-RAY DIFFRACTION,2K2,,9829523,Q13627|3ANQ_A,1859,25945585.0,10.1107/s1399004715005106,,26974607.0,"Alexeeva M, Åberg E, Engh RA, Rothweiler U. The structure of a dual-specificity tyrosine phosphorylation-regulated kinase 1A-PKC412 complex reveals disulfide-bridge formation with the anomalous catalytic loop HRD(HCD) cysteine. Acta Crystallogr D Biol Crystallogr. 2015 May;71(Pt 5):1207–15. doi: 10.1107/s1399004715005106. PMID: 25945585.",9829523
2.977,4K5Y,Crystal structure of human corticotropin-releasing factor receptor 1 (CRF1R) in complex with the antagonist CP-376395,X-RAY DIFFRACTION,OLC|SO4|PGW|1Q5|OLA|1PE,,11451146|1117|62551|52941750|9862166|445639,P34998|P00720|3QAK_A|4DJH_A|3OE6_A|220L_A|3ODU_A|1L83_A|223L_A|1LGW_A|3RUN_A|3OE9_A|3P0G_A|3EML_A,1394|1258585,23863939.0,10.1038/nature12357,,22188911.0,"Hollenstein K, Kean J, Bortolato A, Cheng RK, Doré AS, Jazayeri A, Cooke RM, Weir M, Marshall FH. Structure of class B GPCR corticotropin-releasing factor receptor 1. Nature. 2013 Jul 25;499(7459):438–43. doi: 10.1038/nature12357. PMID: 23863939.",9862166
3.183,4Z9G,Crystal structure of human corticotropin-releasing factor receptor 1 (CRF1R) in complex with the antagonist CP-376395 in a hexagonal setting with translational non-crystallographic symmetry,X-RAY DIFFRACTION,SO4|1Q5|OLA,,9862166|445639|1117,P34998,1394,28183242.0,10.2174/1874467210666170110114727,PMC5684783,8762173.0,"Dore AS, Bortolato A, Hollenstein K, Cheng RKY, Read RJ, Marshall FH. Decoding Corticotropin-Releasing Factor Receptor Type 1 Crystal Structures. CMP. 2017 Oct 04;10(4). doi: 10.2174/1874467210666170110114727.",9862166
1.86,2VRX,Structure of Aurora B kinase in complex with ZM447439,X-RAY DIFFRACTION,447,,9914412,O13024|Q6DE08|2VGO_A,398105|398457,18559266.0,10.1016/j.chembiol.2008.04.013,,12644137.0,"Girdler F, Sessa F, Patercoli S, Villa F, Musacchio A, Taylor S. Molecular Basis of Drug Resistance in Aurora Kinases. Chemistry & Biology. 2008 Jun;15(6):552–62. doi: 10.1016/j.chembiol.2008.04.013.",9914412
1.95,4D58,Focal Adhesion Kinase catalytic domain in complex with bis-anilino pyrimidine inhibitor,X-RAY DIFFRACTION,BI9|SO4,,9934347|1117,Q00944|2JKQ_A|2JKM_A|2JKK_A,,25650936.0,10.1016/j.bpj.2014.11.3454,PMC4317530,24961552.0,"Zhou J, Bronowska A, Le Coq J, Lietha D, Gräter F. Allosteric Regulation of Focal Adhesion Kinase by PIP2 and ATP. Biophysical Journal. 2015 Feb;108(3):698–705. doi: 10.1016/j.bpj.2014.11.3454.",9934347
2.0,4D4S,Focal Adhesion Kinase catalytic domain,X-RAY DIFFRACTION,BI9|SO4|DMS,,679|9934347|1117,Q00944|2JKQ_A|2JKM_A|2JKK_A,,25650936.0,10.1016/j.bpj.2014.11.3454,PMC4317530,24961552.0,"Zhou J, Bronowska A, Le Coq J, Lietha D, Gräter F. Allosteric Regulation of Focal Adhesion Kinase by PIP2 and ATP. Biophysical Journal. 2015 Feb;108(3):698–705. doi: 10.1016/j.bpj.2014.11.3454.",9934347
2.0,2JKK,Focal Adhesion Kinase catalytic domain in complex with bis-anilino pyrimidine inhibitor,X-RAY DIFFRACTION,BI9|SO4,,9934347|1117,Q00944|2JKQ_A|2JKM_A|2JKK_A,,19030106.0,10.1371/journal.pone.0003800,PMC2582962,364926.0,"Lietha D, Eck MJ. Crystal Structures of the FAK Kinase in Complex with TAE226 and Related Bis-Anilino Pyrimidine Inhibitors Reveal a Helical DFG Conformation. PLoS ONE. 2008 Nov 24;3(11):e3800. doi: 10.1371/journal.pone.0003800.",9934347
2.0,6BQL,Crystal Structure of the Human CAMKK2B in complex with TAE-226,X-RAY DIFFRACTION,BI9|CL|NH4|ACT|EDO,,223|174|9934347|312|175,Q96RR4|2ZV2_A,10645.0,,,,,,9934347
2.7,5I9I,Crystal structure of LP_PLA2 in complex with Darapladib,X-RAY DIFFRACTION,5HV|SO4,,9939609|1117,Q13093,7941,27078579.0,10.1021/acs.jmedchem.6b00282,,22260320.0,"Liu Q, Chen X, Chen W, Yuan X, Su H, Shen J, Xu Y. Structural and Thermodynamic Characterization of Protein-Ligand Interactions Formed between Lipoprotein-Associated Phospholipase A2 and Inhibitors. J Med Chem. 2016 May 26;59(10):5115–20. doi: 10.1021/acs.jmedchem.6b00282. PMID: 27078579.",9939609
2.9,4DJH,Structure of the human kappa opioid receptor in complex with JDTic,X-RAY DIFFRACTION,OLC|CIT|JDC|PEG,,9956146|8117|11451146|311,P41145|4DJH_A|P00720|3QAK_A|3OE6_A|220L_A|3ODU_A|1L83_A|223L_A|1LGW_A|3RUN_A|3OE9_A|3P0G_A|3EML_A,4986|1258585,22437504.0,10.1038/nature10939,PMC3356457,2455615.0,"Wu H, Wacker D, Mileni M, Katritch V, Han GW, Vardy E, Liu W, Thompson AA, Huang X, Carroll FI, Mascarella SW, Westkaemper RB, Mosier PD, Roth BL, Cherezov V, Stevens RC. Structure of the human ?-opioid receptor in complex with JDTic. Nature. 2012 Mar 21;485(7398):327–32. doi: 10.1038/nature10939.",9956146
3.0,8VVF,Kappa opioid receptor:Galphai protein in complex with inverse agonist JDTic,ELECTRON MICROSCOPY,JDC,,9956146,,,39775170.0,10.1038/s41589-024-01812-0,PMC12202187,38224265.0,2025; 21(7):1046-1057,9956146
3.3,6VI4,Nanobody-Enabled Monitoring of Kappa Opioid Receptor States,X-RAY DIFFRACTION,JDC|CLR,,5997|9956146,P41145|4DJH_A,4986,32123179.0,10.1038/s41467-020-14889-7,PMC7052193,23004229.0,"Che T, English J, Krumm BE, Kim K, Pardon E, Olsen RHJ, Wang S, Zhang S, Diberto JF, Sciaky N, Carroll FI, Steyaert J, Wacker D, Roth BL. Nanobody-enabled monitoring of kappa opioid receptor states. Nat Commun. 2020 Mar 02;11(1). doi: 10.1038/s41467-020-14889-7.",9956146
3.58,9D61,"Kappa opioid receptor:Galphai protein in complex with inverse agonist JDTic , no scFv16",ELECTRON MICROSCOPY,JDC,,9956146,,,39775170.0,10.1038/s41589-024-01812-0,PMC12202187,38224265.0,2025; 21(7):1046-1057,9956146
