CDoT Plate No.,*.1 Barcode_Well address,Unnamed: 2,Hit rate,pert_iname,pert_iname.1,concentration_mM,vendor,catalog_no,smiles,InChIKey,pubchem_cid,clinical_phase,moa,target,disease_area,indication,DMPNN_prediction,max_tanimoto_active,MAIP_pred_score,max_topological_tanimoto,Unnamed: 0,Unnamed: 3,*.1 value,*.2 value,average,duplicate range (% of dyn range),Unnamed: 8,Unnamed: 9,Unnamed: 10,Unnamed: 11,Unnamed: 12,Unnamed: 13,Unnamed: 14,average.1,ISNUMBER
19,BR00130947K18,BRD-K51329597-001-02-9,85.06966117,-AZM 475271.00,-AZM 475271.00,10.0,Tocris,3963,COc1ccc(Cl)c(Nc2ncnc3cc(OCC4CCN(C)CC4)c(OC)cc23)c1,WPOXAFXHRJYEIC-UHFFFAOYSA-N,5330175.0,Preclinical,SRC inhibitor,SRC,,,1.0,0.458333333,75.35483659,0.768537074,,,,,,,,,,,,,,,
11,BR00130917J06,BRD-K17705806-003-03-6,100.3037742,JTC-801,JTC-801,10.0,Selleck,S2722,CCc1ccc(OCc2ccccc2C(=O)Nc2ccc3nc(C)cc(N)c3c2)cc1,VTGBZWHPJFMTKS-UHFFFAOYSA-N,5311340.0,Phase 2,opioid receptor antagonist,OPRL1,,,1.0,0.538461538,42.50193796,0.706559264,,,,,,,,,,,,,,,
12,BR00130916N19,BRD-K57169635-001-05-9,94.28830572,dacomitinib,dacomitinib,10.0,Tocris,6231,COc1cc2ncnc(Nc3ccc(F)c(Cl)c3)c2cc1NC(=O)\C=C\CN1CCCCC1,LVXJQMNHJWSHET-AATRIKPKSA-N,11511120.0,Launched,EGFR inhibitor,EGFR|ERBB2|ERBB4,,,1.0,0.393617021,80.51496079,0.615859031,,,,,,,,,,,,,,,
20,BR00130945P03,BRD-K73799155-001-01-5,97.79277725,NSC-5844,NSC-5844,10.000048,MedChemEx,HY-100033,Clc1ccc2c(NCCNc3ccnc4cc(Cl)ccc34)ccnc2c1,SSXYXSMMVMVYEV-UHFFFAOYSA-N,221354.0,Preclinical,CC chemokine receptor agonist,CCR1,,,1.0,0.966666667,52.32449729,1.0,,,,,,,,,,,,,,,
14,BR00130957L17,BRD-K26122255-001-01-7,94.7881427,VLX600,VLX600,10.0,Enamine,EN300-395210,CC(=NNc1nnc2c(n1)[nH]c1c(C)cccc21)c1ccccn1,UQOSBPRTQFFUOA-UHFFFAOYSA-N,6806409.0,Phase 1,antitumor agent|ubiquitin C-terminal hydrolase inhibitor,TP53|USP14,,,1.0,0.385964912,14.55888029,0.730836237,,,,,,,,,,,,,,,
22,BR00130941I05,BRD-K79930101-300-05-9,91.89232888,GW-583340,GW-583340,10.0,Tocris,2239,CS(=O)(=O)CCNCc1nc(cs1)-c1ccc2ncnc(Nc3ccc(OCc4cccc(F)c4)c(Cl)c3)c2c1,MNNXRVSQOABRRP-UHFFFAOYSA-N,5329480.0,Preclinical,EGFR inhibitor,EGFR|ERBB2,,,1.0,0.612903226,94.10329341,0.686925795,,,,,,,,,,,,,,,
3,BR00130933C11,BRD-A99117172-065-05-7,98.87440673,hydroxychloroquine,hydroxychloroquine,10.37924438,Sigma,MFCD00078203,CCN(CCO)CCCC(C)Nc1ccnc2cc(Cl)ccc12,XXSMGPRMXLTPCZ-UHFFFAOYSA-N,12947.0,Launched,antimalarial agent,TLR7|TLR9,infectious disease,malaria,1.0,0.86,75.87558711,0.974264706,,,,,,,,,,,,,,,
2,BR00130935I05,BRD-A91699651-316-11-7,99.40732008,chloroquine,chloroquine,10.26245132,Selleck,S4157,CCN(CC)CCC[C@@H](C)Nc1ccnc2cc(Cl)ccc12 |&1:8|,WHTVZRBIWZFKQO-CQSZACIVSA-N,444810.0,Launched,antimalarial agent,MRGPRX1,infectious disease,malaria|amebiasis,1.0,1.0,70.48471983,1.0,,,,,,,,,,,,,,,
5,BR00130929E13,BRD-K13514097-001-09-9,93.64505546,everolimus,everolimus,10.0,Tocris,6188,"CO[C@@H]1C[C@H](C[C@@H](C)[C@@H]2CC(=O)[C@H](C)\C=C(C)\[C@@H](O)[C@@H](OC)C(=O)[C@H](C)C[C@H](C)\C=C\C=C\C=C(C)\[C@H](C[C@@H]3CC[C@@H](C)[C@@](O)(O3)C(=O)C(=O)N3CCCC[C@H]3C(=O)O2)OC)CC[C@H]1OCCO |c:14,33,t:29,31|",HKVAMNSJSFKALM-FLOWVUKKSA-N,,Launched,mTOR inhibitor,MTOR,oncology|neurology/psychiatry|genetics|urology,breast cancer|neuroendocrine tumors of pancreatic origin (PNET)|renal cell carcinoma (RCC)|subependymal giant cell astrocytoma (SEGA)|tuberous sclerosis complex (TSC)|renal angiomyolipoma,1.0,0.201298701,123.3205267,0.563033651,,,,,,,,,,,,,,,
16,BR00130953K17,BRD-K78809024-001-03-2,99.33893437,SB-590885,SB-590885,10.0,Selleck,SB590885,CN(C)CCOc1ccc(cc1)-c1nc(c([nH]1)-c1ccc2\C(CCc2c1)=N\O)-c1ccncc1,MLSAQOINCGAULQ-QFMPWRQOSA-N,135421339.0,Preclinical,RAF inhibitor,BRAF,,,1.0,0.657142857,71.103641,0.752293578,,,,,,,,,,,,,,,
10,BR00130919H03,BRD-K19085898-001-02-9,98.68558451,darapladib,darapladib,10.0,MedChemEx,HY-10521,CCN(CC)CCN(Cc1ccc(cc1)-c1ccc(cc1)C(F)(F)F)C(=O)Cn1c2CCCc2c(=O)nc1SCc1ccc(F)cc1,WDPFJWLDPVQCAJ-UHFFFAOYSA-N,9939609.0,Phase 3,phospholipase inhibitor,PLA2G7,,,1.0,0.764705882,26.29064479,0.958088235,,,,,,,,,,,,,,,
22,BR00130941J14,BRD-K17511755-001-02-9,96.68804138,APY-29,APY-29,10.0,Tocris,4865,C1CC1c1cc(Nc2ccnc(Nc3ccc4nc[nH]c4c3)n2)[nH]n1,WJNBSTLIALIIEW-UHFFFAOYSA-N,42627755.0,Preclinical,serine/threonine kinase inhibitor,ERN 1.00,,,1.0,0.385714286,75.68903922,0.635342186,,,,,,,,,,,,,,,
22,BR00130941E15,BRD-K90737788-001-02-9,94.48489322,GSK2193874,GSK2193874,10.0,Tocris,5106,FC(F)(F)c1cccc(c1)-c1nc2cc(Br)ccc2c(C(=O)NC2(CC2)c2ccccc2)c1CN1CCC(CC1)N1CCCCC1,UIVOZBSCHXCGPS-UHFFFAOYSA-N,53464483.0,Preclinical,transient receptor potential channel antagonist,TRPV4,,,1.0,0.355769231,66.78468089,0.745541838,,,,,,,,,,,,,,,
4,BR00130931N07,BRD-K91290917-336-05-3,99.76875606,amodiaquine,amodiaquine,10.0,Prestwick,Prestw-309,CCN(CC)Cc1cc(Nc2ccnc3cc(Cl)ccc23)ccc1O,OVCDSSHSILBFBN-UHFFFAOYSA-N,3647519.0,Launched,histamine receptor agonist,HNMT,infectious disease,malaria,1.0,1.0,73.7061379,1.0,,,,,,,,,,,,,,,
9,BR00130921M18,BRD-K68928792-001-03-2,104.5857778,aldoxorubicin,aldoxorubicin,10.0,MedChemEx,HY-16261,COc1cccc2C(=O)c3c(O)c4C[C@](O)(C[C@H](O[C@H]5C[C@H](N)[C@H](O)[C@H](C)O5)c4c(O)c3C(=O)c12)C(\CO)=N\NC(=O)CCCCCN1C(=O)C=CC1=O |c:55|,OBMJQRLIQQTJLR-USGQOSEYSA-N,9810709.0,Phase 3,topoisomerase inhibitor,TOP2A,,,1.0,0.731182796,82.03350511,0.874393204,,,,,,,,,,,,,,,
12,BR00130916B22,BRD-K26122255-001-02-9,99.08942316,VLX600,VLX600,10.0,ChemDiv,1927-8053,C\C(=N\Nc1nnc2c(n1)[nH]c1c(C)cccc21)c1ccccn1,UQOSBPRTQFFUOA-NHDPSOOVSA-N,6413301.0,Phase 1,antitumor agent|ubiquitin C-terminal hydrolase inhibitor,TP53|USP14,,,1.0,0.385964912,14.55888029,0.730836237,,,,,,,,,,,,,,,
21,BR00130943M21,BRD-K02135007-001-01-8,98.85979051,THZ1-R,THZ1-R,9.999940578,MedChemEx,HY-19988,CN(C)CCCC(=O)Nc1ccc(cc1)C(=O)Nc1cccc(Nc2ncc(Cl)c(n2)-c2c[nH]c3ccccc23)c1,TUERFPPIPKZNKE-UHFFFAOYSA-N,119081415.0,Preclinical,CDK inhibitor,CDK7,0,0,1.0,0.454545455,111.5863228,0.608783784,,,,,,,,,,,,,,,
18,BR00130949P13,BRD-K93217218-300-03-9,99.87371771,PD-166285,PD-166285,10.0,Tocris,3785,CCN(CC)CCOc1ccc(Nc2ncc3cc(-c4c(Cl)cccc4Cl)c(=O)n(C)c3n2)cc1,IFPPYSWJNWHOLQ-UHFFFAOYSA-N,5311382.0,Preclinical,SRC inhibitor,EGFR|FGFR1|PDGFRB|PKMYT1|SRC|WEE1,,,1.0,1.0,74.28878094,1.0,,,,,,,,,,,,,,,
21,BR00130943J21,BRD-K13060017-001-02-1,100.2246388,UNC0631,UNC0631,9.999979347,MedChemEx,HY-13808,COc1cc2c(NC3CCN(CC4CCCCC4)CC3)nc(nc2cc1OCCCN1CCCCC1)N1CCCN(CC1)C(C)C,XFAXSWXKPQWHDW-UHFFFAOYSA-N,53315868.0,Preclinical,histone lysine methyltransferase inhibitor,EHMT2,0,0,1.0,0.414634146,103.7239031,0.719501336,,,,,,,,,,,,,,,
14,BR00130957K20,BRD-K03067624-312-22-9,99.99133817,emetine,emetine,10.0,MedChemEx,HY-B1479B,CC[C@H]1CN2CCc3cc(OC)c(OC)cc3[C@@H]2C[C@@H]1C[C@H]1NCCc2cc(OC)c(OC)cc12,AUVVAXYIELKVAI-CKBKHPSWSA-N,10219.0,Phase 2,protein synthesis inhibitor,RPS2,,,1.0,1.0,57.85265697,1.0,,,,,,,,,,,,,,,
21,BR00130943J10,BRD-K72703948-001-09-3,86.61092458,ZM-447439,ZM-447439,10.0,Selleck,S1103,COc1cc2c(Nc3ccc(NC(=O)c4ccccc4)cc3)ncnc2cc1OCCCN1CCOCC1,OGNYUTNQZVRGMN-UHFFFAOYSA-N,9914412.0,Preclinical,Aurora kinase inhibitor,AURKA|AURKB,0,0,1.0,1.0,76.32158441,1.0,,,,,,,,,,,,,,,
1,BR00130937O17,BRD-K77685957-300-10-9,100.1113981,dequalinium,dequalinium,10.0,MedChemEx,HY-B0567,Cc1cc(N)c2ccccc2[n+]1CCCCCCCCCC[n+]1c(C)cc(N)c2ccccc12,PCSWXVJAIHCTMO-UHFFFAOYSA-P,2993.0,Launched,PKC inhibitor,KCNN1|KCNN3,infectious disease,first-aid antiseptic,1.0,1.0,50.23070628,1.0,,,,,,,,,,,,,,,
9,BR00130921K19,BRD-K41278234-001-04-9,99.9241424,CUDC-101,CUDC-101,10.0,MedChemEx,HY-10223,COc1cc2ncnc(Nc3cccc(c3)C#C)c2cc1OCCCCCCC(=O)NO,PLIVFNIUGLLCEK-UHFFFAOYSA-N,24756910.0,Phase 1,EGFR inhibitor,EGFR|ERBB2,,,1.0,0.482352941,73.11371749,0.773206751,,,,,,,,,,,,,,,
15,BR00130955M11,BRD-K44309363-003-02-1,83.12771987,dexniguldipine,dexniguldipine,7.5,Tocris,1124,"COC(=O)C1=C(C)NC(C)=C([C@@H]1c1cccc(c1)[N+]([O-])=O)C(=O)OCCCN1CCC(CC1)(c1ccccc1)c1ccccc1 |c:4,9|",SVJMLYUFVDMUHP-MGBGTMOVSA-N,6918097.0,Phase 2,calmodulin antagonist,ADORA3,,,1.0,0.459770115,34.68471691,0.73630137,,,,,,,,,,,,,,,
19,BR00130947F06,BRD-K17743697-066-05-9,92.79038402,KB-R7943,KB-R7943,10.0,Tocris,1244,NC(=N)SCCc1ccc(OCc2ccc(cc2)[N+]([O-])=O)cc1,UMJUNUMSJDTYTM-UHFFFAOYSA-N,4534086.0,Preclinical,sodium/calcium exchange inhibitor,SLC8A1|TRPC3|TRPC5|TRPC6,,,1.0,0.327868852,11.14619475,0.425561798,,,,,,,,,,,,,,,
6,BR00130927D03,BRD-A05926236-001-05-3,99.33579229,lumefantrine,lumefantrine,10.0,Enamine,Z1541758602,"CCCCN(CCCC)C[C@@H](O)c1cc(Cl)cc2\C(=C/c3ccc(Cl)cc3)c3cc(Cl)ccc3-c12 |&1:10,r|",DYLGFOYVTXJFJP-OXTLUBNBSA-N,73416445.0,Launched,antimalarial agent,ATP1A1,infectious disease,malaria,1.0,1.0,45.33958299,1.0,,,,,,,,,,,,,,,
17,BR00130951F20,BRD-K22662557-300-03-9,99.45732775,WIN-64338,WIN-64338,10.0,Tocris,1057,CCCC[P+](CCCC)(CCCC)Cc1ccc(NC(=O)[C@H](Cc2ccc3ccccc3c2)N\C(NC2CCCCC2)=N\C2CCCCC2)cc1,UKMJWGFHXMGRNG-QLKFWGTOSA-O,132928.0,Preclinical,bradykinin receptor antagonist,BDKRB2,,,1.0,0.370786517,39.40507837,0.453410183,,,,,,,,,,,,,,,
6,BR00130927O14,BRD-K39479472-096-06-9,99.12171299,pyrvinium-pamoate,pyrvinium-pamoate,10.23369346,Sigma,S______P0027,CN(C)c1ccc2[n+](C)c(\C=C\c3cc(C)n(c3C)-c3ccccc3)ccc2c1,QMHSXPLYMTVAMK-UHFFFAOYSA-N,5281035.0,Launched,androgen receptor antagonist,AR,infectious disease,pinworm,1.0,0.425925926,62.67542848,0.532923617,,,,,,,,,,,,,,,
17,BR00130951D13,BRD-K45973863-001-01-4,96.23503067,WR99210,WR99210,10.0,Sigma,MFCD01679034,"CC1(C)N=C(N)N=C(N)N1OCCCOc1cc(Cl)c(Cl)cc1Cl |t:3,6|",MJZJYWCQPMNPRM-UHFFFAOYSA-N,121750.0,Preclinical,dihydrofolate reductase inhibitor,TYMS,infectious disease,malaria,1.0,0.975609756,53.14250855,1.0,,,,,,,,,,,,,,,
11,BR00130917J10,BRD-K08542803-001-02-3,100.8451955,gambogic-acid,gambogic-acid,10.0,MedChemEx,HY-N0087,"CC(C)=CCC[C@@]1(C)Oc2c(CC=C(C)C)c3O[C@@]45[C@H]6C[C@@H](C=C4C(=O)c3c(O)c2C=C1)C(=O)[C@]5(C\C=C(\C)C(O)=O)OC6(C)C |c:22,33|",GEZHEQNLKAOMCA-RRZNCOCZSA-N,9852185.0,Phase 2,caspase activator,BCL2,,,1.0,0.191666667,86.57488647,0.790490342,,,,,,,,,,,,,,,
16,BR00130953P18,BRD-K26756394-001-04-9,98.98286284,VE-821,VE-821,10.0,MedChemEx,HY-14731,CS(=O)(=O)c1ccc(cc1)-c1cnc(N)c(n1)C(=O)Nc1ccccc1,DUIHHZKTCSNTGM-UHFFFAOYSA-N,51000408.0,Preclinical,ATR kinase inhibitor,ATR,,,1.0,0.423076923,55.66645865,0.570102136,,,,,,,,,,,,,,,
20,BR00130945N10,BRD-K66401437-001-03-3,96.98772785,THZ1,THZ1,9.99997987,MedChemEx,HY-80013,CN(C)C\C=C\C(=O)Nc1ccc(cc1)C(=O)Nc1cccc(Nc2ncc(Cl)c(n2)-c2c[nH]c3ccccc23)c1,OBJNFLYHUXWUPF-IZZDOVSWSA-N,73602827.0,Preclinical,CDK inhibitor,CDK7,,,1.0,0.444444444,118.7888764,0.608490566,,,,,,,,,,,,,,,
16,BR00130953B09,BRD-K36984403-001-03-5,99.57195919,go-6983,go-6983,10.32713731,Selleck,S2911,COc1ccc2n(CCCN(C)C)cc(C3=C(C(=O)NC3=O)c3c[nH]c4ccccc34)c2c1 |t:15|,LLJJDLHGZUOMQP-UHFFFAOYSA-N,3499.0,Preclinical,protein kinase inhibitor,PRKCA|PRKCB|PRKCD|PRKCG|PRKCZ,,,0.99,0.361445783,87.80606352,0.614748887,,,,,,,,,,,,,,,
3,BR00130933O22,BRD-A18992208-003-02-7,85.59095045,lercanidipine,lercanidipine,10.0,Sigma,MFCD07773089,"COC(=O)C1=C(C)NC(C)=C([C@@H]1c1cccc(c1)[N+]([O-])=O)C(=O)OC(C)(C)CN(C)CCC(c1ccccc1)c1ccccc1 |r,c:4,9|",ZDXUKAKRHYTAKV-MGBGTMOVSA-N,9809926.0,Launched,calcium channel blocker,CACNA2D1,cardiology,hypertension,0.99,0.387096774,39.82040496,0.723076923,,,,,,,,,,,,,,,
5,BR00130929F14,BRD-K04548931-003-08-2,104.4822093,epirubicin,epirubicin,10.0,Selleck,S1223,COc1cccc2C(=O)c3c(O)c4C[C@](O)(C[C@H](O[C@H]5C[C@H](N)[C@@H](O)[C@H](C)O5)c4c(O)c3C(=O)c12)C(=O)CO,"InChI=1S/C27H29NO11/c1-10-22(31)13(28)6-17(38-10)39-15-8-27(36,16(30)9-29)7-12-19(15)26(35)21-20(24(12)33)23(32)11-4-3-5-14(37-2)18(11)25(21)34/h3-5,10,13,15,17,22,29,31,33,35-36H,6-9,28H2,1-2H3/t10-,13-,15-,17-,22-,27-/m0/s1",41867.0,Launched,topoisomerase inhibitor,CHD1|TOP2A,oncology,breast cancer,0.99,1.0,84.0693305,1.0,,,,,,,,,,,,,,,
7,BR00130925L18,BRD-K02130563-001-15-5,99.86740728,panobinostat,panobinostat,10.0,MedChemEx,HY-10224,Cc1[nH]c2ccccc2c1CCNCc1ccc(\C=C\C(=O)NO)cc1,FPOHNWQLNRZRFC-ZHACJKMWSA-N,6918837.0,Launched,HDAC inhibitor,HDAC1|HDAC2|HDAC3|HDAC4|HDAC6|HDAC7|HDAC8|HDAC9,hematologic malignancy,multiple myeloma,0.99,0.373134328,70.5226125,0.575790622,,,,,,,,,,,,,,,
18,BR00130949G13,BRD-K61228301-001-03-9,100.1055122,SGI-1027,SGI-1027,10.0,Tocris,5155,Cc1cc(Nc2ccc(NC(=O)c3ccc(Nc4ccnc5ccccc45)cc3)cc2)nc(N)n1,QSYLKMKIVWJAAK-UHFFFAOYSA-N,24858111.0,Preclinical,DNA methyltransferase inhibitor,DNMT1|DNMT3A|DNMT3B,,,0.99,0.445945946,82.76575654,0.641269841,,,,,,,,,,,,,,,
6,BR00130927O12,BRD-K15409150-001-07-4,99.30958011,penfluridol,penfluridol,10.0,MicroSource,1505691,OC1(CCN(CCCC(c2ccc(F)cc2)c2ccc(F)cc2)CC1)c1ccc(Cl)c(c1)C(F)(F)F,MDLAAYDRRZXJIF-UHFFFAOYSA-N,33630.0,Launched,T-type calcium channel blocker,CACNA1G,neurology/psychiatry,schizophrenia,0.99,0.461538462,48.9069585,0.545454545,,,,,,,,,,,,,,,
12,BR00130916P20,BRD-K02680176-075-12-9,99.29068544,clofilium,clofilium,10.41299731,Sigma,C2365,CCCCCCC[N+](CC)(CC)CCCCc1ccc(Cl)cc1,WPSYTTKBGAZSCX-UHFFFAOYSA-N,2798.0,Phase 2,potassium channel blocker,KCNA5|KCNH1,,,0.99,1.0,24.08353945,1.0,,,,,,,,,,,,,,,
1,BR00130937M18,BRD-K59632282-001-04-9,96.20695033,quinidine,quinidine,10.0,MedChemEx,HY-B1751,COc1ccc2nccc([C@H](O)[C@H]3C[C@@H]4CC[N@]3C[C@@H]4C=C)c2c1,LOUPRKONTZGTKE-LHHVKLHASA-N,441074.0,Launched,sodium channel blocker,KCNA5|KCNA7|KCNH1|KCNH2|KCNH5|KCNK1|KCNK6|SCN5A|SLC29A4,infectious disease|cardiology,malaria|atrial fibrillation (AF)|ventricular arrhythmias,0.99,1.0,72.18209006,1.0,,,,,,,,,,,,,,,
7,BR00130925C08,BRD-K13183738-317-10-2,99.42407247,pentamidine,pentamidine,10.0,MicroSource,1500641,NC(=N)c1ccc(OCCCCCOc2ccc(cc2)C(N)=N)cc1,XDRYMKDFEDOLFX-UHFFFAOYSA-N,4735.0,Launched,anti-pneumocystis agent,TRDMT1,infectious disease,pneumonia,0.99,1.0,15.42589168,1.0,,,,,,,,,,,,,,,
6,BR00130927F08,BRD-K07940445-003-07-9,98.84325643,quinine,quinine,10.0,Tocris,4114,COc1ccc2nccc([C@@H](O)[C@@H]3C[C@@H]4CC[N@]3C[C@@H]4C=C)c2c1,LOUPRKONTZGTKE-WZBLMQSHSA-N,3034034.0,Launched,hemozoin biocrystallization inhibitor,GP9|KCNB2|KCNN4|SLC29A4,infectious disease,malaria,0.99,1.0,72.18209006,1.0,,,,,,,,,,,,,,,
17,BR00130951P16,BRD-K59204667-001-03-1,100.1425093,DBeQ,DBeQ,10.0,Selleck,S7199,C(Nc1nc(NCc2ccccc2)c2ccccc2n1)c1ccccc1,QAIMUUJJAJBPCL-UHFFFAOYSA-N,676352.0,Preclinical,ATPase inhibitor,CASP3,,,0.99,0.794117647,52.13982601,0.818424566,,,,,,,,,,,,,,,
10,BR00130919E12,BRD-K86797399-001-06-9,98.80896725,SB-939,SB-939,10.0,MedChemEx,HY-13322,CCCCc1nc2cc(\C=C\C(=O)NO)ccc2n1CCN(CC)CC,JHDKZFFAIZKUCU-ZRDIBKRKSA-N,49855250.0,Phase 3,HDAC inhibitor,HDAC1|HDAC10|HDAC2|HDAC3|HDAC4|HDAC5|HDAC6|HDAC9,,,0.99,0.296875,39.63136581,0.533453888,,,,,,,,,,,,,,,
4,BR00130931A07,BRD-K90195324-015-04-9,99.40118582,bazedoxifene,bazedoxifene,10.0,Tocris,5263,Cc1c(-c2ccc(O)cc2)n(Cc2ccc(OCCN3CCCCCC3)cc2)c2ccc(O)cc12,UCJGJABZCDBEDK-UHFFFAOYSA-N,154257.0,Launched,selective estrogen receptor modulator (SERM),ESR1|ESR2,orthopedics|endocrinology,osteoporosis|menopause,0.99,0.37704918,52.24003593,0.557748538,,,,,,,,,,,,,,,
5,BR00130929A15,BRD-K00094013-003-35-9,103.3057696,doxorubicin,doxorubicin,10.0,Selleck,S1208,COc1cccc2C(=O)c3c(O)c4C[C@](O)(C[C@H](O[C@H]5C[C@H](N)[C@H](O)[C@H](C)O5)c4c(O)c3C(=O)c12)C(=O)CO,,,Launched,topoisomerase inhibitor,TOP2A,"hematologic malignancy, oncology","acute lymphoblastic leukemia (ALL), acute myeloid leukemia (AML), Wilm's tumor, breast cancer, ovarian cancer, Hodgkin's lymphoma, bladder cancer, multiple myeloma",0.99,1.0,84.0693305,1.0,,,,,,,,,,,,,,,
12,BR00130916B10,BRD-K80700417-001-07-9,99.7042322,SGI-1776,SGI-1776,10.0,MedChemEx,HY-13287,CN1CCC(CNc2ccc3ncc(-c4cccc(OC(F)(F)F)c4)n3n2)CC1,MHXGEROHKGDZGO-UHFFFAOYSA-N,24795070.0,Phase 1,Pim kinase inhibitor,FLT3|PIM1|PIM2|PIM3,,,0.98,0.547945205,98.050796,0.860701107,,,,,,,,,,,,,,,
14,BR00130957B20,BRD-K29415052-050-06-3,100.3710141,BGT226,BGT226,10.0,Selleck,S2749,COc1ccc(cn1)-c1ccc2ncc3n(C)c(=O)n(-c4ccc(N5CCNCC5)c(c4)C(F)(F)F)c3c2c1,BMMXYEBLEBULND-UHFFFAOYSA-N,11978790.0,Phase 1/Phase 2,PI3K inhibitor,MTOR|PIK3CA|PIK3CB|PIK3CG,,,0.98,0.352941176,140.9753374,0.654302671,,,,,,,,,,,,,,,
18,BR00130949L03,BRD-K36007650-300-09-9,100.1303402,puromycin,puromycin,10.0,Tocris,4089,COc1ccc(C[C@H](N)C(=O)N[C@@H]2[C@@H](CO)O[C@H]([C@@H]2O)n2cnc3c(ncnc23)N(C)C)cc1,RXWNCPJZOCPEPQ-NVWDDTSBSA-N,439530.0,Preclinical,protein synthesis inhibitor,NHP2L1|RPL10L|RPL11|RPL13A|RPL15|RPL19|RPL23|RPL23A|RPL26L1|RPL3|RPL37|RPL8|RSL24D1,,,0.98,1.0,31.52309161,1.0,,,,,,,,,,,,,,,
14,BR00130957J18,BRD-K08799216-001-06-9,83.70838956,pelitinib,pelitinib,10.0,MedChemEx,HY-32718,CCOc1cc2ncc(C#N)c(Nc3ccc(F)c(Cl)c3)c2cc1NC(=O)\C=C\CN(C)C,WVUNYSQLFKLYNI-AATRIKPKSA-N,6445562.0,Phase 2,EGFR inhibitor,EGFR,,,0.98,0.351648352,79.4089053,0.582425068,,,,,,,,,,,,,,,
14,BR00130957P14,BRD-K51333959-003-02-9,82.05347723,siramesine,siramesine,10.0,MedChemEx,HY-14221A,Fc1ccc(cc1)-n1cc(CCCCN2CCC3(CC2)OCc2ccccc32)c2ccccc12,XWAONOGAGZNUSF-UHFFFAOYSA-N,9829526.0,Phase 2,sigma receptor antagonist,ADRA1A|ADRA1B|ADRA1D,,,0.98,0.390804598,56.34534972,0.564438318,,,,,,,,,,,,,,,
9,BR00130921P11,BRD-K13642819-001-02-9,97.41349864,trimetrexate,trimetrexate,10.0,MedChemEx,HY-10373,COc1cc(NCc2ccc3nc(N)nc(N)c3c2C)cc(OC)c1OC,NOYPYLRCIDNJJB-UHFFFAOYSA-N,5583.0,Phase 3,dihydrofolate reductase inhibitor,DHFR,,,0.98,0.534482759,44.10031049,0.623871615,,,,,,,,,,,,,,,
4,BR00130931I18,BRD-A45889380-300-08-9,99.60726172,mepacrine,mepacrine,9.663904299,Selleck,S4255,CCN(CC)CCC[C@@H](C)Nc1c2ccc(Cl)cc2nc2ccc(OC)cc12 |&1:8|,GPKJTRJOBQGKQK-MRXNPFEDSA-N,446536.0,Launched,cytokine production inhibitor|NFkB pathway inhibitor|TP53 activator,PLA2G1B,infectious disease,giardiasis,0.98,1.0,65.6691933,1.0,,,,,,,,,,,,,,,
14,BR00130957I14,BRD-K68870568-066-02-9,99.83136799,flumatinib,flumatinib,10.0,MedChemEx,HY-13905,CN1CCN(Cc2ccc(cc2C(F)(F)F)C(=O)Nc2cnc(C)c(Nc3nccc(n3)-c3cccnc3)c2)CC1,BJCJYEYYYGBROF-UHFFFAOYSA-N,46848036.0,Phase 3,Bcr-Abl kinase inhibitor,ABL1|PDGFRB,,,0.98,0.375,109.4589684,0.566477631,,,,,,,,,,,,,,,
19,BR00130947D18,BRD-K67537649-001-06-9,99.04097026,PQ-401,PQ-401,10.0,Tocris,2768,COc1ccc(Cl)cc1NC(=O)Nc1cc(C)nc2ccccc12,YBLWOZUPHDKFOT-UHFFFAOYSA-N,9549305.0,Preclinical,IGF-1 inhibitor,IGF1R,,,0.98,1.0,28.74834885,1.0,,,,,,,,,,,,,,,
16,BR00130953G13,BRD-K26818574-305-07-6,100.2294706,BIX-01294,BIX-01294,10.0,Selleck,S8006,COc1cc2nc(nc(NC3CCN(Cc4ccccc4)CC3)c2cc1OC)N1CCCN(C)CC1,OSXFATOLZGZLSK-UHFFFAOYSA-N,25150857.0,Preclinical,histone lysine methyltransferase inhibitor,EHMT1|EHMT2,,,0.98,0.621212121,87.49770715,0.844810863,,,,,,,,,,,,,,,
21,BR00130943C04,BRD-K87465484-001-03-5,97.93628218,UNC0646,UNC0646,9.999997716,MedChemEx,HY-13807,COc1cc2c(NC3CCN(CC3)C3CCCCC3)nc(nc2cc1OCCCN1CCCCC1)N1CCCN(CC1)C(C)C,OUKWLRHRXOPODD-UHFFFAOYSA-N,53315882.0,Preclinical,histone lysine methyltransferase inhibitor,EHMT2,0,0,0.98,0.397590361,100.7351113,0.724261415,,,,,,,,,,,,,,,
20,BR00130945F21,BRD-K36055864-001-20-0,99.52718454,cycloheximide,cycloheximide,10.0,Sigma,MFCD00082346,C[C@H]1C[C@H](C)C(=O)[C@@H](C1)[C@H](O)CC1CC(=O)NC(=O)C1,YPHMISFOHDHNIV-FSZOTQKASA-N,6197.0,Preclinical,protein synthesis inhibitor,RPL3,,,0.97,1.0,39.64590029,1.0,,,,,,,,,,,,,,,
20,BR00130945D18,BRD-K68174511-001-09-9,99.35407207,torin-2,torin-2,10.0,Tocris,4248,Nc1ccc(cn1)-c1ccc2ncc3ccc(=O)n(-c4cccc(c4)C(F)(F)F)c3c2c1,GUXXEUUYCAYESJ-UHFFFAOYSA-N,51358113.0,Preclinical,mTOR inhibitor,MTOR,,,0.97,0.409090909,65.01712675,0.486398964,,,,,,,,,,,,,,,
11,BR00130917F16,BRD-K63923597-001-08-4,98.97431999,barasertib-HQPA,barasertib-HQPA,10.0,Selleck,S1147,CCN(CCO)CCCOc1ccc2c(Nc3cc(CC(=O)Nc4cccc(F)c4)n[nH]3)ncnc2c1,"InChI=1S/C26H30FN7O3/c1-2-34(10-11-35)9-4-12-37-21-7-8-22-23(16-21)28-17-29-26(22)31-24-14-20(32-33-24)15-25(36)30-19-6-3-5-18(27)13-19/h3,5-8,13-14,16-17,35H,2,4,9-12,15H2,1H3,(H,30,36)(H2,28,29,31,32,33)",16007391.0,Phase 2/Phase 3,Aurora kinase inhibitor,AURKB,,,0.97,0.299145299,66.80672065,0.617213115,,,,,,,,,,,,,,,
22,BR00130941G13,BRD-K39359968-001-03-9,95.3319054,L-755507,L-755507,10.0,Tocris,2197,CCCCCCNC(=O)Nc1ccc(cc1)S(=O)(=O)Nc1ccc(CCNC[C@H](O)COc2ccc(O)cc2)cc1,NYYJKMXNVNFOFQ-MHZLTWQESA-N,9829836.0,Preclinical,adrenergic receptor agonist,ADRB1|ADRB2|ADRB3,,,0.97,0.337662338,42.79747561,0.555102041,,,,,,,,,,,,,,,
22,BR00130941P04,BRD-K32289541-001-02-8,99.8232561,EHop-016,EHop-016,10.0,Selleck,S7319,CCn1c2ccccc2c2cc(Nc3ccnc(NCCCN4CCOCC4)n3)ccc12,"InChI=1S/C25H30N6O/c1-2-31-22-7-4-3-6-20(22)21-18-19(8-9-23(21)31)28-24-10-12-27-25(29-24)26-11-5-13-30-14-16-32-17-15-30/h3-4,6-10,12,18H,2,5,11,13-17H2,1H3,(H2,26,27,28,29)",51031035.0,Preclinical,Ras GTPase inhibitor,RAC1|RAC3,,,0.97,0.457142857,83.39948497,0.512428298,,,,,,,,,,,,,,,
5,BR00130929L09,BRD-M87138257-003-01-1,96.77255267,acriflavine,acriflavine,9.583358546,Sigma,MFCD00064307,Nc1ccc2cc3ccc(N)cc3nc2c1.C[n+]1c2cc(N)ccc2cc2ccc(N)cc12,BCBIBQWDFMQRSJ-UHFFFAOYSA-O,452192.0,Launched,hypoxia inducible factor inhibitor,HIF1A,infectious disease,fungal infection,0.97,0.371428571,,0.540603248,,,,,,,,,,,,,,,
7,BR00130925O14,BRD-K43389675-003-20-9,102.6700709,daunorubicin,daunorubicin,10.0,Tocris,1467,COc1cccc2C(=O)c3c(O)c4C[C@](O)(C[C@H](O[C@H]5C[C@H](N)[C@H](O)[C@H](C)O5)c4c(O)c3C(=O)c12)C(C)=O,STQGQHZAVUOBTE-VGBVRHCVSA-N,30323.0,Launched,RNA synthesis inhibitor|topoisomerase inhibitor,TOP2A|TOP2B,hematologic malignancy,acute myeloid leukemia (AML)|acute lymphoblastic leukemia (ALL),0.97,1.0,80.94638558,1.0,,,,,,,,,,,,,,,
19,BR00130947G07,BRD-K34362291-001-02-9,98.45573019,TC-S-7003,TC-S-7003,10.0,Tocris,3567,CN1CCN(CC1)c1ccc(Nc2ncc3c(n2)n2c(nc4ccccc24)n(-c2c(C)cccc2C)c3=O)cc1,BHJJWVDKNXABFS-UHFFFAOYSA-N,11785878.0,Preclinical,SRC inhibitor,LCK,,,0.96,0.447761194,63.72130385,0.608242304,,,,,,,,,,,,,,,
9,BR00130921M18,BRD-K68928792-001-03-2,,aldoxorubicin,aldoxorubicin,10.0,MedChemEx,HY-16261,COc1cccc2C(=O)c3c(O)c4C[C@](O)(C[C@H](O[C@H]5C[C@H](N)[C@H](O)[C@H](C)O5)c4c(O)c3C(=O)c12)C(\CO)=N\NC(=O)CCCCCN1C(=O)C=CC1=O |c:55|,OBMJQRLIQQTJLR-USGQOSEYSA-N,9810709.0,Phase 3,topoisomerase inhibitor,TOP2A,,,,,,,0.0,,104.67501572022208,104.4965399395046,104.58577782986336,0.178475780717477,,6451.0,6835.0,'Hit-calling'!$F$6451,'Hit-calling'!$M$6451,'Hit-calling'!$M$6835,18.0,104.58577782986336,True
5,BR00130929F14,BRD-K04548931-003-08-2,,epirubicin,epirubicin,10.0,Selleck,S1223,COc1cccc2C(=O)c3c(O)c4C[C@](O)(C[C@H](O[C@H]5C[C@H](N)[C@@H](O)[C@H](C)O5)c4c(O)c3C(=O)c12)C(=O)CO,"InChI=1S/C27H29NO11/c1-10-22(31)13(28)6-17(38-10)39-15-8-27(36,16(30)9-29)7-12-19(15)26(35)21-20(24(12)33)23(32)11-4-3-5-14(37-2)18(11)25(21)34/h3-5,10,13,15,17,22,29,31,33,35-36H,6-9,28H2,1-2H3/t10-,13-,15-,17-,22-,27-/m0/s1",41867.0,Launched,topoisomerase inhibitor,CHD1|TOP2A,oncology,breast cancer,,,,,1.0,,104.50398288700885,104.46043568272444,104.48220928486664,0.0435472042844082,,3207.0,3591.0,'Hit-calling'!$F$3207,'Hit-calling'!$M$3207,'Hit-calling'!$M$3591,14.0,104.48220928486664,True
5,BR00130929A15,BRD-K00094013-003-35-9,,doxorubicin,doxorubicin,10.0,Selleck,S1208,COc1cccc2C(=O)c3c(O)c4C[C@](O)(C[C@H](O[C@H]5C[C@H](N)[C@H](O)[C@H](C)O5)c4c(O)c3C(=O)c12)C(=O)CO,,,Launched,topoisomerase inhibitor,TOP2A,"hematologic malignancy, oncology","acute lymphoblastic leukemia (ALL), acute myeloid leukemia (AML), Wilm's tumor, breast cancer, ovarian cancer, Hodgkin's lymphoma, bladder cancer, multiple myeloma",,,,,2.0,,103.23336591820782,103.37817324624643,103.30576958222711,0.1448073280386097,,3088.0,3472.0,'Hit-calling'!$F$3088,'Hit-calling'!$M$3088,'Hit-calling'!$M$3472,15.0,103.30576958222711,True
5,BR00130929P06,BRD-K21680192-300-15-1,,mitoxantrone,mitoxantrone,10.0,MicroSource,1503278,OCCNCCNc1ccc(NCCNCCO)c2C(=O)c3c(O)ccc(O)c3C(=O)c12,KKZJGLLVHKMTCM-UHFFFAOYSA-N,4212.0,Launched,topoisomerase inhibitor,TOP2A,neurology/psychiatry|oncology|hematologic malignancy,multiple sclerosis|prostate cancer|acute myeloid leukemia (AML),,,,,3.0,,103.36767850841288,103.09963723456792,103.2336578714904,0.2680412738449576,,3439.0,3823.0,'Hit-calling'!$F$3439,'Hit-calling'!$M$3439,'Hit-calling'!$M$3823,6.0,103.2336578714904,True
7,BR00130925O14,BRD-K43389675-003-20-9,,daunorubicin,daunorubicin,10.0,Tocris,1467,COc1cccc2C(=O)c3c(O)c4C[C@](O)(C[C@H](O[C@H]5C[C@H](N)[C@H](O)[C@H](C)O5)c4c(O)c3C(=O)c12)C(C)=O,STQGQHZAVUOBTE-VGBVRHCVSA-N,30323.0,Launched,RNA synthesis inhibitor|topoisomerase inhibitor,TOP2A|TOP2B,hematologic malignancy,acute myeloid leukemia (AML)|acute lymphoblastic leukemia (ALL),,,,,4.0,,102.88034370723848,102.45979804854194,102.6700708778902,0.4205456586965255,,4959.0,5343.0,'Hit-calling'!$F$4959,'Hit-calling'!$M$4959,'Hit-calling'!$M$5343,14.0,102.6700708778902,True
14,BR00130957J06,BRD-K51911221-001-02-9,,nemorubicin,nemorubicin,10.0,MedChemEx,HY-15794,CO[C@@H]1CN(CCO1)[C@H]1C[C@H](O[C@H]2C[C@@](O)(Cc3c(O)c4C(=O)c5cccc(OC)c5C(=O)c4c(O)c23)C(=O)CO)O[C@@H](C)[C@H]1O,CTMCWCONSULRHO-UHQPFXKFSA-N,65907.0,Phase 2,topoisomerase inhibitor,TOP1|TOP2A,,,,,,,5.0,,102.27889350482742,102.35722137019488,102.31805743751116,0.0783278653674557,,10207.0,10591.0,'Hit-calling'!$F$10207,'Hit-calling'!$M$10207,'Hit-calling'!$M$10591,6.0,102.31805743751116,True
5,BR00130929O21,BRD-K72723676-003-18-9,,benzethonium,benzethonium,10.0,MedChemEx,HY-B0942,CC(C)(C)CC(C)(C)c1ccc(OCCOCC[N+](C)(C)Cc2ccccc2)cc1,SIYLLGKDQZGJHK-UHFFFAOYSA-N,2335.0,Launched,sodium channel blocker,SCN10A,infectious disease,first-aid antiseptic,,,,,6.0,,101.5578246326752,101.40265495264372,101.48023979265946,0.1551696800314914,,3430.0,3814.0,'Hit-calling'!$F$3430,'Hit-calling'!$M$3430,'Hit-calling'!$M$3814,21.0,101.48023979265946,True
11,BR00130917M06,BRD-K00003313-001-01-9,,trabectedin,trabectedin,10.0,MedChemEx,HY-50936,[H][C@@]12Cc3cc(C)c(OC)c(O)c3[C@@]([H])(N1C)[C@@]1([H])N([C@H]2O)[C@@]2([H])COC(=O)[C@]3(CS[C@]1([H])c1c(OC(C)=O)c(C)c4OCOc4c21)NCCc1cc(O)c(OC)cc31 |THB:16:15:2.3.12:17.19.20|,PKVRCIRHQMSYJX-AIFWHQITSA-N,108150.0,Phase 3,antitumor agent,,,,,,,,7.0,,101.3735471242808,101.42168640501222,101.39761676464651,0.0481392807314193,,7975.0,8359.0,'Hit-calling'!$F$7975,'Hit-calling'!$M$7975,'Hit-calling'!$M$8359,6.0,101.39761676464651,True
4,BR00130931O08,BRD-K04568635-300-01-4,,octenidine,octenidine,10.000000000000004,TCI,O0388,CCCCCCCCN=c1ccn(CCCCCCCCCCn2ccc(cc2)=NCCCCCCCC)cc1,ZVXNYZWXUADSRV-UHFFFAOYSA-N,51167.0,Launched,membrane integrity inhibitor,,infectious disease,gram-negative bacterial infections|gram-positive bacterial infections,,,,,8.0,,101.02454256455864,101.17169119849116,101.0981168815249,0.1471486339325451,,2649.0,3033.0,'Hit-calling'!$F$2649,'Hit-calling'!$M$2649,'Hit-calling'!$M$3033,8.0,101.0981168815249,True
10,BR00130919N20,BRD-K00003675-409-01-9,,antimony-potassium,antimony-potassium,10.0,MedChemEx,HY-B1082,[H][C@]12O[SbH]3(OC1=O)OC(=O)[C@]([H])(O3)[C@@]1([H])O[SbH]3(OC(=O)[C@]2([H])O3)OC1=O |r|,ZCIXFSVENQDMCK-SOMOIXMJSA-J,,Phase 2,,,,,,,,,9.0,,100.97583355301188,100.9062694183428,100.94105148567736,0.0695641346690791,,7245.0,7629.0,'Hit-calling'!$F$7245,'Hit-calling'!$M$7245,'Hit-calling'!$M$7629,20.0,100.94105148567736,True
9,BR00130921I06,BRD-K15203492-001-02-9,,MLN9708,MLN9708,10.0,MedChemEx,HY-10452,CC(C)C[C@H](NC(=O)CNC(=O)c1cc(Cl)ccc1Cl)B1OC(=O)C(CC(O)=O)(CC(O)=O)O1,MBOMYENWWXQSNW-AWEZNQCLSA-N,56844015.0,Phase 3,proteasome inhibitor,,,,,,,,10.0,,100.88861755999116,100.82519102206422,100.85690429102767,0.0634265379269436,,6343.0,6727.0,'Hit-calling'!$F$6343,'Hit-calling'!$M$6343,'Hit-calling'!$M$6727,6.0,100.85690429102767,True
11,BR00130917J10,BRD-K08542803-001-02-3,,gambogic-acid,gambogic-acid,9.999999999999996,MedChemEx,HY-N0087,"CC(C)=CCC[C@@]1(C)Oc2c(CC=C(C)C)c3O[C@@]45[C@H]6C[C@@H](C=C4C(=O)c3c(O)c2C=C1)C(=O)[C@]5(C\C=C(\C)C(O)=O)OC6(C)C |c:22,33|",GEZHEQNLKAOMCA-RRZNCOCZSA-N,9852185.0,Phase 2,caspase activator,BCL2,,,,,,,11.0,,100.99297403528,100.69741701513162,100.8451955252058,0.2955570201483652,,7907.0,8291.0,'Hit-calling'!$F$7907,'Hit-calling'!$M$7907,'Hit-calling'!$M$8291,10.0,100.8451955252058,True
22,BR00130941P20,BRD-A73871920-236-03-6,,nanchangmycin,nanchangmycin,10.0,Selleck,S1450,"CO[C@H]1CC[C@@H](O[C@H]2C[C@@H](O[C@]3(O[C@H](C[C@@H]3C)[C@H]3O[C@@](O)(CO)[C@H](C)C[C@@H]3C)[C@@H]2C)[C@]2(C)CC[C@]3(C[C@H](O)[C@@H](C)[C@H](O3)[C@@H](C)\C=C(/C)C(=O)[C@H](C)C[C@H](C)C(O)=O)O2)O[C@@H]1C |a:2,7,11,13,15,19,23,26,28,30,34,36,38,40,42,49,52,59,&1:5,&2:9,&3:17|",FELYAZAWTURXNF-KWJIWYEDSA-N,86278938.0,Preclinical,other antibiotic,,,,,,,,12.0,,100.6533385359783,100.97601272135488,100.8146756286666,0.3226741853765844,,16509.0,16893.0,'Hit-calling'!$F$16509,'Hit-calling'!$M$16509,'Hit-calling'!$M$16893,20.0,100.8146756286666,True
13,BR00130959M16,BRD-K69694239-001-03-0,,bardoxolone-methyl,bardoxolone-methyl,10.0,MedChemEx,HY-13324,"COC(=O)[C@]12CCC(C)(C)C[C@H]1[C@H]1C(=O)C=C3[C@@]4(C)C=C(C#N)C(=O)C(C)(C)[C@@H]4CC[C@@]3(C)[C@]1(C)CC2 |t:16,20|","InChI=1S/C32H43NO4/c1-27(2)11-13-32(26(36)37-8)14-12-31(7)24(20(32)17-27)21(34)15-23-29(5)16-19(18-33)25(35)28(3,4)22(29)9-10-30(23,31)6/h15-16,20,22,24H,9-14,17H2,1-8H3/t20-,22-,24-,29-,30+,31+,32-/m0/s1",400769.0,Phase 3,nuclear factor erythroid derived|like (NRF2) activator,PPARG|STAT3,,,,,,,13.0,,100.9673741713802,100.50852907300946,100.73795162219484,0.4588450983707304,,9521.0,9905.0,'Hit-calling'!$F$9521,'Hit-calling'!$M$9521,'Hit-calling'!$M$9905,16.0,100.73795162219484,True
5,BR00130929L10,BRD-K54634444-001-05-9,,artesunate,artesunate,10.0,MicroSource,1504829,C[C@@H]1CC[C@H]2[C@@H](C)[C@H](OC(=O)CCC(O)=O)O[C@@H]3O[C@@]4(C)CC[C@@H]1[C@@]23OO4,FIHJKUPKCHIPAT-AHIGJZGOSA-N,6917864.0,Launched,DNA synthesis inhibitor,,infectious disease,malaria,,,,,14.0,,100.55423257102385,100.46939080032082,100.51181168567234,0.0848417707030222,,3347.0,3731.0,'Hit-calling'!$F$3347,'Hit-calling'!$M$3347,'Hit-calling'!$M$3731,10.0,100.51181168567234,True
21,BR00130943I11,BRD-K00003375-004-01-9,,visomitin,visomitin,10.0,MedChemEx,HY-100474,"CC1=C(C)C(=O)C(CCCCCCCCCC[P+](c2ccccc2)(c2ccccc2)c2ccccc2)=CC1=O |c:1,38|",ZFUDULLGKXSPPH-UHFFFAOYSA-N,16679092.0,Preclinical,antioxidant,0,0,0,,,,,15.0,,100.818588790219,100.16734866826584,100.49296872924242,0.6512401219531512,,15564.0,15948.0,'Hit-calling'!$F$15564,'Hit-calling'!$M$15564,'Hit-calling'!$M$15948,11.0,100.49296872924242,True
5,BR00130929P21,BRD-K76674262-001-05-9,,homoharringtonine,homoharringtonine,9.999999999999998,Tocris,1416,COC(=O)C[C@](O)(CCCC(C)(C)O)C(=O)O[C@H]1[C@H]2c3cc4OCOc4cc3CCN3CCC[C@]23C=C1OC |c:39|,HYFHYPWGAURHIV-JFIAXGOJSA-N,285033.0,Launched,protein synthesis inhibitor,RPL3,hematologic malignancy,chronic myeloid leukemia (CML),,,,,16.0,,100.5409613393294,100.4418850973721,100.49142321835076,0.0990762419572917,,3454.0,3838.0,'Hit-calling'!$F$3454,'Hit-calling'!$M$3454,'Hit-calling'!$M$3838,21.0,100.49142321835076,True
11,BR00130917G21,BRD-K20545304-001-02-4,,bardoxolone,bardoxolone,9.999999999999998,MedChemEx,HY-14909,"CC1(C)CC[C@@]2(CC[C@]3(C)[C@@H]([C@@H]2C1)C(=O)C=C1[C@@]2(C)C=C(C#N)C(=O)C(C)(C)[C@@H]2CC[C@@]31C)C(O)=O |t:17,21|","InChI=1S/C31H41NO4/c1-26(2)10-12-31(25(35)36)13-11-30(7)23(19(31)16-26)20(33)14-22-28(5)15-18(17-32)24(34)27(3,4)21(28)8-9-29(22,30)6/h14-15,19,21,23H,8-13,16H2,1-7H3,(H,35,36)/t19-,21-,23-,28-,29+,30+,31-/m0/s1",400010.0,Phase 1,nuclear factor erythroid derived|like (NRF2) activator,NOS2|PPARG,,,,,,,17.0,,100.506728276676,100.46815309759918,100.4874406871376,0.0385751790768296,,7846.0,8230.0,'Hit-calling'!$F$7846,'Hit-calling'!$M$7846,'Hit-calling'!$M$8230,21.0,100.4874406871376,True
8,BR00130923J07,BRD-K61397605-001-01-8,,romidepsin,romidepsin,9.999999999999998,Selleck,S3020,C\C=C1/NC(=O)[C@H]2CSSCC\C=C\[C@H](CC(=O)N[C@H](C(C)C)C(=O)N2)OC(=O)[C@@H](NC1=O)C(C)C |t:12|,"InChI=1S/C24H36N4O6S2/c1-6-16-21(30)28-20(14(4)5)24(33)34-15-9-7-8-10-35-36-12-17(22(31)25-16)26-23(32)19(13(2)3)27-18(29)11-15/h6-7,9,13-15,17,19-20H,8,10-12H2,1-5H3,(H,25,31)(H,26,32)(H,27,29)(H,28,30)/b9-7+,16-6-/t15-,17-,19-,20?/m1/s1",56840936.0,Launched,HDAC inhibitor,HDAC1|HDAC2|HDAC3|HDAC4|HDAC5|HDAC6|HDAC7|HDAC8|HDAC9,hematologic malignancy,cutaneous T-cell lymphoma (CTCL),,,,,18.0,,100.67692139031504,100.26174156602607,100.46933147817056,0.4151798242889555,,5600.0,5984.0,'Hit-calling'!$F$5600,'Hit-calling'!$M$5600,'Hit-calling'!$M$5984,7.0,100.46933147817056,True
4,BR00130931D20,BRD-A51820102-008-29-9,,econazole,econazole,10.000000000000002,MedChemEx,HY-B0453,Clc1ccc(CO[C@@H](Cn2ccnc2)c2ccc(Cl)cc2Cl)cc1 |&1:7|,LEZWWPYKPKIXLL-SFHVURJKSA-N,6604378.0,Launched,lanosterol demethylase inhibitor|sterol demethylase inhibitor,NPY1R|NPY2R|TRPM2|TRPV5,infectious disease,tinea pedis|tinea cruris|tinea corporis|tinea versicolor|cutaneous candidiasis,,,,,19.0,,100.57822361740678,100.27815425588966,100.4281889366482,0.3000693615171173,,2397.0,2781.0,'Hit-calling'!$F$2397,'Hit-calling'!$M$2397,'Hit-calling'!$M$2781,20.0,100.4281889366482,True
13,BR00130959B04,BRD-K00003211-001-01-9,,lurbinectedin,lurbinectedin,10.0,MedChemEx,HY-16293,[H][C@@]12Cc3cc(C)c(OC)c(O)c3[C@@]([H])(N1C)[C@@]1([H])N([C@H]2O)[C@@]2([H])COC(=O)[C@]3(CS[C@]1([H])c1c(OC(C)=O)c(C)c4OCOc4c21)NCCc1c3[nH]c2ccc(OC)cc12 |THB:16:15:2.3.12:20.19.17|,YDDMIZRDDREKEP-HWTBNCOESA-N,57327016.0,Phase 3,DNA binding agent,,,,,,,,20.0,,100.18786359249432,100.657182395618,100.42252299405617,0.4693188031236843,,9245.0,9629.0,'Hit-calling'!$F$9245,'Hit-calling'!$M$9245,'Hit-calling'!$M$9629,4.0,100.42252299405617,True
7,BR00130925C04,BRD-K39621635-001-09-7,,artemether,artemether,10.0,MicroSource,1505032,CO[C@H]1O[C@@H]2O[C@@]3(C)CC[C@H]4[C@H](C)CC[C@@H]([C@H]1C)[C@@]24OO3,SXYIRMFQILZOAM-HVNFFKDJSA-N,68911.0,Launched,antimalarial agent,ATP1A1,infectious disease,malaria,,,,,21.0,,100.41171988983,100.39709155415382,100.4044057219919,0.0146283356761927,,4661.0,5045.0,'Hit-calling'!$F$4661,'Hit-calling'!$M$4661,'Hit-calling'!$M$5045,4.0,100.4044057219919,True
5,BR00130929N21,BRD-K01825590-008-03-9,,isoconazole,isoconazole,9.999999999999998,MedChemEx,HY-B1444,Clc1ccc([C@@H](Cn2ccnc2)OCc2c(Cl)cccc2Cl)c(Cl)c1 |&1:5|,MPIPASJGOJYODL-GOSISDBHSA-N,25273632.0,Launched,fungal lanosterol demethylase inhibitor,CYP17A1,infectious disease,gram-positive bacterial infections,,,,,22.0,,100.64851073879926,100.10909870715042,100.37880472297483,0.5394120316488369,,3406.0,3790.0,'Hit-calling'!$F$3406,'Hit-calling'!$M$3406,'Hit-calling'!$M$3790,21.0,100.37880472297483,True
10,BR00130919N21,BRD-K56211775-001-03-8,,RTA-408,RTA-408,9.999999999999998,Selleck,S7672,"CC(F)(F)C(=O)N[C@]12CCC(C)(C)C[C@H]1[C@H]1C(=O)C=C3[C@@]4(C)C=C(C#N)C(=O)C(C)(C)[C@@H]4CC[C@@]3(C)[C@]1(C)CC2 |t:19,23|",RJCWBNBKOKFWNY-IDPLTSGASA-N,71811910.0,Phase 2,nitric oxide production inhibitor,NFE2L2,,,,,,,23.0,,100.47733832280343,100.2689564900066,100.37314740640502,0.2083818327968458,,7246.0,7630.0,'Hit-calling'!$F$7246,'Hit-calling'!$M$7246,'Hit-calling'!$M$7630,21.0,100.37314740640502,True
5,BR00130929I05,BRD-K00003324-003-01-9,,crystal-violet,crystal-violet,10.0,MedChemEx,HY-B0324A,"CN(C)c1ccc(cc1)C(=C1C=CC(C=C1)=[N+](C)C)c1ccc(cc1)N(C)C |c:12,15|",LGLFFNDHMLKUMI-UHFFFAOYSA-N,3468.0,Launched,other antibiotic,,,,,,,,24.0,,100.4043311119885,100.3419458980218,100.37313850500514,0.0623852139667064,,3270.0,3654.0,'Hit-calling'!$F$3270,'Hit-calling'!$M$3270,'Hit-calling'!$M$3654,5.0,100.37313850500514,True
14,BR00130957B20,BRD-K29415052-050-06-3,,BGT226,BGT226,9.999999999999998,Selleck,S2749,COc1ccc(cn1)-c1ccc2ncc3n(C)c(=O)n(-c4ccc(N5CCNCC5)c(c4)C(F)(F)F)c3c2c1,BMMXYEBLEBULND-UHFFFAOYSA-N,11978790.0,Phase 1/Phase 2,PI3K inhibitor,MTOR|PIK3CA|PIK3CB|PIK3CG,,,,,,,25.0,,100.29744378548436,100.44458435655918,100.37101407102176,0.1471405710748143,,10029.0,10413.0,'Hit-calling'!$F$10029,'Hit-calling'!$M$10029,'Hit-calling'!$M$10413,20.0,100.37101407102176,True
4,BR00130931H04,BRD-K00003362-066-01-9,,mitoquinone,mitoquinone,10.000000000000002,MedChemEx,HY-100116A,"COC1=C(OC)C(=O)C(CCCCCCCCCC[P+](c2ccccc2)(c2ccccc2)c2ccccc2)=C(C)C1=O |c:2,t:40|",OIIMUKXVVLRCAF-UHFFFAOYSA-N,11388332.0,Launched,antioxidant,,,,,,,,26.0,,100.37077103119034,100.36699535179152,100.36888319149094,0.0037756793988279,,2477.0,2861.0,'Hit-calling'!$F$2477,'Hit-calling'!$M$2477,'Hit-calling'!$M$2861,4.0,100.36888319149094,True
21,BR00130943K14,BRD-K18424115-003-02-9,,TG-100572,TG-100572,10.0,MedChemEx,HY-10185,Cc1cc(cc2nnc(Nc3ccc(OCCN4CCCC4)cc3)nc12)-c1cc(O)ccc1Cl,AQSSMEORRLJZLU-UHFFFAOYSA-N,11712625.0,Preclinical,SRC inhibitor|VEGFR inhibitor,KDR|SRC,0,0,,,,,27.0,,100.22187405634531,100.47848043229897,100.35017724432214,0.2566063759536234,,15615.0,15999.0,'Hit-calling'!$F$15615,'Hit-calling'!$M$15615,'Hit-calling'!$M$15999,14.0,100.35017724432214,True
13,BR00130959L06,BRD-A36057565-001-02-9,,bruceantin,bruceantin,10.0,MedChemEx,HY-N0840,"COC(=O)[C@]12OC[C@@]34[C@H]1[C@@H](OC(=O)\C=C(/C)C(C)C)C(=O)O[C@@H]3C[C@H]1[C@@H](C)C(=O)C(=O)C[C@]1(C)[C@H]4[C@@H](O)[C@@H]2O |a:4,7,8,9,22,24,32,34,35,37,&1:25|",KMCZIPGKKBSLEX-AOHBHZTBSA-N,124605168.0,Phase 2,protein synthesis inhibitor,,,,,,,,28.0,,100.19925124041694,100.49236391042372,100.34580757542034,0.2931126700067921,,9487.0,9871.0,'Hit-calling'!$F$9487,'Hit-calling'!$M$9487,'Hit-calling'!$M$9871,6.0,100.34580757542034,True
14,BR00130957D22,BRD-K17026858-305-02-9,,pibenzimol,pibenzimol,9.999999999999998,Tocris,5824,CN1CCN(CC1)c1ccc2nc([nH]c2c1)-c1ccc2nc([nH]c2c1)-c1ccc(O)cc1,INAAIJLSXJJHOZ-UHFFFAOYSA-N,2392.0,Phase 2,DNA inhibitor,,,,,,,,29.0,,100.54134125372607,100.1275506995162,100.33444597662114,0.4137905542098821,,10079.0,10463.0,'Hit-calling'!$F$10079,'Hit-calling'!$M$10079,'Hit-calling'!$M$10463,22.0,100.33444597662114,True
16,BR00130953O13,BRD-K60230970-001-16-7,,MG-132,MG-132,9.999999999999998,Selleck,S2619,CC(C)C[C@H](NC(=O)[C@H](CC(C)C)NC(=O)[C@H](CC(C)C)NC(=O)OCc1ccccc1)C=O,TZYWCYJVHRLUCT-VABKMULXSA-N,462382.0,Preclinical,proteasome inhibitor,PSMB1,,,,,,,30.0,,100.41340763325586,100.25467846562098,100.33404304943842,0.1587291676348741,,11870.0,12254.0,'Hit-calling'!$F$11870,'Hit-calling'!$M$11870,'Hit-calling'!$M$12254,13.0,100.33404304943842,True
11,BR00130917J20,BRD-K57774929-001-01-3,,foropafant,foropafant,10.0,Sigma,SML0542,CC(C)c1cc(C(C)C)c(-c2csc(n2)N(CCN(C)C)Cc2cccnc2)c(c1)C(C)C,VVBFISAUNSXQGZ-UHFFFAOYSA-N,119368.0,Phase 3,platelet activating factor receptor antagonist,PTAFR,,,,,,,31.0,,100.30259462791628,100.34410664847094,100.32335063819362,0.0415120205546486,,7917.0,8301.0,'Hit-calling'!$F$7917,'Hit-calling'!$M$7917,'Hit-calling'!$M$8301,20.0,100.32335063819362,True
1,BR00130937L17,BRD-K62213621-001-03-9,,dihydroartemisinin,dihydroartemisinin,9.999999999999998,MedChemEx,HY-N0176,C[C@@H]1CC[C@H]2[C@@H](C)[C@@H](O)O[C@@H]3O[C@@]4(C)CC[C@@H]1[C@@]23OO4,BJDCWCLMFKKGEE-ISOSDAIHSA-N,3000518.0,Launched,antimalarial agent,,infectious disease,malaria,,,,,32.0,,100.27006698851986,100.34704925539016,100.308558121955,0.0769822668703028,,282.0,666.0,'Hit-calling'!$F$282,'Hit-calling'!$M$282,'Hit-calling'!$M$666,17.0,100.308558121955,True
11,BR00130917L07,BRD-K70557564-305-03-6,,zosuquidar,zosuquidar,10.0,Selleck,S1481,O[C@@H](COc1cccc2ncccc12)CN1CCN(CC1)[C@@H]1c2ccccc2[C@@H]2[C@H](c3ccccc13)C2(F)F,IHOVFYSQUDPMCN-DBEBIPAYSA-N,,Phase 3,P glycoprotein inhibitor,ABCB1|ABCB4,,,,,,,33.0,,100.35538156757782,100.25833642582948,100.30685899670364,0.0970451417483388,,7952.0,8336.0,'Hit-calling'!$F$7952,'Hit-calling'!$M$7952,'Hit-calling'!$M$8336,7.0,100.30685899670364,True
7,BR00130925E04,BRD-K87827419-001-16-8,,melphalan,melphalan,9.999999999999998,MicroSource,1500382,N[C@@H](Cc1ccc(cc1)N(CCCl)CCCl)C(O)=O,SGDBTWWWUNNDEQ-LBPRGKRZSA-N,6918992.0,Launched,DNA alkylating agent|DNA inhibitor,,hematologic malignancy,multiple myeloma,,,,,34.0,,100.4112473674248,100.19674730346716,100.30399733544598,0.2145000639576437,,4709.0,5093.0,'Hit-calling'!$F$4709,'Hit-calling'!$M$4709,'Hit-calling'!$M$5093,4.0,100.30399733544598,True
11,BR00130917J06,BRD-K17705806-003-03-6,,JTC-801,JTC-801,10.0,Selleck,S2722,CCc1ccc(OCc2ccccc2C(=O)Nc2ccc3nc(C)cc(N)c3c2)cc1,VTGBZWHPJFMTKS-UHFFFAOYSA-N,5311340.0,Phase 2,opioid receptor antagonist,OPRL1,,,,,,,35.0,,100.87175836160932,99.73579005630286,100.30377420895609,1.1359683053064489,,7903.0,8287.0,'Hit-calling'!$F$7903,'Hit-calling'!$M$7903,'Hit-calling'!$M$8287,6.0,100.30377420895609,True
7,BR00130925C03,BRD-K01825098-001-02-9,,labetalol,labetalol,10.0,CombiBlocks,QN-9252,"C[C@@H](CCc1ccccc1)NC[C@@H](O)c1ccc(O)c(c1)C(N)=O |&1:1,&2:12,r|",SGUAFYQXFOLMHL-SCLBCKFNSA-N,134043.0,Launched,adrenergic receptor antagonist,ADRA1D|ADRB1|ADRB2,cardiology,hypertension,,,,,36.0,,100.13849075787869,100.45098866804616,100.29473971296242,0.3124979101674796,,4660.0,5044.0,'Hit-calling'!$F$4660,'Hit-calling'!$M$4660,'Hit-calling'!$M$5044,3.0,100.29473971296242,True
10,BR00130919G16,BRD-K59325863-001-04-4,,delanzomib,delanzomib,10.0,MedChemEx,HY-10454,CC(C)C[C@H](NC(=O)[C@@H](NC(=O)c1cccc(n1)-c1ccccc1)[C@@H](C)O)B(O)O,SJFBTAPEPRWNKH-CCKFTAQKSA-N,24800541.0,Phase 1/Phase 2,proteasome inhibitor,CMA1|CTSG|CYP3A4|ELANE,,,,,,,37.0,,100.56193884555933,100.01128546374606,100.28661215465269,0.5506533818132624,,7073.0,7457.0,'Hit-calling'!$F$7073,'Hit-calling'!$M$7073,'Hit-calling'!$M$7457,16.0,100.28661215465269,True
1,BR00130937H06,BRD-K13112821-001-19-9,,artemisinin,artemisinin,9.999999999999998,Tocris,2668,C[C@@H]1CC[C@H]2[C@@H](C)C(=O)O[C@@H]3O[C@@]4(C)CC[C@@H]1[C@@]23OO4,BLUAFEHZUWYNDE-NNWCWBAJSA-N,68827.0,Launched,DNA synthesis inhibitor,CYP2B6,infectious disease,malaria,,,,,38.0,,100.24176198012802,100.29109188623308,100.26642693318055,0.049329906105072,,175.0,559.0,'Hit-calling'!$F$175,'Hit-calling'!$M$175,'Hit-calling'!$M$559,6.0,100.26642693318055,True
7,BR00130925L21,BRD-K96006160-001-03-7,,artemotil,artemotil,10.0,MedChemEx,HY-B0770,CCO[C@H]1O[C@@H]2O[C@@]3(C)CC[C@H]4[C@H](C)CC[C@@H]([C@H]1C)[C@@]24OO3,NLYNIRQVMRLPIQ-XQLAAWPRSA-N,3000469.0,Launched,,,infectious disease,malaria,,,,,39.0,,100.06160858300817,100.46137984890252,100.26149421595534,0.3997712658943726,,4894.0,5278.0,'Hit-calling'!$F$4894,'Hit-calling'!$M$4894,'Hit-calling'!$M$5278,21.0,100.26149421595534,True
8,BR00130923H17,BRD-K45170529-001-01-3,,gramicidin,gramicidin,9.999999999999998,Enzo,ALX-350-233-M005,CC(C)C[C@@H](NC(=O)[C@H](C)NC(=O)CNC(=O)[C@@H](NC=O)C(C)C)C(=O)N[C@@H](C)C(=O)N[C@H](C(C)C)C(=O)N[C@@H](C(C)C)C(=O)N[C@H](C(C)C)C(=O)N[C@@H](Cc1c[nH]c2ccccc12)C(=O)N[C@H](CC(C)C)C(=O)N[C@@H](Cc1c[nH]c2ccccc12)C(=O)N[C@H](CC(C)C)C(=O)N[C@@H](Cc1c[nH]c2ccccc12)C(=O)N[C@H](CC(C)C)C(=O)N[C@@H](Cc1c[nH]c2ccccc12)C(=O)NCCO,ZWCXYZRRTRDGQE-LUPIJMBPSA-N,45479317.0,Launched,bacterial permeability inducer,,infectious disease,first-aid antibiotic,,,,,40.0,,100.54299338500374,99.97220875020771,100.25760106760572,0.5707846347960128,,5562.0,5946.0,'Hit-calling'!$F$5562,'Hit-calling'!$M$5562,'Hit-calling'!$M$5946,17.0,100.25760106760572,True
10,BR00130919P11,BRD-A28467416-002-01-0,,PKI-179,PKI-179,10.0,EMDBio,526561-5MG,"O=C(Nc1ccncc1)Nc1ccc(cc1)-c1nc(nc(n1)N1CCOCC1)N1[C@H]2CC[C@@H]1COC2 |&1:29,&2:32|",WXUUCRLKXQMWRY-OYRHEFFESA-N,76958312.0,Phase 1,mTOR inhibitor|PI3K inhibitor,MTOR,,,,,,,41.0,,100.46747142428272,99.99351978237452,100.23049560332862,0.473951641908215,,7284.0,7668.0,'Hit-calling'!$F$7284,'Hit-calling'!$M$7284,'Hit-calling'!$M$7668,11.0,100.23049560332862,True
5,BR00130929G12,BRD-K73701464-003-02-1,,croconazole,croconazole,10.0,SantaCruz,sc-4958483,Clc1cccc(COc2ccccc2C(=C)n2ccnc2)c1,WHPAGCJNPTUGGD-UHFFFAOYSA-N,2880.0,Launched,bacterial cell wall synthesis inhibitor,,infectious disease,fungal infection,,,,,42.0,,99.85499592896,100.60577777403304,100.23038685149652,0.7507818450730355,,3229.0,3613.0,'Hit-calling'!$F$3229,'Hit-calling'!$M$3229,'Hit-calling'!$M$3613,12.0,100.23038685149652,True
16,BR00130953G13,BRD-K26818574-305-07-6,,BIX-01294,BIX-01294,10.0,Selleck,S8006,COc1cc2nc(nc(NC3CCN(Cc4ccccc4)CC3)c2cc1OC)N1CCCN(C)CC1,OSXFATOLZGZLSK-UHFFFAOYSA-N,25150857.0,Preclinical,histone lysine methyltransferase inhibitor,EHMT1|EHMT2,,,,,,,43.0,,100.38711536503764,100.07182578572528,100.22947057538146,0.3152895793123491,,11678.0,12062.0,'Hit-calling'!$F$11678,'Hit-calling'!$M$11678,'Hit-calling'!$M$12062,13.0,100.22947057538146,True
21,BR00130943J21,BRD-K13060017-001-02-1,,UNC0631,UNC0631,9.99997934749665,MedChemEx,HY-13808,COc1cc2c(NC3CCN(CC4CCCCC4)CC3)nc(nc2cc1OCCCN1CCCCC1)N1CCCN(CC1)C(C)C,XFAXSWXKPQWHDW-UHFFFAOYSA-N,53315868.0,Preclinical,histone lysine methyltransferase inhibitor,EHMT2,0,0,,,,,44.0,,100.147756208968,100.30152139667086,100.22463880281944,0.1537651877028594,,15598.0,15982.0,'Hit-calling'!$F$15598,'Hit-calling'!$M$15598,'Hit-calling'!$M$15982,21.0,100.22463880281944,True
14,BR00130957O04,BRD-K87158025-003-09-9,,benzamil,benzamil,10.0,Tocris,3380,NC(NCc1ccccc1)=NC(=O)c1nc(Cl)c(N)nc1N,KXDROGADUISDGY-UHFFFAOYSA-N,108107.0,Phase 2,sodium channel blocker,ASIC1|PKD2L1|SCNN1A|SCNN1B|SCNN1D|SCNN1G|SLC8A1,,,,,,,45.0,,100.21918378336052,100.19232689731528,100.2057553403379,0.0268568860452376,,10325.0,10709.0,'Hit-calling'!$F$10325,'Hit-calling'!$M$10325,'Hit-calling'!$M$10709,4.0,100.2057553403379,True
18,BR00130949L18,BRD-K00004593-001-01-9,,BW-348U87,BW-348U87,10.0,Key,MS-0738,C\C(=N/NC(=S)NNC(=S)Nc1ccccc1Cl)c1ccccn1,YYLKOELWSMRYHV-VXLYETTFSA-N,9554761.0,Preclinical,antiviral,,,,,,,,46.0,,99.96971867826052,100.42310539976285,100.19641203901168,0.4533867215023264,,13339.0,13723.0,'Hit-calling'!$F$13339,'Hit-calling'!$M$13339,'Hit-calling'!$M$13723,18.0,100.19641203901168,True
11,BR00130917H17,BRD-A56320380-300-01-6,,decamethoxine,decamethoxine,9.999999999999998,Innovapharm,BBS-00029292,"CC(C)[C@H]1CC[C@H](C)C[C@@H]1OC(=O)C[N+](C)(C)CCCCCCCCCC[N+](C)(C)CC(=O)O[C@H]1C[C@H](C)CC[C@@H]1C(C)C |&1:40,&2:36,&3:34,&4:9,&5:6,&6:3|",ZADGGFKUEYIBJC-BPBUSIJASA-N,,Phase 2,antiseptic,,,,,,,,47.0,,100.07317066745348,100.28989604575948,100.18153335660648,0.2167253783059948,,7866.0,8250.0,'Hit-calling'!$F$7866,'Hit-calling'!$M$7866,'Hit-calling'!$M$8250,17.0,100.18153335660648,True
8,BR00130923E12,BRD-K01824994-008-03-9,,butoconazole,butoconazole,9.999999999999998,MedChemEx,HY-B0293,"Clc1ccc(CC[C@@H](Cn2ccnc2)Sc2c(Cl)cccc2Cl)cc1 |&1:7,r|",SWLMUYACZKCSHZ-INIZCTEOSA-N,476417.0,Launched,bacterial cell wall synthesis inhibitor,,infectious disease,vulvovaginal candidiasis,,,,,48.0,,100.26990133752108,100.06490042349152,100.1674008805063,0.2050009140295543,,5485.0,5869.0,'Hit-calling'!$F$5485,'Hit-calling'!$M$5485,'Hit-calling'!$M$5869,12.0,100.1674008805063,True
12,BR00130916M05,BRD-K00003715-001-01-9,,harringtonine,harringtonine,10.0,MedChemEx,HY-N0862,[H][C@@]12[C@H](OC(=O)[C@@](O)(CCC(C)(C)O)CC(=O)OC)C(OC)=C[C@@]11CCCN1CCc1cc3OCOc3cc21 |c:21|,HAVJATCHLFRDHY-KSZYUSJVSA-N,276389.0,Phase 3,protein synthesis inhibitor,,,,,,,,49.0,,100.59063015861815,99.73894574127208,100.16478794994512,0.8516844173460782,,8742.0,9126.0,'Hit-calling'!$F$8742,'Hit-calling'!$M$8742,'Hit-calling'!$M$9126,5.0,100.16478794994512,True
17,BR00130951P16,BRD-K59204667-001-03-1,,DBeQ,DBeQ,10.0,Selleck,S7199,C(Nc1nc(NCc2ccccc2)c2ccccc2n1)c1ccccc1,QAIMUUJJAJBPCL-UHFFFAOYSA-N,676352.0,Preclinical,ATPase inhibitor,CASP3,,,,,,,50.0,,100.013685894664,100.27133273784956,100.14250931625678,0.2576468431855403,,12665.0,13049.0,'Hit-calling'!$F$12665,'Hit-calling'!$M$12665,'Hit-calling'!$M$13049,16.0,100.14250931625678,True
18,BR00130949L03,BRD-K36007650-300-09-9,,puromycin,puromycin,10.0,Tocris,4089,COc1ccc(C[C@H](N)C(=O)N[C@@H]2[C@@H](CO)O[C@H]([C@@H]2O)n2cnc3c(ncnc23)N(C)C)cc1,RXWNCPJZOCPEPQ-NVWDDTSBSA-N,439530.0,Preclinical,protein synthesis inhibitor,NHP2L1|RPL10L|RPL11|RPL13A|RPL15|RPL19|RPL23|RPL23A|RPL26L1|RPL3|RPL37|RPL8|RSL24D1,,,,,,,51.0,,99.97360981723494,100.28707048817904,100.130340152707,0.3134606709440959,,13324.0,13708.0,'Hit-calling'!$F$13324,'Hit-calling'!$M$13324,'Hit-calling'!$M$13708,3.0,100.130340152707,True
14,BR00130957M14,BRD-K91438851-001-02-9,,oprozomib,oprozomib,9.999999999999998,MedChemEx,HY-12113,COC[C@H](NC(=O)[C@H](COC)NC(=O)c1cnc(C)s1)C(=O)N[C@@H](Cc1ccccc1)C(=O)[C@@]1(C)CO1,SWZXEVABPLUDIO-WSZYKNRRSA-N,25067547.0,Phase 1/Phase 2,proteasome inhibitor,,,,,,,,52.0,,100.1431977834914,100.10556485730476,100.12438132039809,0.0376329261866175,,10287.0,10671.0,'Hit-calling'!$F$10287,'Hit-calling'!$M$10287,'Hit-calling'!$M$10671,14.0,100.12438132039809,True
1,BR00130937O17,BRD-K77685957-300-10-9,,dequalinium,dequalinium,10.0,MedChemEx,HY-B0567,Cc1cc(N)c2ccccc2[n+]1CCCCCCCCCC[n+]1c(C)cc(N)c2ccccc12,PCSWXVJAIHCTMO-UHFFFAOYSA-P,2993.0,Launched,PKC inhibitor,KCNN1|KCNN3,infectious disease,first-aid antiseptic,,,,,53.0,,99.95390137365668,100.2688947748516,100.11139807425414,0.3149934011949256,,354.0,738.0,'Hit-calling'!$F$354,'Hit-calling'!$M$354,'Hit-calling'!$M$738,17.0,100.11139807425414,True
18,BR00130949G13,BRD-K61228301-001-03-9,,SGI-1027,SGI-1027,10.0,Tocris,5155,Cc1cc(Nc2ccc(NC(=O)c3ccc(Nc4ccnc5ccccc45)cc3)cc2)nc(N)n1,QSYLKMKIVWJAAK-UHFFFAOYSA-N,24858111.0,Preclinical,DNA methyltransferase inhibitor,DNMT1|DNMT3A|DNMT3B,,,,,,,54.0,,99.78703079032184,100.42399352577796,100.1055121580499,0.6369627354561089,,13214.0,13598.0,'Hit-calling'!$F$13214,'Hit-calling'!$M$13214,'Hit-calling'!$M$13598,13.0,100.1055121580499,True
12,BR00130916M06,BRD-K00003281-001-01-9,,ferroquine,ferroquine,9.999999999999998,MedChemEx,HY-19364,"CN(C)CC1=CC=C[C@@]1(CNc1ccnc2cc(Cl)ccc12)[Fe]C1C=CC=C1 |&1:8,r,c:6,27,29,t:4|",UZTPLPOYSVSMBU-UHFFFAOYSA-N,92043331.0,Phase 2,antimalarial agent,,,,,,,,55.0,,100.15588884319214,100.05511877639292,100.10550380979254,0.1007700667992139,,8743.0,9127.0,'Hit-calling'!$F$8743,'Hit-calling'!$M$8743,'Hit-calling'!$M$9127,6.0,100.10550380979254,True
1,BR00130937E22,BRD-K55375480-236-04-9,,monensin,monensin,10.0,MedChemEx,HY-N0150,CC[C@]1(CC[C@@H](O1)[C@]1(C)CC[C@]2(C[C@H](O)[C@@H](C)[C@H](O2)[C@@H](C)[C@@H](OC)[C@H](C)C(O)=O)O1)[C@@H]1O[C@H](C[C@@H]1C)[C@H]1O[C@@](O)(CO)[C@H](C)C[C@@H]1C,GAOZTHIDHYLHMS-KEOBGNEYSA-N,441145.0,Launched,bacterial permeability inducer,,infectious disease,gastrointestinal parasites,,,,,56.0,,100.06600515337196,100.13891262029672,100.10245888683434,0.0729074669247751,,119.0,503.0,'Hit-calling'!$F$119,'Hit-calling'!$M$119,'Hit-calling'!$M$503,22.0,100.10245888683434,True
1,BR00130937G19,BRD-K94882685-003-10-0,,tolonium,tolonium,10.0,Sigma,T3260-5G,Cc1cc2nc3ccc(cc3sc2cc1N)=[N+](C)C,KZEUBCUXBNEMSQ-UHFFFAOYSA-O,91311512.0,Launched,,,hematology,methemoglobinemia,,,,,57.0,,100.0634537159958,100.13842221899876,100.10093796749727,0.074968503002978,,164.0,548.0,'Hit-calling'!$F$164,'Hit-calling'!$M$164,'Hit-calling'!$M$548,19.0,100.10093796749727,True
2,BR00130935L22,BRD-K78659596-001-11-9,,ixazomib,ixazomib,10.0,MedChemEx,HY-10453,CC(C)C[C@H](NC(=O)CNC(=O)c1cc(Cl)ccc1Cl)B(O)O,MXAYKZJJDUDWDS-LBPRGKRZSA-N,25183872.0,Launched,proteasome inhibitor,,hematologic malignancy,multiple myeloma,,,,,58.0,,100.39404970483125,99.79451819746248,100.09428395114683,0.5995315073687664,,1055.0,1439.0,'Hit-calling'!$F$1055,'Hit-calling'!$M$1055,'Hit-calling'!$M$1439,22.0,100.09428395114683,True
1,BR00130937D11,BRD-K54247840-004-01-3,,halofuginone,halofuginone,10.000000000000002,EMDBio,505763-10MG,O[C@H]1CCCN[C@@H]1CC(=O)Cn1cnc2cc(Br)c(Cl)cc2c1=O,LVASCWIMLIKXLA-CABCVRRESA-N,456390.0,Launched,collagenase inhibitor,COL1A1|MMP2,rheumatology,scleroderma,,,,,59.0,,100.12040923992414,100.059028829918,100.08971903492107,0.0613804100061514,,84.0,468.0,'Hit-calling'!$F$84,'Hit-calling'!$M$84,'Hit-calling'!$M$468,11.0,100.08971903492107,True
7,BR00130925C05,BRD-K80025777-001-05-9,,"cis-9,trans-11-conjugated-linoleic-acid","cis-9,trans-11-conjugated-linoleic-acid",10.0,Sigma,MFCD00211047,CCCCCC\C=C\C=C/CCCCCCCC(O)=O,JBYXPOFIGCOSSB-GOJKSUSPSA-N,5280644.0,Launched,,,,,,,,,60.0,,100.0237511997205,100.15486856084,100.08930988028024,0.1311173611195073,,4662.0,5046.0,'Hit-calling'!$F$4662,'Hit-calling'!$M$4662,'Hit-calling'!$M$5046,5.0,100.08930988028024,True
22,BR00130941M21,BRD-K00003557-001-01-9,,ONX-0914,ONX-0914,9.999999999999998,MedChemEx,HY-13207,COc1ccc(C[C@H](NC(=O)[C@H](C)NC(=O)CN2CCOCC2)C(=O)N[C@@H](Cc2ccccc2)C(=O)[C@@]2(C)CO2)cc1,WQAVPPWWLLVGFK-VTNASVEKSA-N,23642227.0,Preclinical,proteasome inhibitor,,,,,,,,61.0,,100.11540208956536,100.04773951872194,100.08157080414364,0.0676625708434244,,16438.0,16822.0,'Hit-calling'!$F$16438,'Hit-calling'!$M$16438,'Hit-calling'!$M$16822,21.0,100.08157080414364,True
20,BR00130945M06,BRD-K31086665-005-04-6,,NH125,NH125,10.0,Selleck,S7436,CCCCCCCCCCCCCCCC[n+]1ccn(Cc2ccccc2)c1C,ZZXUNAFAKNKXFW-UHFFFAOYSA-N,10436840.0,Preclinical,eukaryotic translation elongation factor 2 inhibitor,,,,,,,,62.0,,100.01224853951103,100.11879746668508,100.06552300309804,0.1065489271740318,,14887.0,15271.0,'Hit-calling'!$F$14887,'Hit-calling'!$M$14887,'Hit-calling'!$M$15271,6.0,100.06552300309804,True
9,BR00130921H20,BRD-K00003472-001-01-9,,voclosporin,voclosporin,9.999999999999998,MedChemEx,HY-106638,[H][C@@]1(CC(C)C)N(C)C(=O)[C@@H](C)NC(=O)[C@H](C)NC(=O)[C@H](CC(C)C)N(C)C(=O)[C@@]([H])(NC(=O)[C@H](CC(C)C)N(C)C(=O)CN(C)C(=O)[C@H](CC)NC(=O)[C@]([H])([C@H](O)[C@H](C)C\C=C\C=C)N(C)C(=O)[C@]([H])(C(C)C)N(C)C(=O)[C@H](CC(C)C)N(C)C1=O)C(C)C,BICRTLVBTLFLRD-PTWUADNWSA-N,6918486.0,Phase 3,calcineurin inhibitor,,,,,,,,63.0,,100.28531630641189,99.83264564040476,100.05898097340832,0.4526706660071085,,6333.0,6717.0,'Hit-calling'!$F$6333,'Hit-calling'!$M$6333,'Hit-calling'!$M$6717,20.0,100.05898097340832,True
5,BR00130929P09,BRD-A70649075-008-32-9,,sulconazole,sulconazole,10.0,MedChemEx,HY-B1460A,Clc1ccc(CS[C@@H](Cn2ccnc2)c2ccc(Cl)cc2Cl)cc1 |&1:7|,AFNXATANNDIXLG-SFHVURJKSA-N,6604421.0,Launched,sterol demethylase inhibitor,,infectious disease,tinea pedis|tinea cruris|tinea corporis,,,,,64.0,,100.72524108254623,99.34663083677404,100.03593595966014,1.3786102457721938,,3442.0,3826.0,'Hit-calling'!$F$3442,'Hit-calling'!$M$3442,'Hit-calling'!$M$3826,9.0,100.03593595966014,True
11,BR00130917P13,BRD-K13167095-001-03-9,,AR-42,AR-42,9.999999999999998,MedChemEx,HY-13265,CC(C)[C@H](C(=O)Nc1ccc(cc1)C(=O)NO)c1ccccc1,LAMIXXKAWNLXOC-INIZCTEOSA-N,6918848.0,Phase 1,HDAC inhibitor,HDAC1,,,,,,,65.0,,99.81967480874202,100.2405472544887,100.03011103161536,0.4208724457466815,,8054.0,8438.0,'Hit-calling'!$F$8054,'Hit-calling'!$M$8054,'Hit-calling'!$M$8438,13.0,100.03011103161536,True
7,BR00130925D04,BRD-A70514680-003-12-9,,articaine,articaine,9.999999999999998,MedChemEx,HY-B0516,CCCN[C@@H](C)C(=O)Nc1c(C)csc1C(=O)OC |&1:4|,QTGIAADRBBLJGA-VIFPVBQESA-N,6604377.0,Launched,local anesthetic,,neurology/psychiatry,local anesthetic,,,,,66.0,,100.09315640241454,99.95563765095936,100.02439702668696,0.1375187514551612,,4685.0,5069.0,'Hit-calling'!$F$4685,'Hit-calling'!$M$4685,'Hit-calling'!$M$5069,4.0,100.02439702668696,True
7,BR00130925E03,BRD-K18749874-003-09-9,,melevodopa,melevodopa,9.999999999999998,Vitas-M,STK874011,COC(=O)[C@@H](N)Cc1ccc(O)c(O)c1,XBBDACCLCFWBSI-ZETCQYMHSA-N,23497.0,Launched,dopamine precursor|dopamine receptor agonist,DDC,neurology/psychiatry,Parkinson's Disease,,,,,67.0,,99.97119003100023,100.0508140162756,100.01100202363791,0.0796239852753615,,4708.0,5092.0,'Hit-calling'!$F$4708,'Hit-calling'!$M$4708,'Hit-calling'!$M$5092,3.0,100.01100202363791,True
11,BR00130917K22,BRD-K00003294-050-01-9,,avitinib,avitinib,10.0,MedChemEx,HY-19816A,CN1CCN(CC1)c1ccc(Nc2nc(Oc3cccc(NC(=O)C=C)c3)c3cc[nH]c3n2)cc1F,UOFYSRZSLXWIQB-UHFFFAOYSA-N,72734520.0,Phase 2,EGFR inhibitor,,,,,,,,68.0,,100.08535480199794,99.9315552499203,100.00845502595912,0.1537995520776434,,7943.0,8327.0,'Hit-calling'!$F$7943,'Hit-calling'!$M$7943,'Hit-calling'!$M$8327,22.0,100.00845502595912,True
5,BR00130929K08,BRD-K51471001-303-07-9,,demecarium,demecarium,9.999999999999996,MedChemEx,HY-B1626A,CN(CCCCCCCCCCN(C)C(=O)Oc1cccc(c1)[N+](C)(C)C)C(=O)Oc1cccc(c1)[N+](C)(C)C,RWZVPVOZTJJMNU-UHFFFAOYSA-N,5966.0,Launched,acetylcholinesterase inhibitor,ACHE|BCHE,ophthalmology,intraocular pressure|glaucoma,,,,,69.0,,100.06601127199376,99.9499896310023,100.00800045149802,0.1160216409914625,,3321.0,3705.0,'Hit-calling'!$F$3321,'Hit-calling'!$M$3321,'Hit-calling'!$M$3705,8.0,100.00800045149802,True
21,BR00130943I06,BRD-K00003580-001-01-9,,oligomycin-A,oligomycin-A,10.0,MedChemEx,HY-16589,"[H][C@]12CC[C@@H](CC)\C=C\C=C\C[C@@H](C)[C@H](O)[C@@](C)(O)C(=O)[C@@H](C)[C@H](O)[C@@H](C)C(=O)[C@@H](C)[C@H](O)[C@@H](C)\C=C\C(=O)O[C@]([H])([C@@H]1C)[C@H](C)[C@@]1(CC[C@H](C)[C@H](C[C@@H](C)O)O1)O2 |t:7,9,35|",MNULEGDCPYONBU-BGLGBHOCSA-N,133268482.0,Preclinical,ATP synthase inhibitor|ATPase inhibitor,ATP5A1,0,0,,,,,70.0,,100.05200822499263,99.94634125348983,99.99917473924124,0.1056669715027993,,15559.0,15943.0,'Hit-calling'!$F$15559,'Hit-calling'!$M$15559,'Hit-calling'!$M$15943,6.0,99.99917473924124,True
14,BR00130957K20,BRD-K03067624-312-22-9,,emetine,emetine,10.0,MedChemEx,HY-B1479B,CC[C@H]1CN2CCc3cc(OC)c(OC)cc3[C@@H]2C[C@@H]1C[C@H]1NCCc2cc(OC)c(OC)cc12,AUVVAXYIELKVAI-CKBKHPSWSA-N,10219.0,Phase 2,protein synthesis inhibitor,RPS2,,,,,,,71.0,,99.79214332221002,100.19053302760253,99.99133817490628,0.3983897053924892,,10245.0,10629.0,'Hit-calling'!$F$10245,'Hit-calling'!$M$10245,'Hit-calling'!$M$10629,20.0,99.99133817490628,True
7,BR00130925D05,BRD-A68589262-001-06-9,,troxipide,troxipide,9.999999999999998,MedChemEx,HY-B0758,"COc1cc(cc(OC)c1OC)C(=O)N[C@H]1CCCNC1 |&1:15,r|",YSIITVVESCNIPR-NSHDSACASA-N,40467000.0,Launched,glucosamine synthetase stimulant,,gastroenterology,gastroesophageal reflux disease (GERD),,,,,72.0,,99.98567145294804,99.99369106876578,99.98968126085693,0.0080196158177585,,4686.0,5070.0,'Hit-calling'!$F$4686,'Hit-calling'!$M$4686,'Hit-calling'!$M$5070,5.0,99.98968126085693,True
14,BR00130957B16,BRD-A74328360-409-02-8,,antimonyl,antimonyl,9.999999999999998,Sigma,383376-100G,O=C1O[SbH]23OC1C1O[SbH]4(OC(C(O2)C(=O)O3)C(=O)O4)OC1=O,ZCIXFSVENQDMCK-UHFFFAOYSA-J,,Phase 1,,,,,,,,,73.0,,99.89322915828664,100.08305398005544,99.98814156917103,0.1898248217688092,,10025.0,10409.0,'Hit-calling'!$F$10025,'Hit-calling'!$M$10025,'Hit-calling'!$M$10409,16.0,99.98814156917103,True
16,BR00130953N07,BRD-K00003126-001-01-9,,G-749,G-749,10.000000000000002,MedChemEx,HY-12333,CN1CCC(CC1)Nc1nc(Nc2ccc(Oc3ccccc3)cc2)c2c(O)ncc(Br)c2n1,SXWMIXPJPNCXQQ-UHFFFAOYSA-N,78357765.0,Preclinical,tyrosine kinase inhibitor,,,,,,,,74.0,,99.58148058038834,100.39197889963326,99.9867297400108,0.810498319244914,,11840.0,12224.0,'Hit-calling'!$F$11840,'Hit-calling'!$M$11840,'Hit-calling'!$M$12224,7.0,99.9867297400108,True
8,BR00130923O19,BRD-K44227013-001-06-4,,ponatinib,ponatinib,9.999999999999998,Selleck,S1490,CN1CCN(Cc2ccc(NC(=O)c3ccc(C)c(c3)C#Cc3cnc4cccnn34)cc2C(F)(F)F)CC1,PHXJVRSECIGDHY-UHFFFAOYSA-N,24826799.0,Launched,Bcr-Abl kinase inhibitor|FLT3 inhibitor|PDGFR tyrosine kinase receptor inhibitor,ABL1|BCR|FGFR1|FGFR2|FGFR3|FGFR4|FLT3|KDR|KIT|LCK|LYN|PDGFRA|RET|SRC|TEK,hematologic malignancy,chronic myeloid leukemia (CML)|acute lymphoblastic leukemia (ALL),,,,,75.0,,100.18446121521598,99.78677122966394,99.98561622243996,0.3976899855520344,,5732.0,6116.0,'Hit-calling'!$F$5732,'Hit-calling'!$M$5732,'Hit-calling'!$M$6116,19.0,99.98561622243996,True
8,BR00130923J21,BRD-K52256627-300-05-8,,chlorhexidine,chlorhexidine,9.999999999999998,InterBioScreen,STOCK1S-18831,NC(Nc1ccc(Cl)cc1)=NC(=N)NCCCCCCNC(=N)N=C(N)Nc1ccc(Cl)cc1,"InChI=1S/C22H30Cl2N10/c23-15-5-9-17(10-6-15)31-21(27)33-19(25)29-13-3-1-2-4-14-30-20(26)34-22(28)32-18-11-7-16(24)8-12-18/h5-12H,1-4,13-14H2,(H5,25,27,29,31,33)(H5,26,28,30,32,34)",9552079.0,Launched,membrane integrity inhibitor,,dermatology|infectious disease|dental,cosmetic|skin infections|gingivitis,,,,,76.0,,100.16051725499132,99.78815266605712,99.97433496052422,0.3723645889342037,,5614.0,5998.0,'Hit-calling'!$F$5614,'Hit-calling'!$M$5614,'Hit-calling'!$M$5998,21.0,99.97433496052422,True
11,BR00130917F14,BRD-K73132780-411-01-3,,pyronaridine,pyronaridine,10.0,MicroSource,1502329,COc1ccc2nc3cc(Cl)ccc3c(Nc3cc(CN4CCCC4)c(O)c(CN4CCCC4)c3)c2n1,DJUFPMUQJKWIJB-UHFFFAOYSA-N,107771.0,Phase 3,antimalarial agent,,,,,,,,77.0,,99.79883005964298,100.13437428557016,99.96660217260656,0.3355442259271797,,7815.0,8199.0,'Hit-calling'!$F$7815,'Hit-calling'!$M$7815,'Hit-calling'!$M$8199,14.0,99.96660217260656,True
18,BR00130949K12,BRD-K88767641-001-01-7,,AZD5582,AZD5582,9.999932095882324,MedChemEx,HY-12600,CN[C@@H](C)C(=O)N[C@@H](C1CCCCC1)C(=O)N1CCC[C@H]1C(=O)N[C@@H]1[C@@H](Cc2ccccc12)OCC#CC#CCO[C@@H]1Cc2ccccc2[C@@H]1NC(=O)[C@@H]1CCCN1C(=O)[C@@H](NC(=O)[C@H](C)NC)C1CCCCC1,WLMCRYCCYXHPQF-ZVMUOSSASA-N,49847690.0,Preclinical,XIAP inhibitor,BIRC2|BIRC3|XIAP,,,,,,,78.0,,99.8377242880221,100.08904004841804,99.96338216822006,0.2513157603959257,,13309.0,13693.0,'Hit-calling'!$F$13309,'Hit-calling'!$M$13309,'Hit-calling'!$M$13693,12.0,99.96338216822006,True
7,BR00130925D06,BRD-K89732114-300-20-9,,trifluoperazine,trifluoperazine,10.0,MedChemEx,HY-B0532A,CN1CCN(CCCN2c3ccccc3Sc3ccc(cc23)C(F)(F)F)CC1,ZEWQUBUPAILYHI-UHFFFAOYSA-N,5566.0,Launched,dopamine receptor antagonist,ADRA1A|CALM1|CALY|DRD2|DRD4|HRH1|HTR2A|HTR2C|S100A4|TNNC1,neurology/psychiatry,schizophrenia,,,,,79.0,,99.8526424981648,100.06063425312888,99.95663837564685,0.2079917549640697,,4687.0,5071.0,'Hit-calling'!$F$4687,'Hit-calling'!$M$4687,'Hit-calling'!$M$5071,6.0,99.95663837564685,True
14,BR00130957E06,BRD-K27811785-001-02-9,,cipargamin,cipargamin,9.999999999999998,MedChemEx,HY-14430,C[C@H]1Cc2c([nH]c3cc(Cl)c(F)cc23)[C@@]2(N1)C(=O)Nc1ccc(Cl)cc21,CKLPLPZSUQEDRT-WPCRTTGESA-N,44469321.0,Phase 2,antimalarial agent,,,,,,,,80.0,,100.22868739655704,99.67628308445396,99.9524852405055,0.5524043121030644,,10087.0,10471.0,'Hit-calling'!$F$10087,'Hit-calling'!$M$10087,'Hit-calling'!$M$10471,6.0,99.9524852405055,True
9,BR00130921H21,BRD-K35498911-001-02-9,,DSM265,DSM265,9.999999999999998,MedChemEx,HY-100184,Cc1cc(Nc2ccc(cc2)S(F)(F)(F)(F)F)n2nc(nc2n1)C(C)(F)F,OIZSVTOIBNSVOS-UHFFFAOYSA-N,51347395.0,Phase 2,dihydroorotate dehydrogenase inhibitor,,,,,,,,81.0,,100.3446028116403,99.52819810955306,99.93640046059669,0.8164047020872403,,6334.0,6718.0,'Hit-calling'!$F$6334,'Hit-calling'!$M$6334,'Hit-calling'!$M$6718,21.0,99.93640046059669,True
7,BR00130925E05,BRD-K59273480-001-11-9,,propentofylline,propentofylline,9.999999999999998,Sigma,MFCD00133785,CCCn1cnc2n(C)c(=O)n(CCCCC(C)=O)c(=O)c12,RBQOQRRFDPXAGN-UHFFFAOYSA-N,4938.0,Launched,adenosine reuptake inhibitor|phosphodiesterase inhibitor,PDE1A,neurology/psychiatry,stroke,,,,,82.0,,100.05246388469564,99.8082770037601,99.93037044422786,0.244186880935544,,4710.0,5094.0,'Hit-calling'!$F$4710,'Hit-calling'!$M$4710,'Hit-calling'!$M$5094,5.0,99.93037044422786,True
13,BR00130959D13,BRD-K00004725-001-01-9,,voruciclib,voruciclib,10.0,Astatech,40984,CN1CC[C@H]([C@@H]1CO)c1c(O)cc(O)c2c1oc(cc2=O)-c1ccc(cc1Cl)C(F)(F)F,MRPGRAKIAJJGMM-OCCSQVGLSA-N,67409219.0,Phase 1,CDK9 inhibitor,,,,,,,,83.0,,99.69995503617643,100.15937101446912,99.92966302532278,0.4594159782926823,,9302.0,9686.0,'Hit-calling'!$F$9302,'Hit-calling'!$M$9302,'Hit-calling'!$M$9686,13.0,99.92966302532278,True
9,BR00130921K19,BRD-K41278234-001-04-9,,CUDC-101,CUDC-101,10.0,MedChemEx,HY-10223,COc1cc2ncnc(Nc3cccc(c3)C#C)c2cc1OCCCCCCC(=O)NO,PLIVFNIUGLLCEK-UHFFFAOYSA-N,24756910.0,Phase 1,EGFR inhibitor,EGFR|ERBB2,,,,,,,84.0,,99.89154399851118,99.95674080792784,99.92414240321952,0.0651968094166619,,6404.0,6788.0,'Hit-calling'!$F$6404,'Hit-calling'!$M$6404,'Hit-calling'!$M$6788,19.0,99.92414240321952,True
11,BR00130917L12,BRD-K19412342-001-02-4,,valspodar,valspodar,10.000021084355389,MedChemEx,HY-17384,C\C=C\C[C@@H](C)C(=O)[C@@H]1N(C)C(=O)[C@H](C(C)C)N(C)C(=O)[C@H](CC(C)C)N(C)C(=O)[C@H](CC(C)C)N(C)C(=O)[C@@H](C)NC(=O)[C@H](C)NC(=O)[C@H](CC(C)C)N(C)C(=O)[C@@H](NC(=O)[C@H](CC(C)C)N(C)C(=O)CN(C)C(=O)[C@@H](NC1=O)C(C)C)C(C)C,YJDYDFNKCBANTM-QCWCSKBGSA-N,5281884.0,Phase 3,P glycoprotein inhibitor,ABCB1,,,,,,,85.0,,100.29320955130773,99.48584236293028,99.889525957119,0.8073671883774409,,7957.0,8341.0,'Hit-calling'!$F$7957,'Hit-calling'!$M$7957,'Hit-calling'!$M$8341,12.0,99.889525957119,True
13,BR00130959B09,BRD-K86687746-001-01-3,,R306465,R306465,10.0,AdvChemBlocks,A-632,ONC(=O)c1cnc(nc1)N1CCN(CC1)S(=O)(=O)c1ccc2ccccc2c1,MUTBJZVSRNUIHA-UHFFFAOYSA-N,10309899.0,Phase 1,HDAC inhibitor,,,,,,,,86.0,,99.82695773552707,99.9488694016751,99.88791356860108,0.1219116661480086,,9250.0,9634.0,'Hit-calling'!$F$9250,'Hit-calling'!$M$9250,'Hit-calling'!$M$9634,9.0,99.88791356860108,True
13,BR00130959M18,BRD-K64890080-001-02-1,,BI-2536,BI-2536,10.0,Axon,,CC[C@H]1N(C2CCCC2)c2nc(Nc3ccc(cc3OC)C(=O)NC3CCN(C)CC3)ncc2N(C)C1=O,"InChI=1S/C28H39N7O3/c1-5-22-27(37)34(3)23-17-29-28(32-25(23)35(22)20-8-6-7-9-20)31-21-11-10-18(16-24(21)38-4)26(36)30-19-12-14-33(2)15-13-19/h10-11,16-17,19-20,22H,5-9,12-15H2,1-4H3,(H,30,36)(H,29,31,32)/t22-/m1/s1",11364421.0,Phase 2,PLK inhibitor,BRD4|PLK1|PLK2|PLK3,,,,,,,87.0,,100.1753024083354,99.5826244826823,99.87896344550886,0.5926779256531063,,9523.0,9907.0,'Hit-calling'!$F$9523,'Hit-calling'!$M$9523,'Hit-calling'!$M$9907,18.0,99.87896344550886,True
18,BR00130949P13,BRD-K93217218-300-03-9,,PD-166285,PD-166285,10.000000000000002,Tocris,3785,CCN(CC)CCOc1ccc(Nc2ncc3cc(-c4c(Cl)cccc4Cl)c(=O)n(C)c3n2)cc1,IFPPYSWJNWHOLQ-UHFFFAOYSA-N,5311382.0,Preclinical,SRC inhibitor,EGFR|FGFR1|PDGFRB|PKMYT1|SRC|WEE1,,,,,,,88.0,,99.79683472148086,99.95060069811038,99.8737177097956,0.1537659766295149,,13430.0,13814.0,'Hit-calling'!$F$13430,'Hit-calling'!$M$13430,'Hit-calling'!$M$13814,13.0,99.8737177097956,True
7,BR00130925L18,BRD-K02130563-001-15-5,,panobinostat,panobinostat,10.0,MedChemEx,HY-10224,Cc1[nH]c2ccccc2c1CCNCc1ccc(\C=C\C(=O)NO)cc1,FPOHNWQLNRZRFC-ZHACJKMWSA-N,6918837.0,Launched,HDAC inhibitor,HDAC1|HDAC2|HDAC3|HDAC4|HDAC6|HDAC7|HDAC8|HDAC9,hematologic malignancy,multiple myeloma,,,,,89.0,,99.8193713617512,99.91544319314136,99.86740727744628,0.0960718313901622,,4891.0,5275.0,'Hit-calling'!$F$4891,'Hit-calling'!$M$4891,'Hit-calling'!$M$5275,18.0,99.86740727744628,True
13,BR00130959P08,BRD-K66097663-001-02-9,,TMC-353121,TMC-353121,10.000000000000002,MedChemEx,HY-11097,Cc1ccc(CCCO)c(NCc2ccc3nc(NCCCN4CCOCC4)n(Cc4nc(C)ccc4O)c3c2)c1,DKORMNNYNRPTBJ-UHFFFAOYSA-N,11249932.0,Phase 2,RSV fusion inhibitor,,,,,,,,90.0,,99.96417454656408,99.74678123607482,99.85547789131944,0.2173933104892427,,9585.0,9969.0,'Hit-calling'!$F$9585,'Hit-calling'!$M$9585,'Hit-calling'!$M$9969,8.0,99.85547789131944,True
13,BR00130959M20,BRD-K69776681-001-07-9,,volasertib,volasertib,9.999999999999998,Focus,1066053,CC[C@H]1N(C(C)C)c2nc(Nc3ccc(cc3OC)C(=O)N[C@H]3CC[C@@H](CC3)N3CCN(CC4CC4)CC3)ncc2N(C)C1=O,"InChI=1S/C34H50N8O3/c1-6-28-33(44)39(4)29-20-35-34(38-31(29)42(28)22(2)3)37-27-14-9-24(19-30(27)45-5)32(43)36-25-10-12-26(13-11-25)41-17-15-40(16-18-41)21-23-7-8-23/h9,14,19-20,22-23,25-26,28H,6-8,10-13,15-18,21H2,1-5H3,(H,36,43)(H,35,37,38)/t25-,26-,28-/m1/s1",,Phase 3,PLK inhibitor,PLK1,,,,,,,91.0,,99.5657589943403,100.12626079110274,99.84600989272153,0.5605017967624377,,9525.0,9909.0,'Hit-calling'!$F$9525,'Hit-calling'!$M$9525,'Hit-calling'!$M$9909,20.0,99.84600989272153,True
7,BR00130925C06,BRD-K96734425-324-01-5,,ceftriaxone,ceftriaxone,10.0,MicroSource,1503111,CO\N=C(/C(=O)N[C@H]1[C@H]2SCC(CSc3nc(=O)c(O)nn3C)=C(N2C1=O)C(O)=O)c1csc(N)n1 |c:23|,VAAUVRVFOQPIGI-SPQHTLEESA-N,5479530.0,Launched,bacterial cell wall synthesis inhibitor,,infectious disease|otolaryngology,gonorrhea|pneumonia|otitis|skin infections|urinary tract infections|pelvic inflammatory disease|bacterial septicemia|bone and joint infections|intra-abdominal infections|meningitis|surgical prophylaxis,,,,,92.0,,100.1235924043969,99.55198024076994,99.8377863225834,0.5716121636269662,,4663.0,5047.0,'Hit-calling'!$F$4663,'Hit-calling'!$M$4663,'Hit-calling'!$M$5047,6.0,99.8377863225834,True
14,BR00130957I14,BRD-K68870568-066-02-9,,flumatinib,flumatinib,10.0,MedChemEx,HY-13905,CN1CCN(Cc2ccc(cc2C(F)(F)F)C(=O)Nc2cnc(C)c(Nc3nccc(n3)-c3cccnc3)c2)CC1,BJCJYEYYYGBROF-UHFFFAOYSA-N,46848036.0,Phase 3,Bcr-Abl kinase inhibitor,ABL1|PDGFRB,,,,,,,93.0,,99.85182515497004,99.81091081875168,99.83136798686084,0.0409143362183641,,10191.0,10575.0,'Hit-calling'!$F$10191,'Hit-calling'!$M$10191,'Hit-calling'!$M$10575,14.0,99.83136798686084,True
20,BR00130945P15,BRD-K29395450-001-06-8,,PIK-93,PIK-93,10.000000000000002,Selleck,S1489,CC(=O)Nc1nc(C)c(s1)-c1ccc(Cl)c(c1)S(=O)(=O)NCCO,JFVNFXCESCXMBC-UHFFFAOYSA-N,6852167.0,Preclinical,PI3K inhibitor,PI4KB|PIK3C3|PIK3CG,,,,,,,94.0,,99.60358690157402,100.05774097110124,99.83066393633764,0.4541540695272061,,14968.0,15352.0,'Hit-calling'!$F$14968,'Hit-calling'!$M$14968,'Hit-calling'!$M$15352,15.0,99.83066393633764,True
22,BR00130941P04,BRD-K32289541-001-02-8,,EHop-016,EHop-016,10.0,Selleck,S7319,CCn1c2ccccc2c2cc(Nc3ccnc(NCCCN4CCOCC4)n3)ccc12,"InChI=1S/C25H30N6O/c1-2-31-22-7-4-3-6-20(22)21-18-19(8-9-23(21)31)28-24-10-12-27-25(29-24)26-11-5-13-30-14-16-32-17-15-30/h3-4,6-10,12,18H,2,5,11,13-17H2,1H3,(H2,26,27,28,29)",51031035.0,Preclinical,Ras GTPase inhibitor,RAC1|RAC3,,,,,,,95.0,,99.76119036285849,99.88532184141096,99.82325610213472,0.1241314785524707,,16493.0,16877.0,'Hit-calling'!$F$16493,'Hit-calling'!$M$16493,'Hit-calling'!$M$16877,4.0,99.82325610213472,True
7,BR00130925A03,BRD-K01825118-065-05-9,,albuterol,albuterol,10.000000000000002,Tocris,634,CC(C)(C)NC[C@@H](O)c1ccc(O)c(CO)c1 |&1:6|,NDAUXUAQIAJITI-GFCCVEGCSA-N,182176.0,Launched,adrenergic receptor agonist,ADRB2,pulmonary,asthma,,,,,96.0,,99.92882978714532,99.7085901808194,99.81870998398236,0.2202396063259328,,4612.0,4996.0,'Hit-calling'!$F$4612,'Hit-calling'!$M$4612,'Hit-calling'!$M$4996,3.0,99.81870998398236,True
10,BR00130919E06,BRD-K22316123-001-01-9,,BMS-983970,BMS-983970,10.000038253883629,MedChemEx,HY-12419,NC(=O)[C@@H](CC1CC1)[C@@H](CCC(F)(F)F)C(=O)N[C@H]1N=C(c2ccccc2)c2cccc(F)c2NC1=O |t:20|,RANYIWAZSQWERN-WLENULPWSA-N,73388374.0,Phase 1,notch signaling inhibitor,,,,,,,,97.0,,100.01324170309717,99.59567286213914,99.80445728261816,0.417568840958026,,7015.0,7399.0,'Hit-calling'!$F$7015,'Hit-calling'!$M$7015,'Hit-calling'!$M$7399,6.0,99.80445728261816,True
14,BR00130957A10,BRD-K00003273-003-01-9,,cbl0137,cbl0137,10.0,MedChemEx,HY-18935A,CC(C)NCCn1c2ccc(cc2c2cc(ccc12)C(C)=O)C(C)=O,JKCSODVERGVDLT-UHFFFAOYSA-N,44519124.0,Phase 1,histone chaperone inhibitor,,,,,,,,98.0,,99.81784383825836,99.7861247896715,99.80198431396494,0.031719048586865,,9995.0,10379.0,'Hit-calling'!$F$9995,'Hit-calling'!$M$9995,'Hit-calling'!$M$10379,10.0,99.80198431396494,True
16,BR00130953L10,BRD-K58770988-001-02-6,,NMS-E973,NMS-E973,9.999999999999998,Selleck,S7282,CN1CCC(CC1)NC(=O)c1cc(on1)-c1c(O)cc(O)cc1Oc1ccc(cc1)[N+]([O-])=O,YLQODGGPIHWTHR-UHFFFAOYSA-N,135566652.0,Preclinical,HSP inhibitor,,,,,,,,99.0,,99.84541699235432,99.74238198765929,99.7938994900068,0.1030350046950445,,11795.0,12179.0,'Hit-calling'!$F$11795,'Hit-calling'!$M$11795,'Hit-calling'!$M$12179,10.0,99.7938994900068,True
10,BR00130919K04,BRD-K20986415-001-02-6,,RGB-286638,RGB-286638,9.999957918332658,MedChemEx,HY-15504A,COCCN1CCN(Cc2ccc(cc2)-c2n[nH]c3-c4cccc(NC(=O)NN5CCOCC5)c4C(=O)c23)CC1,XLSYZSRXVVCHLS-UHFFFAOYSA-N,11285002.0,Phase 1,CDK inhibitor,CDK1|CDK2|CDK3|CDK4|CDK5|CDK6|CDK7|CDK9|FLT3|GSK3B|JAK2|MAP3K7|MAPK9,,,,,,,100.0,,99.63865194854304,99.94252925639778,99.79059060247042,0.3038773078547336,,7157.0,7541.0,'Hit-calling'!$F$7157,'Hit-calling'!$M$7157,'Hit-calling'!$M$7541,4.0,99.79059060247042,True
14,BR00130957M15,BRD-K00003414-001-01-9,,emodepside,emodepside,10.0,MedChemEx,HY-101476,[H][C@]1(C)OC(=O)[C@H](CC(C)C)N(C)C(=O)[C@@H](Cc2ccc(cc2)N2CCOCC2)OC(=O)[C@H](CC(C)C)N(C)C(=O)[C@@H](C)OC(=O)[C@@H](CC(C)C)N(C)C(=O)[C@@H](Cc2ccc(cc2)N2CCOCC2)OC(=O)[C@H](CC(C)C)N(C)C1=O,ZMQMTKVVAMWKNY-CZOLZNPPSA-N,122594832.0,Phase 1,nematocide,,,,,,,,101.0,,99.75921319521989,99.82068959633229,99.78995139577609,0.0614764011124151,,10288.0,10672.0,'Hit-calling'!$F$10288,'Hit-calling'!$M$10288,'Hit-calling'!$M$10672,15.0,99.78995139577609,True
7,BR00130925D03,BRD-K74141488-003-12-9,,naftifine,naftifine,10.0,MedChemEx,HY-B0518A,CN(C\C=C\c1ccccc1)Cc1cccc2ccccc12,OZGNYLLQHRPOBR-DHZHZOJOSA-N,47641.0,Launched,fungal squalene epoxidase inhibitor,,infectious disease,tinea pedis|tinea cruris|tinea corporis,,,,,102.0,,99.82295697294364,99.7355101905654,99.77923358175453,0.0874467823782367,,4684.0,5068.0,'Hit-calling'!$F$4684,'Hit-calling'!$M$4684,'Hit-calling'!$M$5068,3.0,99.77923358175453,True
13,BR00130959E09,BRD-K56957086-001-09-7,,dacinostat,dacinostat,9.63410785549971,Selleck,S1095,OCCN(CCc1c[nH]c2ccccc12)Cc1ccc(\C=C\C(=O)NO)cc1,BWDQBBCUWLSASG-MDZDMXLPSA-N,6445533.0,Phase 1,HDAC inhibitor,HDAC1|HDAC2|HDAC3|HDAC4|HDAC5|HDAC6|HDAC7|HDAC8|HDAC9,,,,,,,103.0,,99.86859653976322,99.68417668097308,99.77638661036816,0.1844198587901502,,9322.0,9706.0,'Hit-calling'!$F$9322,'Hit-calling'!$M$9322,'Hit-calling'!$M$9706,9.0,99.77638661036816,True
4,BR00130931N07,BRD-K91290917-336-05-3,,amodiaquine,amodiaquine,10.000000000000002,Prestwick,Prestw-309,CCN(CC)Cc1cc(Nc2ccnc3cc(Cl)ccc23)ccc1O,OVCDSSHSILBFBN-UHFFFAOYSA-N,3647519.0,Launched,histamine receptor agonist,HNMT,infectious disease,malaria,,,,,104.0,,99.62820580889364,99.90930630677062,99.76875605783212,0.2811004978769773,,2624.0,3008.0,'Hit-calling'!$F$2624,'Hit-calling'!$M$2624,'Hit-calling'!$M$3008,7.0,99.76875605783212,True
17,BR00130951A11,BRD-K30431096-004-02-9,,domiphen,domiphen,10.0,MedChemEx,HY-B1467,CCCCCCCCCCCC[N+](C)(C)CCOc1ccccc1,YXUPZGKORWTXID-UHFFFAOYSA-N,3149.0,Preclinical,,,,,,,,,105.0,,99.89146415290148,99.639344695232,99.76540442406674,0.2521194576694938,,12300.0,12684.0,'Hit-calling'!$F$12300,'Hit-calling'!$M$12300,'Hit-calling'!$M$12684,11.0,99.76540442406674,True
16,BR00130953I09,BRD-K98179423-300-02-9,,C-021,C-021,10.0,Tocris,3581,COc1cc2nc(nc(NC3CCCCCC3)c2cc1OC)N1CCC(CC1)N1CCCCC1,WYVBISCFCHREDA-UHFFFAOYSA-N,25141190.0,Preclinical,CC chemokine receptor antagonist,CCR4,,,,,,,106.0,,100.07551208452178,99.45022966549782,99.7628708750098,0.6252824190239608,,11722.0,12106.0,'Hit-calling'!$F$11722,'Hit-calling'!$M$11722,'Hit-calling'!$M$12106,9.0,99.7628708750098,True
9,BR00130921J18,BRD-K45293975-001-01-2,,7-hydroxystaurosporine,7-hydroxystaurosporine,9.999999999999998,EMDBio,539644,CN[C@@H]1C[C@H]2O[C@@](C)([C@@H]1OC)n1c3ccccc3c3c4[C@H](O)NC(=O)c4c4c5ccccc5n2c4c13,PBCZSGKMGDDXIJ-KRUBCLEUSA-N,3078519.0,Phase 2,CDK inhibitor|CHK inhibitor|PKC inhibitor,CDK1|CHEK1|CHEK2|GSK3B|LCK|MAPK14|MARK1|MARK3|PDPK1|PRKCA|PRKCB|PRKCD|PRKCE|PRKCG,,,,,,,107.0,,99.7837680154578,99.71699985017878,99.7503839328183,0.066768165279015,,6379.0,6763.0,'Hit-calling'!$F$6379,'Hit-calling'!$M$6379,'Hit-calling'!$M$6763,18.0,99.7503839328183,True
7,BR00130925A04,BRD-K15656090-001-07-3,,pipobroman,pipobroman,9.999999999999998,MedChemEx,HY-16398,BrCCC(=O)N1CCN(CC1)C(=O)CCBr,NJBFOOCLYDNZJN-UHFFFAOYSA-N,4842.0,Launched,DNA alkylating agent,,hematology,polycythemia vera|thrombocythemia,,,,,108.0,,99.9669373293534,99.51438357816602,99.74066045375972,0.4525537511873807,,4613.0,4997.0,'Hit-calling'!$F$4613,'Hit-calling'!$M$4613,'Hit-calling'!$M$4997,4.0,99.74066045375972,True
2,BR00130935B15,BRD-K13533483-001-18-9,,cyclosporin-A,cyclosporin-A,10.0,Tocris,1101,CC[C@@H]1NC(=O)[C@H]([C@H](O)[C@H](C)C\C=C\C)N(C)C(=O)[C@H](C(C)C)N(C)C(=O)[C@H](CC(C)C)N(C)C(=O)[C@H](CC(C)C)N(C)C(=O)[C@@H](C)NC(=O)[C@H](C)NC(=O)[C@H](CC(C)C)N(C)C(=O)[C@@H](NC(=O)[C@H](CC(C)C)N(C)C(=O)CN(C)C1=O)C(C)C,PMATZTZNYRCHOR-CGLBZJNRSA-N,5284373.0,Launched,calcineurin inhibitor,ABCB11|CAMLG|FPR1|PPIA|PPIF|PPP3CA|PPP3R2|SLC10A1|SLCO1B1|SLCO1B3,rheumatology|dermatology,rheumatoid arthritis|psoriasis,,,,,109.0,,99.7224296969074,99.7569457773008,99.7396877371041,0.0345160803933879,,808.0,1192.0,'Hit-calling'!$F$808,'Hit-calling'!$M$808,'Hit-calling'!$M$1192,15.0,99.7396877371041,True
1,BR00130937I10,BRD-K23414042-236-05-9,,salinomycin,salinomycin,10.0,Tocris,3637,CC[C@H]([C@H]1CC[C@H](C)[C@@H](O1)[C@@H](C)[C@H](O)[C@H](C)C(=O)[C@H](CC)[C@H]1O[C@@]2(O[C@@]3(CC[C@](C)(O3)[C@H]3CC[C@](O)(CC)[C@H](C)O3)[C@H](O)C=C2)[C@H](C)C[C@@H]1C)C(O)=O |c:46|,KQXDHUJYNAXLNZ-XQSDOZFQSA-N,3085092.0,Launched,,,infectious disease,coccidiosis,,,,,110.0,,99.81588455808972,99.6320183523652,99.72395145522746,0.183866205724513,,203.0,587.0,'Hit-calling'!$F$203,'Hit-calling'!$M$203,'Hit-calling'!$M$587,10.0,99.72395145522746,True
16,BR00130953B11,BRD-K99433989-001-02-9,,SAG,SAG,10.0,Tocris,4366,CN[C@H]1CC[C@@H](CC1)N(Cc1cccc(c1)-c1ccncc1)C(=O)c1sc2ccccc2c1Cl |r|,VFSUUTYAEQOIMW-YHBQERECSA-N,,Preclinical,smoothened receptor agonist,SMO|TRPC6,,,,,,,111.0,,99.91266825757536,99.5282885776617,99.72047841761852,0.384379679913664,,11556.0,11940.0,'Hit-calling'!$F$11556,'Hit-calling'!$M$11556,'Hit-calling'!$M$11940,11.0,99.72047841761852,True
17,BR00130951M06,BRD-K95926480-003-06-9,,SRT1720,SRT1720,10.0,MedChemEx,HY-15145,O=C(Nc1ccccc1-c1cn2c(CN3CCNCC3)csc2n1)c1cnc2ccccc2n1,IASPBORHOMBZMY-UHFFFAOYSA-N,24180125.0,Preclinical,SIRT activator,SIRT1,,,,,,,112.0,,99.80876502637724,99.61455416879112,99.71165959758416,0.1942108575861283,,12583.0,12967.0,'Hit-calling'!$F$12583,'Hit-calling'!$M$12583,'Hit-calling'!$M$12967,6.0,99.71165959758416,True
1,BR00130937J06,BRD-K37249724-001-24-0,,astemizole,astemizole,10.0,Tocris,3489,COc1ccc(CCN2CCC(CC2)Nc2nc3ccccc3n2Cc2ccc(F)cc2)cc1,GXDALQBWZGODGZ-UHFFFAOYSA-N,2247.0,Withdrawn,histamine receptor antagonist,HRH1|KCNH1|KCNH2,,,,,,,113.0,,99.65660576438805,99.75245058690712,99.70452817564758,0.0958448225190693,,223.0,607.0,'Hit-calling'!$F$223,'Hit-calling'!$M$223,'Hit-calling'!$M$607,6.0,99.70452817564758,True
12,BR00130916B10,BRD-K80700417-001-07-9,,SGI-1776,SGI-1776,9.999999999999998,MedChemEx,HY-13287,CN1CCC(CNc2ccc3ncc(-c4cccc(OC(F)(F)F)c4)n3n2)CC1,MHXGEROHKGDZGO-UHFFFAOYSA-N,24795070.0,Phase 1,Pim kinase inhibitor,FLT3|PIM1|PIM2|PIM3,,,,,,,114.0,,99.12245470695116,100.28600969393244,99.7042322004418,1.163554986981282,,8483.0,8867.0,'Hit-calling'!$F$8483,'Hit-calling'!$M$8483,'Hit-calling'!$M$8867,10.0,99.7042322004418,True
10,BR00130919H07,BRD-K77638923-001-03-9,,CUDC-907,CUDC-907,10.0,MedChemEx,HY-13522,COc1ccc(cn1)-c1nc(N2CCOCC2)c2sc(CN(C)c3ncc(cn3)C(=O)NO)cc2n1,JOWXJLIFIIOYMS-UHFFFAOYSA-N,54575456.0,Phase 2,PI3K inhibitor,HDAC2|PIK3R1,,,,,,,115.0,,99.68627870871032,99.72077401256998,99.70352636064015,0.0344953038596571,,7088.0,7472.0,'Hit-calling'!$F$7088,'Hit-calling'!$M$7088,'Hit-calling'!$M$7472,7.0,99.70352636064015,True
17,BR00130951M18,BRD-K04853698-376-01-4,,LDN193189,LDN193189,10.0,MedChemEx,HY-12071A,C1CN(CCN1)c1ccc(cc1)-c1cnc2c(cnn2c1)-c1ccnc2ccccc12,CDOVNWNANFFLFJ-UHFFFAOYSA-N,25195294.0,Preclinical,bone morphogenic protein inhibitor,ACVR1|BMPR1A,,,,,,,116.0,,99.81881864568018,99.58237333936484,99.70059599252252,0.236445306315332,,12595.0,12979.0,'Hit-calling'!$F$12595,'Hit-calling'!$M$12595,'Hit-calling'!$M$12979,18.0,99.70059599252252,True
7,BR00130925A05,BRD-K33335792-001-05-9,,amitraz,amitraz,10.000000000000004,MedChemEx,HY-B1111,CN(\C=N\c1ccc(C)cc1C)\C=N\c1ccc(C)cc1C,QXAITBQSYVNQDR-ZIOPAAQOSA-N,,Launched,adrenergic receptor agonist,ADRA1A|ADRA2A,infectious disease,generalized demodicosis,,,,,117.0,,99.73292755703416,99.6635712461752,99.69824940160468,0.0693563108589359,,4614.0,4998.0,'Hit-calling'!$F$4614,'Hit-calling'!$M$4614,'Hit-calling'!$M$4998,5.0,99.69824940160468,True
13,BR00130959H21,BRD-K29343434-001-02-9,,BMS-906024,BMS-906024,10.0,Sigma,BM0018,CN1c2ccccc2C(=N[C@H](NC(=O)[C@H](CCC(F)(F)F)[C@H](CCC(F)(F)F)C(N)=O)C1=O)c1ccccc1 |c:9|,AYOUDDAETNMCBW-GSHUGGBRSA-N,66550890.0,Phase 1,gamma secretase inhibitor,,,,,,,,118.0,,99.67252905969106,99.68677634162282,99.67965270065692,0.0142472819317589,,9406.0,9790.0,'Hit-calling'!$F$9406,'Hit-calling'!$M$9406,'Hit-calling'!$M$9790,21.0,99.67965270065692,True
10,BR00130919F13,BRD-K07972848-001-03-9,,GSK2126458,GSK2126458,9.999999999999998,MedChemEx,HY-10297,COc1ncc(cc1NS(=O)(=O)c1ccc(F)cc1F)-c1ccc2nccc(-c3ccnnc3)c2c1,CGBJSGAELGCMKE-UHFFFAOYSA-N,25167777.0,Phase 1,mTOR inhibitor|PI3K inhibitor,MTOR|PIK3CA|PIK3CB|PIK3CD|PIK3CG,,,,,,,119.0,,99.87974039756284,99.45865470132924,99.66919754944604,0.4210856962335896,,7046.0,7430.0,'Hit-calling'!$F$7046,'Hit-calling'!$M$7046,'Hit-calling'!$M$7430,13.0,99.66919754944604,True
7,BR00130925B03,BRD-K00003655-001-01-9,,etonogestrel,etonogestrel,10.000000000000002,MedChemEx,HY-B0652,[H][C@@]12CC[C@@](O)(C#C)[C@@]1(CC)CC(=C)[C@]1([H])[C@@]3([H])CCC(=O)C=C3CC[C@@]21[H] |c:23|,GCKFUYQCUCGESZ-BPIQYHPVSA-N,6917715.0,Launched,progesterone receptor agonist,ESR1|PGR,endocrinology,contraceptive,,,,,120.0,,99.5556204733396,99.77456276037722,99.6650916168584,0.2189422870376347,,4636.0,5020.0,'Hit-calling'!$F$4636,'Hit-calling'!$M$4636,'Hit-calling'!$M$5020,3.0,99.6650916168584,True
2,BR00130935D15,BRD-K16547679-001-03-9,,actinomycin-d,actinomycin-d,10.0,Tocris,1229,CC(C)[C@@H]1NC(=O)[C@@H](NC(=O)c2ccc(C)c3oc4c(C)c(=O)c(N)c(C(=O)N[C@H]5[C@@H](C)OC(=O)[C@H](C(C)C)N(C)C(=O)CN(C)C(=O)[C@@H]6CCCN6C(=O)[C@@H](NC5=O)C(C)C)c4nc23)[C@@H](C)OC(=O)[C@H](C(C)C)N(C)C(=O)CN(C)C(=O)[C@@H]2CCCN2C1=O,RJURFGZVJUQBHK-DCUCITLNSA-N,78357827.0,Launched,RNA polymerase inhibitor,,oncology,Wilm's tumor|Ewing's sarcoma|rhabdomyosarcoma|testicular carcinoma,,,,,121.0,,99.46446731602728,99.81608503791628,99.64027617697178,0.3516177218889851,,856.0,1240.0,'Hit-calling'!$F$856,'Hit-calling'!$M$856,'Hit-calling'!$M$1240,15.0,99.64027617697178,True
7,BR00130925B04,BRD-K79711234-001-20-9,,thiamphenicol,thiamphenicol,10.000000000000002,MedChemEx,HY-B0479,CS(=O)(=O)c1ccc(cc1)[C@@H](O)[C@@H](CO)NC(=O)C(Cl)Cl,OTVAEFIXJLOWRX-NXEZZACHSA-N,27200.0,Launched,bacterial 50S ribosomal subunit inhibitor,,infectious disease,pelvic inflammatory disease,,,,,122.0,,99.66052044729528,99.60750454507112,99.6340124961832,0.0530159022241605,,4637.0,5021.0,'Hit-calling'!$F$4637,'Hit-calling'!$M$4637,'Hit-calling'!$M$5021,4.0,99.6340124961832,True
7,BR00130925M12,BRD-A93963402-001-01-6,,prednicarbate,prednicarbate,10.0,MicroSource,1503876,"CCOC(=O)O[C@@]1(CC[C@H]2[C@H]3CCC4=CC(=O)C=C[C@]4(C)[C@@H]3[C@@H](O)C[C@]12C)C(=O)COC(=O)CC |a:6,19,22,25,&1:9,&2:10,&3:21,c:17,t:13|",FNPXMHRZILFCKX-HGVFMWMISA-N,,Launched,phospholipase activator,PLA2G1B,dermatology|ophthalmology|neurology/psychiatry,eczema|contact dermatitis|itching,,,,,123.0,,99.39752003564486,99.85266790000088,99.62509396782286,0.4551478643560074,,4909.0,5293.0,'Hit-calling'!$F$4909,'Hit-calling'!$M$4909,'Hit-calling'!$M$5293,12.0,99.62509396782286,True
4,BR00130931B06,BRD-K56104152-008-05-9,,oxiconazole,oxiconazole,10.0,MedChemEx,HY-B1324,Clc1ccc(CO\N=C(/Cn2ccnc2)c2ccc(Cl)cc2Cl)c(Cl)c1,QRJJEGAJXVEBNE-HKOYGPOVSA-N,5353853.0,Launched,bacterial cell wall synthesis inhibitor,,infectious disease,tinea pedis|tinea cruris|tinea corporis,,,,,124.0,,99.46336645053104,99.76226858203871,99.61281751628488,0.2989021315076741,,2335.0,2719.0,'Hit-calling'!$F$2335,'Hit-calling'!$M$2335,'Hit-calling'!$M$2719,6.0,99.61281751628488,True
4,BR00130931I18,BRD-A45889380-300-08-9,,mepacrine,mepacrine,9.663904298924608,Selleck,S4255,CCN(CC)CCC[C@@H](C)Nc1c2ccc(Cl)cc2nc2ccc(OC)cc12 |&1:8|,GPKJTRJOBQGKQK-MRXNPFEDSA-N,446536.0,Launched,cytokine production inhibitor|NFkB pathway inhibitor|TP53 activator,PLA2G1B,infectious disease,giardiasis,,,,,125.0,,99.55274085184423,99.66178258864956,99.6072617202469,0.109041736805338,,2515.0,2899.0,'Hit-calling'!$F$2515,'Hit-calling'!$M$2515,'Hit-calling'!$M$2899,18.0,99.6072617202469,True
21,BR00130943G20,BRD-K90830492-305-02-9,,deltarasin,deltarasin,10.0,Tocris,5424,C(Oc1ccc(cc1)-c1nc2ccccc2n1Cc1ccccc1)[C@H](C1CCNCC1)n1c(nc2ccccc12)-c1ccccc1,LTZKEDSUXKTTTC-KXQOOQHDSA-N,73292904.0,Preclinical,phosphodiesterase inhibitor,KRAS,0,0,,,,,126.0,,99.876175459406,99.3013190513688,99.5887472553874,0.5748564080371779,,15525.0,15909.0,'Hit-calling'!$F$15525,'Hit-calling'!$M$15525,'Hit-calling'!$M$15909,20.0,99.5887472553874,True
9,BR00130921E21,BRD-K76703230-004-09-9,,YM-155,YM-155,9.999999999999998,MedChemEx,HY-10194,COCCn1c(C)[n+](Cc2cnccn2)c2c1C(=O)c1ccccc1C2=O,OTSOOHRUMBRSHZ-UHFFFAOYSA-N,10126189.0,Phase 2,survivin inhibitor,BIRC5,,,,,,,127.0,,99.55744677780204,99.60588918898124,99.58166798339164,0.0484424111792236,,6262.0,6646.0,'Hit-calling'!$F$6262,'Hit-calling'!$M$6262,'Hit-calling'!$M$6646,21.0,99.58166798339164,True
16,BR00130953B09,BRD-K36984403-001-03-5,,go-6983,go-6983,10.327137311758142,Selleck,S2911,COc1ccc2n(CCCN(C)C)cc(C3=C(C(=O)NC3=O)c3c[nH]c4ccccc34)c2c1 |t:15|,LLJJDLHGZUOMQP-UHFFFAOYSA-N,3499.0,Preclinical,protein kinase inhibitor,PRKCA|PRKCB|PRKCD|PRKCG|PRKCZ,,,,,,,128.0,,100.1778556552318,98.96606271855504,99.57195918689342,1.2117929366767584,,11554.0,11938.0,'Hit-calling'!$F$11554,'Hit-calling'!$M$11554,'Hit-calling'!$M$11938,9.0,99.57195918689342,True
7,BR00130925K22,BRD-K54770538-003-14-6,,methylene-blue,methylene-blue,10.000049799394723,MedChemEx,HY-14536,CN(C)c1ccc2nc3ccc(cc3sc2c1)=[N+](C)C,RBTBFTRPCNLSDE-UHFFFAOYSA-N,4139.0,Launched,guanylyl cyclase inhibitor|nitric oxide production inhibitor,ACHE,hematology,methemoglobinemia,,,,,129.0,,99.52807519665966,99.6136992875047,99.57088724208218,0.0856240908450445,,4871.0,5255.0,'Hit-calling'!$F$4871,'Hit-calling'!$M$4871,'Hit-calling'!$M$5255,22.0,99.57088724208218,True
8,BR00130923H09,BRD-K27382019-418-01-9,,piperaquine-phosphate,piperaquine-phosphate,4.999999999999999,AKSci,H853,Clc1ccc2c(ccnc2c1)N1CCN(CCCN2CCN(CC2)c2ccnc3cc(Cl)ccc23)CC1,UCRHFBCYFMIWHC-UHFFFAOYSA-N,122262.0,Launched,antimalarial agent,,infectious disease,malaria,,,,,130.0,,99.57067224850012,99.54656381917864,99.5586180338394,0.0241084293214868,,5554.0,5938.0,'Hit-calling'!$F$5554,'Hit-calling'!$M$5554,'Hit-calling'!$M$5938,9.0,99.5586180338394,True
20,BR00130945F21,BRD-K36055864-001-20-0,,cycloheximide,cycloheximide,10.0,Sigma,MFCD00082346,C[C@H]1C[C@H](C)C(=O)[C@@H](C1)[C@H](O)CC1CC(=O)NC(=O)C1,YPHMISFOHDHNIV-FSZOTQKASA-N,6197.0,Preclinical,protein synthesis inhibitor,RPL3,,,,,,,131.0,,99.53353123046824,99.52083785951858,99.5271845449934,0.0126933709496483,,14734.0,15118.0,'Hit-calling'!$F$14734,'Hit-calling'!$M$14734,'Hit-calling'!$M$15118,21.0,99.5271845449934,True
7,BR00130925B05,BRD-K25394294-001-16-9,,oxaprozin,oxaprozin,10.0,MedChemEx,HY-B0808,OC(=O)CCc1nc(c(o1)-c1ccccc1)-c1ccccc1,OFPXSFXSNFPTHF-UHFFFAOYSA-N,4614.0,Launched,cyclooxygenase inhibitor,PTGS1|PTGS2,rheumatology,osteoarthritis|rheumatoid arthritis,,,,,132.0,,99.58213731890233,99.45309273943356,99.51761502916794,0.12904457946874,,4638.0,5022.0,'Hit-calling'!$F$4638,'Hit-calling'!$M$4638,'Hit-calling'!$M$5022,5.0,99.51761502916794,True
21,BR00130943H20,BRD-K91370081-001-26-9,,anisomycin,anisomycin,10.0,Tocris,1290,COc1ccc(C[C@H]2NC[C@H](O)[C@H]2OC(C)=O)cc1,YKJYKKNCCRKFSL-RDBSUJKOSA-N,253602.0,Preclinical,DNA synthesis inhibitor,NHP2L1|RPL10L|RPL11|RPL13A|RPL15|RPL19|RPL23|RPL23A|RPL26L1|RPL3|RPL37|RPL8|RSL24D1,0,0,,,,,133.0,,99.66812124895606,99.3653536842776,99.51673746661685,0.3027675646784473,,15549.0,15933.0,'Hit-calling'!$F$15549,'Hit-calling'!$M$15549,'Hit-calling'!$M$15933,20.0,99.51673746661685,True
22,BR00130941N04,BRD-K40255344-001-13-5,,tyrphostin-A9,tyrphostin-A9,10.0,Enzo,EI-215,CC(C)(C)c1cc(C=C(C#N)C#N)cc(c1O)C(C)(C)C,"InChI=1S/C18H22N2O/c1-17(2,3)14-8-12(7-13(10-19)11-20)9-15(16(14)21)18(4,5)6/h7-9,21H,1-6H3",5614.0,Preclinical,protein tyrosine kinase inhibitor|tyrosine kinase inhibitor,,,,,,,,134.0,,99.5009425641428,99.51756827203174,99.50925541808726,0.0166257078889486,,16445.0,16829.0,'Hit-calling'!$F$16445,'Hit-calling'!$M$16445,'Hit-calling'!$M$16829,4.0,99.50925541808726,True
21,BR00130943B04,BRD-K00652956-001-02-9,,BAG-956,BAG-956,10.0,Tocris,3606,Cc1nc2cnc3ccc(cc3c2n1-c1ccc(cc1)C(C)(C)C#N)C#Cc1cccnc1,GVPAGJWVBUZHNQ-UHFFFAOYSA-N,24882589.0,Preclinical,phosphoinositide dependent kinase inhibitor,PIK3CG,0,0,,,,,135.0,,100.1035369641986,98.9050284669633,99.50428271558096,1.1985084972353093,,15389.0,15773.0,'Hit-calling'!$F$15389,'Hit-calling'!$M$15389,'Hit-calling'!$M$15773,4.0,99.50428271558096,True
14,BR00130957A12,BRD-K34798115-001-02-9,,SJ-733,SJ-733,9.999999999999998,MedChemEx,HY-19556,Fc1ccc(NC(=O)[C@@H]2[C@H](N(CC(F)(F)F)C(=O)c3ccccc23)c2cccnc2)cc1C#N,VKCPFWKTFZAOTO-LEWJYISDSA-N,89508529.0,Phase 1,ATPase inhibitor,,,,,,,,136.0,,98.89322594035892,100.10926197902988,99.5012439596944,1.21603603867095,,9997.0,10381.0,'Hit-calling'!$F$9997,'Hit-calling'!$M$9997,'Hit-calling'!$M$10381,12.0,99.5012439596944,True
1,BR00130937K09,BRD-K78431006-001-21-9,,crizotinib,crizotinib,10.0,MedChemEx,HY-50878,C[C@@H](Oc1cc(cnc1N)-c1cnn(c1)C1CCNCC1)c1c(Cl)ccc(F)c1Cl,KTEIFNKAUNYNJU-GFCCVEGCSA-N,11626560.0,Launched,ALK tyrosine kinase receptor inhibitor,ALK|MET,oncology,non-small cell lung cancer (NSCLC),,,,,137.0,,99.59390950636332,99.39267670836456,99.49329310736394,0.2012327979987702,,250.0,634.0,'Hit-calling'!$F$250,'Hit-calling'!$M$250,'Hit-calling'!$M$634,9.0,99.49329310736394,True
11,BR00130917P18,BRD-K03449891-001-06-0,,foretinib,foretinib,10.0,Selleck,S1111,COc1cc2c(Oc3ccc(NC(=O)C4(CC4)C(=O)Nc4ccc(F)cc4)cc3F)ccnc2cc1OCCCN1CCOCC1,"InChI=1S/C34H34F2N4O6/c1-43-30-20-25-27(21-31(30)45-16-2-13-40-14-17-44-18-15-40)37-12-9-28(25)46-29-8-7-24(19-26(29)36)39-33(42)34(10-11-34)32(41)38-23-5-3-22(35)4-6-23/h3-9,12,19-21H,2,10-11,13-18H2,1H3,(H,38,41)(H,39,42)",42642645.0,Phase 2,VEGFR inhibitor,FLT1|FLT4|KDR|MET,,,,,,,138.0,,99.90529305148686,99.05789054432476,99.4815917979058,0.8474025071621156,,8059.0,8443.0,'Hit-calling'!$F$8059,'Hit-calling'!$M$8059,'Hit-calling'!$M$8443,18.0,99.4815917979058,True
16,BR00130953B03,BRD-K02017404-300-07-0,,NVP-BSK805,NVP-BSK805,9.39538737978801,Selleck,S2686,Fc1cc(cc(F)c1CN1CCOCC1)-c1cccc2ncc(nc12)-c1cnn(c1)C1CCNCC1,IBPVXAOOVUAOKJ-UHFFFAOYSA-N,46398810.0,Preclinical,JAK inhibitor,JAK2,,,,,,,139.0,,99.47717425626745,99.46863938145071,99.47290681885907,0.0085348748167177,,11548.0,11932.0,'Hit-calling'!$F$11548,'Hit-calling'!$M$11548,'Hit-calling'!$M$11932,3.0,99.47290681885907,True
1,BR00130937F22,BRD-K89208535-050-02-9,,indacaterol,indacaterol,9.999999999999998,MedChemEx,HY-14299A,CCc1cc2CC(Cc2cc1CC)NC[C@H](O)c1ccc(O)c2[nH]c(=O)ccc12,QZZUEBNBZAPZLX-QFIPXVFZSA-N,6918554.0,Launched,adrenergic receptor agonist,ADRB1|ADRB2,pulmonary,chronic obstructive pulmonary disease (COPD),,,,,140.0,,99.23474154072268,99.6909697504993,99.462855645611,0.4562282097766399,,143.0,527.0,'Hit-calling'!$F$143,'Hit-calling'!$M$143,'Hit-calling'!$M$527,22.0,99.462855645611,True
21,BR00130943I17,BRD-K00003291-001-01-9,,BEBT-908,BEBT-908,10.0,MedChemEx,HY-19763,CNc1ccc(cn1)-c1nc(N2CCOCC2)c2sc(CN(C)c3ncc(cn3)C(=O)NO)cc2n1,TWJZFXHSPBBPNI-UHFFFAOYSA-N,59474330.0,Preclinical,PI3K inhibitor,0,0,0,,,,,141.0,,99.45392962043692,99.46814013219064,99.4610348763138,0.0142105117537312,,15570.0,15954.0,'Hit-calling'!$F$15570,'Hit-calling'!$M$15570,'Hit-calling'!$M$15954,17.0,99.4610348763138,True
17,BR00130951F20,BRD-K22662557-300-03-9,,WIN-64338,WIN-64338,9.999999999999998,Tocris,1057,CCCC[P+](CCCC)(CCCC)Cc1ccc(NC(=O)[C@H](Cc2ccc3ccccc3c2)N\C(NC2CCCCC2)=N\C2CCCCC2)cc1,UKMJWGFHXMGRNG-QLKFWGTOSA-O,132928.0,Preclinical,bradykinin receptor antagonist,BDKRB2,,,,,,,142.0,,100.04899247600105,98.86566303370446,99.45732775485274,1.183329442296568,,12429.0,12813.0,'Hit-calling'!$F$12429,'Hit-calling'!$M$12429,'Hit-calling'!$M$12813,20.0,99.45732775485274,True
8,BR00130923F19,BRD-K17743125-001-01-9,,belinostat,belinostat,10.0,CMLD/Broad,,ONC(=O)\C=C\c1cccc(c1)S(=O)(=O)Nc1ccccc1,"InChI=1S/C15H14N2O4S/c18-15(16-19)10-9-12-5-4-8-14(11-12)22(20,21)17-13-6-2-1-3-7-13/h1-11,17,19H,(H,16,18)/b10-9+",6918638.0,Launched,HDAC inhibitor,HDAC1|HDAC10|HDAC11|HDAC2|HDAC3|HDAC4|HDAC5|HDAC6|HDAC7|HDAC8|HDAC9,hematologic malignancy,peripheral T-cell lymphoma (PTCL),,,,,143.0,,99.32553300196312,99.58267077431812,99.4541018881406,0.2571377723550085,,5516.0,5900.0,'Hit-calling'!$F$5516,'Hit-calling'!$M$5516,'Hit-calling'!$M$5900,19.0,99.4541018881406,True
9,BR00130921J19,BRD-K27677357-003-04-9,,ruboxistaurin,ruboxistaurin,10.0,MedChemEx,HY-10195B,CN(C)C[C@@H]1CCn2cc(C3=C(C(=O)NC3=O)c3cn(CCO1)c1ccccc31)c1ccccc21 |t:10|,ZCBUQCWBWNUWSU-SFHVURJKSA-N,153999.0,Phase 3,PKC inhibitor,,,,,,,,144.0,,100.49040431536925,98.41342020265007,99.45191225900966,2.076984112719145,,6380.0,6764.0,'Hit-calling'!$F$6380,'Hit-calling'!$M$6380,'Hit-calling'!$M$6764,19.0,99.45191225900966,True
11,BR00130917F15,BRD-K04701033-001-04-7,,VE-822,VE-822,9.999950266571664,MedChemEx,HY-13902,CNCc1ccc(cc1)-c1cc(on1)-c1nc(cnc1N)-c1ccc(cc1)S(=O)(=O)C(C)C,JZCWLJDSIRUGIN-UHFFFAOYSA-N,59472121.0,Phase 2,ATR kinase inhibitor,ATM|ATR|MTOR|PIK3CG,,,,,,,145.0,,100.1962304263525,98.70311882393624,99.44967462514435,1.4931116024162634,,7816.0,8200.0,'Hit-calling'!$F$7816,'Hit-calling'!$M$7816,'Hit-calling'!$M$8200,15.0,99.44967462514435,True
13,BR00130959N18,BRD-K46386702-001-03-9,,ARRY-334543,ARRY-334543,10.000000000000002,MedChemEx,HY-10530,C[C@@H]1COC(Nc2ccc3ncnc(Nc4ccc(OCc5nccs5)c(Cl)c4)c3c2)=N1 |c:34|,UWXSAYUXVSFDBQ-CYBMUJFWSA-N,42642648.0,Phase 2/Phase 3,EGFR inhibitor,ERBB2,,,,,,,146.0,,99.19361761451812,99.68975413473072,99.44168587462444,0.4961365202126018,,9547.0,9931.0,'Hit-calling'!$F$9547,'Hit-calling'!$M$9547,'Hit-calling'!$M$9931,18.0,99.44168587462444,True
1,BR00130937C10,BRD-K00004970-001-01-9,,abamectin,abamectin,10.000000000000002,MedChemEx,HY-15311,"[H][C@@]12OC\C3=C/C=C/[C@H](C)[C@H](O[C@@]4([H])C[C@H](OC)[C@@H](O[C@@]5([H])C[C@H](OC)[C@@H](O)[C@H](C)O5)[C@H](C)O4)\C(C)=C\C[C@]4([H])C[C@@]([H])(C[C@@]5(O[C@H](C(C)C)[C@@H](C)C=C5)O4)OC(=O)[C@]([H])(C=C(C)[C@H]1O)[C@@]23O |c:4,54,t:6,37,64|",ZFUKERYTFURFGA-PVVXTEPVSA-N,6858005.0,Launched,benzodiazepine receptor agonist,GABBR1|GABBR2,infectious disease,gastrointestinal parasites,,,,,147.0,,99.35683845016126,99.52402682443478,99.44043263729802,0.1671883742735218,,59.0,443.0,'Hit-calling'!$F$59,'Hit-calling'!$M$59,'Hit-calling'!$M$443,10.0,99.44043263729802,True
23,BR00130939M17,BRD-K45528773-001-07-2,,M-344,M-344,10.367523475276734,Selleck,S2779,CN(C)c1ccc(cc1)C(=O)NCCCCCCC(=O)NO,MXWDSZWTBOCWBK-UHFFFAOYSA-N,3994.0,Preclinical,HDAC inhibitor,HDAC8,,,,,,,148.0,,99.3523113824707,99.51461950154088,99.4334654420058,0.1623081190701896,,17202.0,17586.0,'Hit-calling'!$F$17202,'Hit-calling'!$M$17202,'Hit-calling'!$M$17586,17.0,99.4334654420058,True
16,BR00130953E06,BRD-K21025364-001-05-6,,NVP-TAE226,NVP-TAE226,9.745162241694324,Selleck,S2820,CNC(=O)c1ccccc1Nc1nc(Nc2ccc(cc2OC)N2CCOCC2)ncc1Cl,UYJNQQDJUOUFQJ-UHFFFAOYSA-N,9934347.0,Preclinical,protein tyrosine kinase inhibitor,PTK2,,,,,,,149.0,,99.66615937040046,99.19732136487232,99.4317403676364,0.4688380055281556,,11623.0,12007.0,'Hit-calling'!$F$11623,'Hit-calling'!$M$11623,'Hit-calling'!$M$12007,6.0,99.4317403676364,True
7,BR00130925C08,BRD-K13183738-317-10-2,,pentamidine,pentamidine,10.0,MicroSource,1500641,NC(=N)c1ccc(OCCCCCOc2ccc(cc2)C(N)=N)cc1,XDRYMKDFEDOLFX-UHFFFAOYSA-N,4735.0,Launched,anti-pneumocystis agent,TRDMT1,infectious disease,pneumonia,,,,,150.0,,99.75791565363885,99.0902292782654,99.42407246595212,0.6676863753734494,,4665.0,5049.0,'Hit-calling'!$F$4665,'Hit-calling'!$M$4665,'Hit-calling'!$M$5049,8.0,99.42407246595212,True
19,BR00130947B15,BRD-K19136521-001-10-9,,indirubin-3-monoxime,indirubin-3-monoxime,10.0,Tocris,1813,O\N=C1\C(\Nc2ccccc\12)=C1\C(=O)Nc2ccccc12,HBDSHCUSXQATPO-BGBJRWHRSA-N,,Preclinical,CDK inhibitor|glycogen synthase kinase inhibitor,CDK1|CDK2|CDK5|CDK5R1|GSK3B,,,,,,,151.0,,99.03122354334272,99.80928768028753,99.42025561181512,0.778064136944792,,13864.0,14248.0,'Hit-calling'!$F$13864,'Hit-calling'!$M$13864,'Hit-calling'!$M$14248,15.0,99.42025561181512,True
8,BR00130923I14,BRD-K16136380-001-04-9,,pyrithione-zinc,pyrithione-zinc,9.999999999999998,MedChemEx,HY-B0572,O1[n+]2ccccc2S[Zn]11O[n+]2ccccc2S1,KTIHEFSORPLWRR-UHFFFAOYSA-L,,Launched,ATP synthase inhibitor,KCNQ1|KCNQ2|KCNQ4|KCNQ5,dermatology,dandruff|cosmetic,,,,,152.0,,99.47102392200703,99.36080125477764,99.41591258839236,0.1102226672294079,,5583.0,5967.0,'Hit-calling'!$F$5583,'Hit-calling'!$M$5583,'Hit-calling'!$M$5967,14.0,99.41591258839236,True
2,BR00130935I05,BRD-A91699651-316-11-7,,chloroquine,chloroquine,10.262451323101578,Selleck,S4157,CCN(CC)CCC[C@@H](C)Nc1ccnc2cc(Cl)ccc12 |&1:8|,WHTVZRBIWZFKQO-CQSZACIVSA-N,444810.0,Launched,antimalarial agent,MRGPRX1,infectious disease,malaria|amebiasis,,,,,153.0,,99.91909298479996,98.89554717990502,99.4073200823525,1.0235458048949369,,966.0,1350.0,'Hit-calling'!$F$966,'Hit-calling'!$M$966,'Hit-calling'!$M$1350,5.0,99.4073200823525,True
4,BR00130931A07,BRD-K90195324-015-04-9,,bazedoxifene,bazedoxifene,10.0,Tocris,5263,Cc1c(-c2ccc(O)cc2)n(Cc2ccc(OCCN3CCCCCC3)cc2)c2ccc(O)cc12,UCJGJABZCDBEDK-UHFFFAOYSA-N,154257.0,Launched,selective estrogen receptor modulator (SERM),ESR1|ESR2,orthopedics|endocrinology,osteoporosis|menopause,,,,,154.0,,99.29955025208449,99.50282138036609,99.40118581622528,0.2032711282815995,,2312.0,2696.0,'Hit-calling'!$F$2312,'Hit-calling'!$M$2312,'Hit-calling'!$M$2696,7.0,99.40118581622528,True
16,BR00130953P09,BRD-K00005342-001-01-9,,trifloxystrobin,trifloxystrobin,10.0,MedChemEx,HY-123230,CO\N=C(\C(=O)OC)c1ccccc1CO\N=C(/C)c1cccc(c1)C(F)(F)F,ONCZDRURRATYFI-TVJDWZFNSA-N,11664966.0,Preclinical,mitochondrial electron transport inhibitor,,,,,,,,155.0,,99.73263416174468,99.03577503455844,99.38420459815156,0.6968591271862294,,11890.0,12274.0,'Hit-calling'!$F$11890,'Hit-calling'!$M$11890,'Hit-calling'!$M$12274,9.0,99.38420459815156,True
13,BR00130959E13,BRD-K68202742-001-16-5,,trichostatin-a,trichostatin-a,10.539641093270934,Selleck,S1045,C[C@H](\C=C(/C)\C=C\C(=O)NO)C(=O)c1ccc(cc1)N(C)C,RTKIYFITIVXBLE-QEQCGCAPSA-N,444732.0,Phase 1,HDAC inhibitor,HDAC1|HDAC10|HDAC2|HDAC3|HDAC4|HDAC5|HDAC6|HDAC7|HDAC8|HDAC9,,,,,,,156.0,,99.38199191259676,99.38181251412828,99.38190221336252,0.0001793984684894,,9326.0,9710.0,'Hit-calling'!$F$9326,'Hit-calling'!$M$9326,'Hit-calling'!$M$9710,13.0,99.38190221336252,True
11,BR00130917P15,BRD-K59317601-001-06-9,,MLN0128,MLN0128,9.999999999999998,MedChemEx,HY-13328,CC(C)n1nc(-c2ccc3oc(N)nc3c2)c2c(N)ncnc12,GYLDXIAOMVERTK-UHFFFAOYSA-N,45375953.0,Phase 2,mTOR inhibitor,MTOR|PIK3CA|PIK3CD|PIK3CG,,,,,,,157.0,,99.57493835486522,99.18612433394236,99.3805313444038,0.388814020922851,,8056.0,8440.0,'Hit-calling'!$F$8056,'Hit-calling'!$M$8056,'Hit-calling'!$M$8440,15.0,99.3805313444038,True
5,BR00130929B20,BRD-K41731458-001-15-1,,triclosan,triclosan,10.0,MicroSource,1505465,Oc1cc(Cl)ccc1Oc1ccc(Cl)cc1Cl,XEFQLINVKFYRCS-UHFFFAOYSA-N,5564.0,Launched,antibacterial agent,DNMT1,infectious disease,first-aid antiseptic,,,,,158.0,,99.31424152151774,99.43539924174496,99.37482038163137,0.1211577202272167,,3117.0,3501.0,'Hit-calling'!$F$3117,'Hit-calling'!$M$3117,'Hit-calling'!$M$3501,20.0,99.37482038163137,True
16,BR00130953B20,BRD-A42335949-300-09-8,,alexidine,alexidine,10.0,Selleck,S4302,"CCCC[C@H](CC)CNC(=N)N=C(N)NCCCCCCNC(N)=NC(=N)NC[C@H](CC)CCCC |&1:29,&2:4,&3:11,&4:24,w:11.10,24.24|",LFVVNPBBFUSSHL-SZPZYZBQSA-N,40488318.0,Preclinical,phosphatidylglycerophosphatase inhibitor,PTPMT1,,,,,,,159.0,,99.5421823747332,99.20292152322162,99.37255194897742,0.3392608515115825,,11565.0,11949.0,'Hit-calling'!$F$11565,'Hit-calling'!$M$11565,'Hit-calling'!$M$11949,20.0,99.37255194897742,True
7,BR00130925P14,BRD-K13533483-001-19-9,,cyclosporin-A,cyclosporin-A,10.0,MicroSource,1502202,"CC[C@H]1NC(=O)[C@@H]([C@@H](O)[C@@H](C)C\C=C\C)N(C)C(=O)[C@@H](C(C)C)N(C)C(=O)[C@@H](CC(C)C)N(C)C(=O)[C@@H](CC(C)C)N(C)C(=O)[C@@H](C)NC(=O)[C@@H](C)NC(=O)[C@@H](CC(C)C)N(C)C(=O)[C@@H](NC(=O)[C@@H](CC(C)C)N(C)C(=O)CN(C)C1=O)C(C)C |&1:2,&2:6,&3:7,&4:9,&5:19,&6:27,&7:36,&8:45,&9:50,&10:55,&11:64,&12:68,r|",PMATZTZNYRCHOR-MAYCVHQQSA-N,,Launched,calcineurin inhibitor,ABCB11|CAMLG|FPR1|PPIA|PPIF|PPP3CA|PPP3R2|SLC10A1|SLCO1B1|SLCO1B3,rheumatology|dermatology,rheumatoid arthritis|psoriasis,,,,,160.0,,98.74182570983288,100.0002569248014,99.37104131731714,1.2584312149685104,,4983.0,5367.0,'Hit-calling'!$F$4983,'Hit-calling'!$M$4983,'Hit-calling'!$M$5367,14.0,99.37104131731714,True
7,BR00130925K21,BRD-A41250306-001-12-9,,cyclopenthiazide,cyclopenthiazide,10.0,Toronto,c988420,"NS(=O)(=O)c1cc2c(N[C@@H](CC3CCCC3)NS2(=O)=O)cc1Cl |&1:9,r|",BKYKPTRYDKTTJY-CYBMUJFWSA-N,6604279.0,Launched,thiazide diuretic,,cardiology,hypertension|congestive heart failure,,,,,161.0,,99.15953551603477,99.58186915933206,99.3707023376834,0.4223336432972928,,4870.0,5254.0,'Hit-calling'!$F$4870,'Hit-calling'!$M$4870,'Hit-calling'!$M$5254,21.0,99.3707023376834,True
20,BR00130945D18,BRD-K68174511-001-09-9,,torin-2,torin-2,10.0,Tocris,4248,Nc1ccc(cn1)-c1ccc2ncc3ccc(=O)n(-c4cccc(c4)C(F)(F)F)c3c2c1,GUXXEUUYCAYESJ-UHFFFAOYSA-N,51358113.0,Preclinical,mTOR inhibitor,MTOR,,,,,,,162.0,,98.98979423520568,99.7183499026581,99.35407206893188,0.7285556674524258,,14683.0,15067.0,'Hit-calling'!$F$14683,'Hit-calling'!$M$14683,'Hit-calling'!$M$15067,18.0,99.35407206893188,True
13,BR00130959J14,BRD-K39079086-001-08-9,,cinchonidine,cinchonidine,9.999999999999998,MedChemEx,HY-N0173,O[C@@H]([C@@H]1C[C@@H]2CC[N@]1C[C@@H]2C=C)c1ccnc2ccccc12,KMPWYEUPVWOPIM-KODHJQJWSA-N,101744.0,Phase 1,P glycoprotein inhibitor,,,,,,,,163.0,,99.21637117821082,99.4784962570204,99.34743371761562,0.2621250788095892,,9447.0,9831.0,'Hit-calling'!$F$9447,'Hit-calling'!$M$9447,'Hit-calling'!$M$9831,14.0,99.34743371761562,True
13,BR00130959C18,BRD-K27460187-334-01-8,,leucomethylene-blue,leucomethylene-blue,9.999884357921353,MedChemEx,HY-19948,CN(C)c1ccc2Nc3ccc(cc3Sc2c1)N(C)C,QTWZICCBKBYHDM-UHFFFAOYSA-N,164695.0,Phase 3,nitric oxide production inhibitor|tau aggregation inhibitor,MAPT,,,,,,,164.0,,99.31551325802565,99.37084667284203,99.34317996543383,0.0553334148164168,,9283.0,9667.0,'Hit-calling'!$F$9283,'Hit-calling'!$M$9283,'Hit-calling'!$M$9667,18.0,99.34317996543383,True
16,BR00130953K17,BRD-K78809024-001-03-2,,SB-590885,SB-590885,9.999999999999998,Selleck,SB590885,CN(C)CCOc1ccc(cc1)-c1nc(c([nH]1)-c1ccc2\C(CCc2c1)=N\O)-c1ccncc1,MLSAQOINCGAULQ-QFMPWRQOSA-N,135421339.0,Preclinical,RAF inhibitor,BRAF,,,,,,,165.0,,99.36663457241308,99.31123416439898,99.33893436840604,0.0554004080141083,,11778.0,12162.0,'Hit-calling'!$F$11778,'Hit-calling'!$M$11778,'Hit-calling'!$M$12162,17.0,99.33893436840604,True
6,BR00130927D03,BRD-A05926236-001-05-3,,lumefantrine,lumefantrine,10.0,Enamine,Z1541758602,"CCCCN(CCCC)C[C@@H](O)c1cc(Cl)cc2\C(=C/c3ccc(Cl)cc3)c3cc(Cl)ccc3-c12 |&1:10,r|",DYLGFOYVTXJFJP-OXTLUBNBSA-N,73416445.0,Launched,antimalarial agent,ATP1A1,infectious disease,malaria,,,,,166.0,,99.34308505240836,99.32849953420326,99.3357922933058,0.0145855182050951,,3916.0,4300.0,'Hit-calling'!$F$3916,'Hit-calling'!$M$3916,'Hit-calling'!$M$4300,3.0,99.3357922933058,True
17,BR00130951A10,BRD-K46531780-003-19-7,,methylbenzethonium-chloride,methylbenzethonium-chloride,10.0,Sigma,M7379-10G,Cc1cc(ccc1OCCOCC[N+](C)(C)Cc1ccccc1)C(C)(C)CC(C)(C)C,UQOOPIMXBSPVJI-UHFFFAOYSA-N,4135.0,Preclinical,other antibiotic,,,,,,,,167.0,,99.52220444521318,99.14664363107096,99.33442403814206,0.3755608141422186,,12299.0,12683.0,'Hit-calling'!$F$12299,'Hit-calling'!$M$12299,'Hit-calling'!$M$12683,10.0,99.33442403814206,True
12,BR00130916J05,BRD-K00003365-300-01-9,,AQ-13,AQ-13,10.0,MedChemEx,HY-100358,CCN(CC)CCCNc1ccnc2cc(Cl)ccc12,NCPLTAGJJVCHOW-UHFFFAOYSA-N,3805581.0,Phase 2,antimalarial agent,,,,,,,,168.0,,99.53145546471288,99.12345628101096,99.32745587286192,0.4079991837019321,,8670.0,9054.0,'Hit-calling'!$F$8670,'Hit-calling'!$M$8670,'Hit-calling'!$M$9054,5.0,99.32745587286192,True
11,BR00130917O22,BRD-K00003515-003-01-9,,AZ7550,AZ7550,9.999999999999998,MedChemEx,HY-B0794A,CNCCN(C)c1cc(OC)c(Nc2nccc(n2)-c2cn(C)c3ccccc23)cc1NC(=O)C=C,ZROCWKZRGJYPTG-UHFFFAOYSA-N,71496459.0,Phase 1,insulin growth factor receptor inhibitor,,,,,,,,169.0,,98.93737881725642,99.7074903793042,99.3224345982803,0.7701115620477736,,8039.0,8423.0,'Hit-calling'!$F$8039,'Hit-calling'!$M$8039,'Hit-calling'!$M$8423,22.0,99.3224345982803,True
16,BR00130953D15,BRD-K69070623-001-02-9,,EPZ004777,EPZ004777,9.80974086161079,Selleck,S7353,CC(C)N(CCCNC(=O)Nc1ccc(cc1)C(C)(C)C)C[C@H]1O[C@H]([C@H](O)[C@@H]1O)n1ccc2c(N)ncnc12,WXRGFPHDRFQODR-ICLZECGLSA-N,56962336.0,Preclinical,histone lysine methyltransferase inhibitor,DOT1L,,,,,,,170.0,,99.0285017677722,99.61173308272087,99.32011742524654,0.5832313149486907,,11608.0,11992.0,'Hit-calling'!$F$11608,'Hit-calling'!$M$11608,'Hit-calling'!$M$11992,15.0,99.32011742524654,True
18,BR00130949A10,BRD-K06426971-001-04-9,,ryuvidine,ryuvidine,9.999999999999998,Tocris,2609,Cc1nc2c(s1)C(=O)C=C(Nc1ccc(C)cc1)C2=O |t:9|,HFPLHASLIOXVGS-UHFFFAOYSA-N,481747.0,Preclinical,histone lysine methyltransferase inhibitor,CDK2|CDK4,,,,,,,171.0,,99.5283461322459,99.10499642366815,99.31667127795704,0.4233497085777316,,13067.0,13451.0,'Hit-calling'!$F$13067,'Hit-calling'!$M$13067,'Hit-calling'!$M$13451,10.0,99.31667127795704,True
6,BR00130927O12,BRD-K15409150-001-07-4,,penfluridol,penfluridol,10.0,MicroSource,1505691,OC1(CCN(CCCC(c2ccc(F)cc2)c2ccc(F)cc2)CC1)c1ccc(Cl)c(c1)C(F)(F)F,MDLAAYDRRZXJIF-UHFFFAOYSA-N,33630.0,Launched,T-type calcium channel blocker,CACNA1G,neurology/psychiatry,schizophrenia,,,,,172.0,,99.49832376111364,99.1208364553202,99.30958010821692,0.3774873057934513,,4189.0,4573.0,'Hit-calling'!$F$4189,'Hit-calling'!$M$4189,'Hit-calling'!$M$4573,12.0,99.30958010821692,True
12,BR00130916A14,BRD-K00003295-300-01-9,,elacestrant,elacestrant,9.999999999999998,MedChemEx,HY-19822A,CCNCCc1ccc(CN(CC)c2cc(OC)ccc2[C@@H]2CCc3cc(O)ccc3C2)cc1,SIFNOOUKXBRGGB-AREMUKBSSA-N,23642301.0,Phase 3,estrogen receptor degrader,,,,,,,,173.0,,99.28520698502795,99.3305183715792,99.3078626783036,0.0453113865512335,,8463.0,8847.0,'Hit-calling'!$F$8463,'Hit-calling'!$M$8463,'Hit-calling'!$M$8847,14.0,99.3078626783036,True
10,BR00130919D14,BRD-K53417444-003-04-9,,OTS167,OTS167,9.999999999999998,MedChemEx,HY-15512A,CN(C)C[C@H]1CC[C@@H](CC1)Nc1c(cnc2ccc(nc12)-c1cc(Cl)c(O)c(Cl)c1)C(C)=O |r|,DKZYXHCYPUVGAF-JCNLHEQBSA-N,,Phase 1/Phase 2,maternal embryonic leucine zipper kinase inhibitor,MELK,,,,,,,174.0,,98.88990614925989,99.71401920945188,99.30196267935588,0.8241130601920048,,6999.0,7383.0,'Hit-calling'!$F$6999,'Hit-calling'!$M$6999,'Hit-calling'!$M$7383,14.0,99.30196267935588,True
9,BR00130921B22,BRD-K00003331-001-01-9,,NIM811,NIM811,10.0,MedChemEx,HY-P0025,[H][C@]1(NC(=O)[C@]([H])([C@@H](C)CC)N(C)C(=O)CN(C)C(=O)[C@H](CC)NC(=O)[C@]([H])([C@H](O)[C@H](C)C\C=C\C)N(C)C(=O)[C@]([H])(C(C)C)N(C)C(=O)[C@H](CC(C)C)N(C)C(=O)[C@]([H])(CC(C)C)N(C)C(=O)[C@@H](C)NC(=O)[C@H](C)NC(=O)[C@H](CC(C)C)N(C)C1=O)C(C)C,RPJPZDVUUKWPGT-FOIHOXPVSA-N,6473876.0,Phase 2,mitochondrial permeability transition inhibitor,,,,,,,,175.0,,99.4859476965902,99.09773877926744,99.29184323792882,0.388208917322757,,6191.0,6575.0,'Hit-calling'!$F$6191,'Hit-calling'!$M$6191,'Hit-calling'!$M$6575,22.0,99.29184323792882,True
12,BR00130916P20,BRD-K02680176-075-12-9,,clofilium,clofilium,10.41299730651397,Sigma,C2365,CCCCCCC[N+](CC)(CC)CCCCc1ccc(Cl)cc1,WPSYTTKBGAZSCX-UHFFFAOYSA-N,2798.0,Phase 2,potassium channel blocker,KCNA5|KCNH1,,,,,,,176.0,,99.40859890953833,99.17277196216467,99.2906854358515,0.2358269473736527,,8829.0,9213.0,'Hit-calling'!$F$8829,'Hit-calling'!$M$8829,'Hit-calling'!$M$9213,20.0,99.2906854358515,True
22,BR00130941F20,BRD-K00004690-001-01-9,,SKLB-1028,SKLB-1028,9.999999999999998,Astatech,91330,CC(C)n1c(Nc2cccnc2)nc2cnc(Nc3ccc(cc3)N3CCN(C)CC3)nc12,WSOHOUHPUOAXIN-UHFFFAOYSA-N,54760385.0,Preclinical,Abl kinase inhibitor|EGFR inhibitor|FLT3 inhibitor,,,,,,,,177.0,,99.20184825334772,99.35868047798064,99.28026436566418,0.1568322246329074,,16269.0,16653.0,'Hit-calling'!$F$16269,'Hit-calling'!$M$16269,'Hit-calling'!$M$16653,20.0,99.28026436566418,True
10,BR00130919P13,BRD-K00003121-300-01-9,,GSK369796,GSK369796,9.999999999999998,MedChemEx,HY-12082A,CC(C)(C)NCc1ccc(Nc2ccnc3cc(Cl)ccc23)cc1O,ZVMMVSSEAMUNGI-UHFFFAOYSA-N,10316203.0,Phase 1,potassium channel antagonist,,,,,,,,178.0,,99.01931431831996,99.52809737240904,99.2737058453645,0.5087830540890792,,7286.0,7670.0,'Hit-calling'!$F$7286,'Hit-calling'!$M$7286,'Hit-calling'!$M$7670,13.0,99.2737058453645,True
7,BR00130925B06,BRD-K24219278-001-02-9,,amineptine,amineptine,9.999999999999998,MedChemEx,HY-16044,OC(=O)CCCCCCNC1c2ccccc2CCc2ccccc12,ONNOFKFOZAJDHT-UHFFFAOYSA-N,38988248.0,Withdrawn,dopamine receptor agonist,SLC6A2|SLC6A4,,,,,,,179.0,,99.44288218654462,99.07158795656429,99.25723507155443,0.3712942299803359,,4639.0,5023.0,'Hit-calling'!$F$4639,'Hit-calling'!$M$4639,'Hit-calling'!$M$5023,6.0,99.25723507155443,True
10,BR00130919M22,BRD-K07881437-001-04-6,,danusertib,danusertib,9.629778059290876,Selleck,S1107,CO[C@@H](C(=O)N1Cc2n[nH]c(NC(=O)c3ccc(cc3)N3CCN(C)CC3)c2C1)c1ccccc1,XKFTZKGMDDZMJI-HSZRJFAPSA-N,11442891.0,Phase 2,Aurora kinase inhibitor|growth factor receptor inhibitor,AURKA|AURKB|AURKC|FGFR1|NTRK1|RET|SLK,,,,,,,180.0,,99.36002049278925,99.10965654022829,99.23483851650876,0.2503639525609458,,7223.0,7607.0,'Hit-calling'!$F$7223,'Hit-calling'!$M$7223,'Hit-calling'!$M$7607,22.0,99.23483851650876,True
10,BR00130919E18,BRD-K83837640-001-05-9,,JNJ-26481585,JNJ-26481585,9.999999999999998,MedChemEx,HY-15433,Cn1cc(CNCC2CCN(CC2)c2ncc(cn2)C(=O)NO)c2ccccc12,PAWIYAYFNXQGAP-UHFFFAOYSA-N,11538455.0,Phase 2,HDAC inhibitor,HDAC1|HDAC10|HDAC11|HDAC2|HDAC3|HDAC4|HDAC5|HDAC6|HDAC7|HDAC8|HDAC9|MDM2,,,,,,,181.0,,99.44440416063256,99.00896604009004,99.2266851003613,0.4354381205425426,,7027.0,7411.0,'Hit-calling'!$F$7027,'Hit-calling'!$M$7027,'Hit-calling'!$M$7411,18.0,99.2266851003613,True
16,BR00130953B21,BRD-K57243773-001-01-6,,FRAX486,FRAX486,9.99994737390091,MedChemEx,HY-15542B,CCn1c2nc(Nc3ccc(N4CCNCC4)c(F)c3)ncc2cc(-c2ccc(Cl)cc2Cl)c1=O,DHKFOIHIUYFSOF-UHFFFAOYSA-N,68060125.0,Preclinical,serine/threonine kinase inhibitor,PAK1|PAK2|PAK3|PAK4,,,,,,,182.0,,99.06989213915102,99.369703250613,99.219797694882,0.2998111114619632,,11566.0,11950.0,'Hit-calling'!$F$11566,'Hit-calling'!$M$11566,'Hit-calling'!$M$11950,21.0,99.219797694882,True
12,BR00130916M18,BRD-K00003101-001-02-9,,GDC-0927,GDC-0927,9.999999999999998,MedChemEx,HY-111484,CC1=C([C@@H](Oc2ccc(O)cc12)c1ccc(OCCN2CC(CF)C2)cc1)c1cccc(O)c1 |t:1|,KJAAPZIFCQQQKX-NDEPHWFRSA-N,87055263.0,Phase 1,estrogen receptor antagonist,,,,,,,,183.0,,99.40964823343644,99.00737311946766,99.20851067645204,0.4022751139687841,,8755.0,9139.0,'Hit-calling'!$F$8755,'Hit-calling'!$M$8755,'Hit-calling'!$M$9139,18.0,99.20851067645204,True
11,BR00130917E07,BRD-K72827473-001-02-8,,CEP-37440,CEP-37440,9.999999999999998,MedChemEx,HY-15841,CNC(=O)c1ccccc1Nc1nc(Nc2ccc3C[C@H](CCCc3c2OC)N2CCN(CCO)CC2)ncc1Cl,"InChI=1S/C30H38ClN7O3/c1-32-29(40)23-7-3-4-9-25(23)34-28-24(31)19-33-30(36-28)35-26-11-10-20-18-21(6-5-8-22(20)27(26)41-2)38-14-12-37(13-15-38)16-17-39/h3-4,7,9-11,19,21,39H,5-6,8,12-18H2,1-2H3,(H,32,40)(H2,33,34,35,36)/t21-/m0/s1",71721648.0,Phase 1,ALK tyrosine kinase receptor inhibitor,ALK,,,,,,,184.0,,98.81639365423928,99.5916780963732,99.20403587530625,0.7752844421338949,,7784.0,8168.0,'Hit-calling'!$F$7784,'Hit-calling'!$M$7784,'Hit-calling'!$M$8168,7.0,99.20403587530625,True
3,BR00130933C22,BRD-A19795905-001-08-0,,atovaquone,atovaquone,10.0,MicroSource,1504210,"Clc1ccc(cc1)[C@H]1CC[C@@H](CC1)[C@H]1C(=O)C(=O)c2ccccc2C1=O |a:7,10,&1:13,wU:7.7,wD:10.14,13.15,(-11.75,6.01,;-10.68,5.39,;-10.68,3.85,;-9.35,3.08,;-8.02,3.85,;-8.01,5.39,;-9.35,6.16,;-6.68,3.08,;-5.35,3.85,;-4.01,3.08,;-4.01,1.54,;-5.35,.77,;-6.68,1.54,;-2.68,.77,;-2.68,-.77,;-3.75,-1.39,;-1.33,-1.54,;-1.33,-2.77,;,-.77,;1.33,-1.54,;2.66,-.77,;2.66,.77,;1.33,1.54,;,.77,;-1.33,1.54,;-1.33,2.77,)|",UYFLKEIEOREOFC-ZXYWRSMDSA-N,,Launched,mitochondrial electron transport inhibitor,,infectious disease,pneumonia,,,,,185.0,,99.26213511767374,99.14186099432187,99.2019980559978,0.1202741233518622,,1607.0,1991.0,'Hit-calling'!$F$1607,'Hit-calling'!$M$1607,'Hit-calling'!$M$1991,22.0,99.2019980559978,True
23,BR00130939C07,BRD-K98710228-001-01-6,,cot-inhibitor-1,cot-inhibitor-1,10.000108340730195,MedChemEx,HY-32015,Fc1ccc(Nc2c(cnc3c(Cl)cc(NCc4cn(CCN5CCCCCC5)nn4)cc23)C#N)cc1Cl,ZWFKJFUFYPOTKL-UHFFFAOYSA-N,11584834.0,Preclinical,MAPK-interacting kinase inhibitor,MAP3K8,,,,,,,186.0,,98.76482503561888,99.59173427343492,99.1782796545269,0.8269092378160252,,16952.0,17336.0,'Hit-calling'!$F$16952,'Hit-calling'!$M$16952,'Hit-calling'!$M$17336,7.0,99.1782796545269,True
20,BR00130945D07,BRD-K66908976-001-01-8,,URMC-099,URMC-099,9.999918274363155,MedChemEx,HY-12599,CN1CCN(Cc2ccc(cc2)-c2cnc3[nH]cc(-c4ccc5[nH]ccc5c4)c3c2)CC1,QKKIWEILHCXECO-UHFFFAOYSA-N,54764565.0,Preclinical,mixed lineage kinase inhibitor,CDKL2|DAPK3|FLT3|LRRK2|MAP3K10|MAP3K11|MAP3K2|MAP3K9|SRPK2,,,,,,,187.0,,98.71932343676949,99.6360232052817,99.1776733210256,0.9166997685122312,,14672.0,15056.0,'Hit-calling'!$F$14672,'Hit-calling'!$M$14672,'Hit-calling'!$M$15056,7.0,99.1776733210256,True
14,BR00130957P06,BRD-K38852836-001-04-9,,ganetespib,ganetespib,9.999999999999998,MedChemEx,HY-15205,CC(C)c1cc(-c2n[nH]c(=O)n2-c2ccc3n(C)ccc3c2)c(O)cc1O,RVAQIUULWULRNW-UHFFFAOYSA-N,135564985.0,Phase 3,HSP inhibitor,HSP90AA1,,,,,,,188.0,,98.83616135547696,99.51516295720296,99.17566215633995,0.6790016017260143,,10351.0,10735.0,'Hit-calling'!$F$10351,'Hit-calling'!$M$10351,'Hit-calling'!$M$10735,6.0,99.17566215633995,True
13,BR00130959F09,BRD-K00003223-003-01-9,,amiselimod,amiselimod,9.999999999999998,MedChemEx,HY-16734A,CCCCCCCOc1ccc(CCC(N)(CO)CO)cc1C(F)(F)F,JVCPIJKPAKAIIP-UHFFFAOYSA-N,16129483.0,Phase 2,sphingosine 1-phosphate receptor modulator,,,,,,,,189.0,,98.77101417653506,99.56485225714944,99.16793321684226,0.7938380806143925,,9346.0,9730.0,'Hit-calling'!$F$9346,'Hit-calling'!$M$9346,'Hit-calling'!$M$9730,9.0,99.16793321684226,True
11,BR00130917K20,BRD-K00003238-001-01-9,,sitravatinib,sitravatinib,9.999999999999996,MedChemEx,HY-16961,COCCNCc1ccc(nc1)-c1cc2nccc(Oc3ccc(NC(=O)C4(CC4)C(=O)Nc4ccc(F)cc4)cc3F)c2s1,WLAVZAAODLTUSW-UHFFFAOYSA-N,25212148.0,Phase 3,receptor tyrosine protein kinase inhibitor,,,,,,,,190.0,,99.17002992686884,99.16487849897614,99.1674542129225,0.0051514278927129,,7941.0,8325.0,'Hit-calling'!$F$7941,'Hit-calling'!$M$7941,'Hit-calling'!$M$8325,20.0,99.1674542129225,True
2,BR00130935N10,BRD-K17561142-003-35-8,,amiodarone,amiodarone,9.999999999999998,Selleck,S1979,CCCCc1oc2ccccc2c1C(=O)c1cc(I)c(OCCN(CC)CC)c(I)c1,IYIKLHRQXLHMJQ-UHFFFAOYSA-N,2157.0,Launched,potassium channel blocker,ADRB1|CACNA1H|CACNA2D2|KCNA7|KCNH2,cardiology,ventricular arrhythmias,,,,,191.0,,99.1820297982011,99.12483389124534,99.15343184472324,0.057195906955755,,1091.0,1475.0,'Hit-calling'!$F$1091,'Hit-calling'!$M$1091,'Hit-calling'!$M$1475,10.0,99.15343184472324,True
10,BR00130919P18,BRD-K95837862-300-03-9,,JDTic,JDTic,10.0,MedChemEx,HY-10487,CC(C)[C@@H](CN1CC[C@](C)([C@@H](C)C1)c1cccc(O)c1)NC(=O)[C@H]1Cc2ccc(O)cc2CN1,ZLVXBBHTMQJRSX-VMGNSXQWSA-N,9956146.0,Phase 1,opioid receptor antagonist,OPRK1,,,,,,,192.0,,99.1768051985544,99.1161092993045,99.14645724892944,0.0606958992498931,,7291.0,7675.0,'Hit-calling'!$F$7291,'Hit-calling'!$M$7291,'Hit-calling'!$M$7675,18.0,99.14645724892944,True
19,BR00130947M17,BRD-K40308497-001-03-9,,crizotinib-(S),crizotinib-(S),10.0,Tocris,6025,C[C@H](Oc1cc(cnc1N)-c1cnn(c1)C1CCNCC1)c1c(Cl)ccc(F)c1Cl,KTEIFNKAUNYNJU-LBPRGKRZSA-N,56671814.0,Preclinical,MTH1 inhibitor,NUDT1,,,,,,,193.0,,99.2289542719537,99.041769300814,99.13536178638384,0.1871849711396862,,14130.0,14514.0,'Hit-calling'!$F$14130,'Hit-calling'!$M$14130,'Hit-calling'!$M$14514,17.0,99.13536178638384,True
16,BR00130953C10,BRD-K49468759-001-05-9,,cot-inhibitor-2,cot-inhibitor-2,10.0,MedChemEx,HY-32018,CCN1CCC(CC1)n1cc(CNc2cc(Cl)c3ncc(C#N)c(Nc4ccc(F)c(Cl)c4)c3c2)nn1,PHNZIIMWDVXPGG-UHFFFAOYSA-N,44143370.0,Preclinical,MAPK-interacting kinase inhibitor,MAP3K8,,,,,,,194.0,,99.09113732716986,99.17326857747932,99.1322029523246,0.0821312503094588,,11579.0,11963.0,'Hit-calling'!$F$11579,'Hit-calling'!$M$11579,'Hit-calling'!$M$11963,10.0,99.1322029523246,True
6,BR00130927O14,BRD-K39479472-096-06-9,,pyrvinium-pamoate,pyrvinium-pamoate,10.2336934624412,Sigma,S______P0027,CN(C)c1ccc2[n+](C)c(\C=C\c3cc(C)n(c3C)-c3ccccc3)ccc2c1,QMHSXPLYMTVAMK-UHFFFAOYSA-N,5281035.0,Launched,androgen receptor antagonist,AR,infectious disease,pinworm,,,,,195.0,,99.36785541226804,98.87557057320792,99.12171299273795,0.4922848390601189,,4191.0,4575.0,'Hit-calling'!$F$4191,'Hit-calling'!$M$4191,'Hit-calling'!$M$4575,14.0,99.12171299273795,True
16,BR00130953A14,BRD-K11927976-050-04-5,,ER-27319,ER-27319,10.0,Tocris,2471,Cc1ccc2c(c1C)n(CCCN)c1ccccc1c2=O,CFPDEQBPNROZDC-UHFFFAOYSA-N,9799509.0,Preclinical,mediator release inhibitor|SYK inhibitor,SYK,,,,,,,196.0,,99.23006144496613,98.9910381374002,99.11054979118316,0.2390233075659154,,11535.0,11919.0,'Hit-calling'!$F$11535,'Hit-calling'!$M$11535,'Hit-calling'!$M$11919,14.0,99.11054979118316,True
21,BR00130943D17,BRD-K17896185-001-02-0,,FIT,FIT,10.0,Tocris,1480,CCC(=O)N(C1CCN(CCc2ccc(cc2)N=C=S)CC1)c1ccccc1,VDKBIFPJULZUPU-UHFFFAOYSA-N,84008.0,Preclinical,opioid receptor agonist,OPRD1,0,0,,,,,197.0,,99.05109762820756,99.1647463173362,99.10792197277188,0.1136486891286239,,15450.0,15834.0,'Hit-calling'!$F$15450,'Hit-calling'!$M$15450,'Hit-calling'!$M$15834,17.0,99.10792197277188,True
22,BR00130941F16,BRD-K12040459-001-07-8,,AT7867,AT7867,9.432854928039296,Selleck,S1558,Clc1ccc(cc1)C1(CCNCC1)c1ccc(cc1)-c1cn[nH]c1,LZMOSYUFVYJEPY-UHFFFAOYSA-N,11175137.0,Preclinical,AKT inhibitor,AKT2|GSK3B|PKIA|PRKACA,,,,,,,198.0,,99.1147090053928,99.0908828711554,99.10279593827408,0.0238261342374102,,16265.0,16649.0,'Hit-calling'!$F$16265,'Hit-calling'!$M$16265,'Hit-calling'!$M$16649,16.0,99.10279593827408,True
12,BR00130916B22,BRD-K26122255-001-02-9,,VLX600,VLX600,10.0,ChemDiv,1927-8053,C\C(=N\Nc1nnc2c(n1)[nH]c1c(C)cccc21)c1ccccn1,UQOSBPRTQFFUOA-NHDPSOOVSA-N,6413301.0,Phase 1,antitumor agent|ubiquitin C-terminal hydrolase inhibitor,TP53|USP14,,,,,,,199.0,,99.7073135841296,98.4715327356216,99.0894231598756,1.2357808485079858,,8495.0,8879.0,'Hit-calling'!$F$8495,'Hit-calling'!$M$8495,'Hit-calling'!$M$8879,22.0,99.0894231598756,True
12,BR00130916E19,BRD-K36169695-001-02-9,,sangivamycin,sangivamycin,9.999999999999998,Toronto,S112503,NC(=O)c1cn([C@@H]2O[C@H](CO)[C@@H](O)[C@H]2O)c2ncnc(N)c12,OBZJZDHRXBKKTJ-JTFADIMSSA-N,14978.0,Phase 1,DNA inhibitor,,,,,,,,200.0,,99.33632404920814,98.78060601319704,99.0584650312026,0.5557180360111005,,8564.0,8948.0,'Hit-calling'!$F$8564,'Hit-calling'!$M$8564,'Hit-calling'!$M$8948,19.0,99.0584650312026,True
9,BR00130921H18,BRD-K41859756-001-09-2,,NVP-AUY922,NVP-AUY922,9.999957903167775,MedChemEx,HY-10215,CCNC(=O)c1noc(c1-c1ccc(CN2CCOCC2)cc1)-c1cc(C(C)C)c(O)cc1O,NDAZATDQFDPQBD-UHFFFAOYSA-N,135539077.0,Phase 2,HSP inhibitor,HSP90AA1|HSP90AB1,,,,,,,201.0,,99.01656844101056,99.0941754636022,99.0553719523064,0.077607022591664,,6331.0,6715.0,'Hit-calling'!$F$6331,'Hit-calling'!$M$6331,'Hit-calling'!$M$6715,18.0,99.0553719523064,True
20,BR00130945G22,BRD-K02241333-001-02-7,,CHIR-124,CHIR-124,10.0,Selleck,S2683,Clc1ccc2[nH]c(=O)c(-c3nc4ccccc4[nH]3)c(N[C@@H]3CN4CCC3CC4)c2c1,MOVBBVMDHIRCTG-LJQANCHMSA-N,135399748.0,Preclinical,CHK inhibitor,CHEK1,,,,,,,202.0,,99.10325326757533,98.9826000639589,99.04292666576713,0.1206532036164276,,14759.0,15143.0,'Hit-calling'!$F$14759,'Hit-calling'!$M$14759,'Hit-calling'!$M$15143,22.0,99.04292666576713,True
19,BR00130947D18,BRD-K67537649-001-06-9,,PQ-401,PQ-401,10.000000000000002,Tocris,2768,COc1ccc(Cl)cc1NC(=O)Nc1cc(C)nc2ccccc12,YBLWOZUPHDKFOT-UHFFFAOYSA-N,9549305.0,Preclinical,IGF-1 inhibitor,IGF1R,,,,,,,203.0,,98.79858290853063,99.28335760404994,99.04097025629028,0.4847746955193059,,13915.0,14299.0,'Hit-calling'!$F$13915,'Hit-calling'!$M$13915,'Hit-calling'!$M$14299,18.0,99.04097025629028,True
16,BR00130953A08,BRD-K02988401-001-01-2,,UNC0737,UNC0737,10.000000000000002,SGC,UNC0737,COc1cc2c(nc(nc2cc1OCCCN1CCCC1)C1CCCCC1)N(C)C1CCN(CC1)C(C)C,ATORKVYCKKBNTF-UHFFFAOYSA-N,52953431.0,Preclinical,histone lysine methyltransferase inhibitor,EHMT1|EHMT2,,,,,,,204.0,,99.17255924064304,98.89529903182704,99.03392913623505,0.277260208816017,,11529.0,11913.0,'Hit-calling'!$F$11529,'Hit-calling'!$M$11529,'Hit-calling'!$M$11913,8.0,99.03392913623505,True
21,BR00130943E12,BRD-K44432556-001-01-4,,ML228,ML228,10.0,MLSC/Vanderbilt,0,C(Nc1nc(nnc1-c1ccccc1)-c1ccccn1)c1ccc(cc1)-c1ccccc1,"InChI=1S/C27H21N5/c1-3-9-21(10-4-1)22-16-14-20(15-17-22)19-29-27-25(23-11-5-2-6-12-23)31-32-26(30-27)24-13-7-8-18-28-24/h1-18H,19H2,(H,29,30,32)",46742353.0,Preclinical,hypoxia inducible factor activator,HIF1A,0,0,,,,,205.0,,99.03168378146783,99.01822183583052,99.02495280864918,0.0134619456373314,,15469.0,15853.0,'Hit-calling'!$F$15469,'Hit-calling'!$M$15469,'Hit-calling'!$M$15853,12.0,99.02495280864918,True
6,BR00130927J07,BRD-M93148412-001-02-6,,lasofoxifene,lasofoxifene,10.0,MedChemEx,HY-A0038,O[C@@H]([C@H](O)C(O)=O)C(O)=O.Oc1ccc2[C@H]([C@H](CCc2c1)c1ccccc1)c1ccc(OCCN2CCCC2)cc1,INEHJXCWEVNEDZ-LUDNRVPPSA-N,3081919.0,Launched,selective estrogen receptor modulator (SERM),ESR1|ESR2,orthopedics|oncology,osteoporosis|breast cancer,,,,,206.0,,99.4267927443696,98.59486967696608,99.01083121066785,0.8319230674035367,,4064.0,4448.0,'Hit-calling'!$F$4064,'Hit-calling'!$M$4064,'Hit-calling'!$M$4448,7.0,99.01083121066785,True
17,BR00130951D11,BRD-K91283740-003-01-6,,UNC2025,UNC2025,10.00007773405747,MedChemEx,HY-12344A,CCCCNc1ncc2c(cn([C@H]3CC[C@H](O)CC3)c2n1)-c1ccc(CN2CCN(C)CC2)cc1 |r|,MJSHVHLADKXCML-RQNOJGIXSA-N,,Preclinical,FLT3 inhibitor|MER tyrosine kinase inhibitor,FLT3|MERTK,,,,,,,207.0,,99.36986508691515,98.62338036292138,98.99662272491828,0.746484723993774,,12372.0,12756.0,'Hit-calling'!$F$12372,'Hit-calling'!$M$12372,'Hit-calling'!$M$12756,11.0,98.99662272491828,True
16,BR00130953P18,BRD-K26756394-001-04-9,,VE-821,VE-821,9.999999999999998,MedChemEx,HY-14731,CS(=O)(=O)c1ccc(cc1)-c1cnc(N)c(n1)C(=O)Nc1ccccc1,DUIHHZKTCSNTGM-UHFFFAOYSA-N,51000408.0,Preclinical,ATR kinase inhibitor,ATR,,,,,,,208.0,,98.81786165996311,99.14786402772614,98.98286284384464,0.3300023677630292,,11899.0,12283.0,'Hit-calling'!$F$11899,'Hit-calling'!$M$11899,'Hit-calling'!$M$12283,18.0,98.98286284384464,True
11,BR00130917F16,BRD-K63923597-001-08-4,,barasertib-HQPA,barasertib-HQPA,10.0,Selleck,S1147,CCN(CCO)CCCOc1ccc2c(Nc3cc(CC(=O)Nc4cccc(F)c4)n[nH]3)ncnc2c1,"InChI=1S/C26H30FN7O3/c1-2-34(10-11-35)9-4-12-37-21-7-8-22-23(16-21)28-17-29-26(22)31-24-14-20(32-33-24)15-25(36)30-19-6-3-5-18(27)13-19/h3,5-8,13-14,16-17,35H,2,4,9-12,15H2,1H3,(H,30,36)(H2,28,29,31,32,33)",16007391.0,Phase 2/Phase 3,Aurora kinase inhibitor,AURKB,,,,,,,209.0,,98.97030891061982,98.9783310750266,98.9743199928232,0.0080221644067819,,7817.0,8201.0,'Hit-calling'!$F$7817,'Hit-calling'!$M$7817,'Hit-calling'!$M$8201,16.0,98.9743199928232,True
21,BR00130943G10,BRD-K51918615-303-02-9,,iodophenpropit,iodophenpropit,10.0,Tocris,779,Ic1ccc(CCNC(=N)SCCCc2cnc[nH]2)cc1,UBHYDQAARZKHEZ-UHFFFAOYSA-N,3035746.0,Preclinical,histamine receptor antagonist,HRH3|HRH4,0,0,,,,,210.0,,98.8493726301415,99.0989323699104,98.97415250002597,0.249559739768884,,15515.0,15899.0,'Hit-calling'!$F$15515,'Hit-calling'!$M$15515,'Hit-calling'!$M$15899,10.0,98.97415250002597,True
16,BR00130953K04,BRD-K36551084-001-04-9,,cinchonine,cinchonine,9.999999999999998,MedChemEx,HY-Y0152,O[C@H]([C@H]1C[C@@H]2CC[N@]1C[C@@H]2C=C)c1ccnc2ccccc12,KMPWYEUPVWOPIM-QAMTZSDWSA-N,90454.0,Preclinical,P glycoprotein inhibitor,CYP2D6,,,,,,,211.0,,99.11076486127862,98.82095210201727,98.96585848164796,0.2898127592613377,,11765.0,12149.0,'Hit-calling'!$F$11765,'Hit-calling'!$M$11765,'Hit-calling'!$M$12149,4.0,98.96585848164796,True
10,BR00130919C20,BRD-K87548127-300-01-1,,thaliblastine,thaliblastine,10.0,InterBioScreen,STOCK1N-51856,COc1cc(C[C@@H]2N(C)CCc3cc(OC)c(OC)cc23)c(Oc2cc3C[C@@H]4N(C)CCc5cc(OC)c(OC)c(-c3cc2OC)c45)cc1OC,ZCTJIMXXSXQXRI-KYJUHHDHSA-N,21470.0,Phase 2,DNA inhibitor,,,,,,,,212.0,,99.04365628225294,98.84531308649746,98.9444846843752,0.1983431957554842,,6981.0,7365.0,'Hit-calling'!$F$6981,'Hit-calling'!$M$6981,'Hit-calling'!$M$7365,20.0,98.9444846843752,True
18,BR00130949K19,BRD-K00004214-003-01-9,,N-benzylnaltrindole,N-benzylnaltrindole,10.0,Tocris,754,"Oc1ccc2C[C@H]3N(CC4CC4)CC[C@@]45[C@@H](Oc1c24)c1c(C[C@@]35O)c2ccccc2n1Cc1ccccc1 |TLB:21:22:7.12.13:4.5.18,23:22:7.12.13:4.5.18|",PSPANKCQVWSVHM-OUDZLNJNSA-N,10006324.0,Preclinical,opioid receptor antagonist,,,,,,,,213.0,,98.59136421484696,99.27982727898552,98.93559574691623,0.6884630641385456,,13316.0,13700.0,'Hit-calling'!$F$13316,'Hit-calling'!$M$13316,'Hit-calling'!$M$13700,19.0,98.93559574691623,True
10,BR00130919J04,BRD-K00003558-001-01-9,,XL888,XL888,10.0,MedChemEx,HY-13313,[H][C@]1(C[C@@H]2CC[C@H](C1)N2c1ccc(cn1)C(=O)C1CC1)NC(=O)c1cc(N[C@H](C)CC)c(cc1C)C(N)=O |TLB:9:8:4.5:1.2.7|,LHGWWAFKVCIILM-HLRQEUIKSA-N,,Phase 1,HSP inhibitor,,,,,,,,214.0,,98.3913838121874,99.40206263130337,98.89672322174536,1.0106788191159666,,7133.0,7517.0,'Hit-calling'!$F$7133,'Hit-calling'!$M$7133,'Hit-calling'!$M$7517,4.0,98.89672322174536,True
17,BR00130951C18,BRD-K35329391-334-02-5,,GZD824,GZD824,9.999999999999998,Selleck,S7194,CN1CCN(Cc2ccc(NC(=O)c3ccc(C)c(c3)C#Cc3cnc4n[nH]cc4c3)cc2C(F)(F)F)CC1,TZKBVRDEOITLRB-UHFFFAOYSA-N,51038269.0,Preclinical,Bcr-Abl kinase inhibitor,ABL1|BCR,,,,,,,215.0,,98.94406728357691,98.8460052537174,98.89503626864716,0.0980620298595198,,12355.0,12739.0,'Hit-calling'!$F$12355,'Hit-calling'!$M$12355,'Hit-calling'!$M$12739,18.0,98.89503626864716,True
3,BR00130933C11,BRD-A99117172-065-05-7,,hydroxychloroquine,hydroxychloroquine,10.379244381788087,Sigma,MFCD00078203,CCN(CCO)CCCC(C)Nc1ccnc2cc(Cl)ccc12,XXSMGPRMXLTPCZ-UHFFFAOYSA-N,12947.0,Launched,antimalarial agent,TLR7|TLR9,infectious disease,malaria,,,,,216.0,,99.1450468172424,98.60376663343592,98.87440672533916,0.5412801838064922,,1596.0,1980.0,'Hit-calling'!$F$1596,'Hit-calling'!$M$1596,'Hit-calling'!$M$1980,11.0,98.87440672533916,True
14,BR00130957H22,BRD-K36740062-001-07-9,,GSK1070916,GSK1070916,9.999999999999998,MedChemEx,HY-70044,CCn1cc(c(n1)-c1ccc(NC(=O)N(C)C)cc1)-c1ccnc2[nH]c(cc12)-c1cccc(CN(C)C)c1,QTBWCSQGBMPECM-UHFFFAOYSA-N,46885626.0,Phase 1,Aurora kinase inhibitor,AURKA|AURKB|AURKC|CYP2D6|CYP3A4,,,,,,,217.0,,98.72683762443997,99.0113918383522,98.86911473139608,0.2845542139122585,,10175.0,10559.0,'Hit-calling'!$F$10175,'Hit-calling'!$M$10175,'Hit-calling'!$M$10559,22.0,98.86911473139608,True
21,BR00130943M04,BRD-K95701999-066-06-9,,metaphit,metaphit,10.0,SantaCruz,sc-253003,S=C=Nc1cccc(c1)C1(CCCCC1)N1CCCCC1,FGSGBQAQSPSRJK-UHFFFAOYSA-N,114745.0,Preclinical,phencyclidine receptor acylator,0,0,0,,,,,218.0,,99.22111263291612,98.50958616040892,98.86534939666252,0.7115264725071881,,15653.0,16037.0,'Hit-calling'!$F$15653,'Hit-calling'!$M$15653,'Hit-calling'!$M$16037,4.0,98.86534939666252,True
21,BR00130943M21,BRD-K02135007-001-01-8,,THZ1-R,THZ1-R,9.99994057780901,MedChemEx,HY-19988,CN(C)CCCC(=O)Nc1ccc(cc1)C(=O)Nc1cccc(Nc2ncc(Cl)c(n2)-c2c[nH]c3ccccc23)c1,TUERFPPIPKZNKE-UHFFFAOYSA-N,119081415.0,Preclinical,CDK inhibitor,CDK7,0,0,,,,,219.0,,98.86644232414646,98.85313869011831,98.8597905071324,0.0133036340281478,,15670.0,16054.0,'Hit-calling'!$F$15670,'Hit-calling'!$M$15670,'Hit-calling'!$M$16054,21.0,98.8597905071324,True
6,BR00130927F08,BRD-K07940445-003-07-9,,quinine,quinine,10.0,Tocris,4114,COc1ccc2nccc([C@@H](O)[C@@H]3C[C@@H]4CC[N@]3C[C@@H]4C=C)c2c1,LOUPRKONTZGTKE-WZBLMQSHSA-N,3034034.0,Launched,hemozoin biocrystallization inhibitor,GP9|KCNB2|KCNN4|SLC29A4,infectious disease,malaria,,,,,220.0,,99.32292959685476,98.36358325532998,98.84325642609237,0.959346341524764,,3969.0,4353.0,'Hit-calling'!$F$3969,'Hit-calling'!$M$3969,'Hit-calling'!$M$4353,8.0,98.84325642609237,True
6,BR00130927N18,BRD-A50675702-001-08-9,,fipronil,fipronil,10.0,Sigma,MFCD00867812,"Nc1c(c(nn1-c1c(Cl)cc(cc1Cl)C(F)(F)F)C#N)[S@@](=O)C(F)(F)F |&1:20,r|",ZOCSXAVNDGMNBV-AREMUKBSSA-N,15278226.0,Launched,chloride channel blocker|GABA gated chloride channel blocker,0,infectious disease,flea control,,,,,221.0,,98.8825120425372,98.77707513001177,98.82979358627448,0.1054369125254197,,4171.0,4555.0,'Hit-calling'!$F$4171,'Hit-calling'!$M$4171,'Hit-calling'!$M$4555,18.0,98.82979358627448,True
13,BR00130959D17,BRD-K00004720-001-01-9,,acolbifene,acolbifene,10.000000000000002,Cayman,23931,CC1=C([C@@H](Oc2cc(O)ccc12)c1ccc(OCCN2CCCCC2)cc1)c1ccc(O)cc1 |t:1|,DUYNJNWVGIWJRI-LJAQVGFWSA-N,155435.0,Phase 3,estrogen receptor antagonist,,,,,,,,222.0,,98.82412755730388,98.82066394623996,98.82239575177192,0.0034636110639212,,9306.0,9690.0,'Hit-calling'!$F$9306,'Hit-calling'!$M$9306,'Hit-calling'!$M$9690,17.0,98.82239575177192,True
10,BR00130919E12,BRD-K86797399-001-06-9,,SB-939,SB-939,9.999999999999998,MedChemEx,HY-13322,CCCCc1nc2cc(\C=C\C(=O)NO)ccc2n1CCN(CC)CC,JHDKZFFAIZKUCU-ZRDIBKRKSA-N,49855250.0,Phase 3,HDAC inhibitor,HDAC1|HDAC10|HDAC2|HDAC3|HDAC4|HDAC5|HDAC6|HDAC9,,,,,,,223.0,,98.4694515807029,99.14848292888264,98.80896725479276,0.6790313481797341,,7021.0,7405.0,'Hit-calling'!$F$7021,'Hit-calling'!$M$7021,'Hit-calling'!$M$7405,12.0,98.80896725479276,True
11,BR00130917K11,BRD-K31394475-001-01-9,,CP-376395,CP-376395,9.524906943003954,Key,GD-0065,CCC(CC)Nc1cc(C)nc(Oc2c(C)cc(C)cc2C)c1C,VIZBSVDBNLAVAW-UHFFFAOYSA-N,9862166.0,Phase 1,corticotropin releasing factor receptor antagonist,CRHR1,,,,,,,224.0,,98.7346940926047,98.8340786003154,98.78438634646004,0.0993845077106954,,7932.0,8316.0,'Hit-calling'!$F$7932,'Hit-calling'!$M$7932,'Hit-calling'!$M$8316,11.0,98.78438634646004,True
18,BR00130949D22,BRD-K78973789-001-02-9,,MMV-390048,MMV-390048,10.000000000000002,AMS,L14545,CS(=O)(=O)c1ccc(cc1)-c1cnc(N)c(c1)-c1ccc(nc1)C(F)(F)F,RTJQABCNNLMCJF-UHFFFAOYSA-N,53311393.0,Preclinical,PI4K inhibitor,,,,,,,,225.0,,98.80387692218731,98.73668406671602,98.77028049445168,0.0671928554713048,,13151.0,13535.0,'Hit-calling'!$F$13151,'Hit-calling'!$M$13151,'Hit-calling'!$M$13535,22.0,98.77028049445168,True
11,BR00130917C16,BRD-K68488863-001-04-9,,ENMD-2076,ENMD-2076,10.0,Selleck,S1181,CN1CCN(CC1)c1cc(Nc2cc(C)n[nH]2)nc(\C=C\c2ccccc2)n1,BLQYVHBZHAISJM-CMDGGOBGSA-N,16041424.0,Phase 2,Aurora kinase inhibitor|FLT3 inhibitor|VEGFR inhibitor,AURKA|FLT3|KDR|PDGFRA|PTK2|SRC,,,,,,,226.0,,98.5392539884929,98.97408752862462,98.75667075855876,0.43483354013172,,7745.0,8129.0,'Hit-calling'!$F$7745,'Hit-calling'!$M$7745,'Hit-calling'!$M$8129,16.0,98.75667075855876,True
9,BR00130921C10,BRD-K00003531-001-01-9,,acelarin,acelarin,10.000000000000002,MedChemEx,HY-100885,"C[C@H](N[P@@](=O)(OC[C@H]1O[C@@H](n2ccc(N)nc2=O)C(F)(F)[C@@H]1O)Oc1ccccc1)C(=O)OCc1ccccc1 |a:1,7,9,21,&1:3|",NHTKGYOMICWFQZ-LHFSRKHSSA-N,134694283.0,Phase 2/Phase 3,anticancer agent,,,,,,,,227.0,,98.73323667819598,98.76508166606604,98.74915917213102,0.031844987870059,,6203.0,6587.0,'Hit-calling'!$F$6203,'Hit-calling'!$M$6203,'Hit-calling'!$M$6587,10.0,98.74915917213102,True
18,BR00130949D05,BRD-K99170882-001-07-9,,NSC-319726,NSC-319726,9.999999999999998,Tocris,5065,C\C(=N/NC(=S)N1CCC1)c1ccccn1,XDHBUMNIQRLHGO-UKTHLTGXSA-N,5351307.0,Preclinical,p53 activator,,,,,,,,228.0,,98.75548767438254,98.71926813217569,98.73737790327912,0.0362195422068509,,13134.0,13518.0,'Hit-calling'!$F$13134,'Hit-calling'!$M$13134,'Hit-calling'!$M$13518,5.0,98.73737790327912,True
1,BR00130937P21,BRD-K15916496-001-30-9,,clotrimazole,clotrimazole,10.0,Tocris,4096,Clc1ccccc1C(c1ccccc1)(c1ccccc1)n1ccnc1,VNFPBHJOKIVQEB-UHFFFAOYSA-N,2812.0,Launched,cytochrome P450 inhibitor|imidazoline receptor ligand,CYP3A4|KCNN4|NR1I2|NR1I3|TRPM2|TRPM4|TRPM8,infectious disease,vulvovaginal candidiasis|oropharyngeal candidiasis,,,,,229.0,,100.3342781624867,97.09679850546333,98.71553833397502,3.2374796570233717,,382.0,766.0,'Hit-calling'!$F$382,'Hit-calling'!$M$382,'Hit-calling'!$M$766,21.0,98.71553833397502,True
18,BR00130949C22,BRD-K14618467-003-07-9,,IKK-16,IKK-16,9.999999999999998,Tocris,2539,O=C(N1CCC(CC1)N1CCCC1)c1ccc(Nc2nccc(n2)-c2cc3ccccc3s2)cc1,BWZJBXAPRCVCKQ-UHFFFAOYSA-N,9549298.0,Preclinical,IKK inhibitor,IKBKB,,,,,,,230.0,,98.725901975253,98.70146228865308,98.71368213195304,0.0244396865999192,,13127.0,13511.0,'Hit-calling'!$F$13127,'Hit-calling'!$M$13127,'Hit-calling'!$M$13511,22.0,98.71368213195304,True
11,BR00130917G11,BRD-K13810148-001-02-1,,givinostat,givinostat,9.999999999999998,Stanley,,CCN(CC)Cc1ccc2cc(COC(=O)Nc3ccc(cc3)C(=O)NO)ccc2c1,"InChI=1S/C24H27N3O4/c1-3-27(4-2)15-17-5-7-21-14-18(6-8-20(21)13-17)16-31-24(29)25-22-11-9-19(10-12-22)23(28)26-30/h5-14,30H,3-4,15-16H2,1-2H3,(H,25,29)(H,26,28)",9804992.0,Phase 3,HDAC inhibitor,HDAC1|HDAC2|HDAC3|HDAC4|HDAC5|HDAC6|HDAC7|HDAC8|HDAC9,,,,,,,231.0,,98.40674329279858,99.00460733917134,98.70567531598496,0.5978640463727629,,7836.0,8220.0,'Hit-calling'!$F$7836,'Hit-calling'!$M$7836,'Hit-calling'!$M$8220,11.0,98.70567531598496,True
8,BR00130923D05,BRD-K68346641-001-01-4,,amsacrine,amsacrine,10.0,Enzo,AC2018,COc1cc(NS(C)(=O)=O)ccc1Nc1c2ccccc2nc2ccccc12,XCPGHVQEEXUHNC-UHFFFAOYSA-N,2179.0,Launched,topoisomerase inhibitor,KCNH2|TOP2A,hematologic malignancy,acute lymphoblastic leukemia (ALL),,,,,232.0,,98.51768341912116,98.85801258163512,98.68784800037812,0.340329162513953,,5454.0,5838.0,'Hit-calling'!$F$5454,'Hit-calling'!$M$5454,'Hit-calling'!$M$5838,5.0,98.68784800037812,True
10,BR00130919H03,BRD-K19085898-001-02-9,,darapladib,darapladib,10.0,MedChemEx,HY-10521,CCN(CC)CCN(Cc1ccc(cc1)-c1ccc(cc1)C(F)(F)F)C(=O)Cn1c2CCCc2c(=O)nc1SCc1ccc(F)cc1,WDPFJWLDPVQCAJ-UHFFFAOYSA-N,9939609.0,Phase 3,phospholipase inhibitor,PLA2G7,,,,,,,233.0,,98.79291778962498,98.57825123638985,98.6855845130074,0.2146665532351477,,7084.0,7468.0,'Hit-calling'!$F$7084,'Hit-calling'!$M$7084,'Hit-calling'!$M$7468,3.0,98.6855845130074,True
6,BR00130927N20,BRD-A66419424-001-03-2,,ixazomib-citrate,ixazomib-citrate,10.0,Selleck,S2181,"CC(C)C[C@H](NC(=O)CNC(=O)c1cc(Cl)ccc1Cl)B1OC(=O)C[C@@](CC(O)=O)(O1)C(O)=O |a:4,&1:25|",YTXSYWAKVMZICI-VBKZILBWSA-N,69040311.0,Launched,proteasome inhibitor,0,hematologic malignancy,multiple myeloma,,,,,234.0,,100.50932141168256,96.85313451186948,98.68122796177602,3.656186899813065,,4173.0,4557.0,'Hit-calling'!$F$4173,'Hit-calling'!$M$4173,'Hit-calling'!$M$4557,20.0,98.68122796177602,True
5,BR00130929B19,BRD-A33697453-008-03-9,,fenticonazole,fenticonazole,10.0,MedChemEx,HY-B0359,Clc1ccc([C@@H](Cn2ccnc2)OCc2ccc(Sc3ccccc3)cc2)c(Cl)c1 |&1:5|,ZCJYUTQZBAIHBS-XMMPIXPASA-N,36688220.0,Launched,bacterial cell wall synthesis inhibitor,,infectious disease,vulvovaginal candidiasis,,,,,235.0,,98.57461177508657,98.7414510128051,98.65803139394583,0.1668392377185341,,3116.0,3500.0,'Hit-calling'!$F$3116,'Hit-calling'!$M$3116,'Hit-calling'!$M$3500,19.0,98.65803139394583,True
20,BR00130945C09,BRD-K31342827-001-06-2,,GF109203X,GF109203X,10.0,Tocris,741,CN(C)CCCn1cc(C2=C(C(=O)NC2=O)c2c[nH]c3ccccc23)c2ccccc12 |t:9|,"InChI=1S/C25H24N4O2/c1-28(2)12-7-13-29-15-19(17-9-4-6-11-21(17)29)23-22(24(30)27-25(23)31)18-14-26-20-10-5-3-8-16(18)20/h3-6,8-11,14-15,26H,7,12-13H2,1-2H3,(H,27,30,31)",2396.0,Preclinical,PKC inhibitor,PDPK1|PIM1|PRKCI|PRKCZ,,,,,,,236.0,,98.66422634788884,98.6356669717726,98.6499466598307,0.0285593761162346,,14650.0,15034.0,'Hit-calling'!$F$14650,'Hit-calling'!$M$14650,'Hit-calling'!$M$15034,9.0,98.6499466598307,True
19,BR00130947A19,BRD-K34321528-003-03-9,,CGP-71683,CGP-71683,10.0,Tocris,2199,Nc1nc(NC[C@H]2CC[C@H](CNS(=O)(=O)c3cccc4ccccc34)CC2)nc2ccccc12 |r|,UULIGRNKXHCLQN-WGSAOQKQSA-N,,Preclinical,neuropeptide receptor antagonist,NPY5R,,,,,,,237.0,,98.82437756837736,98.45462451824348,98.63950104331042,0.3697530501338661,,13844.0,14228.0,'Hit-calling'!$F$13844,'Hit-calling'!$M$13844,'Hit-calling'!$M$14228,19.0,98.63950104331042,True
5,BR00130929L14,BRD-K00005348-001-01-9,,algestone-acetophenide,algestone-acetophenide,9.999999999999998,Toronto,a532040,CC(=O)[C@@]12O[C@@](C)(O[C@@H]1C[C@H]1[C@@H]3CCC4=CC(=O)CC[C@]4(C)[C@H]3CC[C@]21C)c1ccccc1 |t:15|,AHBKIEXBQNRDNL-FVCOMRFXSA-N,5284538.0,Launched,,,endocrinology,contraceptive,,,,,238.0,,98.26197908001394,99.00509263197776,98.63353585599586,0.7431135519638303,,3351.0,3735.0,'Hit-calling'!$F$3351,'Hit-calling'!$M$3351,'Hit-calling'!$M$3735,14.0,98.63353585599586,True
20,BR00130945P04,BRD-K01363385-003-02-9,,antalarmin,antalarmin,9.999999999999998,Tocris,2778,CCCCN(CC)c1nc(C)nc2n(c(C)c(C)c12)-c1c(C)cc(C)cc1C,IXPROWGEHNVJOY-UHFFFAOYSA-N,177990.0,Preclinical,corticotropin releasing factor receptor antagonist,CRHR1,,,,,,,239.0,,98.40216308354208,98.80860388136692,98.6053834824545,0.4064407978248567,,14957.0,15341.0,'Hit-calling'!$F$14957,'Hit-calling'!$M$14957,'Hit-calling'!$M$15341,4.0,98.6053834824545,True
6,BR00130927B13,BRD-K09735259-001-01-3,,elbasvir,elbasvir,10.0000315786738,MedChemEx,HY-15789,COC(=O)N[C@@H](C(C)C)C(=O)N1CCC[C@H]1c1nc(c[nH]1)-c1ccc2-c3cc4cc(ccc4n3[C@@H](Oc2c1)c1ccccc1)-c1c[nH]c(n1)[C@@H]1CCCN1C(=O)[C@@H](NC(=O)OC)C(C)C,BVAZQCUMNICBAQ-PZHYSIFUSA-N,71661251.0,Launched,HCV inhibitor,0,infectious disease,hepatitis C,,,,,240.0,,98.55293559345029,98.62602469723213,98.5894801453412,0.0730891037818395,,3878.0,4262.0,'Hit-calling'!$F$3878,'Hit-calling'!$M$3878,'Hit-calling'!$M$4262,13.0,98.5894801453412,True
1,BR00130937F16,BRD-K10207760-236-13-9,,lasalocid,lasalocid,10.000000000000002,MedChemEx,HY-B1071A,CC[C@H]([C@H]1O[C@@](CC)(C[C@@H]1C)[C@H]1CC[C@](O)(CC)[C@H](C)O1)C(=O)[C@@H](C)[C@@H](O)[C@H](C)CCc1ccc(C)c(O)c1C(O)=O,BBMULGJBVDDDNI-OWKLGTHSSA-N,5360807.0,Launched,bacterial permeability inducer,,infectious disease,coccidiosis,,,,,241.0,,98.40135173025992,98.76978962816742,98.58557067921367,0.3684378979074978,,137.0,521.0,'Hit-calling'!$F$137,'Hit-calling'!$M$137,'Hit-calling'!$M$521,16.0,98.58557067921367,True
16,BR00130953M14,BRD-K50387473-001-11-0,,XMD8-92,XMD8-92,10.0,MedChemEx,HY-14443,CCOc1cc(ccc1Nc1ncc2N(C)C(=O)c3ccccc3N(C)c2n1)N1CCC(O)CC1,QAPAJIZPZGWAND-UHFFFAOYSA-N,46843772.0,Preclinical,MAP kinase inhibitor,DCLK2|MAPK7|PLK4|TNK1,,,,,,,242.0,,98.45559345898404,98.71334752683812,98.5844704929111,0.2577540678540657,,11823.0,12207.0,'Hit-calling'!$F$11823,'Hit-calling'!$M$11823,'Hit-calling'!$M$12207,14.0,98.5844704929111,True
2,BR00130935A20,BRD-K65866076-001-03-9,,hydroquinidine,hydroquinidine,10.0,MedChemEx,HY-B0997,CC[C@H]1C[N@@]2CC[C@H]1C[C@@H]2[C@@H](O)c1ccnc2ccc(OC)cc12,LJOQGZACKSYWCH-LHHVKLHASA-N,91503.0,Launched,antiarrhythmic,,cardiology,cardiac arrythmia,,,,,243.0,,98.2670490535979,98.88160333588834,98.57432619474312,0.6145542822904417,,789.0,1173.0,'Hit-calling'!$F$789,'Hit-calling'!$M$789,'Hit-calling'!$M$1173,20.0,98.57432619474312,True
13,BR00130959E15,BRD-K12867552-001-04-7,,PCI-24781,PCI-24781,10.0,Selleck,S1090,CN(C)Cc1c(oc2ccccc12)C(=O)NCCOc1ccc(cc1)C(=O)NO,MAUCONCHVWBMHK-UHFFFAOYSA-N,11749858.0,Phase 3,HDAC inhibitor,HDAC1|HDAC2|HDAC3|HDAC6,,,,,,,244.0,,98.64731476436803,98.45349732938044,98.55040604687424,0.193817434987622,,9328.0,9712.0,'Hit-calling'!$F$9328,'Hit-calling'!$M$9328,'Hit-calling'!$M$9712,15.0,98.55040604687424,True
21,BR00130943E15,BRD-K00004578-001-01-9,,KAF-156,KAF-156,10.0,Astatech,H11185,CC1(C)N(CCn2c(Nc3ccc(F)cc3)c(nc12)-c1ccc(F)cc1)C(=O)CN,BUPRVECGWBHCQV-UHFFFAOYSA-N,49856296.0,Preclinical,antimalarial agent,0,0,0,,,,,245.0,,98.7830117972683,98.27562699112536,98.52931939419685,0.5073848061429374,,15472.0,15856.0,'Hit-calling'!$F$15472,'Hit-calling'!$M$15472,'Hit-calling'!$M$15856,15.0,98.52931939419685,True
7,BR00130925A06,BRD-A39172021-001-14-5,,ampiroxicam,ampiroxicam,10.000000000000002,MedChemEx,HY-17484,"CCOC(=O)O[C@@H](C)OC1=C(N(C)S(=O)(=O)c2ccccc12)C(=O)Nc1ccccn1 |&1:6,r,t:9|",LSNWBKACGXCGAJ-ZDUSSCGKSA-N,25273583.0,Launched,cyclooxygenase inhibitor,PTGS1|PTGS2,neurology/psychiatry,pain relief,,,,,246.0,,98.18800165549617,98.84506592333564,98.51653378941587,0.6570642678394876,,4615.0,4999.0,'Hit-calling'!$F$4615,'Hit-calling'!$M$4615,'Hit-calling'!$M$4999,6.0,98.51653378941587,True
3,BR00130933C07,BRD-K01825685-035-01-9,,bopindolol,bopindolol,10.000000000000002,Enzo,AR100,Cc1cc2c(OC[C@@H](CNC(C)(C)C)OC(=O)c3ccccc3)cccc2[nH]1 |&1:7|,UUOJIACWOAYWEZ-GOSISDBHSA-N,13302097.0,Launched,adrenergic receptor antagonist,,cardiology,hypertension|coronary artery disease (CAD),,,,,247.0,,98.82543191259704,98.14255450565643,98.48399320912677,0.6828774069406052,,1592.0,1976.0,'Hit-calling'!$F$1592,'Hit-calling'!$M$1592,'Hit-calling'!$M$1976,7.0,98.48399320912677,True
18,BR00130949B07,BRD-K65814004-003-03-9,,diphenyleneiodonium,diphenyleneiodonium,9.999999999999998,Tocris,504,[I]1c2ccccc2-c2ccccc12 |^1:0|,ZSZPLBNCHKXQRY-UHFFFAOYSA-N,,Preclinical,nitric oxide synthase inhibitor,NOS2|NOS3,,,,,,,248.0,,98.41882806937228,98.50228378355546,98.46055592646384,0.0834557141831879,,13088.0,13472.0,'Hit-calling'!$F$13088,'Hit-calling'!$M$13088,'Hit-calling'!$M$13472,7.0,98.46055592646384,True
19,BR00130947G07,BRD-K34362291-001-02-9,,TC-S-7003,TC-S-7003,10.0,Tocris,3567,CN1CCN(CC1)c1ccc(Nc2ncc3c(n2)n2c(nc4ccccc24)n(-c2c(C)cccc2C)c3=O)cc1,BHJJWVDKNXABFS-UHFFFAOYSA-N,11785878.0,Preclinical,SRC inhibitor,LCK,,,,,,,249.0,,98.73900446848924,98.17245592110812,98.45573019479868,0.5665485473811174,,13976.0,14360.0,'Hit-calling'!$F$13976,'Hit-calling'!$M$13976,'Hit-calling'!$M$14360,7.0,98.45573019479868,True
1,BR00130937J13,BRD-K40645748-003-17-9,,mefloquine,mefloquine,9.999999999999998,MedChemEx,HY-17437A,O[C@H]([C@H]1CCCCN1)c1cc(nc2c(cccc12)C(F)(F)F)C(F)(F)F,XEEQGYMUWCZPDN-DOMZBBRYSA-N,40692.0,Launched,adenosine receptor antagonist|hemoglobin antagonist,,infectious disease,malaria,,,,,250.0,,98.6113137643402,98.29704277693092,98.45417827063557,0.3142709874093015,,230.0,614.0,'Hit-calling'!$F$230,'Hit-calling'!$M$230,'Hit-calling'!$M$614,13.0,98.45417827063557,True
9,BR00130921B21,BRD-K00004636-001-01-9,,DpC,DpC,10.0,Sigma,SML0483,CN(C1CCCCC1)C(=S)NN=C(c1ccccn1)c1ccccn1,GNLZNQJBZNOUBM-UHFFFAOYSA-N,57380301.0,Phase 1,,,,,,,,,251.0,,98.56031770461304,98.19586898336176,98.3780933439874,0.3644487212512928,,6190.0,6574.0,'Hit-calling'!$F$6190,'Hit-calling'!$M$6190,'Hit-calling'!$M$6574,21.0,98.3780933439874,True
16,BR00130953C09,BRD-K54170555-001-01-8,,NMS-P715,NMS-P715,10.000030111173494,MedChemEx,HY-12382,CCc1cccc(CC)c1NC(=O)c1nn(C)c-2c1CCc1cnc(Nc3ccc(cc3OC(F)(F)F)C(=O)NC3CCN(C)CC3)nc-21,JFOAJUGFHDCBJJ-UHFFFAOYSA-N,44556162.0,Preclinical,protein kinase inhibitor,,,,,,,,252.0,,98.2764436806242,98.4783339850759,98.37738883285006,0.2018903044516946,,11578.0,11962.0,'Hit-calling'!$F$11578,'Hit-calling'!$M$11578,'Hit-calling'!$M$11962,9.0,98.37738883285006,True
13,BR00130959M15,BRD-K19295594-015-13-5,,gossypol,gossypol,9.149603127253949,Selleck,S2812,CC(C)c1c(O)c(O)c(C=O)c2c(O)c(c(C)cc12)-c1c(C)cc2c(C(C)C)c(O)c(O)c(C=O)c2c1O,QBKSWRVVCFFDOT-UHFFFAOYSA-N,3503.0,Phase 2,BCL inhibitor|MCL1 inhibitor,BCL2,,,,,,,253.0,,99.21135105097775,97.52012462300488,98.36573783699131,1.6912264279728788,,9520.0,9904.0,'Hit-calling'!$F$9520,'Hit-calling'!$M$9520,'Hit-calling'!$M$9904,15.0,98.36573783699131,True
20,BR00130945B03,BRD-K90316462-003-01-1,,MK2-IN-1,MK2-IN-1,9.999941338452016,MedChemEx,HY-12834A,Clc1ccc(cc1)-c1ccc(o1)C(=O)N(Cc1ccccn1)c1ccc(cc1)N1CCNCC1,LIPNXDIBECKOMJ-UHFFFAOYSA-N,53475321.0,Preclinical,MAP kinase inhibitor,MAPKAPK2,,,,,,,254.0,,98.71424477404538,97.94644040312964,98.33034258858753,0.7678043709157407,,14620.0,15004.0,'Hit-calling'!$F$14620,'Hit-calling'!$M$14620,'Hit-calling'!$M$15004,3.0,98.33034258858753,True
11,BR00130917G09,BRD-K83988098-003-07-9,,alvespimycin,alvespimycin,10.0,MedChemEx,HY-12024,"CO[C@H]1C[C@H](C)CC2=C(NCCN(C)C)C(=O)C=C(NC(=O)\C(C)=C\C=C/[C@H](OC)[C@@H](OC(N)=O)\C(C)=C\[C@H](C)[C@H]1O)C2=O |c:7,25,t:17,23,36|",KUFRQPKVAWMTJO-UBNVGODQSA-N,59996481.0,Phase 2,HSP inhibitor,HSP90AA1,,,,,,,255.0,,98.63162290037724,98.00492897750624,98.31827593894177,0.6266939228709987,,7834.0,8218.0,'Hit-calling'!$F$7834,'Hit-calling'!$M$7834,'Hit-calling'!$M$8218,9.0,98.31827593894177,True
6,BR00130927L16,BRD-K34234316-003-05-4,,benzalkonium,benzalkonium,10.0,Selleck,S5626,CCCCCCCCCCCCC[N+](C)(C)Cc1ccccc1,VVZBFOKBSDGVGZ-UHFFFAOYSA-N,2330.0,Launched,cationic surfactant,0,dermatology,abrasions|superficial cuts,,,,,256.0,,98.57398066911108,98.03502424588731,98.3045024574992,0.538956423223766,,4121.0,4505.0,'Hit-calling'!$F$4121,'Hit-calling'!$M$4121,'Hit-calling'!$M$4505,16.0,98.3045024574992,True
13,BR00130959D05,BRD-K00003170-001-01-9,,pavinetant,pavinetant,10.0,MedChemEx,HY-14432,CC[C@H](NC(=O)c1c(NS(C)(=O)=O)c(nc2ccccc12)-c1ccccc1)c1ccccc1,QYTBBBAHNIWFOD-NRFANRHFSA-N,23649245.0,Phase 2,neurokinin receptor antagonist,,,,,,,,257.0,,97.78420059472208,98.74964594394446,98.26692326933326,0.965445349222378,,9294.0,9678.0,'Hit-calling'!$F$9294,'Hit-calling'!$M$9294,'Hit-calling'!$M$9678,5.0,98.26692326933326,True
13,BR00130959J10,BRD-K03063480-001-08-9,,PF-477736,PF-477736,10.0,Tocris,4277,Cn1cc(cn1)-c1[nH]c2cc(NC(=O)[C@H](N)C3CCCCC3)cc3c2c1cn[nH]c3=O,NDEXUOWTGYUVGA-LJQANCHMSA-N,135565545.0,Phase 1,CHK inhibitor,CHEK1|CHEK2,,,,,,,258.0,,98.84429499484622,97.6776876916585,98.26099134325236,1.1666073031877175,,9443.0,9827.0,'Hit-calling'!$F$9443,'Hit-calling'!$M$9443,'Hit-calling'!$M$9827,10.0,98.26099134325236,True
1,BR00130937G06,BRD-K92107055-001-02-9,,pimecrolimus,pimecrolimus,10.0,MedChemEx,HY-13723,CC[C@@H]1\C=C(C)\C[C@H](C)C[C@H](OC)[C@H]2O[C@](O)([C@H](C)C[C@@H]2OC)C(=O)C(=O)N2CCCC[C@H]2C(=O)O[C@@H]([C@H](C)[C@@H](O)CC1=O)C(\C)=C\[C@@H]1CC[C@H](Cl)[C@@H](C1)OC |c:3|,KASDHRXLYQOAKZ-YFMQXNBHSA-N,133659920.0,Launched,calcineurin inhibitor,,dermatology,eczema,,,,,259.0,,98.53033220511962,97.9617115315026,98.24602186831112,0.5686206736170192,,151.0,535.0,'Hit-calling'!$F$151,'Hit-calling'!$M$151,'Hit-calling'!$M$535,6.0,98.24602186831112,True
4,BR00130931F17,BRD-K89920762-001-01-4,,paritaprevir,paritaprevir,10.0000543920716,MedChemEx,HY-12594,Cc1cnc(cn1)C(=O)N[C@H]1CCCCC\C=C/[C@@H]2C[C@]2(NC(=O)[C@@H]2C[C@H](CN2C1=O)Oc1nc2ccccc2c2ccccc12)C(=O)NS(=O)(=O)C1CC1 |c:17|,UAUIUKWPKRJZJV-QPLHLKROSA-N,45110509.0,Launched,HCV inhibitor,,infectious disease,hepatitis C,,,,,260.0,,97.89234587893309,98.5892819583486,98.24081391864084,0.696936079415508,,2442.0,2826.0,'Hit-calling'!$F$2442,'Hit-calling'!$M$2442,'Hit-calling'!$M$2826,17.0,98.24081391864084,True
4,BR00130931M15,BRD-K42635745-001-26-9,,suloctidil,suloctidil,10.000000000000002,MedChemEx,HY-B1237,"CCCCCCCCN[C@H](C)[C@@H](O)c1ccc(SC(C)C)cc1 |&1:9,11|",BFCDFTHTSVTWOG-YLJYHZDGSA-N,657255.0,Withdrawn,adrenergic receptor antagonist,,,,,,,,261.0,,99.91101274027666,96.4127447552691,98.16187874777287,3.4982679850075584,,2608.0,2992.0,'Hit-calling'!$F$2608,'Hit-calling'!$M$2608,'Hit-calling'!$M$2992,15.0,98.16187874777287,True
19,BR00130947L11,BRD-K76973696-001-14-2,,tryptanthrin,tryptanthrin,10.0,Selleck,S5686,O=C1c2ccccc2-n2c1nc1ccccc1c2=O,VQQVWGVXDIPORV-UHFFFAOYSA-N,73549.0,Preclinical,cyclooxygenase inhibitor,IDO1,,,,,,,262.0,,97.6755803081357,98.6019486287045,98.1387644684201,0.9263683205688124,,14100.0,14484.0,'Hit-calling'!$F$14100,'Hit-calling'!$M$14100,'Hit-calling'!$M$14484,11.0,98.1387644684201,True
14,BR00130957J03,BRD-K60171656-001-01-6,,ARQ-092,ARQ-092,9.999999700499068,MedChemEx,HY-19719,Nc1ncccc1-c1nc2ccc(nc2n1-c1ccc(cc1)C1(N)CCC1)-c1ccccc1,HNFMVVHMKGFCMB-UHFFFAOYSA-N,53262401.0,Phase 1,AKT inhibitor,AKT2,,,,,,,263.0,,98.1039755351682,98.10638456825768,98.10518005171292,0.0024090330894779,,10204.0,10588.0,'Hit-calling'!$F$10204,'Hit-calling'!$M$10204,'Hit-calling'!$M$10588,3.0,98.10518005171292,True
9,BR00130921O13,BRD-K42948882-305-02-9,,AMD11070,AMD11070,10.0,MedChemEx,HY-50101A,NCCCCN(Cc1nc2ccccc2[nH]1)[C@H]1CCCc2cccnc12,WVLHHLRVNDMIAR-IBGZPJMESA-N,11256587.0,Phase 3,CC chemokine receptor antagonist,CCR5|CXCR4,,,,,,,264.0,,98.20445989396984,98.00309900483612,98.103779449403,0.2013608891337384,,6494.0,6878.0,'Hit-calling'!$F$6494,'Hit-calling'!$M$6494,'Hit-calling'!$M$6878,13.0,98.103779449403,True
18,BR00130949I03,BRD-K20013301-001-03-9,,LY411575,LY411575,10.0,MedChemEx,HY-50752,C[C@H](NC(=O)[C@@H](O)c1cc(F)cc(F)c1)C(=O)N[C@H]1c2ccccc2-c2ccccc2N(C)C1=O,ULSSJYNJIZWPSB-CVRXJBIPSA-N,10435235.0,Preclinical,gamma secretase inhibitor,,,,,,,,265.0,,97.92332738902076,98.27046123199976,98.09689431051024,0.3471338429789909,,13252.0,13636.0,'Hit-calling'!$F$13252,'Hit-calling'!$M$13252,'Hit-calling'!$M$13636,3.0,98.09689431051024,True
18,BR00130949C17,BRD-K55305701-003-03-9,,SC-144,SC-144,10.0,Tocris,4963,Fc1ccc2c(c1)nc(NNC(=O)c1cnccn1)c1cccn21,UEADAWQSJOWXBK-UHFFFAOYSA-N,400169.0,Preclinical,P glycoprotein inhibitor,,,,,,,,266.0,,98.20025040240138,97.88219853212266,98.04122446726204,0.3180518702787225,,13122.0,13506.0,'Hit-calling'!$F$13122,'Hit-calling'!$M$13122,'Hit-calling'!$M$13506,17.0,98.04122446726204,True
21,BR00130943C04,BRD-K87465484-001-03-5,,UNC0646,UNC0646,9.99999771561211,MedChemEx,HY-13807,COc1cc2c(NC3CCN(CC3)C3CCCCC3)nc(nc2cc1OCCCN1CCCCC1)N1CCCN(CC1)C(C)C,OUKWLRHRXOPODD-UHFFFAOYSA-N,53315882.0,Preclinical,histone lysine methyltransferase inhibitor,EHMT2,0,0,,,,,267.0,,98.64749845871958,97.22506590705107,97.93628218288534,1.4224325516684928,,15413.0,15797.0,'Hit-calling'!$F$15413,'Hit-calling'!$M$15413,'Hit-calling'!$M$15797,4.0,97.93628218288534,True
1,BR00130937B17,BRD-K00003591-001-01-9,,fidaxomicin,fidaxomicin,10.0,MedChemEx,HY-17580,"CC[C@H]1\C=C(C)\[C@@H](O)C\C=C\C=C(CO[C@@H]2O[C@H](C)[C@@H](OC(=O)c3c(O)c(Cl)c(O)c(Cl)c3CC)[C@H](O)[C@@H]2OC)\C(=O)O[C@@H](C\C=C(/C)\C=C(C)\[C@@H]1O[C@@H]1OC(C)(C)[C@@H](OC(=O)C(C)C)[C@H](O)[C@@H]1O)[C@@H](C)O |c:3,11,47,50,t:9|",ZVGNESXIJDCBKN-UUEYKCAUSA-N,10034073.0,Launched,RNA polymerase inhibitor,,gastroenterology,diarrhea,,,,,268.0,,97.3508239680964,98.44325979550784,97.89704188180212,1.0924358274114212,,42.0,426.0,'Hit-calling'!$F$42,'Hit-calling'!$M$42,'Hit-calling'!$M$426,17.0,97.89704188180212,True
13,BR00130959E10,BRD-K62398570-001-02-9,,lerisetron,lerisetron,10.0,Enamine,EN300-242559,C(c1ccccc1)n1c(nc2ccccc12)N1CCNCC1,PWWDCRQZITYKDV-UHFFFAOYSA-N,65997.0,Phase 3,serotonin receptor antagonist,HTR3A,,,,,,,269.0,,98.556083188072,97.21010327388264,97.88309323097732,1.3459799141893711,,9323.0,9707.0,'Hit-calling'!$F$9323,'Hit-calling'!$M$9323,'Hit-calling'!$M$9707,10.0,97.88309323097732,True
6,BR00130927I14,BRD-K71035033-001-08-9,,masitinib,masitinib,10.6168732816112,Selleck,S1064,CN1CCN(Cc2ccc(cc2)C(=O)Nc2ccc(C)c(Nc3nc(cs3)-c3cccnc3)c2)CC1,WJEOLQLKVOPQFV-UHFFFAOYSA-N,10074640.0,Launched,KIT inhibitor|PDGFR tyrosine kinase receptor inhibitor|SRC inhibitor,FGFR3|KIT|PDGFRA|PDGFRB,dermatology,mastocytoma,,,,,270.0,,97.6581167687552,98.05175513099005,97.85493594987264,0.3936383622348387,,4047.0,4431.0,'Hit-calling'!$F$4047,'Hit-calling'!$M$4047,'Hit-calling'!$M$4431,14.0,97.85493594987264,True
20,BR00130945P03,BRD-K73799155-001-01-5,,NSC-5844,NSC-5844,10.000047999004348,MedChemEx,HY-100033,Clc1ccc2c(NCCNc3ccnc4cc(Cl)ccc34)ccnc2c1,SSXYXSMMVMVYEV-UHFFFAOYSA-N,221354.0,Preclinical,CC chemokine receptor agonist,CCR1,,,,,,,271.0,,97.78770891068446,97.79784558702104,97.79277724885274,0.0101366763365717,,14956.0,15340.0,'Hit-calling'!$F$14956,'Hit-calling'!$M$14956,'Hit-calling'!$M$15340,3.0,97.79277724885274,True
8,BR00130923F17,BRD-A74914197-001-01-1,,pralatrexate,pralatrexate,10.0,Selleck,S1497,"Nc1nc(N)c2nc(C[C@@H](CC#C)c3ccc(cc3)C(=O)N[C@@H](CCC(O)=O)C(O)=O)cnc2n1 |a:22,&1:9|","InChI=1S/C23H23N7O5/c1-2-3-14(10-15-11-26-20-18(27-15)19(24)29-23(25)30-20)12-4-6-13(7-5-12)21(33)28-16(22(34)35)8-9-17(31)32/h1,4-7,11,14,16H,3,8-10H2,(H,28,33)(H,31,32)(H,34,35)(H4,24,25,26,29,30)/t14-,16+/m1/s1",11155808.0,Launched,dihydrofolate reductase inhibitor,DHFR,hematologic malignancy,peripheral T-cell lymphoma (PTCL),,,,,272.0,,98.16438728619346,97.38515760360876,97.7747724449011,0.7792296825847131,,5514.0,5898.0,'Hit-calling'!$F$5514,'Hit-calling'!$M$5514,'Hit-calling'!$M$5898,17.0,97.7747724449011,True
10,BR00130919B19,BRD-K40718343-001-05-9,,AEE788,AEE788,10.000000000000002,Tocris,5318,CCN1CCN(Cc2ccc(cc2)-c2cc3c(N[C@H](C)c4ccccc4)ncnc3[nH]2)CC1,OONFNUWBHFSNBT-HXUWFJFHSA-N,10297043.0,Phase 1/Phase 2,EGFR inhibitor|VEGFR inhibitor,EGFR|ERBB2|ERBB4|FGFR2|FGFR3|KDR,,,,,,,273.0,,98.28406773734262,96.82345772879904,97.55376273307084,1.4606100085435827,,6956.0,7340.0,'Hit-calling'!$F$6956,'Hit-calling'!$M$6956,'Hit-calling'!$M$7340,19.0,97.55376273307084,True
14,BR00130957I18,BRD-K77118600-001-02-9,,anacetrapib,anacetrapib,9.999999999999998,MedChemEx,HY-12090,COc1cc(F)c(cc1-c1ccc(cc1CN1[C@@H](C)[C@H](OC1=O)c1cc(cc(c1)C(F)(F)F)C(F)(F)F)C(F)(F)F)C(C)C,MZZLGJHLQGUVPN-HAWMADMCSA-N,11556427.0,Phase 3,cholesteryl ester transfer protein inhibitor,CETP,,,,,,,274.0,,97.98300290578874,97.12117819612618,97.55209055095746,0.8618247096625566,,10195.0,10579.0,'Hit-calling'!$F$10195,'Hit-calling'!$M$10195,'Hit-calling'!$M$10579,18.0,97.55209055095746,True
9,BR00130921P11,BRD-K13642819-001-02-9,,trimetrexate,trimetrexate,10.0,MedChemEx,HY-10373,COc1cc(NCc2ccc3nc(N)nc(N)c3c2C)cc(OC)c1OC,NOYPYLRCIDNJJB-UHFFFAOYSA-N,5583.0,Phase 3,dihydrofolate reductase inhibitor,DHFR,,,,,,,275.0,,97.83158774451348,96.99540953159944,97.41349863805648,0.836178212914021,,6516.0,6900.0,'Hit-calling'!$F$6516,'Hit-calling'!$M$6516,'Hit-calling'!$M$6900,11.0,97.41349863805648,True
22,BR00130941A18,BRD-K28354016-001-12-9,,homidium,homidium,10.000000000000002,AMS,A001466636,CC[n+]1c(-c2ccccc2)c2cc(N)ccc2c2ccc(N)cc12,QTANTQQOYSUMLC-UHFFFAOYSA-O,3624.0,Preclinical,,,,,,,,,276.0,,97.40138933153015,97.41987057381697,97.41062995267356,0.0184812422867963,,16147.0,16531.0,'Hit-calling'!$F$16147,'Hit-calling'!$M$16147,'Hit-calling'!$M$16531,18.0,97.41062995267356,True
14,BR00130957I17,BRD-K82818427-001-05-9,,batimastat,batimastat,10.0,Tocris,2961,CNC(=O)[C@H](Cc1ccccc1)NC(=O)[C@H](CC(C)C)[C@H](CSc1cccs1)C(=O)NO,XFILPEOLDIKJHX-QYZOEREBSA-N,5362422.0,Phase 3,matrix metalloprotease inhibitor,ADAM28|ADAMTS5|MMP12|MMP16|MMP2|MMP8,,,,,,,277.0,,97.41008305471442,97.35136230731898,97.38072268101668,0.0587207473954407,,10194.0,10578.0,'Hit-calling'!$F$10194,'Hit-calling'!$M$10194,'Hit-calling'!$M$10578,17.0,97.38072268101668,True
14,BR00130957P20,BRD-K08532119-001-02-9,,LMI070,LMI070,10.0,MedChemEx,HY-19620,CC1(C)CC(CC(C)(C)N1)Oc1ccc(nn1)-c1ccc(cc1O)-c1cn[nH]c1,STWTUEAWRAIWJG-UHFFFAOYSA-N,135565042.0,Phase 1/Phase 2,survival motor neuron protein modulator,SMN1,,,,,,,278.0,,97.75343594232186,96.99917317919764,97.37630456075972,0.7542627631242311,,10365.0,10749.0,'Hit-calling'!$F$10365,'Hit-calling'!$M$10365,'Hit-calling'!$M$10749,20.0,97.37630456075972,True
17,BR00130951H04,BRD-K46317332-003-18-6,,proadifen,proadifen,10.410450229467518,Selleck,S4381,CCCC(C(=O)OCCN(CC)CC)(c1ccccc1)c1ccccc1,SNTQPLDRUZOSDP-UHFFFAOYSA-N,4910.0,Preclinical,nitric oxide synthase inhibitor,NOS1,,,,,,,279.0,,97.37803770647756,97.37418488365704,97.37611129506728,0.0038528228205194,,12461.0,12845.0,'Hit-calling'!$F$12461,'Hit-calling'!$M$12461,'Hit-calling'!$M$12845,4.0,97.37611129506728,True
14,BR00130957N14,BRD-K14560436-001-02-9,,TG-02,TG-02,10.0,MedChemEx,HY-15166,CN1C\C=C\CCOc2cccc(c2)-c2ccnc(Nc3cccc(C1)c3)n2 |t:3|,VXBAJLGYBMTJCY-NSCUHMNNSA-N,16739650.0,Phase 1/Phase 2,CDK inhibitor|FLT3 inhibitor|JAK inhibitor,CDK1|CDK2|CDK7|CDK9|FLT3|JAK2,,,,,,,280.0,,96.35925803167945,98.31009816295708,97.33467809731826,1.9508401312776584,,10311.0,10695.0,'Hit-calling'!$F$10311,'Hit-calling'!$M$10311,'Hit-calling'!$M$10695,14.0,97.33467809731826,True
3,BR00130933I13,BRD-K97874492-003-12-3,,acriflavinium,acriflavinium,10.0,MicroSource,1500618,C[n+]1c2cc(N)ccc2cc2ccc(N)cc12,XSIOKTWDEOJMGG-UHFFFAOYSA-O,2016.0,Launched,hypoxia inducible factor inhibitor,HIF1A,infectious disease,fungal infection,,,,,281.0,,97.3832989809424,97.22308309132676,97.3031910361346,0.1602158896156424,,1742.0,2126.0,'Hit-calling'!$F$1742,'Hit-calling'!$M$1742,'Hit-calling'!$M$2126,13.0,97.3031910361346,True
20,BR00130945E04,BRD-K86856088-001-07-7,,UNC0638,UNC0638,10.000053487927968,MedChemEx,HY-15273,COc1cc2c(NC3CCN(CC3)C(C)C)nc(nc2cc1OCCCN1CCCC1)C1CCCCC1,QOECJCJVIMVJGX-UHFFFAOYSA-N,46224516.0,Preclinical,histone lysine methyltransferase inhibitor,EHMT1|EHMT2,,,,,,,282.0,,96.93436553952364,97.46851761205546,97.20144157578954,0.5341520725318389,,14693.0,15077.0,'Hit-calling'!$F$14693,'Hit-calling'!$M$14693,'Hit-calling'!$M$15077,4.0,97.20144157578954,True
13,BR00130959F21,BRD-K00003532-001-01-9,,inarigivir,inarigivir,9.999999999999998,MedChemEx,HY-101954,"CO[C@@H]1[C@H](O[P@](S)(=O)OC[C@H]2O[C@H](C[C@@H]2O)n2cnc3c(N)ncnc23)[C@@H](CO)O[C@H]1n1ccc(=O)[nH]c1=O |a:2,3,10,12,14,26,30,&1:5|",LYMICVBGNUEHGE-NLKZJYKHSA-N,,Phase 2,antiviral,,,,,,,,283.0,,97.10065920138253,97.25630633361232,97.17848276749744,0.1556471322298165,,9358.0,9742.0,'Hit-calling'!$F$9358,'Hit-calling'!$M$9358,'Hit-calling'!$M$9742,21.0,97.17848276749744,True
19,BR00130947H10,BRD-K94832621-001-04-9,,Y-134,Y-134,10.0,Tocris,2676,CC(C)N1CCN(CC1)c1ccc(cc1)C(=O)c1c(sc2cc(O)ccc12)-c1ccc(O)cc1,LQEOPHGPHCWOAC-UHFFFAOYSA-N,11784736.0,Preclinical,estrogen receptor antagonist,ESR1|ESR2,,,,,,,284.0,,97.24159684242768,97.0206296787831,97.1311132606054,0.2209671636445733,,14003.0,14387.0,'Hit-calling'!$F$14003,'Hit-calling'!$M$14003,'Hit-calling'!$M$14387,10.0,97.1311132606054,True
5,BR00130929J21,BRD-K88429204-001-40-9,,pyrimethamine,pyrimethamine,10.0,Tocris,3918,CCc1nc(N)nc(N)c1-c1ccc(Cl)cc1,WKSAUQYGYAYLPV-UHFFFAOYSA-N,4993.0,Launched,dihydrofolate reductase inhibitor,DHFR|SLC47A1,infectious disease,malaria,,,,,285.0,,96.99423156671445,97.21064448960476,97.1024380281596,0.2164129228903419,,3310.0,3694.0,'Hit-calling'!$F$3310,'Hit-calling'!$M$3310,'Hit-calling'!$M$3694,21.0,97.1024380281596,True
12,BR00130916K13,BRD-K62965247-001-05-6,,tipifarnib,tipifarnib,10.0,Selleck,S1453,Cn1cncc1[C@@](N)(c1ccc(Cl)cc1)c1ccc2n(C)c(=O)cc(-c3cccc(Cl)c3)c2c1,"InChI=1S/C27H22Cl2N4O/c1-32-16-31-15-25(32)27(30,18-6-9-20(28)10-7-18)19-8-11-24-23(13-19)22(14-26(34)33(24)2)17-4-3-5-21(29)12-17/h3-16H,30H2,1-2H3/t27-/m1/s1",159324.0,Phase 3,farnesyltransferase inhibitor,FNTA|FNTB,,,,,,,286.0,,96.0220666391344,98.13835429320638,97.0802104661704,2.116287654071968,,8702.0,9086.0,'Hit-calling'!$F$8702,'Hit-calling'!$M$8702,'Hit-calling'!$M$9086,13.0,97.0802104661704,True
16,BR00130953H09,BRD-K00003278-003-01-9,,TCV-309,TCV-309,10.000000000000002,MedChemEx,HY-19121A,CCC[n+]1cc(Br)cc(c1)C(=O)N(CCC(=O)NCCOC(=O)N1CCc2ccccc2C1)c1ccccc1,NWWZMECSQFUIGC-UHFFFAOYSA-O,6918167.0,Preclinical,platelet activating factor receptor antagonist,,,,,,,,287.0,,99.4480564858863,94.626390585297,97.03722353559164,4.821665900589295,,11698.0,12082.0,'Hit-calling'!$F$11698,'Hit-calling'!$M$11698,'Hit-calling'!$M$12082,9.0,97.03722353559164,True
19,BR00130947E10,BRD-K19958299-001-02-9,,TCS-2210,TCS-2210,10.000000000000002,Tocris,3877,ONC(=O)c1ccc2[nH]c(=O)c(CCCc3ccccc3)nc2c1,ZOFZKGFBKISZRI-UHFFFAOYSA-N,44607172.0,Preclinical,neural stem cell inducer,,,,,,,,288.0,,96.9567932010886,97.04644959006588,97.00162139557725,0.089656388977275,,13931.0,14315.0,'Hit-calling'!$F$13931,'Hit-calling'!$M$13931,'Hit-calling'!$M$14315,10.0,97.00162139557725,True
20,BR00130945N10,BRD-K66401437-001-03-3,,THZ1,THZ1,9.99997987023665,MedChemEx,HY-80013,CN(C)C\C=C\C(=O)Nc1ccc(cc1)C(=O)Nc1cccc(Nc2ncc(Cl)c(n2)-c2c[nH]c3ccccc23)c1,OBJNFLYHUXWUPF-IZZDOVSWSA-N,73602827.0,Preclinical,CDK inhibitor,CDK7,,,,,,,289.0,,97.84609219309246,96.1293635029819,96.98772784803718,1.716728690110557,,14915.0,15299.0,'Hit-calling'!$F$14915,'Hit-calling'!$M$14915,'Hit-calling'!$M$15299,10.0,96.98772784803718,True
17,BR00130951B20,BRD-K57027742-001-01-1,,N-(2-chlorophenyl)-2-({(2E)-2-[1-(2-pyridinyl)ethylidene]hydrazino}carbothioyl)hydrazinecarbothioamide,N-(2-chlorophenyl)-2-({(2E)-2-[1-(2-pyridinyl)ethylidene]hydrazino}carbothioyl)hydrazinecarbothioamide,9.857147225939167,Key,MS-0738,CC(=NNC(=S)NNC(=S)Nc1ccccc1Cl)c1ccccn1,YYLKOELWSMRYHV-UHFFFAOYSA-N,3006985.0,Preclinical,,,,,,,,,290.0,,97.45215342039263,96.39031618996016,96.9212348051764,1.0618372304324597,,12333.0,12717.0,'Hit-calling'!$F$12333,'Hit-calling'!$M$12333,'Hit-calling'!$M$12717,20.0,96.9212348051764,True
23,BR00130939M19,BRD-K49921286-001-01-8,,LMK-235,LMK-235,10.000000000000002,Selleck,S7569,Cc1cc(C)cc(c1)C(=O)NOCCCCCC(=O)NO,"InChI=1S/C15H22N2O4/c1-11-8-12(2)10-13(9-11)15(19)17-21-7-5-3-4-6-14(18)16-20/h8-10,20H,3-7H2,1-2H3,(H,16,18)(H,17,19)",71520717.0,Preclinical,HDAC inhibitor,HDAC4|HDAC5,,,,,,,291.0,,96.92823482231913,96.89781092372286,96.913022873021,0.0304238985962541,,17204.0,17588.0,'Hit-calling'!$F$17204,'Hit-calling'!$M$17204,'Hit-calling'!$M$17588,19.0,96.913022873021,True
1,BR00130937M11,BRD-K99964838-001-15-9,,bosutinib,bosutinib,10.0,Tocris,4361,COc1cc(Nc2c(cnc3cc(OCCCN4CCN(C)CC4)c(OC)cc23)C#N)c(Cl)cc1Cl,UBPYILGKFZZVDX-UHFFFAOYSA-N,5328940.0,Launched,Abl kinase inhibitor|Bcr-Abl kinase inhibitor|SRC inhibitor,ABL1|BCR|CAMK1D|CAMK2G|CDK2|FRK|FYN|HCK|LYN|MAP2K1|MAP2K2|MAP3K2|MAP4K5|SRC|STK10|STK24|STK4|TNK2|TXK,hematologic malignancy,chronic myeloid leukemia (CML),,,,,292.0,,97.02065202513695,96.60864272923293,96.81464737718494,0.412009295904042,,300.0,684.0,'Hit-calling'!$F$300,'Hit-calling'!$M$300,'Hit-calling'!$M$684,11.0,96.81464737718494,True
5,BR00130929L09,BRD-M87138257-003-01-1,,acriflavine,acriflavine,9.58335854557647,Sigma,MFCD00064307,Nc1ccc2cc3ccc(N)cc3nc2c1.C[n+]1c2cc(N)ccc2cc2ccc(N)cc12,BCBIBQWDFMQRSJ-UHFFFAOYSA-O,452192.0,Launched,hypoxia inducible factor inhibitor,HIF1A,infectious disease,fungal infection,,,,,293.0,,96.269556097993,97.27554925110832,96.77255267455068,1.0059931531153126,,3346.0,3730.0,'Hit-calling'!$F$3346,'Hit-calling'!$M$3346,'Hit-calling'!$M$3730,9.0,96.77255267455068,True
22,BR00130941J14,BRD-K17511755-001-02-9,,APY-29,APY-29,9.999999999999998,Tocris,4865,C1CC1c1cc(Nc2ccnc(Nc3ccc4nc[nH]c4c3)n2)[nH]n1,WJNBSTLIALIIEW-UHFFFAOYSA-N,42627755.0,Preclinical,serine/threonine kinase inhibitor,ERN1,,,,,,,294.0,,96.38449034047788,96.99159242073796,96.68804138060791,0.6071020802601055,,16359.0,16743.0,'Hit-calling'!$F$16359,'Hit-calling'!$M$16359,'Hit-calling'!$M$16743,14.0,96.68804138060791,True
13,BR00130959E07,BRD-K38527262-300-01-0,,atiprimod,atiprimod,9.203949488749217,Tocris,4580,CCCC1(CCC)CCC2(CCN(CCCN(CC)CC)C2)CC1,SERHTTSLBVGRBY-UHFFFAOYSA-N,129869.0,Phase 2,JAK inhibitor|STAT inhibitor,JAK2|STAT3,,,,,,,295.0,,96.43704619190753,96.91835044914455,96.67769832052603,0.481304257237042,,9320.0,9704.0,'Hit-calling'!$F$9320,'Hit-calling'!$M$9320,'Hit-calling'!$M$9704,7.0,96.67769832052603,True
12,BR00130916J21,BRD-K64114733-066-03-9,,naquotinib,naquotinib,10.0,MedChemEx,HY-19803,CCc1nc(C(N)=O)c(Nc2ccc(cc2)N2CCC(CC2)N2CCN(C)CC2)nc1O[C@@H]1CCN(C1)C(=O)C=C,QKDCLUARMDUUKN-XMMPIXPASA-N,71667668.0,Phase 3,EGFR inhibitor,,,,,,,,296.0,,96.7279832305192,96.54292823760636,96.6354557340628,0.1850549929128675,,8686.0,9070.0,'Hit-calling'!$F$8686,'Hit-calling'!$M$8686,'Hit-calling'!$M$9070,21.0,96.6354557340628,True
17,BR00130951I07,BRD-K95110148-003-03-9,,beta-funaltrexamine,beta-funaltrexamine,9.999999999999998,Tocris,926,COC(=O)\C=C\C(=O)N[C@@H]1CC[C@@]2(O)[C@H]3Cc4ccc(O)c5O[C@@H]1[C@]2(CCN3CC1CC1)c45,PQKHESYTSKMWFP-WZJCLRDWSA-N,5311018.0,Preclinical,opioid receptor antagonist,OPRD1|OPRK1|OPRM1,,,,,,,297.0,,96.3497362276226,96.691998154767,96.5208671911948,0.3422619271444205,,12488.0,12872.0,'Hit-calling'!$F$12488,'Hit-calling'!$M$12488,'Hit-calling'!$M$12872,7.0,96.5208671911948,True
19,BR00130947N20,BRD-A89337244-001-04-9,,PD-102807,PD-102807,10.0,Tocris,1671,"CCOC(=O)c1c(C)[nH]c2ccc3O[C@H]4N(CCc5cc(OC)ccc45)Cc3c12 |&1:14,r|",VDDUJINYXKGZLV-JOCHJYFZSA-N,92845316.0,Preclinical,acetylcholine receptor antagonist,CHRM4,,,,,,,298.0,,97.450397602159,95.35040416767797,96.40040088491848,2.099993434481064,,14157.0,14541.0,'Hit-calling'!$F$14157,'Hit-calling'!$M$14157,'Hit-calling'!$M$14541,20.0,96.40040088491848,True
23,BR00130939E19,BRD-K60130390-001-02-1,,UNC0642,UNC0642,10.0,MedChemEx,HY-13980,COc1cc2c(NC3CCN(CC3)C(C)C)nc(nc2cc1OCCCN1CCCC1)N1CCC(F)(F)CC1,RNAMYOYQYRYFQY-UHFFFAOYSA-N,53315878.0,Preclinical,histone lysine methyltransferase inhibitor,EHMT1|EHMT2,,,,,,,299.0,,96.0658578098885,96.58002040597984,96.32293910793416,0.5141625960913387,,17012.0,17396.0,'Hit-calling'!$F$17012,'Hit-calling'!$M$17012,'Hit-calling'!$M$17396,19.0,96.32293910793416,True
21,BR00130943G09,BRD-K00003302-001-01-9,,adomeglivant,adomeglivant,10.0,MedChemEx,HY-19904,Cc1cc(O[C@@H](CCC(F)(F)F)c2ccc(cc2)C(=O)NCCC(O)=O)cc(C)c1-c1ccc(cc1)C(C)(C)C,FASLTMSUPQDLIB-MHZLTWQESA-N,91933867.0,Preclinical,glucagon receptor antagonist,0,0,0,,,,,300.0,,96.39189076589224,96.17984276652788,96.28586676621006,0.2120479993643726,,15514.0,15898.0,'Hit-calling'!$F$15514,'Hit-calling'!$M$15514,'Hit-calling'!$M$15898,9.0,96.28586676621006,True
6,BR00130927H19,BRD-K13664493-316-03-3,,naphthoquine-phosphate,naphthoquine-phosphate,10.0,MedChemEx,HY-17036,CC(C)(C)NCc1cc(Nc2ccnc3cc(Cl)ccc23)c2CCCCc2c1O,VEVMYTDOWUQLGI-UHFFFAOYSA-N,9851775.0,Launched,antimalarial agent,0,infectious disease,malaria,,,,,301.0,,96.33664170077571,96.1350404765134,96.23584108864456,0.201601224262319,,4028.0,4412.0,'Hit-calling'!$F$4028,'Hit-calling'!$M$4028,'Hit-calling'!$M$4412,19.0,96.23584108864456,True
17,BR00130951D13,BRD-K45973863-001-01-4,,WR99210,WR99210,9.999999999999998,Sigma,MFCD01679034,"CC1(C)N=C(N)N=C(N)N1OCCCOc1cc(Cl)c(Cl)cc1Cl |t:3,6|",MJZJYWCQPMNPRM-UHFFFAOYSA-N,121750.0,Preclinical,dihydrofolate reductase inhibitor,TYMS,infectious disease,malaria,,,,,302.0,,96.1030874340569,96.366973907332,96.23503067069444,0.2638864732750932,,12374.0,12758.0,'Hit-calling'!$F$12374,'Hit-calling'!$M$12374,'Hit-calling'!$M$12758,13.0,96.23503067069444,True
1,BR00130937M18,BRD-K59632282-001-04-9,,quinidine,quinidine,9.999999999999998,MedChemEx,HY-B1751,COc1ccc2nccc([C@H](O)[C@H]3C[C@@H]4CC[N@]3C[C@@H]4C=C)c2c1,LOUPRKONTZGTKE-LHHVKLHASA-N,441074.0,Launched,sodium channel blocker,KCNA5|KCNA7|KCNH1|KCNH2|KCNH5|KCNK1|KCNK6|SCN5A|SLC29A4,infectious disease|cardiology,malaria|atrial fibrillation (AF)|ventricular arrhythmias,,,,,303.0,,96.2084710378636,96.20542961992868,96.20695032889614,0.0030414179349378,,307.0,691.0,'Hit-calling'!$F$307,'Hit-calling'!$M$307,'Hit-calling'!$M$691,18.0,96.20695032889614,True
14,BR00130957H11,BRD-K71221037-001-06-5,,birinapant,birinapant,9.999999999999998,Selleck,S7015,CC[C@H](NC(=O)[C@H](C)NC)C(=O)N1C[C@@H](O)C[C@H]1Cc1c([nH]c2cc(F)ccc12)-c1[nH]c2cc(F)ccc2c1C[C@@H]1C[C@H](O)CN1C(=O)[C@H](CC)NC(=O)[C@H](C)NC,"InChI=1S/C42H56F2N8O6/c1-7-33(49-39(55)21(3)45-5)41(57)51-19-27(53)15-25(51)17-31-29-11-9-23(43)13-35(29)47-37(31)38-32(30-12-10-24(44)14-36(30)48-38)18-26-16-28(54)20-52(26)42(58)34(8-2)50-40(56)22(4)46-6/h9-14,21-22,25-28,33-34,45-48,53-54H,7-8,15-20H2,1-6H3,(H,49,55)(H,50,56)/t21-,22-,25-,26-,27-,28-,33-,34-/m0/s1",49836020.0,Phase 2,XIAP inhibitor,BIRC2|XIAP,,,,,,,304.0,,96.69874940602418,95.59105108404968,96.14490024503692,1.107698321974496,,10164.0,10548.0,'Hit-calling'!$F$10164,'Hit-calling'!$M$10164,'Hit-calling'!$M$10548,11.0,96.14490024503692,True
9,BR00130921D04,BRD-K67915505-001-01-2,,NVP-HSP990,NVP-HSP990,9.999864541551185,MedChemEx,HY-15190,COc1cccc(n1)-c1cc(F)ccc1[C@H]1Cc2nc(N)nc(C)c2C(=O)N1,WSMQUUGTQYPVPD-OAHLLOKOSA-N,46216556.0,Phase 1,HSP inhibitor,HSP90AA1|HSP90AB1,,,,,,,305.0,,96.34601114369802,95.63865009724884,95.99233062047342,0.7073610464491935,,6221.0,6605.0,'Hit-calling'!$F$6221,'Hit-calling'!$M$6221,'Hit-calling'!$M$6605,4.0,95.99233062047342,True
4,BR00130931O03,BRD-K34568562-300-05-9,,tilorone,tilorone,10.000000000000002,MedChemEx,HY-B1080,CCN(CC)CCOc1ccc2-c3ccc(OCCN(CC)CC)cc3C(=O)c2c1,MPMFCABZENCRHV-UHFFFAOYSA-N,5475.0,Launched,interferon inducer,,infectious disease|gastroenterology|neurology/psychiatry,influenza A virus infection|diarrhea|hepatitis B|multiple sclerosis|urinary tract infections|virus herpes simplex (HSV)|hepatitis C,,,,,306.0,,96.13494428479464,95.72678228916956,95.93086328698207,0.408161995625079,,2644.0,3028.0,'Hit-calling'!$F$2644,'Hit-calling'!$M$2644,'Hit-calling'!$M$3028,3.0,95.93086328698207,True
16,BR00130953B19,BRD-K01129913-001-01-5,,walrycin-B,walrycin-B,9.999984624556095,MedChemEx,HY-18219,Cn1nc(nc2c1nc(=O)n(C)c2=O)-c1ccc(cc1)C(F)(F)F,XRVMPTWWKLKLPB-UHFFFAOYSA-N,3164070.0,Preclinical,transcriptional regulatory protein WalR,,,,,,,,307.0,,95.64779921420843,96.02089438391016,95.83434679905928,0.3730951697017275,,11564.0,11948.0,'Hit-calling'!$F$11564,'Hit-calling'!$M$11564,'Hit-calling'!$M$11948,19.0,95.83434679905928,True
21,BR00130943A13,BRD-K00003396-001-01-9,,CEP-40783,CEP-40783,10.0,MedChemEx,HY-100946,COc1cc2nccc(Oc3ccc(NC(=O)c4cn(C(C)C)c(=O)n(-c5ccc(F)cc5)c4=O)cc3F)c2cc1OC,FKCWHHYUMFGOPY-UHFFFAOYSA-N,71576419.0,Preclinical,AXL kinase inhibitor,0,0,0,,,,,308.0,,95.87643288999722,95.724565836913,95.80049936345512,0.1518670530842172,,15374.0,15758.0,'Hit-calling'!$F$15374,'Hit-calling'!$M$15374,'Hit-calling'!$M$15758,13.0,95.80049936345512,True
6,BR00130927E14,BRD-K81418486-001-66-9,,vorinostat,vorinostat,10.0,Tocris,4652,ONC(=O)CCCCCCC(=O)Nc1ccccc1,WAEXFXRVDQXREF-UHFFFAOYSA-N,5311.0,Launched,HDAC inhibitor,HDAC1|HDAC10|HDAC11|HDAC2|HDAC3|HDAC5|HDAC6|HDAC8|HDAC9,hematologic malignancy,cutaneous T-cell lymphoma (CTCL),,,,,309.0,,95.4608385058719,95.98535185996305,95.72309518291748,0.5245133540911411,,3951.0,4335.0,'Hit-calling'!$F$3951,'Hit-calling'!$M$3951,'Hit-calling'!$M$4335,14.0,95.72309518291748,True
7,BR00130925E06,BRD-K26521938-001-09-8,,dinoprostone,dinoprostone,9.721608493403542,Cayman,10007211,CCCCC[C@H](O)\C=C\[C@H]1[C@H](O)CC(=O)[C@@H]1C\C=C/CCCC(O)=O,XEYBRNLFEZDVAW-ARSRFYASSA-N,5280360.0,Withdrawn,prostanoid receptor agonist,CATSPER1|CATSPER2|CATSPER3|CATSPER4|PTGDR|PTGDR2|PTGER1|PTGER2|PTGER3|PTGER4|PTGFR|TBXA2R,,,,,,,310.0,,94.17264523323568,97.15116070774788,95.66190297049178,2.9785154745122213,,4711.0,5095.0,'Hit-calling'!$F$4711,'Hit-calling'!$M$4711,'Hit-calling'!$M$5095,6.0,95.66190297049178,True
7,BR00130925M21,BRD-K51485625-001-08-4,,ritonavir,ritonavir,10.0,Selleck,S1185,CC(C)[C@H](NC(=O)N(C)Cc1csc(n1)C(C)C)C(=O)N[C@H](C[C@H](O)[C@H](Cc1ccccc1)NC(=O)OCc1cncs1)Cc1ccccc1,NCDNCNXCDXHOMX-XGKFQTDJSA-N,392622.0,Launched,HIV protease inhibitor,CYP1A2|CYP2B6|CYP2C19|CYP2C8|CYP2C9|CYP2D6|CYP2E1|CYP3A4|CYP3A5|CYP3A7,infectious disease,human immunodeficiency virus (HIV-1),,,,,311.0,,94.19268574230352,97.03103408949632,95.61185991589991,2.83834834719282,,4918.0,5302.0,'Hit-calling'!$F$4918,'Hit-calling'!$M$4918,'Hit-calling'!$M$5302,21.0,95.61185991589991,True
6,BR00130927H22,BRD-K97440753-066-20-9,,dihydroergocristine,dihydroergocristine,10.0,Tocris,474,CC(C)[C@@]1(NC(=O)[C@@H]2C[C@H]3[C@@H](Cc4c[nH]c5cccc3c45)N(C)C2)O[C@@]2(O)[C@@H]3CCCN3C(=O)[C@H](Cc3ccccc3)N2C1=O,DEQITUUQPICUMR-HJPBWRTMSA-N,107715.0,Launched,adrenergic receptor antagonist|prolactin inhibitor,ADRA1A|ADRB1|DRD1|DRD2|DRD3|DRD4|DRD5|HTR1A|HTR2A|HTR3A|HTR4|HTR5A|HTR6|HTR7,neurology/psychiatry,senile dementia|cerebrovascular insufficiency,,,,,312.0,,95.17254598988448,96.03746217485944,95.60500408237196,0.8649161849749589,,4031.0,4415.0,'Hit-calling'!$F$4031,'Hit-calling'!$M$4031,'Hit-calling'!$M$4415,22.0,95.60500408237196,True
4,BR00130931C20,BRD-K35245662-001-02-9,,ciclesonide,ciclesonide,9.999999999999998,Tocris,6357,"CC(C)C(=O)OCC(=O)[C@@]12O[C@@H](O[C@@H]1C[C@H]1[C@@H]3CCC4=CC(=O)C=C[C@]4(C)[C@H]3[C@@H](O)C[C@]21C)C1CCCCC1 |c:24,t:20|",LUKZNWIVRBCLON-GXOBDPJESA-N,6918155.0,Launched,glucocorticoid receptor agonist,NR3C1|SERPINA6,allergy,allergic rhinitis,,,,,313.0,,95.7775849443954,95.12946590872684,95.45352542656111,0.6481190356685573,,2373.0,2757.0,'Hit-calling'!$F$2373,'Hit-calling'!$M$2373,'Hit-calling'!$M$2757,20.0,95.45352542656111,True
12,BR00130916C18,BRD-K00003108-001-01-9,,ABBV-744,ABBV-744,10.0,MedChemEx,HY-112090,CCNC(=O)c1cc2c(cn(C)c(O)c2n1)-c1cc(ccc1Oc1c(C)cc(F)cc1C)C(C)(C)O,LQPFCYWRBQRRGE-UHFFFAOYSA-N,,Phase 1,bromodomain inhibitor,,,,,,,,314.0,,95.47969467244336,95.291394031017,95.3855443517302,0.1883006414263661,,8515.0,8899.0,'Hit-calling'!$F$8515,'Hit-calling'!$M$8515,'Hit-calling'!$M$8899,18.0,95.3855443517302,True
22,BR00130941G13,BRD-K39359968-001-03-9,,L-755507,L-755507,10.000000000000002,Tocris,2197,CCCCCCNC(=O)Nc1ccc(cc1)S(=O)(=O)Nc1ccc(CCNC[C@H](O)COc2ccc(O)cc2)cc1,NYYJKMXNVNFOFQ-MHZLTWQESA-N,9829836.0,Preclinical,adrenergic receptor agonist,ADRB1|ADRB2|ADRB3,,,,,,,315.0,,95.3945000878542,95.26931072141774,95.33190540463598,0.1251893664364729,,16286.0,16670.0,'Hit-calling'!$F$16286,'Hit-calling'!$M$16286,'Hit-calling'!$M$16670,13.0,95.33190540463598,True
19,BR00130947E22,BRD-K50699835-001-01-2,,ELN-441958,ELN-441958,9.999877097427444,MedChemEx,HY-15043,Clc1cccc2CN(C(=O)c12)c1cccc(c1)C(=O)N1CCC2(CC1)CCN(CC2)c1ccncc1,ARYQHSWJGHCGJS-UHFFFAOYSA-N,11848206.0,Preclinical,bradykinin receptor antagonist,BDKRB1,,,,,,,316.0,,95.0347085846179,95.29385856196863,95.16428357329328,0.2591499773507451,,13943.0,14327.0,'Hit-calling'!$F$13943,'Hit-calling'!$M$13943,'Hit-calling'!$M$14327,22.0,95.16428357329328,True
21,BR00130943G06,BRD-K48449981-001-01-9,,XMD17-109,XMD17-109,10.0000662365562,MedChemEx,HY-15665,CCOc1cc(ccc1Nc1ncc2N(C)C(=O)c3ccccc3N(C3CCCC3)c2n1)C(=O)N1CCC(CC1)N1CCN(C)CC1,XVBGRTMNFNMINE-UHFFFAOYSA-N,71604307.0,Preclinical,MAP kinase inhibitor,MAPK7,0,0,,,,,317.0,,94.50373966947872,95.56469649652972,95.03421808300422,1.0609568270509868,,15511.0,15895.0,'Hit-calling'!$F$15511,'Hit-calling'!$M$15511,'Hit-calling'!$M$15895,6.0,95.03421808300422,True
13,BR00130959B15,BRD-K00004676-001-01-9,,rilapladib,rilapladib,10.000000000000002,MedChemEx,HY-102004,COCCN1CCC(CC1)N(Cc1ccc(cc1)-c1ccc(cc1)C(F)(F)F)C(=O)Cn1c(SCc2cccc(F)c2F)cc(=O)c2ccccc12,NNBGCSGCRSCFEA-UHFFFAOYSA-N,9918381.0,Phase 2,phospholipase inhibitor,,,,,,,,318.0,,94.7993981063037,95.0663049357039,94.9328515210038,0.2669068294001988,,9256.0,9640.0,'Hit-calling'!$F$9256,'Hit-calling'!$M$9256,'Hit-calling'!$M$9640,15.0,94.9328515210038,True
6,BR00130927A14,BRD-K92213669-001-02-9,,lomitapide,lomitapide,10.0,MedChemEx,HY-14667,FC(F)(F)CNC(=O)C1(CCCCN2CCC(CC2)NC(=O)c2ccccc2-c2ccc(cc2)C(F)(F)F)c2ccccc2-c2ccccc12,MBBCVAKAJPKAKM-UHFFFAOYSA-N,9853053.0,Launched,microsomal trigylceride transfer protein inhibitor,MTTP,endocrinology,hypercholesterolemia,,,,,319.0,,95.16137013728785,94.62481407039644,94.89309210384216,0.5365560668913929,,3855.0,4239.0,'Hit-calling'!$F$3855,'Hit-calling'!$M$3855,'Hit-calling'!$M$4239,14.0,94.89309210384216,True
3,BR00130933K22,BRD-K13646352-001-02-0,,midostaurin,midostaurin,10.0,Enzo,EI-370,CO[C@@H]1[C@@H](C[C@H]2O[C@]1(C)n1c3ccccc3c3c4CNC(=O)c4c4c5ccccc5n2c4c13)N(C)C(=O)c1ccccc1,BMGQWWVMWDBQGC-IIFHNQTCSA-N,9829523.0,Launched,FLT3 inhibitor|KIT inhibitor|PKC inhibitor,FLT3|PRKCG,hematologic malignancy,acute myeloid leukemia (AML),,,,,320.0,,93.52133190305756,96.25845216939014,94.88989203622384,2.7371202663325818,,1799.0,2183.0,'Hit-calling'!$F$1799,'Hit-calling'!$M$1799,'Hit-calling'!$M$2183,22.0,94.88989203622384,True
14,BR00130957L17,BRD-K26122255-001-01-7,,VLX600,VLX600,10.0,Enamine,EN300-395210,CC(=NNc1nnc2c(n1)[nH]c1c(C)cccc21)c1ccccn1,UQOSBPRTQFFUOA-UHFFFAOYSA-N,6806409.0,Phase 1,antitumor agent|ubiquitin C-terminal hydrolase inhibitor,TP53|USP14,,,,,,,321.0,,95.04591446533594,94.5303709252222,94.78814269527908,0.5155435401137254,,10266.0,10650.0,'Hit-calling'!$F$10266,'Hit-calling'!$M$10266,'Hit-calling'!$M$10650,17.0,94.78814269527908,True
14,BR00130957E22,BRD-K00003135-001-01-9,,alisporivir,alisporivir,10.0,MedChemEx,HY-12559,[H][C@]1(C)NC(=O)[C@H](C)NC(=O)[C@H](CC(C)C)N(C)C(=O)[C@@H](NC(=O)[C@H](C(C)C)N(CC)C(=O)[C@@H](C)N(C)C(=O)[C@H](CC)NC(=O)[C@]([H])([C@H](O)[C@H](C)C\C=C\C)N(C)C(=O)[C@H](C(C)C)N(C)C(=O)[C@]([H])(CC(C)C)N(C)C(=O)[C@H](CC(C)C)N(C)C1=O)C(C)C,OLROWHGDTNFZBH-XEMWPYQTSA-N,11513676.0,Phase 3,cyclophilin inhibitor,,,,,,,,322.0,,99.09818648320189,90.33912560008496,94.71865604164344,8.759060883116916,,10103.0,10487.0,'Hit-calling'!$F$10103,'Hit-calling'!$M$10103,'Hit-calling'!$M$10487,22.0,94.71865604164344,True
2,BR00130935J05,BRD-A51964809-003-13-9,,halofantrine,halofantrine,10.0,MedChemEx,HY-A0148A,CCCCN(CCCC)CC[C@@H](O)c1cc2c(Cl)cc(Cl)cc2c2cc(ccc12)C(F)(F)F |&1:11|,FOHHNHSLJDZUGQ-RUZDIDTESA-N,36688213.0,Launched,antimalarial agent,KCNN4,infectious disease,malaria,,,,,323.0,,94.1151480099141,95.064543856577,94.58984593324554,0.9493958466628952,,990.0,1374.0,'Hit-calling'!$F$990,'Hit-calling'!$M$990,'Hit-calling'!$M$1374,5.0,94.58984593324554,True
4,BR00130931D03,BRD-K97028990-001-04-4,,quinine-ethyl-carbonate,quinine-ethyl-carbonate,10.0,MicroSource,310050,CCOC(=O)O[C@H]([C@H]1C[C@@H]2CC[N@]1C[C@@H]2C=C)c1ccnc2ccc(OC)cc12,NSBRKSWSLRQPJW-FRMGNDQPSA-N,5702001.0,Launched,,,infectious disease,malaria,,,,,324.0,,94.98718008278192,94.08253947912765,94.53485978095478,0.9046406036543004,,2380.0,2764.0,'Hit-calling'!$F$2380,'Hit-calling'!$M$2380,'Hit-calling'!$M$2764,3.0,94.53485978095478,True
22,BR00130941E15,BRD-K90737788-001-02-9,,GSK2193874,GSK2193874,10.0,Tocris,5106,FC(F)(F)c1cccc(c1)-c1nc2cc(Br)ccc2c(C(=O)NC2(CC2)c2ccccc2)c1CN1CCC(CC1)N1CCCCC1,UIVOZBSCHXCGPS-UHFFFAOYSA-N,53464483.0,Preclinical,transient receptor potential channel antagonist,TRPV4,,,,,,,325.0,,95.23634083622046,93.73344560083994,94.4848932185302,1.502895235380521,,16240.0,16624.0,'Hit-calling'!$F$16240,'Hit-calling'!$M$16240,'Hit-calling'!$M$16624,15.0,94.4848932185302,True
7,BR00130925B08,BRD-K50265942-001-01-2,,mometasone,mometasone,9.432449802674157,Sigma,MFCD02683426,"C[C@@H]1C[C@H]2[C@@H]3CCC4=CC(=O)C=C[C@]4(C)[C@@]3(Cl)[C@@H](O)C[C@]2(C)[C@@]1(O)C(=O)CCl |c:11,t:7|",QLIIKPVHVRXHRI-CXSFZGCWSA-N,441335.0,Launched,glucocorticoid receptor agonist,NR3C1,dermatology,corticosteroid-responsive dermatoses,,,,,326.0,,94.22009204180544,94.66955259828764,94.44482232004654,0.449460556482208,,4641.0,5025.0,'Hit-calling'!$F$4641,'Hit-calling'!$M$4641,'Hit-calling'!$M$5025,8.0,94.44482232004654,True
12,BR00130916N19,BRD-K57169635-001-05-9,,dacomitinib,dacomitinib,9.999999999999998,Tocris,6231,COc1cc2ncnc(Nc3ccc(F)c(Cl)c3)c2cc1NC(=O)\C=C\CN1CCCCC1,LVXJQMNHJWSHET-AATRIKPKSA-N,11511120.0,Launched,EGFR inhibitor,EGFR|ERBB2|ERBB4,,,,,,,327.0,,94.12375404832908,94.45285739733092,94.28830572283,0.3291033490018407,,8780.0,9164.0,'Hit-calling'!$F$8780,'Hit-calling'!$M$8780,'Hit-calling'!$M$9164,19.0,94.28830572283,True
17,BR00130951K03,BRD-K00004582-001-01-9,,sufugolix,sufugolix,9.999999999999998,MedChemEx,HY-100209,CONC(=O)Nc1ccc(cc1)-c1sc2n(Cc3c(F)cccc3F)c(=O)n(-c3ccccc3)c(=O)c2c1CN(C)Cc1ccccc1,UCQSBGOFELXYIN-UHFFFAOYSA-N,3038517.0,Preclinical,gonadotropin releasing factor hormone receptor antagonist,,,,,,,,328.0,,93.66282539133442,94.01134145286969,93.83708342210204,0.3485160615352498,,12532.0,12916.0,'Hit-calling'!$F$12532,'Hit-calling'!$M$12532,'Hit-calling'!$M$12916,3.0,93.83708342210204,True
5,BR00130929E13,BRD-K13514097-001-09-9,,everolimus,everolimus,10.0,Tocris,6188,"CO[C@@H]1C[C@H](C[C@@H](C)[C@@H]2CC(=O)[C@H](C)\C=C(C)\[C@@H](O)[C@@H](OC)C(=O)[C@H](C)C[C@H](C)\C=C\C=C\C=C(C)\[C@H](C[C@@H]3CC[C@@H](C)[C@@](O)(O3)C(=O)C(=O)N3CCCC[C@H]3C(=O)O2)OC)CC[C@H]1OCCO |c:14,33,t:29,31|",HKVAMNSJSFKALM-FLOWVUKKSA-N,,Launched,mTOR inhibitor,MTOR,oncology|neurology/psychiatry|genetics|urology,breast cancer|neuroendocrine tumors of pancreatic origin (PNET)|renal cell carcinoma (RCC)|subependymal giant cell astrocytoma (SEGA)|tuberous sclerosis complex (TSC)|renal angiomyolipoma,,,,,329.0,,93.94151718596912,93.3485937437572,93.64505546486316,0.5929234422119407,,3182.0,3566.0,'Hit-calling'!$F$3182,'Hit-calling'!$M$3182,'Hit-calling'!$M$3566,13.0,93.64505546486316,True
13,BR00130959F15,BRD-K00003218-001-01-9,,upamostat,upamostat,9.999999999999998,MedChemEx,HY-16511,CCOC(=O)N1CCN(CC1)C(=O)[C@H](Cc1cccc(c1)C(=N)NO)NS(=O)(=O)c1c(cc(cc1C(C)C)C(C)C)C(C)C,HUASEDVYRABWCV-NDEPHWFRSA-N,9852201.0,Phase 2,serine protease inhibitor,,,,,,,,330.0,,93.1561648575012,93.88244310908544,93.51930398329333,0.7262782515842332,,9352.0,9736.0,'Hit-calling'!$F$9352,'Hit-calling'!$M$9352,'Hit-calling'!$M$9736,15.0,93.51930398329333,True
14,BR00130957M19,BRD-K81473043-001-23-9,,tanespimycin,tanespimycin,9.999999999999998,Tocris,1515,"CO[C@H]1C[C@H](C)CC2=C(NCC=C)C(=O)C=C(NC(=O)\C(C)=C\C=C/[C@H](OC)[C@@H](OC(N)=O)\C(C)=C\[C@H](C)[C@H]1O)C2=O |c:7,23,t:15,21,34|",AYUNIORJHRXIBJ-FBDSWQSESA-N,59996479.0,Phase 3,HSP inhibitor,HSP90AA1,,,,,,,331.0,,93.06811173074097,93.85036304532136,93.45923738803116,0.7822513145803924,,10292.0,10676.0,'Hit-calling'!$F$10292,'Hit-calling'!$M$10292,'Hit-calling'!$M$10676,19.0,93.45923738803116,True
6,BR00130927H07,BRD-K63828191-003-32-1,,raloxifene,raloxifene,10.0,Selleck,S1227,Oc1ccc(cc1)-c1sc2cc(O)ccc2c1C(=O)c1ccc(OCCN2CCCCC2)cc1,GZUITABIAKMVPG-UHFFFAOYSA-N,5035.0,Launched,estrogen receptor antagonist|selective estrogen receptor modulator (SERM),ESR1|ESR2,orthopedics|oncology,osteoporosis|breast cancer,,,,,332.0,,93.06317331384324,93.781182812434,93.42217806313862,0.7180094985907601,,4016.0,4400.0,'Hit-calling'!$F$4016,'Hit-calling'!$M$4016,'Hit-calling'!$M$4400,7.0,93.42217806313862,True
10,BR00130919M16,BRD-K11663430-001-04-9,,pyroxamide,pyroxamide,10.0,Cayman,13870,ONC(=O)CCCCCCC(=O)Nc1cccnc1,PTJGLFIIZFVFJV-UHFFFAOYSA-N,4996.0,Phase 1,HDAC inhibitor,HDAC1,,,,,,,333.0,,93.58441517957282,93.11375280660695,93.34908399308988,0.4706623729658474,,7217.0,7601.0,'Hit-calling'!$F$7217,'Hit-calling'!$M$7217,'Hit-calling'!$M$7601,16.0,93.34908399308988,True
11,BR00130917N16,BRD-K26603252-003-04-9,,PD-153035,PD-153035,10.0,MedChemEx,HY-12013,COc1cc2ncnc(Nc3cccc(Br)c3)c2cc1OC,LSPANGZZENHZNJ-UHFFFAOYSA-N,4705.0,Phase 1,EGFR inhibitor,EGFR|KDR,,,,,,,334.0,,93.17135239941832,93.42619861567648,93.2987755075474,0.2548462162581444,,8009.0,8393.0,'Hit-calling'!$F$8009,'Hit-calling'!$M$8009,'Hit-calling'!$M$8393,16.0,93.2987755075474,True
19,BR00130947C16,BRD-K11911061-003-12-9,,GR-127935,GR-127935,10.0,Tocris,1477,COc1ccc(NC(=O)c2ccc(cc2)-c2ccc(cc2C)-c2noc(C)n2)cc1N1CCN(C)CC1,YDBCEBYHYKAFRX-UHFFFAOYSA-N,107780.0,Preclinical,serotonin receptor antagonist,HTR1A|HTR1B|HTR1D|HTR1E|HTR1F|HTR2A|HTR2B|HTR2C|HTR6,,,,,,,335.0,,93.6951710760697,92.7925761730416,93.24387362455565,0.9025949030281026,,13889.0,14273.0,'Hit-calling'!$F$13889,'Hit-calling'!$M$13889,'Hit-calling'!$M$14273,16.0,93.24387362455565,True
22,BR00130941K03,BRD-K95435023-001-11-9,,PHA-665752,PHA-665752,9.999999999999998,Tocris,2693,Cc1[nH]c(\C=C2/C(=O)Nc3ccc(cc23)S(=O)(=O)Cc2c(Cl)cccc2Cl)c(C)c1C(=O)N1CCC[C@@H]1CN1CCCC1,OYONTEXKYJZFHA-SSHUPFPWSA-N,10461815.0,Preclinical,c-Met inhibitor,MET,,,,,,,336.0,,92.39846555194003,93.84950127484748,93.12398341339374,1.4510357229074344,,16372.0,16756.0,'Hit-calling'!$F$16372,'Hit-calling'!$M$16372,'Hit-calling'!$M$16756,3.0,93.12398341339374,True
7,BR00130925C07,BRD-K40787673-001-07-9,,lacitol,lacitol,10.0,Sigma,19346,OC[C@H](O)[C@@H](O)[C@H](O[C@@H]1O[C@H](CO)[C@H](O)[C@H](O)[C@H]1O)[C@H](O)CO,VQHSOMBJVWLPSR-JVCRWLNRSA-N,157355.0,Launched,laxative,,gastroenterology,constipation,,,,,337.0,,89.82249278916912,96.16459801759676,92.99354540338294,6.342105228427656,,4664.0,5048.0,'Hit-calling'!$F$4664,'Hit-calling'!$M$4664,'Hit-calling'!$M$5048,7.0,92.99354540338294,True
10,BR00130919N18,BRD-K82196541-001-03-9,,bafetinib,bafetinib,9.999999999999996,MedChemEx,HY-50868,CN(C)[C@H]1CCN(Cc2ccc(cc2C(F)(F)F)C(=O)Nc2ccc(C)c(Nc3nccc(n3)-c3cncnc3)c2)C1,ZGBAJMQHJDFTQJ-DEOSSOPVSA-N,11387605.0,Phase 2,Bcr-Abl kinase inhibitor|LYN tyrosine kinase inhibitor,ABL1|BCR|LYN,,,,,,,338.0,,93.32752342880146,92.61186544322356,92.9696944360125,0.7156579855779057,,7243.0,7627.0,'Hit-calling'!$F$7243,'Hit-calling'!$M$7243,'Hit-calling'!$M$7627,18.0,92.9696944360125,True
3,BR00130933A10,BRD-K69608737-001-10-2,,tacrolimus,tacrolimus,10.000000000000002,MicroSource,1503968,CO[C@@H]1C[C@@H](CC[C@H]1O)\C=C(/C)[C@H]1OC(=O)[C@@H]2CCCCN2C(=O)C(=O)[C@]2(O)O[C@@H]([C@H](C[C@H]2C)OC)[C@H](C[C@@H](C)C\C(C)=C\[C@@H](CC=C)C(=O)C[C@H](O)[C@H]1C)OC |t:45|,QJJXYPPXXYFBGM-LFZNUXCKSA-N,445643.0,Launched,calcineurin inhibitor,FKBP1A,transplant,organ rejection,,,,,339.0,,92.37617495050168,93.35559251874648,92.86588373462408,0.9794175682447844,,1547.0,1931.0,'Hit-calling'!$F$1547,'Hit-calling'!$M$1547,'Hit-calling'!$M$1931,10.0,92.86588373462408,True
19,BR00130947F06,BRD-K17743697-066-05-9,,KB-R7943,KB-R7943,10.0,Tocris,1244,NC(=N)SCCc1ccc(OCc2ccc(cc2)[N+]([O-])=O)cc1,UMJUNUMSJDTYTM-UHFFFAOYSA-N,4534086.0,Preclinical,sodium/calcium exchange inhibitor,SLC8A1|TRPC3|TRPC5|TRPC6,,,,,,,340.0,,93.279609332015,92.301158711552,92.7903840217835,0.9784506204629791,,13951.0,14335.0,'Hit-calling'!$F$13951,'Hit-calling'!$M$13951,'Hit-calling'!$M$14335,6.0,92.7903840217835,True
9,BR00130921D13,BRD-K00004614-001-01-9,,GSK3117391,GSK3117391,9.999999999999998,MedChemEx,HY-19772,ONC(=O)CCc1ccc(CN[C@@H](C2CCCCC2)C(=O)OC2CCCC2)cn1,AFDPFLDWOXXHQM-NRFANRHFSA-N,53630042.0,Phase 1/Phase 2,HDAC inhibitor,,,,,,,,341.0,,93.98576429978156,91.03085102506064,92.50830766242107,2.9549132747209086,,6230.0,6614.0,'Hit-calling'!$F$6230,'Hit-calling'!$M$6230,'Hit-calling'!$M$6614,13.0,92.50830766242107,True
13,BR00130959M06,BRD-K13050541-001-01-9,,acivicin,acivicin,9.999999999999998,Enzo,EI113,N[C@H]([C@@H]1CC(Cl)=NO1)C(O)=O |c:5|,QAWIHIJWNYOLBE-ZAFYKAAXSA-N,16758175.0,Phase 2,gamma glutamyltransferase inhibitor,CTPS1,,,,,,,342.0,,92.35151017814498,92.47548313216096,92.41349665515295,0.1239729540159828,,9511.0,9895.0,'Hit-calling'!$F$9511,'Hit-calling'!$M$9511,'Hit-calling'!$M$9895,6.0,92.41349665515295,True
10,BR00130919F11,BRD-K89162000-001-12-9,,tandutinib,tandutinib,10.0,MedChemEx,HY-10202,COc1cc2c(ncnc2cc1OCCCN1CCCCC1)N1CCN(CC1)C(=O)Nc1ccc(OC(C)C)cc1,UXXQOJXBIDBUAC-UHFFFAOYSA-N,3038522.0,Phase 2,FLT3 inhibitor|KIT inhibitor|PDGFR tyrosine kinase receptor inhibitor,CSF1R|FLT3|KIT|PDGFD|PDGFRB,,,,,,,343.0,,93.07033350252534,91.56014808944786,92.3152407959866,1.5101854130774797,,7044.0,7428.0,'Hit-calling'!$F$7044,'Hit-calling'!$M$7044,'Hit-calling'!$M$7428,11.0,92.3152407959866,True
8,BR00130923M22,BRD-K75855670-001-15-9,,iodoquinol,iodoquinol,9.999999999999998,MedChemEx,HY-B1400,Oc1c(I)cc(I)c2cccnc12,UXZFQZANDVDGMM-UHFFFAOYSA-N,3728.0,Launched,antiseptic,,infectious disease,amebiasis,,,,,344.0,,91.2205297369396,92.73055665521204,91.97554319607582,1.5100269182724304,,5687.0,6071.0,'Hit-calling'!$F$5687,'Hit-calling'!$M$5687,'Hit-calling'!$M$6071,22.0,91.97554319607582,True
12,BR00130916I07,BRD-A27376179-001-01-3,,lestaurtinib,lestaurtinib,9.999999999999998,EMDBio,219499-5MG,"C[C@]12O[C@@H](C[C@]1(O)CO)n1c3ccccc3c3c4C(=O)NCc4c4c5ccccc5n2c4c13 |a:1,5,&1:3|",UIARLYUEJFELEN-DMVVYWCZSA-N,9932888.0,Phase 3,FLT3 inhibitor|growth factor receptor inhibitor|JAK inhibitor,FLT3|NTRK1,,,,,,,345.0,,91.86697956505952,91.9258538733854,91.89641671922246,0.0588743083258691,,8648.0,9032.0,'Hit-calling'!$F$8648,'Hit-calling'!$M$8648,'Hit-calling'!$M$9032,7.0,91.89641671922246,True
14,BR00130957I09,BRD-K21865955-003-01-5,,NS-018,NS-018,10.000023629596294,MedChemEx,HY-19631B,C[C@H](Nc1cc(cc(Nc2cnccn2)n1)-c1cnn(C)c1)c1ccc(F)cc1,UQTPDWDAYHAZNT-AWEZNQCLSA-N,46866319.0,Phase 1/Phase 2,JAK inhibitor,JAK1|JAK2|JAK3|TYK2,,,,,,,346.0,,91.76013137726234,92.02643507662832,91.89328322694531,0.2663036993659773,,10186.0,10570.0,'Hit-calling'!$F$10186,'Hit-calling'!$M$10186,'Hit-calling'!$M$10570,9.0,91.89328322694531,True
22,BR00130941I05,BRD-K79930101-300-05-9,,GW-583340,GW-583340,10.0,Tocris,2239,CS(=O)(=O)CCNCc1nc(cs1)-c1ccc2ncnc(Nc3ccc(OCc4cccc(F)c4)c(Cl)c3)c2c1,MNNXRVSQOABRRP-UHFFFAOYSA-N,5329480.0,Preclinical,EGFR inhibitor,EGFR|ERBB2,,,,,,,347.0,,91.53634597097972,92.2483117902836,91.89232888063168,0.7119658193038845,,16326.0,16710.0,'Hit-calling'!$F$16326,'Hit-calling'!$M$16326,'Hit-calling'!$M$16710,5.0,91.89232888063168,True
9,BR00130921D22,BRD-K65924316-001-07-2,,serdemetan,serdemetan,9.703874409597883,Selleck,S1172,C(Cc1c[nH]c2ccccc12)Nc1ccc(Nc2ccncc2)cc1,CEGSUKYESLWKJP-UHFFFAOYSA-N,11609586.0,Phase 1,MDM inhibitor,MDM2,,,,,,,348.0,,92.15670899943336,91.43801382944406,91.79736141443873,0.7186951699893029,,6239.0,6623.0,'Hit-calling'!$F$6239,'Hit-calling'!$M$6239,'Hit-calling'!$M$6623,22.0,91.79736141443873,True
8,BR00130923O21,BRD-A00218260-001-03-4,,flutrimazole,flutrimazole,9.999999999999998,SantaCruz,sc-358236,Fc1ccc(cc1)C(c1ccccc1)(c1ccccc1F)n1ccnc1 |&1:7|,QHMWCHQXCUNUAK-UHFFFAOYSA-N,3401.0,Launched,sterol demethylase inhibitor,,infectious disease,mycosis,,,,,349.0,,90.7947472187304,92.05037529699187,91.42256125786112,1.2556280782614948,,5734.0,6118.0,'Hit-calling'!$F$5734,'Hit-calling'!$M$5734,'Hit-calling'!$M$6118,21.0,91.42256125786112,True
18,BR00130949P17,BRD-K73276278-305-02-9,,MCOPPB,MCOPPB,10.0,Tocris,3763,CC1(CCCCCCC1)N1CCC(CC1)n1c(nc2ccccc12)[C@@H]1CCCNC1,CYYNMPPFEJPBJD-OAQYLSRUSA-N,24800108.0,Preclinical,nociceptin/orphanin FQ receptor agonist,OPRL1,,,,,,,350.0,,91.03453320625178,91.60334255973514,91.31893788299344,0.5688093534833598,,13434.0,13818.0,'Hit-calling'!$F$13434,'Hit-calling'!$M$13434,'Hit-calling'!$M$13818,17.0,91.31893788299344,True
18,BR00130949F06,BRD-K00003510-001-01-9,,FLT3-IN-1,FLT3-IN-1,10.0,MedChemEx,HY-109584,CCCNc1nc(Nc2ccc(cc2)C#N)ncc1C#CCCCNC(=O)[C@H](C)N(C)C(=O)\C=C\CN(C)C,HJFSVYUFOXAVAA-YUAYGMJFSA-N,90052320.0,Preclinical,FLT3 inhibitor,,,,,,,,351.0,,90.43386308255812,91.44932851174774,90.94159579715291,1.015465429189618,,13183.0,13567.0,'Hit-calling'!$F$13183,'Hit-calling'!$M$13183,'Hit-calling'!$M$13567,6.0,90.94159579715291,True
5,BR00130929P08,BRD-K12502280-001-08-0,,fedratinib,fedratinib,10.0,Selleck,S2736,Cc1cnc(Nc2ccc(OCCN3CCCC3)cc2)nc1Nc1cccc(c1)S(=O)(=O)NC(C)(C)C,JOOXLOJCABQBSG-UHFFFAOYSA-N,16722836.0,Launched,FLT3 inhibitor|JAK inhibitor,BRD4|JAK1|JAK2|JAK3|TYK2,hematologic malignancy,myelofibrosis,,,,,352.0,,90.83701465160532,90.88387075907316,90.86044270533924,0.0468561074678177,,3441.0,3825.0,'Hit-calling'!$F$3441,'Hit-calling'!$M$3441,'Hit-calling'!$M$3825,8.0,90.86044270533924,True
7,BR00130925L20,BRD-K29653726-001-13-4,,topiramate,topiramate,10.0,Selleck,S1438,CC1(C)O[C@@H]2CO[C@@]3(COS(N)(=O)=O)OC(C)(C)O[C@H]3[C@@H]2O1,KJADKKWYZYXHBB-XBWDGYHZSA-N,5284627.0,Launched,carbonic anhydrase inhibitor|glutamate receptor antagonist|kainate receptor antagonist,CA1|CA12|CA2|CA4|CA7|GABRA1|GABRA2|GABRA3|GABRA4|GABRA5|GABRA6|GABRB1|GABRB2|GABRB3|GABRD|GABRE|GABRG1|GABRG2|GABRG3|GABRP|GABRQ|GRIA1|GRIA2|GRIA3|GRIA4|GRIK1|GRIK2|GRIK3|GRIK4|GRIK5|SCN10A|SCN11A|SCN1A|SCN2A|SCN3A|SCN4A|SCN5A|SCN7A|SCN8A|SCN9A,neurology/psychiatry,epilepsy|migraine headache,,,,,353.0,,87.85099033747272,93.5191004320476,90.68504538476016,5.668110094574871,,4893.0,5277.0,'Hit-calling'!$F$4893,'Hit-calling'!$M$4893,'Hit-calling'!$M$5277,20.0,90.68504538476016,True
4,BR00130931H08,BRD-K00003133-001-01-9,,velpatasvir,velpatasvir,10.000000000000002,MedChemEx,HY-12530,COC[C@H]1C[C@H](N(C1)C(=O)[C@H](NC(=O)OC)c1ccccc1)c1nc(c[nH]1)-c1ccc-2c(COc3cc4c5nc([nH]c5ccc4cc-23)[C@@H]2CC[C@H](C)N2C(=O)[C@@H](NC(=O)OC)C(C)C)c1,FHCUMDQMBHQXKK-CDIODLITSA-N,67683363.0,Launched,antiviral,,infectious disease,hepatitis C,,,,,354.0,,94.36473936522052,86.00621804095493,90.18547870308774,8.358521324265595,,2481.0,2865.0,'Hit-calling'!$F$2481,'Hit-calling'!$M$2481,'Hit-calling'!$M$2865,8.0,90.18547870308774,True
6,BR00130927N07,BRD-K02900412-001-12-1,,clofoctol,clofoctol,10.0,MicroSource,1503206,CC(C)(C)CC(C)(C)c1ccc(O)c(Cc2ccc(Cl)cc2Cl)c1,HQVZOORKDNCGCK-UHFFFAOYSA-N,2799.0,Launched,protein synthesis inhibitor,0,infectious disease,gram-positive bacterial infections,,,,,355.0,,90.24760907646036,90.07606994288152,90.16183950967094,0.1715391335788183,,4160.0,4544.0,'Hit-calling'!$F$4160,'Hit-calling'!$M$4160,'Hit-calling'!$M$4544,7.0,90.16183950967094,True
17,BR00130951L10,BRD-K89709433-001-03-9,,HER2-Inhibitor-1,HER2-Inhibitor-1,10.000000000000002,MedChemEx,HY-10531,Cc1cc(Nc2ncnc3ccc(cc23)-c2ccc(CNCCS(C)(=O)=O)o2)ccc1Oc1ccn2ncnc2c1,QVMNYGOVNWWFKF-UHFFFAOYSA-N,42598643.0,Preclinical,EGFR inhibitor,,,,,,,,356.0,,89.88156187840525,89.8193571416097,89.85045951000748,0.0622047367955502,,12563.0,12947.0,'Hit-calling'!$F$12563,'Hit-calling'!$M$12563,'Hit-calling'!$M$12947,10.0,89.85045951000748,True
12,BR00130916D22,BRD-K03083257-001-01-6,,1-octacosanol,1-octacosanol,9.999999999999998,Acros,25813,CCCCCCCCCCCCCCCCCCCCCCCCCCCCO,CNNRPFQICPFDPO-UHFFFAOYSA-N,68406.0,Phase 2,,,,,,,,,357.0,,91.3343084907328,88.01775619602643,89.67603234337962,3.3165522947063835,,8543.0,8927.0,'Hit-calling'!$F$8543,'Hit-calling'!$M$8543,'Hit-calling'!$M$8927,22.0,89.67603234337962,True
7,BR00130925L22,BRD-A64743628-001-01-5,,isometheptene-mucate,isometheptene-mucate,10.0,Prestwick,Prestw-1023,"CN[C@@H](C)CCC=C(C)C |&1:2,r|",XVQUOJBERHHONY-VIFPVBQESA-N,6604597.0,Launched,,,neurology/psychiatry,headache,,,,,358.0,,88.9338171221551,90.4101961463849,89.67200663427,1.4763790242298,,4895.0,5279.0,'Hit-calling'!$F$4895,'Hit-calling'!$M$4895,'Hit-calling'!$M$5279,22.0,89.67200663427,True
9,BR00130921C03,BRD-K82135108-001-07-9,,elesclomol,elesclomol,10.000000000000002,MedChemEx,HY-12040,CN(NC(=O)CC(=O)NN(C)C(=S)c1ccccc1)C(=S)c1ccccc1,BKJIXTWSNXCKJH-UHFFFAOYSA-N,300471.0,Phase 3,oxidative stress inducer,HSPA1A,,,,,,,359.0,,90.13685995519928,88.82769614095614,89.4822780480777,1.309163814243135,,6196.0,6580.0,'Hit-calling'!$F$6196,'Hit-calling'!$M$6196,'Hit-calling'!$M$6580,3.0,89.4822780480777,True
12,BR00130916M07,BRD-K38287497-001-02-9,,narlaprevir,narlaprevir,9.999999999999996,MedChemEx,HY-10300,CCCC[C@H](NC(=O)[C@@H]1[C@@H]2[C@H](CN1C(=O)[C@@H](NC(=O)NC1(CS(=O)(=O)C(C)(C)C)CCCCC1)C(C)(C)C)C2(C)C)C(=O)C(=O)NC1CC1,RICZEKWVNZFTNZ-LFGITCQGSA-N,11857239.0,Phase 3,HCV inhibitor,,,,,,,,360.0,,89.98410702589807,88.36173307207359,89.17292004898583,1.6223739538244786,,8744.0,9128.0,'Hit-calling'!$F$8744,'Hit-calling'!$M$8744,'Hit-calling'!$M$9128,7.0,89.17292004898583,True
8,BR00130923K14,BRD-K61443650-236-14-9,,thiomersal,thiomersal,9.999999999999998,MedChemEx,HY-19588,CC[Hg]Sc1ccccc1C(O)=O,HXQVQGWHFRNKMS-UHFFFAOYSA-M,67361.0,Launched,other antibiotic,OXCT1,infectious disease,preservative,,,,,361.0,,88.35535400449781,89.7697863337748,89.06257016913631,1.4144323292769911,,5631.0,6015.0,'Hit-calling'!$F$5631,'Hit-calling'!$M$5631,'Hit-calling'!$M$6015,14.0,89.06257016913631,True
9,BR00130921L06,BRD-K23363278-001-02-1,,CYT-997,CYT-997,9.999999999999998,Selleck,S2195,CCC[C@H](Nc1nc(ncc1C)-c1ccc(NC(=O)NCC)c(OC)c1)c1cccnc1,MTJHLONVHHPNSI-IBGZPJMESA-N,11351021.0,Phase 2,tubulin polymerization inhibitor,TUBB,,,,,,,362.0,,88.56765496475215,88.85911810636767,88.71338653555992,0.2914631416155231,,6415.0,6799.0,'Hit-calling'!$F$6415,'Hit-calling'!$M$6415,'Hit-calling'!$M$6799,6.0,88.71338653555992,True
16,BR00130953H18,BRD-K24715592-406-03-9,,ethacridine-lactate-monohydrate,ethacridine-lactate-monohydrate,10.000000000000002,Selleck,S4196,CCOc1ccc2nc3cc(N)ccc3c(N)c2c1,CIKWKGFPFXJVGW-UHFFFAOYSA-N,2017.0,Preclinical,DNA intercalating agent,,,,,,,,363.0,,88.35806834005415,88.83009795449388,88.594083147274,0.4720296144397338,,11707.0,12091.0,'Hit-calling'!$F$11707,'Hit-calling'!$M$11707,'Hit-calling'!$M$12091,18.0,88.594083147274,True
17,BR00130951O10,BRD-K77758223-300-02-9,,furamidine,furamidine,10.0,Tocris,5202,NC(=N)c1ccc(cc1)-c1ccc(o1)-c1ccc(cc1)C(N)=N,ZJHZBDRZEZEDGB-UHFFFAOYSA-N,126437.0,Preclinical,protein arginine N-methyltransferase inhibitor,PRMT1,,,,,,,364.0,,88.40318256507827,88.66065560293585,88.53191908400706,0.2574730378575793,,12635.0,13019.0,'Hit-calling'!$F$12635,'Hit-calling'!$M$12635,'Hit-calling'!$M$13019,10.0,88.53191908400706,True
5,BR00130929D18,BRD-K68188368-001-11-0,,nifuroxazide,nifuroxazide,10.216934546908682,Selleck,S4182,Oc1ccc(cc1)C(=O)N\N=C\c1ccc(o1)[N+]([O-])=O,YCWSUKQGVSGXJO-NTUHNPAUSA-N,5337997.0,Launched,bacterial DNA inhibitor,,gastroenterology,colitis|diarrhea,,,,,365.0,,89.15225799936596,87.8172838553211,88.48477092734353,1.334974144044864,,3163.0,3547.0,'Hit-calling'!$F$3163,'Hit-calling'!$M$3163,'Hit-calling'!$M$3547,18.0,88.48477092734353,True
20,BR00130945K20,BRD-A81177136-001-12-7,,KN-62,KN-62,9.99992649401893,MedChemEx,HY-13290,"CN([C@@H](Cc1ccc(OS(=O)(=O)c2cccc3cnccc23)cc1)C(=O)N1CCN(CC1)c1ccccc1)S(=O)(=O)c1cccc2cnccc12 |&1:2,r|",RJVLFQBBRSMWHX-DHUJRADRSA-N,5312126.0,Preclinical,calcium/calmodulin dependent protein kinase inhibitor|purinergic receptor antagonist,AKT1|CAMK2A|CHEK1|LCK|MAPK1|MAPK11|MAPK12|MAPK14|MAPK8|P2RX7|PRKCA|ROCK1|RPS6KB1|SGK1,,,,,,,366.0,,79.9958730530637,96.87382056572169,88.4348468093927,16.877947512657983,,14853.0,15237.0,'Hit-calling'!$F$14853,'Hit-calling'!$M$14853,'Hit-calling'!$M$15237,20.0,88.4348468093927,True
7,BR00130925E08,BRD-K10799896-001-26-2,,clobetasol-propionate,clobetasol-propionate,10.0,MicroSource,1503918,"CCC(=O)O[C@@]1([C@@H](C)C[C@H]2[C@@H]3CCC4=CC(=O)C=C[C@]4(C)[C@@]3(F)[C@@H](O)C[C@]12C)C(=O)CCl |c:17,t:13|",CBGUOGMQLZIXBE-XGQKBEPLSA-N,32798.0,Launched,glucocorticoid receptor agonist,NR3C1|PLA2G1B,dermatology,corticosteroid-responsive dermatoses,,,,,367.0,,87.74061466270378,88.96108317212492,88.35084891741434,1.2204685094211385,,4713.0,5097.0,'Hit-calling'!$F$4713,'Hit-calling'!$M$4713,'Hit-calling'!$M$5097,8.0,88.35084891741434,True
7,BR00130925F07,BRD-K13387373-004-16-9,,thonzonium,thonzonium,10.0,MedChemEx,HY-B1246,CCCCCCCCCCCCCCCC[N+](C)(C)CCN(Cc1ccc(OC)cc1)c1ncccn1,IOYZYMQFUSNATM-UHFFFAOYSA-N,5456.0,Launched,ATPase inhibitor,,infectious disease,ear infections,,,,,368.0,,80.07135366272962,96.49463219858688,88.28299293065825,16.423278535857264,,4736.0,5120.0,'Hit-calling'!$F$4736,'Hit-calling'!$M$4736,'Hit-calling'!$M$5120,7.0,88.28299293065825,True
10,BR00130919F12,BRD-K84924479-300-02-9,,Rec-15/2615,Rec-15/2615,9.999999999999996,Tocris,3284,COc1cc2nc(nc(N)c2cc1OC)N1CCN(CC1)C(=O)COc1c(OC)cccc1C(C)C,ZZMFJJDBKSYGRM-UHFFFAOYSA-N,9891980.0,Phase 2,adrenergic receptor antagonist,ADRA1A,,,,,,,369.0,,87.86177667874503,87.96110112077561,87.91143889976033,0.0993244420305785,,7045.0,7429.0,'Hit-calling'!$F$7045,'Hit-calling'!$M$7045,'Hit-calling'!$M$7429,12.0,87.91143889976033,True
11,BR00130917B03,BRD-K84663978-003-05-9,,trequinsin,trequinsin,10.0,Tocris,2337,COc1cc2CCn3c(c\c(=N/c4c(C)cc(C)cc4C)n(C)c3=O)-c2cc1OC,MCMSJVMUSBZUCN-YYDJUVGSSA-N,,Phase 1,phosphodiesterase inhibitor,PDE5A,,,,,,,370.0,,88.42405134987038,87.02159107978443,87.7228212148274,1.4024602700859532,,7708.0,8092.0,'Hit-calling'!$F$7708,'Hit-calling'!$M$7708,'Hit-calling'!$M$8092,3.0,87.7228212148274,True
20,BR00130945C05,BRD-K61177364-003-09-9,,NBI-27914,NBI-27914,10.0,Tocris,1591,CCCN(CC1CC1)c1nc(C)nc(Nc2c(Cl)cc(Cl)cc2Cl)c1Cl,KNADXBVKFAUMCR-UHFFFAOYSA-N,176157.0,Preclinical,corticotropin releasing factor receptor antagonist,CRHR1,,,,,,,371.0,,82.86448527433208,92.40512912696732,87.6348072006497,9.540643852635242,,14646.0,15030.0,'Hit-calling'!$F$14646,'Hit-calling'!$M$14646,'Hit-calling'!$M$15030,5.0,87.6348072006497,True
17,BR00130951I21,BRD-K56932272-001-02-9,,BMS-566419,BMS-566419,10.0,Tocris,5492,CCN1CCN(CC1)c1ccc(cn1)C(C)(C)NC(=O)c1cc2[nH]c3ccccc3c(=O)c2cc1F,XEVJUIZOZCFECP-UHFFFAOYSA-N,9913339.0,Preclinical,inosine monophosphate dehydrogenase inhibitor,IMPDH1|IMPDH2,,,,,,,372.0,,89.09199602179365,86.13685648457556,87.6144262531846,2.955139537218088,,12502.0,12886.0,'Hit-calling'!$F$12502,'Hit-calling'!$M$12502,'Hit-calling'!$M$12886,21.0,87.6144262531846,True
8,BR00130923D11,BRD-K42828737-001-03-3,,sunitinib,sunitinib,10.00001760805282,MedChemEx,HY-10255A,CCN(CC)CCNC(=O)c1c(C)[nH]c(\C=C2/C(=O)Nc3ccc(F)cc23)c1C,WINHZLLDWRZWRT-ATVHPVEESA-N,5329102.0,Launched,FLT3 inhibitor|KIT inhibitor|PDGFR tyrosine kinase receptor inhibitor|RET tyrosine kinase inhibitor|VEGFR inhibitor,CSF1R|FGFR1|FLT1|FLT3|FLT4|KDR|KIT|PDGFRA|PDGFRB|RET,oncology,gastrointestinal stromal tumors (GIST)|renal cell carcinoma (RCC)|neuroendocrine tumors of pancreatic origin (PNET),,,,,373.0,,87.82771420674518,87.17360687218557,87.50066053946537,0.6541073345596118,,5460.0,5844.0,'Hit-calling'!$F$5460,'Hit-calling'!$M$5460,'Hit-calling'!$M$5844,11.0,87.50066053946537,True
7,BR00130925D07,BRD-K50276048-001-02-9,,altrenogest,altrenogest,10.0,MedChemEx,HY-B0521,"C[C@]12C=CC3=C4CCC(=O)C=C4CC[C@H]3[C@@H]1CC[C@@]2(O)CC=C |c:2,4,10|",VWAUPFMBXBWEQY-ANULTFPQSA-N,10041070.0,Launched,progestogen hormone,PGR,endocrinology,estrus,,,,,374.0,,81.21202274889632,93.63922705029916,87.42562489959775,12.427204301402853,,4688.0,5072.0,'Hit-calling'!$F$4688,'Hit-calling'!$M$4688,'Hit-calling'!$M$5072,7.0,87.42562489959775,True
22,BR00130941I16,BRD-K24600306-003-02-9,,ML298,ML298,10.0,Tocris,4895,Fc1cccc(c1)N1CNC(=O)C11CCN(CCNC(=O)c2ccc(F)c(F)c2)CC1,XAPVAKKLQGLNOY-UHFFFAOYSA-N,53393916.0,Preclinical,phospholipase inhibitor,PLD2,,,,,,,375.0,,87.35695524808145,86.96381826611274,87.16038675709709,0.3931369819687091,,16337.0,16721.0,'Hit-calling'!$F$16337,'Hit-calling'!$M$16337,'Hit-calling'!$M$16721,16.0,87.16038675709709,True
12,BR00130916D06,BRD-K07310275-001-02-5,,PF-04691502,PF-04691502,10.0,Selleck,S2743,COc1ccc(cn1)-c1cc2c(C)nc(N)nc2n([C@H]2CC[C@@H](CC2)OCCO)c1=O |r|,XDLYKKIQACFMJG-WKILWMFISA-N,,Phase 2,mTOR inhibitor|PI3K inhibitor,MTOR|PIK3CA,,,,,,,376.0,,87.77018350426427,86.3577733629851,87.06397843362468,1.4124101412791674,,8527.0,8911.0,'Hit-calling'!$F$8527,'Hit-calling'!$M$8527,'Hit-calling'!$M$8911,6.0,87.06397843362468,True
13,BR00130959A06,BRD-K00003402-001-01-9,,T-807,T-807,10.0,MedChemEx,HY-101184,Fc1ccc(cn1)-c1ccc2c(c1)[nH]c1ccncc21,GETAAWDSFUCLBS-UHFFFAOYSA-N,71059746.0,Phase 2,PET radiotracer,,,,,,,,377.0,,88.52132695654026,85.20562665824377,86.86347680739202,3.315700298296491,,9223.0,9607.0,'Hit-calling'!$F$9223,'Hit-calling'!$M$9223,'Hit-calling'!$M$9607,6.0,86.86347680739202,True
16,BR00130953I15,BRD-K26362911-003-01-1,,basic-fuchsin,basic-fuchsin,10.0,SantaCruz,sc-203731,"CC1=CC(C=CC1=N)=C(c1ccc(N)cc1)c1ccc(N)cc1 |c:4,t:1|",YDCMWLQSPFTWCS-UHFFFAOYSA-N,12448.0,Preclinical,,,,,,,,,378.0,,87.22413608653716,86.15920863969257,86.69167236311486,1.0649274468445924,,11728.0,12112.0,'Hit-calling'!$F$11728,'Hit-calling'!$M$11728,'Hit-calling'!$M$12112,15.0,86.69167236311486,True
9,BR00130921G05,BRD-K51791723-003-02-5,,P276-00,P276-00,9.999999999999998,Selleck,S8058,CN1CC[C@H]([C@@H]1CO)c1c(O)cc(O)c2c1oc(cc2=O)-c1ccccc1Cl,QLUYMIVVAYRECT-OCCSQVGLSA-N,23643976.0,Phase 2,CDK inhibitor,CDK1|CDK4|CDK9,,,,,,,379.0,,86.47339247458292,86.75282062079978,86.61310654769136,0.2794281462168584,,6294.0,6678.0,'Hit-calling'!$F$6294,'Hit-calling'!$M$6294,'Hit-calling'!$M$6678,5.0,86.61310654769136,True
21,BR00130943J10,BRD-K72703948-001-09-3,,ZM-447439,ZM-447439,10.0,Selleck,S1103,COc1cc2c(Nc3ccc(NC(=O)c4ccccc4)cc3)ncnc2cc1OCCCN1CCOCC1,OGNYUTNQZVRGMN-UHFFFAOYSA-N,9914412.0,Preclinical,Aurora kinase inhibitor,AURKA|AURKB,0,0,,,,,380.0,,86.29336602645014,86.92848314265012,86.61092458455013,0.6351171161999787,,15587.0,15971.0,'Hit-calling'!$F$15587,'Hit-calling'!$M$15587,'Hit-calling'!$M$15971,10.0,86.61092458455013,True
14,BR00130957M16,BRD-K68408467-065-02-9,,proflavine-hemisulfate,proflavine-hemisulfate,9.999999999999998,MedChemEx,HY-B0883,Nc1ccc2cc3ccc(N)cc3nc2c1,WDVSHHCDHLJJJR-UHFFFAOYSA-N,7099.0,Phase 2,topical anesthetic,F2,,,,,,,381.0,,87.91307733645687,85.13611588048322,86.52459660847003,2.776961455973648,,10289.0,10673.0,'Hit-calling'!$F$10289,'Hit-calling'!$M$10289,'Hit-calling'!$M$10673,16.0,86.52459660847003,True
2,BR00130935B17,BRD-K77625799-001-13-9,,vandetanib,vandetanib,10.0,MedChemEx,HY-10260,COc1cc2c(Nc3ccc(Br)cc3F)ncnc2cc1OCC1CCN(C)CC1,UHTHHESEBZOYNR-UHFFFAOYSA-N,3081361.0,Launched,EGFR inhibitor|RET tyrosine kinase inhibitor|VEGFR inhibitor,EGFR|EPHA1|EPHA10|EPHA2|EPHA3|EPHA4|EPHA5|EPHA6|EPHA7|EPHA8|EPHB1|EPHB2|EPHB3|EPHB4|EPHB6|ERBB2|ERBB3|ERBB4|FLT1|FLT4|KDR|PTK6|RET|SRC|TEK|VEGFA,oncology,medullary thyroid cancer (MTC),,,,,382.0,,86.64541965194965,86.04043524868126,86.34292745031546,0.6049844032683893,,810.0,1194.0,'Hit-calling'!$F$810,'Hit-calling'!$M$810,'Hit-calling'!$M$1194,17.0,86.34292745031546,True
7,BR00130925J12,BRD-K66175015-001-13-2,,afatinib,afatinib,10.0,Selleck,S1011,CN(C)C\C=C\C(=O)Nc1cc2c(Nc3ccc(F)c(Cl)c3)ncnc2cc1O[C@H]1CCOC1,ULXXDDBFHOBEHA-CWDCEQMOSA-N,10184653.0,Launched,EGFR inhibitor,EGFR|ERBB2|ERBB4,oncology,non-small cell lung cancer (NSCLC),,,,,383.0,,98.91121109438134,73.42318469424735,86.16719789431434,25.48802640013399,,4837.0,5221.0,'Hit-calling'!$F$4837,'Hit-calling'!$M$4837,'Hit-calling'!$M$5221,12.0,86.16719789431434,True
18,BR00130949E03,BRD-K39841531-001-04-9,,TG-101209,TG-101209,10.0,MedChemEx,HY-10410,CN1CCN(CC1)c1ccc(Nc2ncc(C)c(Nc3cccc(c3)S(=O)(=O)NC(C)(C)C)n2)cc1,JVDOKQYTTYUYDV-UHFFFAOYSA-N,16722832.0,Preclinical,JAK inhibitor,JAK2|JAK3,,,,,,,384.0,,85.31555887135666,86.09399362542138,85.70477624838901,0.778434754064719,,13156.0,13540.0,'Hit-calling'!$F$13156,'Hit-calling'!$M$13156,'Hit-calling'!$M$13540,3.0,85.70477624838901,True
14,BR00130957L20,BRD-K79989959-001-02-9,,nesbuvir,nesbuvir,9.999999999999998,MedChemEx,HY-14775,CNC(=O)c1c(oc2cc(N(CCO)S(C)(=O)=O)c(cc12)C1CC1)-c1ccc(F)cc1,WTDWVLJJJOTABN-UHFFFAOYSA-N,11561383.0,Phase 2,RNA polymerase inhibitor,,,,,,,,385.0,,86.41227875406129,84.87344522632128,85.64286199019128,1.5388335277400105,,10269.0,10653.0,'Hit-calling'!$F$10269,'Hit-calling'!$M$10269,'Hit-calling'!$M$10653,20.0,85.64286199019128,True
14,BR00130957G14,BRD-K00003244-001-01-9,,amcasertib,amcasertib,9.999999999999998,MedChemEx,HY-17602,CCN(CC)CCNC(=O)c1c(C)[nH]c(\C=C2\C(=O)Nc3ccc(cc23)-c2csc(n2)-c2ccccc2)c1C,QDWKGEFGLQMDAM-JJIBRWJFSA-N,122412734.0,Phase 2,kinase inhibitor,,,,,,,,386.0,,85.61985332685457,85.57182933254812,85.59584132970134,0.0480239943064475,,10143.0,10527.0,'Hit-calling'!$F$10143,'Hit-calling'!$M$10143,'Hit-calling'!$M$10527,14.0,85.59584132970134,True
3,BR00130933O22,BRD-A18992208-003-02-7,,lercanidipine,lercanidipine,10.0,Sigma,MFCD07773089,"COC(=O)C1=C(C)NC(C)=C([C@@H]1c1cccc(c1)[N+]([O-])=O)C(=O)OC(C)(C)CN(C)CCC(c1ccccc1)c1ccccc1 |r,c:4,9|",ZDXUKAKRHYTAKV-MGBGTMOVSA-N,9809926.0,Launched,calcium channel blocker,CACNA2D1,cardiology,hypertension,,,,,387.0,,93.36700340446052,77.81489749035586,85.5909504474082,15.552105914104672,,1895.0,2279.0,'Hit-calling'!$F$1895,'Hit-calling'!$M$1895,'Hit-calling'!$M$2279,22.0,85.5909504474082,True
4,BR00130931A22,BRD-A34358106-003-03-9,,sarpogrelate,sarpogrelate,10.000000000000002,Tocris,3739,COc1cccc(CCc2ccccc2OC[C@@H](CN(C)C)OC(=O)CCC(O)=O)c1 |&1:17|,FFYNAVGJSYHHFO-OAQYLSRUSA-N,40468125.0,Launched,serotonin receptor antagonist,HTR2A|HTR2B|HTR2C,endocrinology|cardiology|rheumatology,diabetes mellitus|angina pectoris|Raynaud's disease|atherosclerosis|Buerger's disease,,,,,388.0,,85.87132298448557,85.24500947889084,85.5581662316882,0.6263135055947373,,2327.0,2711.0,'Hit-calling'!$F$2327,'Hit-calling'!$M$2327,'Hit-calling'!$M$2711,22.0,85.5581662316882,True
7,BR00130925F04,BRD-A24397426-001-13-9,,nadifloxacin,nadifloxacin,10.0,MedChemEx,HY-B0506,"C[C@H]1CCc2c(N3CCC(O)CC3)c(F)cc3c2n1cc(C(O)=O)c3=O |&1:1,r|",JYJTVFIEFKZWCJ-JTQLQIEISA-N,9850038.0,Launched,bacterial DNA gyrase inhibitor,,dermatology|infectious disease,acne vulgaris (AV)|skin infections,,,,,389.0,,80.91452820166589,90.17785048432468,85.54618934299528,9.263322282658777,,4733.0,5117.0,'Hit-calling'!$F$4733,'Hit-calling'!$M$4733,'Hit-calling'!$M$5117,4.0,85.54618934299528,True
11,BR00130917J12,BRD-K72827473-001-01-0,,CEP-37440,CEP-37440,10.0,MedChemEx,HY-15841,CNC(=O)c1ccccc1Nc1nc(Nc2ccc3C[C@H](CCCc3c2OC)N2CCN(CCO)CC2)ncc1Cl,BCSHRERPHLTPEE-NRFANRHFSA-N,71721648.0,Phase 1,ALK tyrosine kinase receptor inhibitor,ALK,,,,,,,390.0,,86.44890434993361,84.32202109717034,85.38546272355197,2.126883252763278,,7909.0,8293.0,'Hit-calling'!$F$7909,'Hit-calling'!$M$7909,'Hit-calling'!$M$8293,12.0,85.38546272355197,True
18,BR00130949I20,BRD-K08078237-001-20-6,,tetrandrine,tetrandrine,10.0,Selleck,S2403,COc1ccc2C[C@@H]3N(C)CCc4cc(OC)c(OC)c(Oc5cc6[C@H](Cc7ccc(Oc1c2)cc7)N(C)CCc6cc5OC)c34,WVTKBKWTSCPRNU-KYJUHHDHSA-N,73078.0,Preclinical,calcium channel blocker,SLC6A3,,,,,,,391.0,,75.52334460568035,94.93082581422745,85.22708520995388,19.40748120854708,,13269.0,13653.0,'Hit-calling'!$F$13269,'Hit-calling'!$M$13269,'Hit-calling'!$M$13653,20.0,85.22708520995388,True
8,BR00130923A16,BRD-K77947974-001-18-9,,fluspirilene,fluspirilene,9.999999999999998,Sigma,F100,Fc1ccc(cc1)C(CCCN1CCC2(CC1)N(CNC2=O)c1ccccc1)c1ccc(F)cc1,QOYHHIBFXOOADH-UHFFFAOYSA-N,3396.0,Launched,dopamine receptor antagonist,CACNG1|DRD2|HRH1|HTR1A|HTR1D|HTR1E|HTR2A,neurology/psychiatry,schizophrenia,,,,,392.0,,83.98157242277561,86.23639708386904,85.10898475332232,2.254824661093423,,5393.0,5777.0,'Hit-calling'!$F$5393,'Hit-calling'!$M$5393,'Hit-calling'!$M$5777,16.0,85.10898475332232,True
19,BR00130947K18,BRD-K51329597-001-02-9,,AZM-475271,AZM-475271,10.0,Tocris,3963,COc1ccc(Cl)c(Nc2ncnc3cc(OCC4CCN(C)CC4)c(OC)cc23)c1,WPOXAFXHRJYEIC-UHFFFAOYSA-N,5330175.0,Preclinical,SRC inhibitor,SRC,,,,,,,393.0,,89.43074436610314,80.70857797699274,85.06966117154795,8.722166389110399,,14083.0,14467.0,'Hit-calling'!$F$14083,'Hit-calling'!$M$14083,'Hit-calling'!$M$14467,18.0,85.06966117154795,True
9,BR00130921N17,BRD-K00003457-001-01-9,,IDH-305,IDH-305,10.0,MedChemEx,HY-104036,C[C@H](F)[C@H]1COC(=O)N1c1ccnc(N[C@@H](C)c2cc(C)c(cn2)-c2ccnc(c2)C(F)(F)F)n1,DCGDPJCUIKLTDU-SUNYJGFJSA-N,90415637.0,Phase 2,isocitrate dehydrogenase inhibitor,,,,,,,,394.0,,84.94287914531952,84.76233089435173,84.85260501983564,0.1805482509677887,,6474.0,6858.0,'Hit-calling'!$F$6474,'Hit-calling'!$M$6474,'Hit-calling'!$M$6858,17.0,84.85260501983564,True
9,BR00130921J09,BRD-K00003415-001-01-9,,iclaprim,iclaprim,9.999999999999998,MedChemEx,HY-101479,"COc1cc(Cc2cnc(N)nc2N)c2C=C[C@H](Oc2c1OC)C1CC1 |&1:17,r,c:16|",HWJPWWYTGBZDEG-AWEZNQCLSA-N,10247560.0,Phase 3,dihydrofolate reductase inhibitor,,,,,,,,395.0,,83.93037332873327,85.56950287697248,84.74993810285287,1.639129548239211,,6370.0,6754.0,'Hit-calling'!$F$6370,'Hit-calling'!$M$6370,'Hit-calling'!$M$6754,9.0,84.74993810285287,True
20,BR00130945A20,BRD-K03109492-001-02-2,,NSC-663284,NSC-663284,10.0,Tocris,1867,ClC1=C(NCCN2CCOCC2)C(=O)c2ncccc2C1=O |c:1|,BMKPVDQDJQWBPD-UHFFFAOYSA-N,379077.0,Preclinical,CDC inhibitor,CDC25A|CDC25B|CDC25C,,,,,,,396.0,,77.71834888833834,91.16391539925536,84.44113214379685,13.445566510917018,,14613.0,14997.0,'Hit-calling'!$F$14613,'Hit-calling'!$M$14613,'Hit-calling'!$M$14997,20.0,84.44113214379685,True
8,BR00130923M21,BRD-K29950728-048-17-4,,clomifene,clomifene,9.999999999999998,MicroSource,1500196,CCN(CC)CCOc1ccc(cc1)C(=C(/Cl)c1ccccc1)\c1ccccc1,GKIRPKYJQBWNGO-QPLCGJKRSA-N,1548955.0,Launched,estrogen receptor antagonist,ESR1,obstetrics/gynecology,infertility,,,,,397.0,,84.13251754788213,84.34225817989795,84.23738786389004,0.2097406320158228,,5686.0,6070.0,'Hit-calling'!$F$5686,'Hit-calling'!$M$5686,'Hit-calling'!$M$6070,21.0,84.23738786389004,True
6,BR00130927J05,BRD-K28183345-003-11-4,,proguanil,proguanil,10.0,MicroSource,1504211,CC(C)NC(=N)N=C(N)Nc1ccc(Cl)cc1,SSOLNOMRVKKSON-UHFFFAOYSA-N,6178111.0,Launched,dihydrofolate reductase inhibitor,DHFR,infectious disease,malaria,,,,,398.0,,82.6742731039207,85.65869939324139,84.16648624858104,2.9844262893206945,,4062.0,4446.0,'Hit-calling'!$F$4062,'Hit-calling'!$M$4062,'Hit-calling'!$M$4446,5.0,84.16648624858104,True
17,BR00130951E19,BRD-K04923131-001-15-4,,GSK-3-inhibitor-IX,GSK-3-inhibitor-IX,10.0,Tocris,3194,O\N=C1/C(/Nc2ccccc/12)=C1/C(=O)Nc2cc(Br)ccc12,DDLZLOKCJHBUHD-UJZLGWIISA-N,,Preclinical,glycogen synthase kinase inhibitor|lipoxygenase inhibitor,GSK3A|GSK3B,,,,,,,399.0,,82.93384069878059,85.14625771669029,84.04004920773544,2.2124170179097007,,12404.0,12788.0,'Hit-calling'!$F$12404,'Hit-calling'!$M$12404,'Hit-calling'!$M$12788,19.0,84.04004920773544,True
23,BR00130939I17,BRD-K90152265-001-01-3,,antimycin-A,antimycin-A,10.000000000000002,Enzo,ALX-380-075-M010,CCCCCC[C@@H]1[C@@H](OC(=O)CC(C)C)[C@H](C)OC(=O)[C@@H](NC(=O)c2cccc(NC=O)c2O)[C@@H](C)OC1=O,UIFFUZWRFRDZJC-SBOOETFBSA-N,14957.0,Preclinical,ATP synthase inhibitor,CYCS,,,,,,,400.0,,83.61327016197917,84.07884745355813,83.84605880776866,0.4655772915789526,,17106.0,17490.0,'Hit-calling'!$F$17106,'Hit-calling'!$M$17106,'Hit-calling'!$M$17490,17.0,83.84605880776866,True
14,BR00130957J18,BRD-K08799216-001-06-9,,pelitinib,pelitinib,9.999999999999998,MedChemEx,HY-32718,CCOc1cc2ncc(C#N)c(Nc3ccc(F)c(Cl)c3)c2cc1NC(=O)\C=C\CN(C)C,WVUNYSQLFKLYNI-AATRIKPKSA-N,6445562.0,Phase 2,EGFR inhibitor,EGFR,,,,,,,401.0,,81.16557632549124,86.25120279511152,83.70838956030138,5.08562646962028,,10219.0,10603.0,'Hit-calling'!$F$10219,'Hit-calling'!$M$10219,'Hit-calling'!$M$10603,18.0,83.70838956030138,True
9,BR00130921K07,BRD-K55512740-001-02-9,,MK-8033,MK-8033,9.999999999999996,MedChemEx,HY-13299,Cn1cc(cn1)-c1cnc2ccc3ccc(CS(=O)(=O)NCc4ccccn4)cc3c(=O)c2c1,VMJFTOSOFDEKTM-UHFFFAOYSA-N,45142457.0,Phase 1,c-Met inhibitor,MET,,,,,,,402.0,,79.57248212418885,86.73284445722199,83.15266329070542,7.160362333033135,,6392.0,6776.0,'Hit-calling'!$F$6392,'Hit-calling'!$M$6392,'Hit-calling'!$M$6776,7.0,83.15266329070542,True
15,BR00130955M11,BRD-K44309363-003-02-1,,dexniguldipine,dexniguldipine,7.500000000000001,Tocris,1124,"COC(=O)C1=C(C)NC(C)=C([C@@H]1c1cccc(c1)[N+]([O-])=O)C(=O)OCCCN1CCC(CC1)(c1ccccc1)c1ccccc1 |c:4,9|",SVJMLYUFVDMUHP-MGBGTMOVSA-N,6918097.0,Phase 2,calmodulin antagonist,ADORA3,,,,,,,403.0,,83.24733458278772,83.00810514849204,83.12771986563988,0.2392294342956802,,11052.0,11436.0,'Hit-calling'!$F$11052,'Hit-calling'!$M$11052,'Hit-calling'!$M$11436,11.0,83.12771986563988,True
1,BR00130937N14,BRD-K01826541-003-08-9,,propafenone,propafenone,9.999999999999998,MedChemEx,HY-B0432A,"CCCNC[C@@H](O)COc1ccccc1C(=O)CCc1ccccc1 |&1:5,r|",JWHAUXFOSRPERK-GOSISDBHSA-N,184819.0,Launched,antiarrhythmic,ADRB1|ADRB2|KCNA5|KCNH2,cardiology,atrial fibrillation (AF)|ventricular tachycardia (VT)|ventricular arrhythmias,,,,,404.0,,81.20070377147626,84.76436733844761,82.98253555496194,3.563663566971357,,327.0,711.0,'Hit-calling'!$F$327,'Hit-calling'!$M$327,'Hit-calling'!$M$711,14.0,82.98253555496194,True
18,BR00130949A21,BRD-K80935598-001-04-9,,AZ191,AZ191,10.000000000000002,Tocris,5232,COc1cc(ccc1Nc1nccc(n1)-c1cn(C)c2cnccc12)N1CCN(C)CC1,ZYVXTMKTGDARKR-UHFFFAOYSA-N,72716071.0,Preclinical,DYRK inhibitor,DYRK1B,,,,,,,405.0,,82.03924159310186,82.87429854291014,82.456770068006,0.8350569498082763,,13078.0,13462.0,'Hit-calling'!$F$13078,'Hit-calling'!$M$13078,'Hit-calling'!$M$13462,21.0,82.456770068006,True
7,BR00130925B07,BRD-K99615199-001-19-9,,medroxyprogesterone,medroxyprogesterone,9.999999999999998,MedChemEx,HY-B0648,C[C@H]1C[C@H]2[C@@H]3CC[C@](O)(C(C)=O)[C@@]3(C)CC[C@@H]2[C@@]2(C)CCC(=O)C=C12 |t:25|,FRQMUZJSZHZSGN-HBNHAYAOSA-N,10631.0,Launched,progesterone receptor agonist,PGR,endocrinology,contraceptive,,,,,406.0,,71.92070351359322,92.41986194288532,82.17028272823927,20.49915842929211,,4640.0,5024.0,'Hit-calling'!$F$4640,'Hit-calling'!$M$4640,'Hit-calling'!$M$5024,7.0,82.17028272823927,True
22,BR00130941I11,BRD-K01825503-003-03-9,,niguldipine-(R)-(-),niguldipine-(R)-(-),9.999999999999996,Tocris,1124,"COC(=O)C1=C(C)NC(C)=C([C@@H]1c1cccc(c1)[N+]([O-])=O)C(=O)OCCCN1CCC(CC1)(c1ccccc1)c1ccccc1 |r,c:4,9|",SVJMLYUFVDMUHP-MGBGTMOVSA-N,6918097.0,Preclinical,,,,,,,,,407.0,,82.44509219926073,81.85887526727028,82.1519837332655,0.5862169319904496,,16332.0,16716.0,'Hit-calling'!$F$16332,'Hit-calling'!$M$16332,'Hit-calling'!$M$16716,11.0,82.1519837332655,True
14,BR00130957P14,BRD-K51333959-003-02-9,,siramesine,siramesine,10.0,MedChemEx,HY-14221A,Fc1ccc(cc1)-n1cc(CCCCN2CCC3(CC2)OCc2ccccc32)c2ccccc12,XWAONOGAGZNUSF-UHFFFAOYSA-N,9829526.0,Phase 2,sigma receptor antagonist,ADRA1A|ADRA1B|ADRA1D,,,,,,,408.0,,83.0746655768618,81.03228888915383,82.05347723300781,2.0423766877079714,,10359.0,10743.0,'Hit-calling'!$F$10359,'Hit-calling'!$M$10359,'Hit-calling'!$M$10743,14.0,82.05347723300781,True
5,BR00130929N11,BRD-K01825659-008-03-9,,sertaconazole,sertaconazole,10.0,MedChemEx,HY-B0736A,"Clc1ccc([C@@H](Cn2ccnc2)OCc2csc3c(Cl)cccc23)c(Cl)c1 |&1:5,r|",JLGKQTAYUIMGRK-LJQANCHMSA-N,25273617.0,Launched,sterol demethylase inhibitor,,infectious disease,tinea pedis,,,,,409.0,,79.61664350409077,84.4673773393777,82.04201042173423,4.850733835286931,,3396.0,3780.0,'Hit-calling'!$F$3396,'Hit-calling'!$M$3396,'Hit-calling'!$M$3780,11.0,82.04201042173423,True
18,BR00130949E13,BRD-K51776215-001-03-9,,TC-S-7006,TC-S-7006,10.0,Tocris,5240,Fc1ccc(Nc2c(cnc3cnc(NCc4cccnc4)cc23)C#N)cc1Cl,NMEUKWOOQOHUNA-UHFFFAOYSA-N,9549300.0,Preclinical,MAP kinase inhibitor,MAP3K8,,,,,,,410.0,,75.54243075104091,88.15072018355181,81.84657546729636,12.6082894325109,,13166.0,13550.0,'Hit-calling'!$F$13166,'Hit-calling'!$M$13166,'Hit-calling'!$M$13550,13.0,81.84657546729636,True
20,BR00130945K17,BRD-K20828910-001-03-9,,GW-6471,GW-6471,10.0,Tocris,4618,CCC(=O)NC[C@H](Cc1ccc(OCCc2nc(oc2C)-c2ccccc2)cc1)N\C(C)=C/C(=O)c1ccc(cc1)C(F)(F)F,TYEFSRMOUXWTDN-DYQICHDWSA-N,446738.0,Preclinical,PPAR receptor antagonist,PPARA,,,,,,,411.0,,81.54834342770897,82.13850693564291,81.84342518167594,0.5901635079339371,,14850.0,15234.0,'Hit-calling'!$F$14850,'Hit-calling'!$M$14850,'Hit-calling'!$M$15234,17.0,81.84342518167594,True
20,BR00130945J21,BRD-K48488978-001-05-3,,YM-201636,YM-201636,10.0,Selleck,S1219,Nc1ccc(cn1)C(=O)Nc1cccc(c1)-c1nc(N2CCOCC2)c2oc3ncccc3c2n1,YBPIBGNBHHGLEB-UHFFFAOYSA-N,9956222.0,Preclinical,PI3K inhibitor,,,,,,,,412.0,,83.7110215303291,78.36001659668932,81.03551906350921,5.351004933639786,,14830.0,15214.0,'Hit-calling'!$F$14830,'Hit-calling'!$M$14830,'Hit-calling'!$M$15214,21.0,81.03551906350921,True
21,BR00130943K17,BRD-K00003154-001-01-9,,imisopasem-manganese,imisopasem-manganese,10.0,MedChemEx,HY-13336,[H][C@@]12CCCC[C@@]1([H])N1Cc3cccc(CN4[C@]5([H])CCCC[C@@]5([H])N5CCN2[Mn]145(Cl)Cl)n3,UWYSKLMRWPKZES-XNPJUPKFSA-L,0.0,Preclinical,superoxide dismutase mimetic,0,0,0,,,,,413.0,,80.56148638036606,80.41232303579194,80.48690470807901,0.14916334457412,,15618.0,16002.0,'Hit-calling'!$F$15618,'Hit-calling'!$M$15618,'Hit-calling'!$M$16002,17.0,80.48690470807901,True
11,BR00130917E11,BRD-K49048664-001-02-0,,CB-5083,CB-5083,10.000127151828936,MedChemEx,HY-12861,Cc1cc2c(cccc2n1-c1nc2CCOCc2c(NCc2ccccc2)n1)C(N)=O,RDALZZCKQFLGJP-UHFFFAOYSA-N,73051434.0,Phase 1,valosin-containing protein inhibitor,VCP,,,,,,,414.0,,80.08127805643954,80.80260357028388,80.44194081336171,0.7213255138443344,,7788.0,8172.0,'Hit-calling'!$F$7788,'Hit-calling'!$M$7788,'Hit-calling'!$M$8172,11.0,80.44194081336171,True
18,BR00130949F20,BRD-K00003465-001-01-9,,fantofarone,fantofarone,10.0,MedChemEx,HY-105117,COc1ccc(CCN(C)CCCOc2ccc(cc2)S(=O)(=O)c2c(cn3ccccc23)C(C)C)cc1OC,ITAMRBIZWGDOHW-UHFFFAOYSA-N,119349.0,Preclinical,calcium channel blocker,,,,,,,,415.0,,78.76866320137916,82.03328652981439,80.40097486559677,3.264623328435235,,13197.0,13581.0,'Hit-calling'!$F$13197,'Hit-calling'!$M$13197,'Hit-calling'!$M$13581,20.0,80.40097486559677,True
6,BR00130927M18,BRD-K39009484-001-01-4,,entrectinib,entrectinib,10.0,Selleck,S7998,CN1CCN(CC1)c1ccc(C(=O)Nc2[nH]nc3ccc(Cc4cc(F)cc(F)c4)cc23)c(NC2CCOCC2)c1,HAYYBYPASCDWEQ-UHFFFAOYSA-N,25141092.0,Launched,ALK tyrosine kinase receptor inhibitor|proto-oncogene tyrosine protein kinase inhibitor,ALK|NTRK1|NTRK2|NTRK3|ROS1,oncology,non-small cell lung cancer (NSCLC),,,,,416.0,,79.65395723874151,81.08899997109614,80.37147860491882,1.435042732354631,,4147.0,4531.0,'Hit-calling'!$F$4147,'Hit-calling'!$M$4147,'Hit-calling'!$M$4531,18.0,80.37147860491882,True
2,BR00130935K04,BRD-K10362825-001-04-2,,teniposide,teniposide,10.0,Selleck,S1787,COc1cc(cc(OC)c1O)[C@H]1[C@@H]2[C@H](COC2=O)[C@H](O[C@@H]2O[C@@H]3CO[C@H](O[C@H]3[C@H](O)[C@H]2O)c2cccs2)c2cc3OCOc3cc12,NRUKOCRGYNPUPR-QBPJDGROSA-N,452548.0,Launched,topoisomerase inhibitor,TOP2A|TOP2B,hematologic malignancy,acute lymphoblastic leukemia (ALL),,,,,417.0,,81.95901499255108,78.47904672937509,80.21903086096307,3.4799682631759907,,1013.0,1397.0,'Hit-calling'!$F$1013,'Hit-calling'!$M$1013,'Hit-calling'!$M$1397,4.0,80.21903086096307,True
11,BR00130917G07,BRD-K84034737-001-01-1,,TP-0903,TP-0903,10.000103293664948,MedChemEx,HY-12963,CN(C)S(=O)(=O)c1ccccc1Nc1nc(Nc2ccc(CN3CCN(C)CC3)cc2)ncc1Cl,YUAALFPUEOYPNX-UHFFFAOYSA-N,56839178.0,Phase 1/Phase 2,AXL kinase inhibitor,AXL,,,,,,,418.0,,80.73869444034648,79.46639230687191,80.1025433736092,1.272302133474568,,7832.0,8216.0,'Hit-calling'!$F$7832,'Hit-calling'!$M$7832,'Hit-calling'!$M$8216,7.0,80.1025433736092,True
17,BR00130951P20,BRD-K29546239-001-05-9,,SNC-80,SNC-80,10.0,Tocris,764,CCN(CC)C(=O)c1ccc(cc1)[C@@H](N1C[C@@H](C)N(CC=C)C[C@@H]1C)c1cccc(OC)c1,KQWVAUSXZDRQPZ-UMTXDNHDSA-N,123924.0,Preclinical,,OPRD1,,,,,,,419.0,,77.8422770907204,82.15218401556265,79.99723055314152,4.309906924842252,,12669.0,13053.0,'Hit-calling'!$F$12669,'Hit-calling'!$M$12669,'Hit-calling'!$M$13053,20.0,79.99723055314152,True
7,BR00130925F03,BRD-K39987650-001-26-9,,bisacodyl,bisacodyl,9.999999999999998,MedChemEx,HY-B0557,CC(=O)Oc1ccc(cc1)C(c1ccc(OC(C)=O)cc1)c1ccccn1,KHOITXIGCFIULA-UHFFFAOYSA-N,2391.0,Launched,laxative,,gastroenterology,constipation,,,,,420.0,,76.70574334306266,83.25378418116853,79.9797637621156,6.548040838105862,,4732.0,5116.0,'Hit-calling'!$F$4732,'Hit-calling'!$M$4732,'Hit-calling'!$M$5116,3.0,79.9797637621156,True
19,BR00130947J10,BRD-K35430135-003-06-9,,SR-59230A,SR-59230A,9.999999999999998,Tocris,1511,CCc1ccccc1OC[C@@H](O)CN[C@H]1CCCc2ccccc12,VFDHMSXXELYMRW-ICSRJNTNSA-N,5311452.0,Preclinical,adrenergic receptor antagonist,ADRB1|ADRB2|ADRB3,,,,,,,421.0,,78.8256970480944,80.90640153060434,79.86604928934938,2.080704482509944,,14051.0,14435.0,'Hit-calling'!$F$14051,'Hit-calling'!$M$14051,'Hit-calling'!$M$14435,10.0,79.86604928934938,True
20,BR00130945F15,BRD-K15424032-001-03-6,,SB-228357,SB-228357,10.0,Tocris,1375,COc1cc2CCN(C(=O)Nc3cc(F)cc(c3)-c3cccnc3)c2cc1C(F)(F)F,RRJLJKRFFRZRAF-UHFFFAOYSA-N,443390.0,Preclinical,serotonin receptor antagonist,HTR2A|HTR2B|HTR2C,,,,,,,422.0,,65.07706657294614,94.6429704472367,79.86001851009142,29.56590387429057,,14728.0,15112.0,'Hit-calling'!$F$14728,'Hit-calling'!$M$14728,'Hit-calling'!$M$15112,15.0,79.86001851009142,True
8,BR00130923P07,BRD-A19633847-050-20-6,,perhexiline,perhexiline,9.999999999999998,MicroSource,1503227,C(C(C1CCCCC1)C1CCCCC1)[C@H]1CCCCN1 |&1:14|,"InChI=1S/C19H35N/c1-3-9-16(10-4-1)19(17-11-5-2-6-12-17)15-18-13-7-8-14-20-18/h16-20H,1-15H2/t18-/m1/s1",38988177.0,Launched,carnitine palmitoyltransferase inhibitor,CPT1A,cardiology,angina pectoris,,,,,423.0,,80.13063093835098,79.36445528947255,79.74754311391176,0.7661756488784306,,5744.0,6128.0,'Hit-calling'!$F$5744,'Hit-calling'!$M$5744,'Hit-calling'!$M$6128,7.0,79.74754311391176,True
2,BR00130935O09,BRD-A01098288-001-06-0,,azelnidipine,azelnidipine,9.999908253586383,MedChemEx,HY-B0023,"CC(C)OC(=O)C1=C(C)NC(N)=C([C@@H]1c1cccc(c1)[N+]([O-])=O)C(=O)OC1CN(C1)C(c1ccccc1)c1ccccc1 |r,c:6,11|",ZKFQEACEUNWPMT-MUUNZHRXSA-N,9873077.0,Launched,calcium channel blocker,CACNA1C,cardiology,hypertension,,,,,424.0,,89.48286677835301,69.95081268330966,79.71683973083134,19.53205409504335,,1114.0,1498.0,'Hit-calling'!$F$1114,'Hit-calling'!$M$1114,'Hit-calling'!$M$1498,9.0,79.71683973083134,True
16,BR00130953N22,BRD-K85849709-001-02-9,,AZD2858,AZD2858,10.0,MedChemEx,HY-15761,CN1CCN(CC1)S(=O)(=O)c1ccc(cc1)-c1cnc(N)c(n1)C(=O)Nc1cccnc1,FHCSBLWRGCOVPT-UHFFFAOYSA-N,10138980.0,Preclinical,glycogen synthase kinase inhibitor,GSK3B,,,,,,,425.0,,78.59897798782833,80.61015978152946,79.6045688846789,2.0111817937011267,,11855.0,12239.0,'Hit-calling'!$F$11855,'Hit-calling'!$M$11855,'Hit-calling'!$M$12239,22.0,79.6045688846789,True
13,BR00130959B12,BRD-K75009076-001-02-1,,SCH-900776,SCH-900776,10.000000000000002,Selleck,S2735,Cn1cc(cn1)-c1cnn2c(N)c(Br)c(nc12)[C@@H]1CCCNC1,GMIZZEXBPRLVIV-SECBINFHSA-N,46239015.0,Phase 2,CHK inhibitor,CDK2|CHEK1,,,,,,,426.0,,76.51533409816022,82.54345598650445,79.52939504233234,6.028121888344231,,9253.0,9637.0,'Hit-calling'!$F$9253,'Hit-calling'!$M$9253,'Hit-calling'!$M$9637,12.0,79.52939504233234,True
6,BR00130927P17,BRD-K69650333-003-14-0,,idarubicin,idarubicin,10.0,Selleck,S1228,C[C@@H]1O[C@H](C[C@H](N)[C@@H]1O)O[C@H]1C[C@@](O)(Cc2c(O)c3C(=O)c4ccccc4C(=O)c3c(O)c12)C(C)=O,XDXDZDZNSLXDNA-TZNDIEGXSA-N,42890.0,Launched,topoisomerase inhibitor,TOP2A,hematologic malignancy,acute myeloid leukemia (AML),,,,,427.0,,79.17942831343873,79.58452654374376,79.38197742859126,0.405098230305029,,4218.0,4602.0,'Hit-calling'!$F$4218,'Hit-calling'!$M$4218,'Hit-calling'!$M$4602,17.0,79.38197742859126,True
17,BR00130951F19,BRD-K92781136-001-09-9,,CID-2011756,CID-2011756,9.999999999999998,Tocris,4644,Clc1cccc(c1)-c1ccc(o1)C(=O)Nc1ccc(CN2CCOCC2)cc1,XQJWTJLJEYIUDZ-UHFFFAOYSA-N,2011756.0,Preclinical,protein kinase inhibitor,PKD1,,,,,,,428.0,,80.10202802040993,78.00334885083983,79.05268843562487,2.0986791695701044,,12428.0,12812.0,'Hit-calling'!$F$12428,'Hit-calling'!$M$12428,'Hit-calling'!$M$12812,19.0,79.05268843562487,True
17,BR00130951N13,BRD-K79090631-001-23-9,,CGP-60474,CGP-60474,9.999999999999996,Tocris,5471,OCCCNc1cc(ccn1)-c1ccnc(Nc2cccc(Cl)c2)n1,IYNDTACKOAXKBJ-UHFFFAOYSA-N,644215.0,Preclinical,CDK inhibitor,CDK1|CDK2,,,,,,,429.0,,80.54458185591974,77.46845703678241,79.00651944635108,3.076124819137334,,12614.0,12998.0,'Hit-calling'!$F$12614,'Hit-calling'!$M$12614,'Hit-calling'!$M$12998,13.0,79.00651944635108,True
19,BR00130947O07,BRD-K81044214-001-07-9,,ML348,ML348,10.0,Tocris,5345,FC(F)(F)c1ccc(Cl)c(NC(=O)CN2CCN(CC2)C(=O)c2ccco2)c1,OXKNHBBDOIMFFQ-UHFFFAOYSA-N,3238952.0,Preclinical,lysophospholipase inhibitor,LYPLA1,,,,,,,430.0,,78.9232025621279,79.06171948559852,78.9924610238632,0.1385169234706182,,14168.0,14552.0,'Hit-calling'!$F$14168,'Hit-calling'!$M$14168,'Hit-calling'!$M$14552,7.0,78.9924610238632,True
1,BR00130937G04,BRD-K00003705-001-01-9,,josamycin,josamycin,10.0,MedChemEx,HY-B1920,"[H][C@@]1(C[C@@](C)(O)[C@@H](OC(=O)CC(C)C)[C@H](C)O1)O[C@@H]1[C@@H](C)O[C@@]([H])(O[C@H]2[C@@H](CC=O)C[C@@H](C)[C@@H](O)\C=C\C=C\C[C@@H](C)OC(=O)C[C@@]([H])(OC(C)=O)[C@@H]2OC)[C@H](O)[C@H]1N(C)C |t:36,38|",XJSFLOJWULLJQS-MJKZEBMBSA-N,,Launched,bacterial 50S ribosomal subunit inhibitor,,pulmonary,bronchitis,,,,,431.0,,61.68582238009241,96.22840104914906,78.95711171462074,34.542578669056645,,149.0,533.0,'Hit-calling'!$F$149,'Hit-calling'!$M$149,'Hit-calling'!$M$533,4.0,78.95711171462074,True
22,BR00130941J05,BRD-K45551181-001-04-7,,MPI-0479605,MPI-0479605,10.0,MedChemEx,HY-12660,Cc1cc(ccc1Nc1nc(NC2CCCCC2)c2[nH]cnc2n1)N1CCOCC1,OVJBNYKNHXJGSA-UHFFFAOYSA-N,46909588.0,Preclinical,mitotic kinase inhibitor,TTK,,,,,,,432.0,,77.59031814058451,80.03734788678373,78.81383301368413,2.4470297461992203,,16350.0,16734.0,'Hit-calling'!$F$16350,'Hit-calling'!$M$16350,'Hit-calling'!$M$16734,5.0,78.81383301368413,True
2,BR00130935H10,BRD-K19687926-001-10-8,,lapatinib,lapatinib,10.0,Selleck,S1028,CS(=O)(=O)CCNCc1ccc(o1)-c1ccc2ncnc(Nc3ccc(OCc4cccc(F)c4)c(Cl)c3)c2c1,BCFGMOOMADDAQU-UHFFFAOYSA-N,208908.0,Launched,EGFR inhibitor,EGFR|ERBB2,oncology,breast cancer,,,,,433.0,,76.61917980200448,80.45318578178237,78.53618279189342,3.834005979777885,,947.0,1331.0,'Hit-calling'!$F$947,'Hit-calling'!$M$947,'Hit-calling'!$M$1331,10.0,78.53618279189342,True
14,BR00130957B09,BRD-K03765900-001-01-9,,XL647,XL647,9.999945159192448,MedChemEx,HY-13314,COc1cc2c(Nc3ccc(Cl)c(Cl)c3F)ncnc2cc1OC[C@H]1C[C@H]2CN(C)C[C@H]2C1,HVXKQKFEHMGHSL-QKDCVEJESA-N,,Phase 3,EGFR inhibitor|VEGFR inhibitor,EGFR|EPHB4|ERBB2|FLT4|KDR,,,,,,,434.0,,78.78808551535649,77.52092018515798,78.15450285025723,1.2671653301985089,,10018.0,10402.0,'Hit-calling'!$F$10018,'Hit-calling'!$M$10018,'Hit-calling'!$M$10402,9.0,78.15450285025723,True
1,BR00130937J22,BRD-K56614220-001-21-6,,clofazimine,clofazimine,9.65335026272121,Selleck,S4107,CC(C)\N=c1/cc2n(-c3ccc(Cl)cc3)c3ccccc3nc2cc1Nc1ccc(Cl)cc1,WDQPAMHFFCXSNU-BGABXYSRSA-N,,Launched,GK0582 inhibitor,,infectious disease,leprosy,,,,,435.0,,77.54125155976543,77.53223872322215,77.53674514149378,0.0090128365432775,,239.0,623.0,'Hit-calling'!$F$239,'Hit-calling'!$M$239,'Hit-calling'!$M$623,22.0,77.53674514149378,True
22,BR00130941B12,BRD-K00003237-001-01-9,,mavatrep,mavatrep,10.0,MedChemEx,HY-16935,CC(C)(O)c1ccccc1-c1ccc2nc(\C=C\c3ccc(cc3)C(F)(F)F)[nH]c2c1,ORDHXXHTBUZRCN-NTEUORMPSA-N,17751090.0,Preclinical,transient receptor potential channel antagonist,,,,,,,,436.0,,80.81657188305488,74.10753143640851,77.46205165973169,6.70904044664637,,16165.0,16549.0,'Hit-calling'!$F$16165,'Hit-calling'!$M$16165,'Hit-calling'!$M$16549,12.0,77.46205165973169,True
14,BR00130957E20,BRD-K00003157-001-01-9,,Debio-0932,Debio-0932,10.0,MedChemEx,HY-13469,CN(C)c1cc2OCOc2cc1Sc1nc2c(N)nccc2n1CCNCC(C)(C)C,RVJIQAYFTOPTKK-UHFFFAOYSA-N,44156921.0,Phase 1,HSP inhibitor,,,,,,,,437.0,,78.203109161762,76.31360211554119,77.2583556386516,1.889507046220814,,10101.0,10485.0,'Hit-calling'!$F$10101,'Hit-calling'!$M$10101,'Hit-calling'!$M$10485,20.0,77.2583556386516,True
11,BR00130917F19,BRD-K58435339-001-06-3,,AT13387,AT13387,9.913158979395751,Selleck,S1163,CC(C)c1cc(C(=O)N2Cc3ccc(CN4CCN(C)CC4)cc3C2)c(O)cc1O,IFRGXKKQHBVPCQ-UHFFFAOYSA-N,11955716.0,Phase 2,HSP inhibitor,HSP90AA1,,,,,,,438.0,,77.22554742987208,76.57164729272279,76.89859736129743,0.653900137149293,,7820.0,8204.0,'Hit-calling'!$F$7820,'Hit-calling'!$M$7820,'Hit-calling'!$M$8204,19.0,76.89859736129743,True
22,BR00130941A11,BRD-K43644456-001-04-0,,WP1130,WP1130,9.513319855327367,Selleck,S2243,CCC[C@H](NC(=O)C(=C\c1cccc(Br)n1)\C#N)c1ccccc1,LIDOPKHSVQTSJY-VMEIHUARSA-N,11222830.0,Preclinical,deubiquitinase inhibitor,JAK2|UCHL5|USP14|USP9X,,,,,,,439.0,,74.90373409659978,78.7958621158723,76.84979810623604,3.892128019272519,,16140.0,16524.0,'Hit-calling'!$F$16140,'Hit-calling'!$M$16140,'Hit-calling'!$M$16524,11.0,76.84979810623604,True
21,BR00130943D09,BRD-K02703275-001-07-5,,gedunin,gedunin,10.0,Tocris,3387,CC(=O)O[C@@H]1C[C@H]2C(C)(C)C(=O)C=C[C@]2(C)[C@H]2CC[C@@]3(C)[C@@H](OC(=O)[C@H]4O[C@@]34[C@]12C)c1ccoc1 |c:12|,YJXDGWUNRYLINJ-BHAPSIHVSA-N,12004512.0,Preclinical,HSP inhibitor,HSP90AA1,0,0,,,,,440.0,,74.1103141228596,79.50052779434104,76.80542095860032,5.390213671481433,,15442.0,15826.0,'Hit-calling'!$F$15442,'Hit-calling'!$M$15442,'Hit-calling'!$M$15826,9.0,76.80542095860032,True
21,BR00130943C14,BRD-K68336408-001-10-9,,tyrphostin-AG-1478,tyrphostin-AG-1478,10.0,Selleck,S2728,COc1cc2ncnc(Nc3cccc(Cl)c3)c2cc1OC,GFNNBHLJANVSQV-UHFFFAOYSA-N,2051.0,Preclinical,EGFR inhibitor,EGFR|MAPK14,0,0,,,,,441.0,,77.98181022719741,75.42349754475286,76.70265388597514,2.5583126824445515,,15423.0,15807.0,'Hit-calling'!$F$15423,'Hit-calling'!$M$15423,'Hit-calling'!$M$15807,14.0,76.70265388597514,True
14,BR00130957N06,BRD-K97963946-001-02-9,,EMD-1214063,EMD-1214063,9.999999999999998,MedChemEx,HY-14721,CN1CCC(COc2cnc(nc2)-c2cccc(Cn3nc(ccc3=O)-c3cccc(c3)C#N)c2)CC1,AHYMHWXQRWRBKT-UHFFFAOYSA-N,25171648.0,Phase 2,hepatocyte growth factor receptor inhibitor,MET,,,,,,,442.0,,77.59792422209279,75.70876175189754,76.65334298699517,1.8891624701952447,,10303.0,10687.0,'Hit-calling'!$F$10303,'Hit-calling'!$M$10303,'Hit-calling'!$M$10687,6.0,76.65334298699517,True
11,BR00130917H11,BRD-K78627070-001-01-5,,altiratinib,altiratinib,9.999944141388092,MedChemEx,HY-B0791,Fc1ccc(NC(=O)C2(CC2)C(=O)Nc2cc(F)c(Oc3ccnc(NC(=O)C4CC4)c3)cc2F)cc1,GNNDEPIMDAZHRQ-UHFFFAOYSA-N,54576299.0,Phase 1,MET inhibitor|VEGFR inhibitor,KDR|MET|TEK,,,,,,,443.0,,77.00863690488735,75.85549965721418,76.43206828105076,1.1531372476731718,,7860.0,8244.0,'Hit-calling'!$F$7860,'Hit-calling'!$M$7860,'Hit-calling'!$M$8244,11.0,76.43206828105076,True
12,BR00130916C07,BRD-K09353376-001-05-4,,tariquidar,tariquidar,10.0,MedChemEx,HY-10550,COc1cc2CCN(CCc3ccc(NC(=O)c4cc(OC)c(OC)cc4NC(=O)c4cnc5ccccc5c4)cc3)Cc2cc1OC,"InChI=1S/C38H38N4O6/c1-45-33-18-25-14-16-42(23-28(25)19-34(33)46-2)15-13-24-9-11-29(12-10-24)40-38(44)30-20-35(47-3)36(48-4)21-32(30)41-37(43)27-17-26-7-5-6-8-31(26)39-22-27/h5-12,17-22H,13-16,23H2,1-4H3,(H,40,44)(H,41,43)",148201.0,Phase 3,P glycoprotein inhibitor,ABCB1,,,,,,,444.0,,67.82872507039303,84.97025966831804,76.39949236935553,17.141534597925002,,8504.0,8888.0,'Hit-calling'!$F$8504,'Hit-calling'!$M$8504,'Hit-calling'!$M$8888,7.0,76.39949236935553,True
10,BR00130919A07,BRD-K26420709-001-01-7,,toyocamycin,toyocamycin,9.999999999999996,Sigma,T3580,Nc1ncnc2n(cc(C#N)c12)[C@@H]1O[C@H](CO)[C@@H](O)[C@H]1O,XOKJUSAYZUAMGJ-WOUKDFQISA-N,11824.0,Phase 1,serine/threonine kinase inhibitor,ERN1,,,,,,,445.0,,74.41118808707537,78.34014717233232,76.37566762970386,3.928959085256949,,6920.0,7304.0,'Hit-calling'!$F$6920,'Hit-calling'!$M$6920,'Hit-calling'!$M$7304,7.0,76.37566762970386,True
18,BR00130949E10,BRD-K49294207-300-05-9,,BIBU-1361,BIBU-1361,10.0,Tocris,2417,CCN(CC)CC1CCN(CC1)c1ncc2ncnc(Nc3ccc(F)c(Cl)c3)c2n1,JUGSLZCFNSTKBN-UHFFFAOYSA-N,17756796.0,Preclinical,EGFR inhibitor,EGFR,,,,,,,446.0,,74.66929394631163,77.790621909159,76.22995792773531,3.1213279628473742,,13163.0,13547.0,'Hit-calling'!$F$13163,'Hit-calling'!$M$13163,'Hit-calling'!$M$13547,10.0,76.22995792773531,True
21,BR00130943A15,BRD-K00003271-001-01-9,,JD-5037,JD-5037,10.0,MedChemEx,HY-18697,CC(C)[C@H](\N=C(\NS(=O)(=O)c1ccc(Cl)cc1)N1C[C@@H](C(=N1)c1ccc(Cl)cc1)c1ccccc1)C(N)=O |c:21|,GTCSIQFTNPTSLO-RPWUZVMVSA-N,66553204.0,Preclinical,cannabinoid receptor antagonist,0,0,0,,,,,447.0,,79.62378266550198,72.73696021080326,76.18037143815262,6.8868224546987165,,15376.0,15760.0,'Hit-calling'!$F$15376,'Hit-calling'!$M$15376,'Hit-calling'!$M$15760,15.0,76.18037143815262,True
20,BR00130945A13,BRD-K46766488-003-04-9,,S-14506,S-14506,10.0,Tocris,1771,COc1ccc2cccc(N3CCN(CCNC(=O)c4ccc(F)cc4)CC3)c2c1,IFMQODYDAUKKEN-UHFFFAOYSA-N,131906.0,Preclinical,serotonin receptor agonist,HTR1A,,,,,,,448.0,,79.42599588201541,72.87336380720511,76.14967984461026,6.552632074810305,,14606.0,14990.0,'Hit-calling'!$F$14606,'Hit-calling'!$M$14606,'Hit-calling'!$M$14990,13.0,76.14967984461026,True
8,BR00130923J13,BRD-K60348325-065-09-9,,brilliant-green,brilliant-green,9.999999999999998,Acros,22960,CCN(CC)c1ccc(cc1)[C+](c1ccccc1)c1ccc(cc1)N(CC)CC,HXCILVUBKWANLN-UHFFFAOYSA-N,12450.0,Launched,,,infectious disease,antiseptic,,,,,449.0,,78.26971071305414,73.89226069221611,76.08098570263513,4.377450020838026,,5606.0,5990.0,'Hit-calling'!$F$5606,'Hit-calling'!$M$5606,'Hit-calling'!$M$5990,13.0,76.08098570263513,True
19,BR00130947L10,BRD-K09907507-300-02-9,,AZ-10606120,AZ-10606120,9.999999999999998,Tocris,3323,OCCNCCNc1ccc2c(NC(=O)CC34CC5CC(CC(C5)C3)C4)cccc2n1,FQMZXMVHHKXGTM-UHFFFAOYSA-N,10310632.0,Preclinical,purinergic receptor antagonist,P2RX7,,,,,,,450.0,,76.77895240747148,75.1786630277805,75.97880771762598,1.6002893796909774,,14099.0,14483.0,'Hit-calling'!$F$14099,'Hit-calling'!$M$14099,'Hit-calling'!$M$14483,10.0,75.97880771762598,True
20,BR00130945E17,BRD-K24593301-001-04-9,,AZD3463,AZD3463,10.0,MedChemEx,HY-15609,COc1cc(ccc1Nc1ncc(Cl)c(n1)-c1c[nH]c2ccccc12)N1CCC(N)CC1,GCYIGMXOIWJGBU-UHFFFAOYSA-N,56599293.0,Preclinical,ALK tyrosine kinase receptor inhibitor|insulin growth factor receptor inhibitor,ALK|IGF1R,,,,,,,451.0,,71.76502521299976,79.32808618923043,75.5465557011151,7.563060976230673,,14706.0,15090.0,'Hit-calling'!$F$14706,'Hit-calling'!$M$14706,'Hit-calling'!$M$15090,17.0,75.5465557011151,True
19,BR00130947H12,BRD-K03128577-005-08-9,,MG-624,MG-624,10.0,Tocris,1356,CC[N+](CC)(CC)CCOc1ccc(\C=C\c2ccccc2)cc1,YIMFXBPXUPTIEJ-OUKQBFOZSA-N,5824382.0,Preclinical,acetylcholine receptor antagonist,CHRNA7,,,,,,,452.0,,73.30534237364627,77.46701721499551,75.3861797943209,4.161674841349239,,14005.0,14389.0,'Hit-calling'!$F$14005,'Hit-calling'!$M$14005,'Hit-calling'!$M$14389,12.0,75.3861797943209,True
11,BR00130917M04,BRD-K00003288-003-01-9,,glesatinib,glesatinib,9.999999999999996,MedChemEx,HY-19642A,COCCNCc1ccc(nc1)-c1cc2nccc(Oc3ccc(NC(=S)NC(=O)Cc4ccc(F)cc4)cc3F)c2s1,YRCHYHRCBXNYNU-UHFFFAOYSA-N,25181472.0,Phase 2,tyrosine kinase inhibitor,,,,,,,,453.0,,72.7418188476048,77.39677819278037,75.06929852019259,4.65495934517557,,7973.0,8357.0,'Hit-calling'!$F$7973,'Hit-calling'!$M$7973,'Hit-calling'!$M$8357,4.0,75.06929852019259,True
22,BR00130941G18,BRD-K78978711-003-03-9,,KHS-101,KHS-101,9.999999999999998,Tocris,4888,CC(C)CNc1ccnc(NCc2csc(n2)-c2ccccc2)n1,DGRJOOOHPBSAHD-UHFFFAOYSA-N,71304818.0,Preclinical,neural stem cell inducer,TACC3,,,,,,,454.0,,74.60782463648829,75.37013193584394,74.98897828616612,0.7623072993556548,,16291.0,16675.0,'Hit-calling'!$F$16291,'Hit-calling'!$M$16291,'Hit-calling'!$M$16675,18.0,74.98897828616612,True
1,BR00130937A13,BRD-K87700323-311-08-9,,cetylpyridinium,cetylpyridinium,10.0,MedChemEx,HY-B1289,CCCCCCCCCCCCCCCC[n+]1ccccc1,NEUSVAOJNUQRTM-UHFFFAOYSA-N,2683.0,Launched,,,dental,gingivitis|mouth inflammation,,,,,455.0,,73.19285810154454,76.47508838838131,74.83397324496292,3.2822302868367643,,14.0,398.0,'Hit-calling'!$F$14,'Hit-calling'!$M$14,'Hit-calling'!$M$398,13.0,74.83397324496292,True
18,BR00130949K06,BRD-K53561341-001-07-5,,aurora-a-inhibitor-i,aurora-a-inhibitor-i,10.0,Selleck,S1451,CCN1CCN(CC1)C(=O)Cc1ccc(Nc2ncc(F)c(Nc3ccc(cc3)C(=O)Nc3ccccc3Cl)n2)cc1,AKSIZPIFQAYJGF-UHFFFAOYSA-N,44139710.0,Preclinical,Aurora kinase inhibitor,AURKA,,,,,,,456.0,,76.58714722015618,72.664618489224,74.62588285469009,3.9225287309321857,,13303.0,13687.0,'Hit-calling'!$F$13303,'Hit-calling'!$M$13303,'Hit-calling'!$M$13687,6.0,74.62588285469009,True
23,BR00130939K21,BRD-K22503835-001-12-8,,scriptaid,scriptaid,10.0,Tocris,2421,ONC(=O)CCCCCN1C(=O)c2cccc3cccc(C1=O)c23,JTDYUFSDZATMKU-UHFFFAOYSA-N,5186.0,Preclinical,HDAC inhibitor,HDAC1|HDAC2|HDAC3|HDAC4|HDAC5|HDAC6|HDAC7|HDAC8|HDAC9,,,,,,,457.0,,74.38312921150798,74.80482541405613,74.59397731278204,0.4216962025481479,,17158.0,17542.0,'Hit-calling'!$F$17158,'Hit-calling'!$M$17158,'Hit-calling'!$M$17542,21.0,74.59397731278204,True
20,BR00130945J16,BRD-K87941707-001-02-9,,TP-003,TP-003,9.999999999999996,Tocris,4414,CC(C)(O)c1ccn2c(cnc2c1F)-c1ccc(F)c(c1)-c1ccc(F)cc1C#N,SJMMDWXJSSJHOQ-UHFFFAOYSA-N,10001434.0,Preclinical,GABA receptor inverse agonist,GABRA1|GABRA2|GABRA3|GABRA5,,,,,,,458.0,,77.63160618256768,69.04788411807631,73.33974515032199,8.583722064491369,,14825.0,15209.0,'Hit-calling'!$F$14825,'Hit-calling'!$M$14825,'Hit-calling'!$M$15209,16.0,73.33974515032199,True
20,BR00130945C16,BRD-K30867024-003-03-3,,SB-216641,SB-216641,10.0,Tocris,1242,COc1ccc(NC(=O)c2ccc(cc2)-c2ccc(cc2C)-c2noc(C)n2)cc1OCCN(C)C,JRNUKVFYILMMLX-UHFFFAOYSA-N,3292447.0,Preclinical,serotonin receptor antagonist,HTR1A|HTR1B|HTR1D|HTR2A|HTR2B|HTR2C,,,,,,,459.0,,73.46349647150305,73.20578485932378,73.33464066541342,0.2577116121792642,,14657.0,15041.0,'Hit-calling'!$F$14657,'Hit-calling'!$M$14657,'Hit-calling'!$M$15041,16.0,73.33464066541342,True
7,BR00130925J22,BRD-K57222227-001-30-1,,indomethacin,indomethacin,10.0,MicroSource,1500350,COc1ccc2n(C(=O)c3ccc(Cl)cc3)c(C)c(CC(O)=O)c2c1,CGIGDMFJXJATDK-UHFFFAOYSA-N,3715.0,Launched,cyclooxygenase inhibitor,GLO1|PLA2G2A|PPARA|PPARG|PTGDR2|PTGR2|PTGS1|PTGS2|SLC46A1,rheumatology|orthopedics,rheumatoid arthritis|ankylosing spondylitis|osteoarthritis|bursitis|tendinitis,,,,,460.0,,71.10132186753084,75.45506021246825,73.27819103999954,4.353738344937412,,4847.0,5231.0,'Hit-calling'!$F$4847,'Hit-calling'!$M$4847,'Hit-calling'!$M$5231,22.0,73.27819103999954,True
11,BR00130917A20,BRD-K82967180-001-01-6,,LY3023414,LY3023414,10.000097966527768,MedChemEx,HY-12513,CO[C@@H](C)Cn1c2c(cnc3ccc(cc23)-c2cncc(c2)C(C)(C)O)n(C)c1=O,ACCFLVVUVBJNGT-AWEZNQCLSA-N,57519748.0,Phase 2,mTOR inhibitor|PI3K inhibitor,MTOR,,,,,,,461.0,,72.04791592025121,72.93841279280295,72.49316435652707,0.8904968725517364,,7701.0,8085.0,'Hit-calling'!$F$7701,'Hit-calling'!$M$7701,'Hit-calling'!$M$8085,20.0,72.49316435652707,True
8,BR00130923H13,BRD-K52397688-003-07-2,,amperozide,amperozide,9.999999999999998,SantaCruz,sc-203512,CCNC(=O)N1CCN(CCCC(c2ccc(F)cc2)c2ccc(F)cc2)CC1,NNAIYOXJNVGUOM-UHFFFAOYSA-N,73333.0,Launched,dopamine receptor antagonist,FAAH|HTR2A,neurology/psychiatry,psychosis,,,,,462.0,,74.66808094203938,69.28118853369872,71.97463473786905,5.386892408340657,,5558.0,5942.0,'Hit-calling'!$F$5558,'Hit-calling'!$M$5558,'Hit-calling'!$M$5942,13.0,71.97463473786905,True
7,BR00130925I05,BRD-K36660044-001-25-9,,bufexamac,bufexamac,9.999999999999998,MedChemEx,HY-B0494,CCCCOc1ccc(CC(=O)NO)cc1,MXJWRABVEGLYDG-UHFFFAOYSA-N,2466.0,Withdrawn,cyclooxygenase inhibitor,HDAC10|HDAC6,,,,,,,463.0,,71.22428887462674,72.61803946108024,71.92116416785349,1.393750586453507,,4806.0,5190.0,'Hit-calling'!$F$4806,'Hit-calling'!$M$4806,'Hit-calling'!$M$5190,5.0,71.92116416785349,True
17,BR00130951J09,BRD-K72726508-001-06-9,,arcyriaflavin-a,arcyriaflavin-a,9.999999999999998,Tocris,2457,O=C1NC(=O)c2c1c1c3ccccc3[nH]c1c1[nH]c3ccccc3c21,KAJXOWFGKYKMMZ-UHFFFAOYSA-N,5327723.0,Preclinical,CDK inhibitor,CCND1|CDK4,,,,,,,464.0,,72.23384934705527,71.44748987400705,71.84066961053117,0.786359473048222,,12514.0,12898.0,'Hit-calling'!$F$12514,'Hit-calling'!$M$12514,'Hit-calling'!$M$12898,9.0,71.84066961053117,True
4,BR00130931L12,BRD-K00003103-001-01-9,,desisobutyryl-ciclesonide,desisobutyryl-ciclesonide,10.000000000000004,MedChemEx,HY-111490,"[H][C@]12C[C@@]3([H])[C@]4([H])CCC5=CC(=O)C=C[C@]5(C)[C@@]4([H])[C@@H](O)C[C@]3(C)[C@@]1(O[C@@H](O2)C1CCCCC1)C(=O)CO |c:13,t:9|",OXPLANUPKBHPMS-FYSAVPLMSA-N,24848783.0,Launched,cytochrome P450 inhibitor,,allergy,allergic rhinitis,,,,,465.0,,74.77172472684396,68.71660971903202,71.74416722293799,6.055115007811935,,2581.0,2965.0,'Hit-calling'!$F$2581,'Hit-calling'!$M$2581,'Hit-calling'!$M$2965,12.0,71.74416722293799,True
5,BR00130929E19,BRD-K46843573-001-01-9,,zotarolimus,zotarolimus,10.0,Adooq,A11950,"CO[C@@H]1C[C@H](C[C@@H](C)[C@@H]2CC(=O)[C@H](C)\C=C(C)\[C@@H](O)[C@@H](OC)C(=O)[C@H](C)C[C@H](C)\C=C\C=C\C=C(C)\[C@H](C[C@@H]3CC[C@@H](C)[C@@](O)(O3)C(=O)C(=O)N3CCCC[C@H]3C(=O)O2)OC)CC[C@@H]1n1cnnn1 |c:14,33,t:29,31|",CGTADGCBEXYWNE-GYKXXMIGSA-N,,Launched,mTOR inhibitor,FKBP1A,cardiology,coronary artery restenosis,,,,,466.0,,68.63297484453207,74.74174672629135,71.68736078541171,6.1087718817592815,,3188.0,3572.0,'Hit-calling'!$F$3188,'Hit-calling'!$M$3188,'Hit-calling'!$M$3572,19.0,71.68736078541171,True
23,BR00130939G03,BRD-K59469039-001-09-8,,tyrphostin-AG-879,tyrphostin-AG-879,10.070284509049658,Selleck,S2816,CC(C)(C)c1cc(\C=C(/C#N)C(N)=S)cc(c1O)C(C)(C)C,XRZYELWZLNAXGE-KPKJPENVSA-N,135419190.0,Preclinical,tyrosine kinase inhibitor,ERBB2|KDR|NTRK1,,,,,,,467.0,,71.58181066561716,70.03007663985011,70.80594365273363,1.5517340257670469,,17044.0,17428.0,'Hit-calling'!$F$17044,'Hit-calling'!$M$17044,'Hit-calling'!$M$17428,3.0,70.80594365273363,True
17,BR00130951L08,BRD-K41262162-303-11-9,,DHBP,DHBP,10.000000000000002,Tocris,839,CCCCCCC[n+]1ccc(cc1)-c1cc[n+](CCCCCCC)cc1,XJGZGUSMZSXHJI-UHFFFAOYSA-N,80263.0,Preclinical,ryanodine receptor blocker,,,,,,,,468.0,,70.64228573899507,70.42198417069513,70.5321349548451,0.2203015682999449,,12561.0,12945.0,'Hit-calling'!$F$12561,'Hit-calling'!$M$12561,'Hit-calling'!$M$12945,8.0,70.5321349548451,True
6,BR00130927B17,BRD-K61250553-003-32-2,,loperamide,loperamide,10.0,MicroSource,2300241,CN(C)C(=O)C(CCN1CCC(O)(CC1)c1ccc(Cl)cc1)(c1ccccc1)c1ccccc1,RDOIQAHITMMDAJ-UHFFFAOYSA-N,3955.0,Launched,opioid receptor agonist,CACNA1A|CALM1|OPRD1|OPRK1|OPRM1|POMC,gastroenterology,diarrhea,,,,,469.0,,68.78688622120237,72.10098506560064,70.4439356434015,3.314098844398273,,3882.0,4266.0,'Hit-calling'!$F$3882,'Hit-calling'!$M$3882,'Hit-calling'!$M$4266,17.0,70.4439356434015,True
