query_chain,subject_id,subject_chain,subject_function,e_value,bit_score,percent_identity,alignment_length,Query_ID,Subject_ID,Subject_Chain,Title,E_value,Bit_score,Alignment_Score,Alignment_Length
1C14_1|Chains,pdb|3AM3|A,Chain A, Enoyl-ACP reductase [Plasmodium falciparum],6.74e-20,87.0,25.738,237.0,,,,,,,,
1C14_1|Chains,pdb|1UH5|A,Chain A, enoyl-ACP reductase [Plasmodium falciparum],2.78e-19,85.5,25.316,237.0,,,,,,,,
1C14_1|Chains,gb|AAK38274.1|,enoyl-ACP reductase, partial [Plasmodium falciparum],3.23e-19,85.9,25.316,237.0,,,,,,,,
1C14_1|Chains,pdb|2OL4|A,Chain A, Enoyl-acyl carrier reductase [Plasmodium falciparum],7.72e-19,84.3,24.051,237.0,,,,,,,,
1C14_1|Chains,pdb|1VRW|A,Chain A, ENOYL-ACYL CARRIER REDUCTASE [Plasmodium falciparum],8.04e-19,84.0,24.051,237.0,,,,,,,,
1C14_1|Chains,gb|AAK25802.1|,enoyl-acyl carrier reductase [Plasmodium falciparum],9.22e-19,84.7,25.316,237.0,NaN,,,,,,,,
1C14_1|Chains,pdb|3AM5|A,Chain A, Enoyl-ACP reductase [Plasmodium falciparum],1.37e-18,83.6,25.316,237.0,,,,,,,,
1C14_1|Chains,gb|AAK83687.1|,enoyl-acyl-carrier protein reductase precursor [Plasmodium falciparum],1.72e-18,84.0,27.189,217.0,NaN,,,,,,,,
1C14_1|Chains,pdb|1NHG|A,Chain A, enoyl-acyl carrier reductase [Plasmodium falciparum],2.72e-14,70.1,29.078,141.0,,,,,,,,
1CET_1|Chain,pdb|1CET|A,Chain A, PROTEIN (L-LACTATE DEHYDROGENASE) [Plasmodium falciparum],0.0,642.0,100.0,316.0,,,,,,,,
1CET_1|Chain,pdb|1CEQ|A,Chain A, PROTEIN (L-LACTATE DEHYDROGENASE) [Plasmodium falciparum],0.0,639.0,99.684,316.0,,,,,,,,
1CET_1|Chain,gb|AAA29633.1|,L-lactate dehydrogenase [Plasmodium falciparum],0.0,638.0,99.367,316.0,NaN,,,,,,,,
1CET_1|Chain,pdb|1T24|A,Chain A, L-lactate dehydrogenase [Plasmodium falciparum],0.0,637.0,99.367,316.0,,,,,,,,
1CET_1|Chain,gb|ARE68687.1|,lactate dehydrogenase [Plasmodium falciparum],0.0,636.0,99.051,316.0,NaN,,,,,,,,
1CET_1|Chain,gb|QDE12492.1|,lactate dehydrogenase, partial [Plasmodium falciparum],0.0,636.0,99.051,316.0,,,,,,,,
1CET_1|Chain,gb|AMP42558.1|,lactate dehydrogenase [Plasmodium falciparum],0.0,635.0,99.051,316.0,NaN,,,,,,,,
1CET_1|Chain,gb|AMP42570.1|,lactate dehydrogenase [Plasmodium falciparum],0.0,635.0,99.051,316.0,NaN,,,,,,,,
1CET_1|Chain,gb|AMP42566.1|,lactate dehydrogenase [Plasmodium falciparum],0.0,635.0,99.051,316.0,NaN,,,,,,,,
1CET_1|Chain,gb|AMP42582.1|,lactate dehydrogenase [Plasmodium falciparum],0.0,635.0,99.051,316.0,NaN,,,,,,,,
1D7O_1|Chain,pdb|3AM3|A,Chain A, Enoyl-ACP reductase [Plasmodium falciparum],3.62e-102,301.0,47.975,321.0,,,,,,,,
1D7O_1|Chain,pdb|3AM5|A,Chain A, Enoyl-ACP reductase [Plasmodium falciparum],4.78e-101,298.0,47.664,321.0,,,,,,,,
1D7O_1|Chain,pdb|1UH5|A,Chain A, enoyl-ACP reductase [Plasmodium falciparum],6.21e-101,298.0,47.664,321.0,,,,,,,,
1D7O_1|Chain,pdb|2OL4|A,Chain A, Enoyl-acyl carrier reductase [Plasmodium falciparum],6.69e-101,298.0,47.664,321.0,,,,,,,,
1D7O_1|Chain,pdb|1VRW|A,Chain A, ENOYL-ACYL CARRIER REDUCTASE [Plasmodium falciparum],6.77e-101,298.0,47.664,321.0,,,,,,,,
1D7O_1|Chain,gb|AAK38274.1|,enoyl-ACP reductase, partial [Plasmodium falciparum],1.92e-100,300.0,47.664,321.0,,,,,,,,
1D7O_1|Chain,gb|AAK25802.1|,enoyl-acyl carrier reductase [Plasmodium falciparum],2.33e-100,300.0,47.664,321.0,NaN,,,,,,,,
1D7O_1|Chain,gb|AAK83687.1|,enoyl-acyl-carrier protein reductase precursor [Plasmodium falciparum],5.85e-99,297.0,47.352,321.0,NaN,,,,,,,,
1D7O_1|Chain,pdb|1NHG|A,Chain A, enoyl-acyl carrier reductase [Plasmodium falciparum],2.14e-88,263.0,55.111,225.0,,,,,,,,
1D7O_1|Chain,pdb|1NHG|C,Chain C, enoyl-acyl carrier reductase [Plasmodium falciparum],3.53e-12,60.5,54.717,53.0,,,,,,,,
1D8A_1|Chains,pdb|3AM3|A,Chain A, Enoyl-ACP reductase [Plasmodium falciparum],6.04e-20,87.0,25.738,237.0,,,,,,,,
1D8A_1|Chains,pdb|1UH5|A,Chain A, enoyl-ACP reductase [Plasmodium falciparum],2.51e-19,85.5,25.316,237.0,,,,,,,,
1D8A_1|Chains,gb|AAK38274.1|,enoyl-ACP reductase, partial [Plasmodium falciparum],3.38e-19,85.9,25.316,237.0,,,,,,,,
1D8A_1|Chains,pdb|2OL4|A,Chain A, Enoyl-acyl carrier reductase [Plasmodium falciparum],7.8e-19,84.3,24.051,237.0,,,,,,,,
1D8A_1|Chains,pdb|1VRW|A,Chain A, ENOYL-ACYL CARRIER REDUCTASE [Plasmodium falciparum],7.96e-19,84.0,24.051,237.0,,,,,,,,
1D8A_1|Chains,gb|AAK25802.1|,enoyl-acyl carrier reductase [Plasmodium falciparum],8.94e-19,84.7,24.051,237.0,NaN,,,,,,,,
1D8A_1|Chains,pdb|3AM5|A,Chain A, Enoyl-ACP reductase [Plasmodium falciparum],1.37e-18,83.2,25.316,237.0,,,,,,,,
1D8A_1|Chains,gb|AAK83687.1|,enoyl-acyl-carrier protein reductase precursor [Plasmodium falciparum],1.84e-18,84.0,25.806,217.0,NaN,,,,,,,,
1D8A_1|Chains,pdb|1NHG|A,Chain A, enoyl-acyl carrier reductase [Plasmodium falciparum],2.81e-14,69.7,29.078,141.0,,,,,,,,
1J3I_1|Chains,pdb|3QGT|A,Chain A, Bifunctional dihydrofolate reductase-thymidylate synthase [Plasmodium falciparum],0.0,562.0,100.0,280.0,,,,,,,,
1J3I_1|Chains,gb|AIB07168.1|,bifunctional dihydrofolate reductase-thymidylate synthase, partial [Plasmodium falciparum],0.0,562.0,100.0,280.0,,,,,,,,
1J3I_1|Chains,gb|AIB07199.1|,bifunctional dihydrofolate reductase-thymidylate synthase, partial [Plasmodium falciparum],0.0,561.0,100.0,280.0,,,,,,,,
1J3I_1|Chains,gb|AIB07282.1|,bifunctional dihydrofolate reductase-thymidylate synthase, partial [Plasmodium falciparum],0.0,561.0,100.0,280.0,,,,,,,,
1J3I_1|Chains,gb|AIB07251.1|,bifunctional dihydrofolate reductase-thymidylate synthase, partial [Plasmodium falciparum],0.0,561.0,100.0,280.0,,,,,,,,
1J3I_1|Chains,gb|AIB07175.1|,bifunctional dihydrofolate reductase-thymidylate synthase, partial [Plasmodium falciparum],0.0,561.0,100.0,280.0,,,,,,,,
1J3I_1|Chains,gb|AIB07177.1|,bifunctional dihydrofolate reductase-thymidylate synthase, partial [Plasmodium falciparum],0.0,561.0,100.0,280.0,,,,,,,,
1J3I_1|Chains,gb|AAA29585.1|,dihydrofolate reductase-thymidylate synthase [Plasmodium falciparum],0.0,561.0,99.643,280.0,NaN,,,,,,,,
1J3I_1|Chains,gb|AIB07196.1|,bifunctional dihydrofolate reductase-thymidylate synthase, partial [Plasmodium falciparum],0.0,560.0,100.0,280.0,,,,,,,,
1J3I_1|Chains,gb|AIB07206.1|,bifunctional dihydrofolate reductase-thymidylate synthase, partial [Plasmodium falciparum],0.0,560.0,99.643,280.0,,,,,,,,
1J3I_2|Chains,gb|UXQ07762.1|,dihydrofolate reductase-thymidylate synthase, partial [Plasmodium falciparum],0.0,687.0,100.0,328.0,,,,,,,,
1J3I_2|Chains,pdb|3JSU|A,Chain A, Dihydrofolate reductase-thymidylate synthase [Plasmodium falciparum],0.0,687.0,100.0,328.0,,,,,,,,
1J3I_2|Chains,gb|UXQ07839.1|,dihydrofolate reductase-thymidylate synthase, partial [Plasmodium falciparum],0.0,687.0,100.0,328.0,,,,,,,,
1J3I_2|Chains,gb|UXQ07708.1|,dihydrofolate reductase-thymidylate synthase [Plasmodium falciparum],0.0,687.0,100.0,328.0,NaN,,,,,,,,
1J3I_2|Chains,gb|UXQ07715.1|,dihydrofolate reductase-thymidylate synthase [Plasmodium falciparum],0.0,687.0,100.0,328.0,NaN,,,,,,,,
1J3I_2|Chains,pdb|3UM5|A,Chain A, Bifunctional dihydrofolate reductase-thymidylate synthase [Plasmodium falciparum],0.0,687.0,100.0,328.0,,,,,,,,
1J3I_2|Chains,gb|UXQ07805.1|,dihydrofolate reductase-thymidylate synthase [Plasmodium falciparum],0.0,687.0,100.0,328.0,NaN,,,,,,,,
1J3I_2|Chains,gb|UXQ07920.1|,dihydrofolate reductase-thymidylate synthase [Plasmodium falciparum],0.0,687.0,100.0,328.0,NaN,,,,,,,,
1J3I_2|Chains,gb|AAA29580.1|,dihydrofolate reductase-thymidylate synthetase [Plasmodium falciparum],0.0,687.0,100.0,328.0,NaN,,,,,,,,
1J3I_2|Chains,gb|UXQ07891.1|,dihydrofolate reductase-thymidylate synthase [Plasmodium falciparum],0.0,687.0,100.0,328.0,NaN,,,,,,,,
1J3K_1|Chains,pdb|3JSU|A,Chain A, Dihydrofolate reductase-thymidylate synthase [Plasmodium falciparum],0.0,562.0,100.0,280.0,,,,,,,,
1J3K_1|Chains,gb|UXQ07835.1|,dihydrofolate reductase-thymidylate synthase, partial [Plasmodium falciparum],0.0,562.0,100.0,280.0,,,,,,,,
1J3K_1|Chains,gb|UXQ07887.1|,dihydrofolate reductase-thymidylate synthase [Plasmodium falciparum],0.0,561.0,99.643,280.0,NaN,,,,,,,,
1J3K_1|Chains,gb|UXQ07710.1|,dihydrofolate reductase-thymidylate synthase, partial [Plasmodium falciparum],0.0,561.0,99.643,280.0,,,,,,,,
1J3K_1|Chains,gb|UXQ07712.1|,dihydrofolate reductase-thymidylate synthase [Plasmodium falciparum],0.0,561.0,99.643,280.0,NaN,,,,,,,,
1J3K_1|Chains,gb|UXQ07807.1|,dihydrofolate reductase-thymidylate synthase, partial [Plasmodium falciparum],0.0,561.0,99.643,280.0,,,,,,,,
1J3K_1|Chains,gb|UXQ07814.1|,dihydrofolate reductase-thymidylate synthase [Plasmodium falciparum],0.0,561.0,99.643,280.0,NaN,,,,,,,,
1J3K_1|Chains,gb|UXQ07708.1|,dihydrofolate reductase-thymidylate synthase [Plasmodium falciparum],0.0,561.0,99.643,280.0,NaN,,,,,,,,
1J3K_1|Chains,gb|UXQ07895.1|,dihydrofolate reductase-thymidylate synthase [Plasmodium falciparum],0.0,561.0,99.643,280.0,NaN,,,,,,,,
1J3K_1|Chains,gb|UXQ07737.1|,dihydrofolate reductase-thymidylate synthase [Plasmodium falciparum],0.0,561.0,99.643,280.0,NaN,,,,,,,,
1J3K_2|Chains,gb|UXQ07762.1|,dihydrofolate reductase-thymidylate synthase, partial [Plasmodium falciparum],0.0,687.0,100.0,328.0,,,,,,,,
1J3K_2|Chains,pdb|3JSU|A,Chain A, Dihydrofolate reductase-thymidylate synthase [Plasmodium falciparum],0.0,687.0,100.0,328.0,,,,,,,,
1J3K_2|Chains,gb|UXQ07839.1|,dihydrofolate reductase-thymidylate synthase, partial [Plasmodium falciparum],0.0,687.0,100.0,328.0,,,,,,,,
1J3K_2|Chains,gb|UXQ07708.1|,dihydrofolate reductase-thymidylate synthase [Plasmodium falciparum],0.0,687.0,100.0,328.0,NaN,,,,,,,,
1J3K_2|Chains,gb|UXQ07715.1|,dihydrofolate reductase-thymidylate synthase [Plasmodium falciparum],0.0,687.0,100.0,328.0,NaN,,,,,,,,
1J3K_2|Chains,pdb|3UM5|A,Chain A, Bifunctional dihydrofolate reductase-thymidylate synthase [Plasmodium falciparum],0.0,687.0,100.0,328.0,,,,,,,,
1J3K_2|Chains,gb|UXQ07805.1|,dihydrofolate reductase-thymidylate synthase [Plasmodium falciparum],0.0,687.0,100.0,328.0,NaN,,,,,,,,
1J3K_2|Chains,gb|UXQ07920.1|,dihydrofolate reductase-thymidylate synthase [Plasmodium falciparum],0.0,687.0,100.0,328.0,NaN,,,,,,,,
1J3K_2|Chains,gb|AAA29580.1|,dihydrofolate reductase-thymidylate synthetase [Plasmodium falciparum],0.0,687.0,100.0,328.0,NaN,,,,,,,,
1J3K_2|Chains,gb|UXQ07891.1|,dihydrofolate reductase-thymidylate synthase [Plasmodium falciparum],0.0,687.0,100.0,328.0,NaN,,,,,,,,
1NHG_1|Chains,pdb|1NHG|A,Chain A, enoyl-acyl carrier reductase [Plasmodium falciparum],1.49e-171,470.0,100.0,229.0,,,,,,,,
1NHG_1|Chains,pdb|2OL4|A,Chain A, Enoyl-acyl carrier reductase [Plasmodium falciparum],7.24e-171,473.0,100.0,229.0,,,,,,,,
1NHG_1|Chains,pdb|3AM3|A,Chain A, Enoyl-ACP reductase [Plasmodium falciparum],8.69e-171,473.0,100.0,229.0,,,,,,,,
1NHG_1|Chains,pdb|1UH5|A,Chain A, enoyl-ACP reductase [Plasmodium falciparum],8.78e-171,472.0,100.0,229.0,,,,,,,,
1NHG_1|Chains,pdb|1VRW|A,Chain A, ENOYL-ACYL CARRIER REDUCTASE [Plasmodium falciparum],9.16e-171,473.0,100.0,229.0,,,,,,,,
1NHG_1|Chains,gb|AAK38274.1|,enoyl-ACP reductase, partial [Plasmodium falciparum],3.19e-170,475.0,100.0,229.0,,,,,,,,
1NHG_1|Chains,gb|AAK25802.1|,enoyl-acyl carrier reductase [Plasmodium falciparum],5.16e-170,474.0,100.0,229.0,NaN,,,,,,,,
1NHG_1|Chains,pdb|3AM5|A,Chain A, Enoyl-ACP reductase [Plasmodium falciparum],5.979999999999999e-170,470.0,99.563,229.0,,,,,,,,
1NHG_1|Chains,gb|AAK83687.1|,enoyl-acyl-carrier protein reductase precursor [Plasmodium falciparum],5.08e-169,472.0,99.563,229.0,NaN,,,,,,,,
1NHG_2|Chains,pdb|1NHG|C,Chain C, enoyl-acyl carrier reductase [Plasmodium falciparum],2.52e-39,122.0,100.0,60.0,,,,,,,,
1NHG_2|Chains,pdb|2OL4|A,Chain A, Enoyl-acyl carrier reductase [Plasmodium falciparum],2.21e-37,125.0,100.0,60.0,,,,,,,,
1NHG_2|Chains,pdb|1VRW|A,Chain A, ENOYL-ACYL CARRIER REDUCTASE [Plasmodium falciparum],3.23e-37,125.0,100.0,60.0,,,,,,,,
1NHG_2|Chains,pdb|3AM5|A,Chain A, Enoyl-ACP reductase [Plasmodium falciparum],2e-36,123.0,100.0,59.0,,,,,,,,
1NHG_2|Chains,pdb|1UH5|A,Chain A, enoyl-ACP reductase [Plasmodium falciparum],2.02e-36,123.0,100.0,59.0,,,,,,,,
1NHG_2|Chains,gb|AAK83687.1|,enoyl-acyl-carrier protein reductase precursor [Plasmodium falciparum],1.25e-35,123.0,100.0,60.0,NaN,,,,,,,,
1NHG_2|Chains,gb|AAK38274.1|,enoyl-ACP reductase, partial [Plasmodium falciparum],1.32e-35,123.0,100.0,60.0,,,,,,,,
1NHG_2|Chains,pdb|3AM3|A,Chain A, Enoyl-ACP reductase [Plasmodium falciparum],1.33e-35,121.0,98.305,59.0,,,,,,,,
1NHG_2|Chains,gb|AAK25802.1|,enoyl-acyl carrier reductase [Plasmodium falciparum],2.10e-35,122.0,100.0,60.0,NaN,,,,,,,,
1P45_1|Chains,gb|AAK38274.1|,enoyl-ACP reductase, partial [Plasmodium falciparum],3.25e-09,56.6,27.322,183.0,,,,,,,,
1P45_1|Chains,pdb|3AM3|A,Chain A, Enoyl-ACP reductase [Plasmodium falciparum],3.27e-09,56.2,27.322,183.0,,,,,,,,
1P45_1|Chains,pdb|1NHG|A,Chain A, enoyl-acyl carrier reductase [Plasmodium falciparum],3.85e-09,55.5,27.222,180.0,,,,,,,,
1P45_1|Chains,pdb|1UH5|A,Chain A, enoyl-ACP reductase [Plasmodium falciparum],4.69e-09,55.8,27.322,183.0,,,,,,,,
1P45_1|Chains,gb|AAK25802.1|,enoyl-acyl carrier reductase [Plasmodium falciparum],6.83e-09,55.8,38.554,83.0,NaN,,,,,,,,
1P45_1|Chains,gb|AAK83687.1|,enoyl-acyl-carrier protein reductase precursor [Plasmodium falciparum],7.15e-09,55.8,38.554,83.0,NaN,,,,,,,,
1P45_1|Chains,pdb|1VRW|A,Chain A, ENOYL-ACYL CARRIER REDUCTASE [Plasmodium falciparum],7.98e-09,55.1,38.554,83.0,,,,,,,,
1P45_1|Chains,pdb|2OL4|A,Chain A, Enoyl-acyl carrier reductase [Plasmodium falciparum],8.03e-09,55.1,38.554,83.0,,,,,,,,
1P45_1|Chains,pdb|3AM5|A,Chain A, Enoyl-ACP reductase [Plasmodium falciparum],2.19e-08,53.9,27.322,183.0,,,,,,,,
1Q7Y_10|Chain,emb|CAE84233.1|,ribosomal phosphoprotein, partial [Plasmodium falciparum],1.48e-24,101.0,25.862,232.0,,,,,,,,
1Q7Y_10|Chain,emb|CAF18552.1|,ribosomal phosphoprotein, partial [Plasmodium falciparum],1.8999999999999998e-24,101.0,25.862,232.0,,,,,,,,
1Q7Y_10|Chain,gb|AAD10140.1|,acidic ribosomal phosphoprotein PO [Plasmodium falciparum],6.45e-20,88.6,24.254,268.0,NaN,,,,,,,,
1Q7Y_4|Chain,emb|CAA64579.1|,rpl2 [Plasmodium falciparum],7.20e-11,60.1,23.567,157.0,NaN,,,,,,,,
1QG6_1|Chains,pdb|3AM3|A,Chain A, Enoyl-ACP reductase [Plasmodium falciparum],6.04e-20,87.0,25.738,237.0,,,,,,,,
1QG6_1|Chains,pdb|1UH5|A,Chain A, enoyl-ACP reductase [Plasmodium falciparum],2.51e-19,85.5,25.316,237.0,,,,,,,,
1QG6_1|Chains,gb|AAK38274.1|,enoyl-ACP reductase, partial [Plasmodium falciparum],3.38e-19,85.9,25.316,237.0,,,,,,,,
1QG6_1|Chains,pdb|2OL4|A,Chain A, Enoyl-acyl carrier reductase [Plasmodium falciparum],7.8e-19,84.3,24.051,237.0,,,,,,,,
1QG6_1|Chains,pdb|1VRW|A,Chain A, ENOYL-ACYL CARRIER REDUCTASE [Plasmodium falciparum],7.96e-19,84.0,24.051,237.0,,,,,,,,
1QG6_1|Chains,gb|AAK25802.1|,enoyl-acyl carrier reductase [Plasmodium falciparum],8.94e-19,84.7,24.051,237.0,NaN,,,,,,,,
1QG6_1|Chains,pdb|3AM5|A,Chain A, Enoyl-ACP reductase [Plasmodium falciparum],1.37e-18,83.2,25.316,237.0,,,,,,,,
1QG6_1|Chains,gb|AAK83687.1|,enoyl-acyl-carrier protein reductase precursor [Plasmodium falciparum],1.84e-18,84.0,25.806,217.0,NaN,,,,,,,,
1QG6_1|Chains,pdb|1NHG|A,Chain A, enoyl-acyl carrier reductase [Plasmodium falciparum],2.81e-14,69.7,29.078,141.0,,,,,,,,
1QSG_1|Chains,pdb|3AM3|A,Chain A, Enoyl-ACP reductase [Plasmodium falciparum],6.82e-20,87.0,25.738,237.0,,,,,,,,
1QSG_1|Chains,pdb|1UH5|A,Chain A, enoyl-ACP reductase [Plasmodium falciparum],3.19e-19,85.1,25.316,237.0,,,,,,,,
1QSG_1|Chains,gb|AAK38274.1|,enoyl-ACP reductase, partial [Plasmodium falciparum],3.71e-19,85.9,25.316,237.0,,,,,,,,
1QSG_1|Chains,pdb|2OL4|A,Chain A, Enoyl-acyl carrier reductase [Plasmodium falciparum],8.35e-19,84.3,24.051,237.0,,,,,,,,
1QSG_1|Chains,pdb|1VRW|A,Chain A, ENOYL-ACYL CARRIER REDUCTASE [Plasmodium falciparum],9.04e-19,84.0,24.051,237.0,,,,,,,,
1QSG_1|Chains,gb|AAK25802.1|,enoyl-acyl carrier reductase [Plasmodium falciparum],9.89e-19,84.7,24.051,237.0,NaN,,,,,,,,
1QSG_1|Chains,gb|AAK83687.1|,enoyl-acyl-carrier protein reductase precursor [Plasmodium falciparum],1.71e-18,84.0,25.806,217.0,NaN,,,,,,,,
1QSG_1|Chains,pdb|3AM5|A,Chain A, Enoyl-ACP reductase [Plasmodium falciparum],1.79e-18,83.2,25.316,237.0,,,,,,,,
1QSG_1|Chains,pdb|1NHG|A,Chain A, enoyl-acyl carrier reductase [Plasmodium falciparum],3.17e-14,69.7,29.078,141.0,,,,,,,,
1UH5_1|Chains,gb|AAK38274.1|,enoyl-ACP reductase, partial [Plasmodium falciparum],0.0,677.0,100.0,329.0,,,,,,,,
1UH5_1|Chains,pdb|1UH5|A,Chain A, enoyl-ACP reductase [Plasmodium falciparum],0.0,675.0,100.0,329.0,,,,,,,,
1UH5_1|Chains,pdb|3AM3|A,Chain A, Enoyl-ACP reductase [Plasmodium falciparum],0.0,674.0,99.696,329.0,,,,,,,,
1UH5_1|Chains,pdb|3AM5|A,Chain A, Enoyl-ACP reductase [Plasmodium falciparum],0.0,673.0,99.696,329.0,,,,,,,,
1UH5_1|Chains,gb|AAK25802.1|,enoyl-acyl carrier reductase [Plasmodium falciparum],0.0,671.0,99.392,329.0,NaN,,,,,,,,
1UH5_1|Chains,pdb|2OL4|A,Chain A, Enoyl-acyl carrier reductase [Plasmodium falciparum],0.0,669.0,99.392,329.0,,,,,,,,
1UH5_1|Chains,gb|AAK83687.1|,enoyl-acyl-carrier protein reductase precursor [Plasmodium falciparum],0.0,668.0,99.088,329.0,NaN,,,,,,,,
1UH5_1|Chains,pdb|1VRW|A,Chain A, ENOYL-ACYL CARRIER REDUCTASE [Plasmodium falciparum],0.0,668.0,99.39,328.0,,,,,,,,
1UH5_1|Chains,pdb|1NHG|A,Chain A, enoyl-acyl carrier reductase [Plasmodium falciparum],1.26e-170,472.0,100.0,229.0,,,,,,,,
1UH5_1|Chains,pdb|1NHG|C,Chain C, enoyl-acyl carrier reductase [Plasmodium falciparum],1.1100000000000001e-35,123.0,100.0,59.0,,,,,,,,
2B35_1|Chains,gb|AAK38274.1|,enoyl-ACP reductase, partial [Plasmodium falciparum],3.25e-09,56.6,27.322,183.0,,,,,,,,
2B35_1|Chains,pdb|3AM3|A,Chain A, Enoyl-ACP reductase [Plasmodium falciparum],3.27e-09,56.2,27.322,183.0,,,,,,,,
2B35_1|Chains,pdb|1NHG|A,Chain A, enoyl-acyl carrier reductase [Plasmodium falciparum],3.85e-09,55.5,27.222,180.0,,,,,,,,
2B35_1|Chains,pdb|1UH5|A,Chain A, enoyl-ACP reductase [Plasmodium falciparum],4.69e-09,55.8,27.322,183.0,,,,,,,,
2B35_1|Chains,gb|AAK25802.1|,enoyl-acyl carrier reductase [Plasmodium falciparum],6.83e-09,55.8,38.554,83.0,NaN,,,,,,,,
2B35_1|Chains,gb|AAK83687.1|,enoyl-acyl-carrier protein reductase precursor [Plasmodium falciparum],7.15e-09,55.8,38.554,83.0,NaN,,,,,,,,
2B35_1|Chains,pdb|1VRW|A,Chain A, ENOYL-ACYL CARRIER REDUCTASE [Plasmodium falciparum],7.98e-09,55.1,38.554,83.0,,,,,,,,
2B35_1|Chains,pdb|2OL4|A,Chain A, Enoyl-acyl carrier reductase [Plasmodium falciparum],8.03e-09,55.1,38.554,83.0,,,,,,,,
2B35_1|Chains,pdb|3AM5|A,Chain A, Enoyl-ACP reductase [Plasmodium falciparum],2.19e-08,53.9,27.322,183.0,,,,,,,,
2BL9_1|Chain,pdb|1J3I|A,Chain A, Bifunctional dihydrofolate reductase-thymidylate synthase [Plasmodium falciparum],8.48e-109,314.0,63.713,237,,,,,,,,
2BL9_1|Chain,pdb|1J3J|A,Chain A, Bifunctional dihydrofolate reductase-thymidylate synthase [Plasmodium falciparum],2.15e-108,313.0,63.291,237,,,,,,,,
2BL9_1|Chain,gb|ANG56392.1|,dihydrofolate reductase, partial [Plasmodium falciparum],2.65e-107,308.0,64.224,232,,,,,,,,
2BL9_1|Chain,gb|QOP39094.1|,dihydrofolate reductase, partial [Plasmodium falciparum],6.45e-107,310.0,63.675,234,,,,,,,,
2BL9_1|Chain,pdb|1J3K|A,Chain A, Bifunctional dihydrofolate reductase-thymidylate synthase [Plasmodium falciparum],1.6499999999999998e-106,308.0,62.447,237,,,,,,,,
2BL9_1|Chain,gb|QOP39095.1|,dihydrofolate reductase, partial [Plasmodium falciparum],4.5200000000000005e-105,305.0,62.821,234,,,,,,,,
2BL9_1|Chain,gb|QOP39088.1|,dihydrofolate reductase, partial [Plasmodium falciparum],5.04e-105,305.0,62.821,234,,,,,,,,
2BL9_1|Chain,gb|AAV67912.1|,dihydrofolate reductase, partial [Plasmodium falciparum],2.2e-104,300.0,64.602,226,,,,,,,,
2BL9_1|Chain,gb|AIB07166.1|,bifunctional dihydrofolate reductase-thymidylate synthase, partial [Plasmodium falciparum],5.18e-104,311.0,63.291,237,,,,,,,,
2BL9_1|Chain,gb|AIB07251.1|,bifunctional dihydrofolate reductase-thymidylate synthase, partial [Plasmodium falciparum],7.209999999999999e-104,312.0,63.713,237,,,,,,,,
2BLA_1|Chain,pdb|1J3J|A,Chain A, Bifunctional dihydrofolate reductase-thymidylate synthase [Plasmodium falciparum],1.6400000000000005e-110,318.0,64.557,237,,,,,,,,
2BLA_1|Chain,pdb|1J3K|A,Chain A, Bifunctional dihydrofolate reductase-thymidylate synthase [Plasmodium falciparum],1.23e-108,313.0,63.713,237,,,,,,,,
2BLA_1|Chain,pdb|1J3I|A,Chain A, Bifunctional dihydrofolate reductase-thymidylate synthase [Plasmodium falciparum],2.92e-108,313.0,63.713,237,,,,,,,,
2BLA_1|Chain,gb|QOP39095.1|,dihydrofolate reductase, partial [Plasmodium falciparum],3.81e-107,310.0,64.103,234,,,,,,,,
2BLA_1|Chain,gb|ANG56392.1|,dihydrofolate reductase, partial [Plasmodium falciparum],6.8e-107,307.0,64.224,232,,,,,,,,
2BLA_1|Chain,gb|QOP39094.1|,dihydrofolate reductase, partial [Plasmodium falciparum],1.88e-106,308.0,63.675,234,,,,,,,,
2BLA_1|Chain,gb|AIB07166.1|,bifunctional dihydrofolate reductase-thymidylate synthase, partial [Plasmodium falciparum],5.24e-106,317.0,64.557,237,,,,,,,,
2BLA_1|Chain,gb|QOP39088.1|,dihydrofolate reductase, partial [Plasmodium falciparum],7.369999999999999e-106,307.0,63.675,234,,,,,,,,
2BLA_1|Chain,gb|AIB07310.1|,bifunctional dihydrofolate reductase-thymidylate synthase, partial [Plasmodium falciparum],1.22e-105,316.0,64.557,237,,,,,,,,
2BLA_1|Chain,gb|AIB07207.1|,bifunctional dihydrofolate reductase-thymidylate synthase, partial [Plasmodium falciparum],1.33e-105,316.0,64.557,237,,,,,,,,
2J50_1|Chains,pdb|4RGJ|A,Chain A, Calcium-dependent protein kinase 4 [Plasmodium falciparum],1.4999999999999998e-49,171.0,35.227,264.0,,,,,,,,
2J50_1|Chains,emb|CAA68090.1|,CDPK2 [Plasmodium falciparum],7.63e-49,169.0,35.606,264.0,NaN,,,,,,,,
2J50_1|Chains,gb|AAT06260.1|,protein kinase B-like protein [Plasmodium falciparum],4.18e-48,165.0,34.866,261.0,NaN,,,,,,,,
2J50_1|Chains,gb|AAF99562.1|,cAMP-dependent protein kinase [Plasmodium falciparum],1.42e-45,156.0,33.462,260.0,NaN,,,,,,,,
2J50_1|Chains,emb|CAA47704.1|,protein kinase [Plasmodium falciparum],4.36e-42,150.0,32.014,278.0,NaN,,,,,,,,
2J50_1|Chains,pdb|5DYK|A,Chain A, CGMP-dependent protein kinase [Plasmodium falciparum],4.54e-40,147.0,31.939,263.0,,,,,,,,
2J50_1|Chains,emb|CAA80490.1|,serine/threonine-protein kinase [Plasmodium falciparum],4.20e-37,139.0,29.084,251.0,NaN,,,,,,,,
2J50_1|Chains,pdb|1V0B|A,Chain A, CELL DIVISION CONTROL PROTEIN 2 HOMOLOG [Plasmodium falciparum],5.25e-35,127.0,29.72,286.0,,,,,,,,
2J50_1|Chains,pdb|1V0O|A,Chain A, CELL DIVISION CONTROL PROTEIN 2 HOMOLOG [Plasmodium falciparum],5.310000000000001e-35,127.0,29.72,286.0,,,,,,,,
2J50_1|Chains,pdb|1OB3|A,Chain A, CELL DIVISION CONTROL PROTEIN 2 HOMOLOG [Plasmodium falciparum],6.620000000000001e-35,127.0,29.72,286.0,,,,,,,,
2O2S_1|Chains,pdb|2OL4|A,Chain A, Enoyl-acyl carrier reductase [Plasmodium falciparum],4.98e-101,300.0,47.04,321.0,,,,,,,,
2O2S_1|Chains,pdb|1UH5|A,Chain A, enoyl-ACP reductase [Plasmodium falciparum],5.5000000000000004e-101,299.0,47.04,321.0,,,,,,,,
2O2S_1|Chains,pdb|1VRW|A,Chain A, ENOYL-ACYL CARRIER REDUCTASE [Plasmodium falciparum],5.8e-101,299.0,47.04,321.0,,,,,,,,
2O2S_1|Chains,gb|AAK38274.1|,enoyl-ACP reductase, partial [Plasmodium falciparum],1.08e-100,302.0,47.04,321.0,,,,,,,,
2O2S_1|Chains,gb|AAK25802.1|,enoyl-acyl carrier reductase [Plasmodium falciparum],1.22e-100,302.0,47.04,321.0,NaN,,,,,,,,
2O2S_1|Chains,pdb|3AM3|A,Chain A, Enoyl-ACP reductase [Plasmodium falciparum],2.1e-100,298.0,46.729,321.0,,,,,,,,
2O2S_1|Chains,pdb|3AM5|A,Chain A, Enoyl-ACP reductase [Plasmodium falciparum],4.750000000000001e-100,296.0,46.729,321.0,,,,,,,,
2O2S_1|Chains,gb|AAK83687.1|,enoyl-acyl-carrier protein reductase precursor [Plasmodium falciparum],1.65e-99,299.0,46.729,321.0,NaN,,,,,,,,
2O2S_1|Chains,pdb|1NHG|A,Chain A, enoyl-acyl carrier reductase [Plasmodium falciparum],2.83e-83,250.0,50.885,226.0,,,,,,,,
2O2S_1|Chains,pdb|1NHG|C,Chain C, enoyl-acyl carrier reductase [Plasmodium falciparum],2.21e-14,66.6,59.259,54.0,,,,,,,,
2PD3_1|Chains,pdb|3AM3|A,Chain A, Enoyl-ACP reductase [Plasmodium falciparum],3.26e-18,82.8,27.354,223.0,,,,,,,,
2PD3_1|Chains,pdb|1UH5|A,Chain A, enoyl-ACP reductase [Plasmodium falciparum],4.17e-18,82.4,27.803,223.0,,,,,,,,
2PD3_1|Chains,gb|AAK83687.1|,enoyl-acyl-carrier protein reductase precursor [Plasmodium falciparum],4.63e-18,83.2,27.803,223.0,NaN,,,,,,,,
2PD3_1|Chains,gb|AAK38274.1|,enoyl-ACP reductase, partial [Plasmodium falciparum],4.81e-18,82.8,27.803,223.0,,,,,,,,
2PD3_1|Chains,pdb|1VRW|A,Chain A, ENOYL-ACYL CARRIER REDUCTASE [Plasmodium falciparum],5.11e-18,82.0,27.803,223.0,,,,,,,,
2PD3_1|Chains,pdb|2OL4|A,Chain A, Enoyl-acyl carrier reductase [Plasmodium falciparum],5.21e-18,82.0,27.803,223.0,,,,,,,,
2PD3_1|Chains,gb|AAK25802.1|,enoyl-acyl carrier reductase [Plasmodium falciparum],5.60e-18,82.8,27.803,223.0,NaN,,,,,,,,
2PD3_1|Chains,pdb|3AM5|A,Chain A, Enoyl-ACP reductase [Plasmodium falciparum],1.72e-17,80.5,27.803,223.0,,,,,,,,
2PD3_1|Chains,pdb|1NHG|A,Chain A, enoyl-acyl carrier reductase [Plasmodium falciparum],1.88e-15,73.6,36.508,126.0,,,,,,,,
2QIO_1|Chains,pdb|3AM3|A,Chain A, Enoyl-ACP reductase [Plasmodium falciparum],9.17e-24,97.4,24.458,323.0,,,,,,,,
2QIO_1|Chains,pdb|1VRW|A,Chain A, ENOYL-ACYL CARRIER REDUCTASE [Plasmodium falciparum],1.41e-23,97.1,25.077,323.0,,,,,,,,
2QIO_1|Chains,pdb|1UH5|A,Chain A, enoyl-ACP reductase [Plasmodium falciparum],1.42e-23,97.1,25.077,323.0,,,,,,,,
2QIO_1|Chains,pdb|2OL4|A,Chain A, Enoyl-acyl carrier reductase [Plasmodium falciparum],1.5099999999999998e-23,97.1,25.077,323.0,,,,,,,,
2QIO_1|Chains,gb|AAK83687.1|,enoyl-acyl-carrier protein reductase precursor [Plasmodium falciparum],5.12e-23,96.7,25.077,323.0,NaN,,,,,,,,
2QIO_1|Chains,gb|AAK25802.1|,enoyl-acyl carrier reductase [Plasmodium falciparum],5.65e-23,96.7,25.077,323.0,NaN,,,,,,,,
2QIO_1|Chains,gb|AAK38274.1|,enoyl-ACP reductase, partial [Plasmodium falciparum],5.99e-23,96.7,25.387,323.0,,,,,,,,
2QIO_1|Chains,pdb|3AM5|A,Chain A, Enoyl-ACP reductase [Plasmodium falciparum],6.01e-23,95.1,25.077,323.0,,,,,,,,
2QIO_1|Chains,pdb|1NHG|A,Chain A, enoyl-acyl carrier reductase [Plasmodium falciparum],2.32e-17,78.2,26.549,226.0,,,,,,,,
2QIO_1|Chains,pdb|1NHG|C,Chain C, enoyl-acyl carrier reductase [Plasmodium falciparum],5.49e-06,42.7,40.909,44.0,,,,,,,,
2VRX_1|Chains,pdb|4RGJ|A,Chain A, Calcium-dependent protein kinase 4 [Plasmodium falciparum],3.18e-49,170.0,35.409,257.0,,,,,,,,
2VRX_1|Chains,gb|AAT06260.1|,protein kinase B-like protein [Plasmodium falciparum],4.02e-47,163.0,33.577,274.0,NaN,,,,,,,,
2VRX_1|Chains,emb|CAA68090.1|,CDPK2 [Plasmodium falciparum],4.25e-45,159.0,33.333,261.0,NaN,,,,,,,,
2VRX_1|Chains,pdb|5DYK|A,Chain A, CGMP-dependent protein kinase [Plasmodium falciparum],1.3700000000000002e-43,158.0,31.741,293.0,,,,,,,,
2VRX_1|Chains,emb|CAA47704.1|,protein kinase [Plasmodium falciparum],2.85e-43,154.0,32.117,274.0,NaN,,,,,,,,
2VRX_1|Chains,gb|AAF99562.1|,cAMP-dependent protein kinase [Plasmodium falciparum],1.10e-42,149.0,31.439,264.0,NaN,,,,,,,,
2VRX_1|Chains,pdb|1V0O|A,Chain A, CELL DIVISION CONTROL PROTEIN 2 HOMOLOG [Plasmodium falciparum],1.5900000000000002e-35,129.0,31.597,288.0,,,,,,,,
2VRX_1|Chains,pdb|1V0B|A,Chain A, CELL DIVISION CONTROL PROTEIN 2 HOMOLOG [Plasmodium falciparum],1.7800000000000002e-35,128.0,31.25,288.0,,,,,,,,
2VRX_1|Chains,pdb|1OB3|A,Chain A, CELL DIVISION CONTROL PROTEIN 2 HOMOLOG [Plasmodium falciparum],1.8999999999999998e-35,128.0,31.597,288.0,,,,,,,,
2VRX_1|Chains,emb|CAA80490.1|,serine/threonine-protein kinase [Plasmodium falciparum],2.17e-35,134.0,27.652,264.0,NaN,,,,,,,,
2WYW_1|Chains,pdb|3AM3|A,Chain A, Enoyl-ACP reductase [Plasmodium falciparum],3.9099999999999997e-28,109.0,29.536,237.0,,,,,,,,
2WYW_1|Chains,pdb|1UH5|A,Chain A, enoyl-ACP reductase [Plasmodium falciparum],4.21e-28,109.0,29.536,237.0,,,,,,,,
2WYW_1|Chains,pdb|2OL4|A,Chain A, Enoyl-acyl carrier reductase [Plasmodium falciparum],4.39e-28,109.0,29.536,237.0,,,,,,,,
2WYW_1|Chains,pdb|1VRW|A,Chain A, ENOYL-ACYL CARRIER REDUCTASE [Plasmodium falciparum],5.45e-28,109.0,29.536,237.0,,,,,,,,
2WYW_1|Chains,gb|AAK38274.1|,enoyl-ACP reductase, partial [Plasmodium falciparum],1.1e-27,109.0,29.536,237.0,,,,,,,,
2WYW_1|Chains,gb|AAK25802.1|,enoyl-acyl carrier reductase [Plasmodium falciparum],1.20e-27,109.0,29.536,237.0,NaN,,,,,,,,
2WYW_1|Chains,gb|AAK83687.1|,enoyl-acyl-carrier protein reductase precursor [Plasmodium falciparum],1.55e-27,109.0,29.536,237.0,NaN,,,,,,,,
2WYW_1|Chains,pdb|3AM5|A,Chain A, Enoyl-ACP reductase [Plasmodium falciparum],2.24e-27,107.0,29.536,237.0,,,,,,,,
2WYW_1|Chains,pdb|1NHG|A,Chain A, enoyl-acyl carrier reductase [Plasmodium falciparum],2.45e-22,91.7,36.429,140.0,,,,,,,,
2Y7J_1|Chains,pdb|4RGJ|A,Chain A, Calcium-dependent protein kinase 4 [Plasmodium falciparum],1.1e-52,182.0,32.852,277.0,,,,,,,,
2Y7J_1|Chains,emb|CAA68090.1|,CDPK2 [Plasmodium falciparum],1.20e-50,176.0,32.971,276.0,NaN,,,,,,,,
2Y7J_1|Chains,emb|CAA47704.1|,protein kinase [Plasmodium falciparum],3.49e-46,164.0,31.752,274.0,NaN,,,,,,,,
2Y7J_1|Chains,emb|CAA45179.1|,PfPK2 [Plasmodium falciparum],8.83e-46,163.0,35.338,266.0,NaN,,,,,,,,
2Y7J_1|Chains,gb|AAT06260.1|,protein kinase B-like protein [Plasmodium falciparum],3.27e-37,139.0,33.21,271.0,NaN,,,,,,,,
2Y7J_1|Chains,pdb|5DYK|A,Chain A, CGMP-dependent protein kinase [Plasmodium falciparum],1.03e-34,135.0,31.752,274.0,,,,,,,,
2Y7J_1|Chains,gb|AAF99562.1|,cAMP-dependent protein kinase [Plasmodium falciparum],9.45e-32,122.0,33.182,220.0,NaN,,,,,,,,
2Y7J_1|Chains,emb|CAA80490.1|,serine/threonine-protein kinase [Plasmodium falciparum],3.75e-30,121.0,30.597,268.0,NaN,,,,,,,,
2Y7J_1|Chains,emb|CAA57972.1|,mitogen-activated protein kinase 1, serine/threonine protein kinase [Plasmodium falciparum],2.2e-26,110.0,27.778,306.0,,,,,,,,
2Y7J_1|Chains,gb|AAC47170.1|,mitogen-activated protein kinase-related protein [Plasmodium falciparum],6.35e-26,108.0,27.778,306.0,NaN,,,,,,,,
3AM3_1|Chains,pdb|3AM3|A,Chain A, Enoyl-ACP reductase [Plasmodium falciparum],0.0,676.0,100.0,329.0,,,,,,,,
3AM3_1|Chains,gb|AAK38274.1|,enoyl-ACP reductase, partial [Plasmodium falciparum],0.0,675.0,99.696,329.0,,,,,,,,
3AM3_1|Chains,pdb|1UH5|A,Chain A, enoyl-ACP reductase [Plasmodium falciparum],0.0,674.0,99.696,329.0,,,,,,,,
3AM3_1|Chains,pdb|3AM5|A,Chain A, Enoyl-ACP reductase [Plasmodium falciparum],0.0,671.0,99.392,329.0,,,,,,,,
3AM3_1|Chains,gb|AAK25802.1|,enoyl-acyl carrier reductase [Plasmodium falciparum],0.0,669.0,99.088,329.0,NaN,,,,,,,,
3AM3_1|Chains,pdb|2OL4|A,Chain A, Enoyl-acyl carrier reductase [Plasmodium falciparum],0.0,667.0,99.088,329.0,,,,,,,,
3AM3_1|Chains,gb|AAK83687.1|,enoyl-acyl-carrier protein reductase precursor [Plasmodium falciparum],0.0,666.0,98.784,329.0,NaN,,,,,,,,
3AM3_1|Chains,pdb|1VRW|A,Chain A, ENOYL-ACYL CARRIER REDUCTASE [Plasmodium falciparum],0.0,665.0,99.085,328.0,,,,,,,,
3AM3_1|Chains,pdb|1NHG|A,Chain A, enoyl-acyl carrier reductase [Plasmodium falciparum],1.2499999999999998e-170,473.0,100.0,229.0,,,,,,,,
3AM3_1|Chains,pdb|1NHG|C,Chain C, enoyl-acyl carrier reductase [Plasmodium falciparum],7.310000000000001e-35,121.0,98.305,59.0,,,,,,,,
3AM5_1|Chains,gb|AAK38274.1|,enoyl-ACP reductase, partial [Plasmodium falciparum],0.0,676.0,99.696,329.0,,,,,,,,
3AM5_1|Chains,pdb|3AM5|A,Chain A, Enoyl-ACP reductase [Plasmodium falciparum],0.0,676.0,100.0,329.0,,,,,,,,
3AM5_1|Chains,pdb|1UH5|A,Chain A, enoyl-ACP reductase [Plasmodium falciparum],0.0,673.0,99.696,329.0,,,,,,,,
3AM5_1|Chains,pdb|3AM3|A,Chain A, Enoyl-ACP reductase [Plasmodium falciparum],0.0,671.0,99.392,329.0,,,,,,,,
3AM5_1|Chains,gb|AAK25802.1|,enoyl-acyl carrier reductase [Plasmodium falciparum],0.0,669.0,99.088,329.0,NaN,,,,,,,,
3AM5_1|Chains,pdb|2OL4|A,Chain A, Enoyl-acyl carrier reductase [Plasmodium falciparum],0.0,667.0,99.088,329.0,,,,,,,,
3AM5_1|Chains,gb|AAK83687.1|,enoyl-acyl-carrier protein reductase precursor [Plasmodium falciparum],0.0,667.0,98.784,329.0,NaN,,,,,,,,
3AM5_1|Chains,pdb|1VRW|A,Chain A, ENOYL-ACYL CARRIER REDUCTASE [Plasmodium falciparum],0.0,665.0,99.085,328.0,,,,,,,,
3AM5_1|Chains,pdb|1NHG|A,Chain A, enoyl-acyl carrier reductase [Plasmodium falciparum],8.589999999999999e-170,470.0,99.563,229.0,,,,,,,,
3AM5_1|Chains,pdb|1NHG|C,Chain C, enoyl-acyl carrier reductase [Plasmodium falciparum],1.1e-35,123.0,100.0,59.0,,,,,,,,
3F4B_1|Chains,gb|AAK38274.1|,enoyl-ACP reductase, partial [Plasmodium falciparum],2.04e-178,500.0,71.802,344.0,,,,,,,,
3F4B_1|Chains,gb|AAK25802.1|,enoyl-acyl carrier reductase [Plasmodium falciparum],2.18e-178,500.0,71.802,344.0,NaN,,,,,,,,
3F4B_1|Chains,gb|AAK83687.1|,enoyl-acyl-carrier protein reductase precursor [Plasmodium falciparum],4.84e-178,499.0,71.802,344.0,NaN,,,,,,,,
3F4B_1|Chains,pdb|1VRW|A,Chain A, ENOYL-ACYL CARRIER REDUCTASE [Plasmodium falciparum],4.33e-177,493.0,72.024,336.0,,,,,,,,
3F4B_1|Chains,pdb|2OL4|A,Chain A, Enoyl-acyl carrier reductase [Plasmodium falciparum],2.93e-176,491.0,73.333,330.0,,,,,,,,
3F4B_1|Chains,pdb|1UH5|A,Chain A, enoyl-ACP reductase [Plasmodium falciparum],2.52e-175,488.0,73.252,329.0,,,,,,,,
3F4B_1|Chains,pdb|3AM3|A,Chain A, Enoyl-ACP reductase [Plasmodium falciparum],1.79e-174,486.0,72.948,329.0,,,,,,,,
3F4B_1|Chains,pdb|3AM5|A,Chain A, Enoyl-ACP reductase [Plasmodium falciparum],1.87e-174,486.0,72.948,329.0,,,,,,,,
3F4B_1|Chains,pdb|1NHG|A,Chain A, enoyl-acyl carrier reductase [Plasmodium falciparum],1.05e-133,379.0,78.696,230.0,,,,,,,,
3F4B_1|Chains,pdb|1NHG|C,Chain C, enoyl-acyl carrier reductase [Plasmodium falciparum],3.23e-31,111.0,85.0,60.0,,,,,,,,
3FRF_1|Chain,gb|WNV48384.1|,dihyrofolate reductase, partial [Plasmodium falciparum],1.71e-12,62.0,34.146,123,,,,,,,,
3FRF_1|Chain,gb|WKW55605.1|,dihydrofolate reductase, partial [Plasmodium falciparum],2.42e-12,61.6,34.146,123,,,,,,,,
3FRF_1|Chain,gb|WKW55562.1|,dihydrofolate reductase, partial [Plasmodium falciparum],2.66e-12,61.6,34.146,123,,,,,,,,
3FRF_1|Chain,gb|QEQ90775.1|,bifunctional dihydrofolate reductase-thymidylate synthase, partial [Plasmodium falciparum],3.22e-12,61.2,34.146,123,,,,,,,,
3FRF_1|Chain,gb|AAG10106.1|,dihydrofolate reductase-thymidylate synthase, partial [Plasmodium falciparum],3.59e-12,61.6,34.146,123,,,,,,,,
3FRF_1|Chain,gb|WNV48385.1|,dihyrofolate reductase, partial [Plasmodium falciparum],3.77e-12,61.2,34.146,123,,,,,,,,
3FRF_1|Chain,gb|WNV48387.1|,dihyrofolate reductase, partial [Plasmodium falciparum],3.89e-12,60.8,34.146,123,,,,,,,,
3FRF_1|Chain,gb|QEQ90772.1|,bifunctional dihydrofolate reductase-thymidylate synthase, partial [Plasmodium falciparum],3.99e-12,61.2,34.146,123,,,,,,,,
3FRF_1|Chain,pdb|3UM5|A,Chain A, Bifunctional dihydrofolate reductase-thymidylate synthase [Plasmodium falciparum],4e-12,62.8,34.959,123,,,,,,,,
3FRF_1|Chain,gb|WZW72782.1|,dihydrofolate reductase, partial [Plasmodium falciparum],4.14e-12,60.8,34.146,123,,,,,,,,
3FY8_1|Chain,gb|WNV48384.1|,dihyrofolate reductase, partial [Plasmodium falciparum],5.4e-13,63.2,34.959,123,,,,,,,,
3FY8_1|Chain,gb|WKW55562.1|,dihydrofolate reductase, partial [Plasmodium falciparum],7.95e-13,62.8,34.959,123,,,,,,,,
3FY8_1|Chain,gb|WKW55605.1|,dihydrofolate reductase, partial [Plasmodium falciparum],7.95e-13,62.8,34.959,123,,,,,,,,
3FY8_1|Chain,gb|WNV48387.1|,dihyrofolate reductase, partial [Plasmodium falciparum],1.08e-12,62.4,34.959,123,,,,,,,,
3FY8_1|Chain,gb|QEQ90775.1|,bifunctional dihydrofolate reductase-thymidylate synthase, partial [Plasmodium falciparum],1.08e-12,62.8,34.959,123,,,,,,,,
3FY8_1|Chain,gb|AAG10106.1|,dihydrofolate reductase-thymidylate synthase, partial [Plasmodium falciparum],1.16e-12,62.8,34.959,123,,,,,,,,
3FY8_1|Chain,gb|WNV48385.1|,dihyrofolate reductase, partial [Plasmodium falciparum],1.21e-12,62.4,34.959,123,,,,,,,,
3FY8_1|Chain,gb|WKW55514.1|,dihydrofolate reductase, partial [Plasmodium falciparum],1.32e-12,62.4,34.959,123,,,,,,,,
3FY8_1|Chain,gb|QEQ90772.1|,bifunctional dihydrofolate reductase-thymidylate synthase, partial [Plasmodium falciparum],1.33e-12,62.4,34.959,123,,,,,,,,
3FY8_1|Chain,gb|QEQ90774.1|,bifunctional dihydrofolate reductase-thymidylate synthase, partial [Plasmodium falciparum],1.34e-12,62.4,34.959,123,,,,,,,,
3FY9_1|Chain,gb|WNV48384.1|,dihyrofolate reductase, partial [Plasmodium falciparum],5.4e-13,63.2,34.959,123,,,,,,,,
3FY9_1|Chain,gb|WKW55562.1|,dihydrofolate reductase, partial [Plasmodium falciparum],7.95e-13,62.8,34.959,123,,,,,,,,
3FY9_1|Chain,gb|WKW55605.1|,dihydrofolate reductase, partial [Plasmodium falciparum],7.95e-13,62.8,34.959,123,,,,,,,,
3FY9_1|Chain,gb|WNV48387.1|,dihyrofolate reductase, partial [Plasmodium falciparum],1.08e-12,62.4,34.959,123,,,,,,,,
3FY9_1|Chain,gb|QEQ90775.1|,bifunctional dihydrofolate reductase-thymidylate synthase, partial [Plasmodium falciparum],1.08e-12,62.8,34.959,123,,,,,,,,
3FY9_1|Chain,gb|AAG10106.1|,dihydrofolate reductase-thymidylate synthase, partial [Plasmodium falciparum],1.16e-12,62.8,34.959,123,,,,,,,,
3FY9_1|Chain,gb|WNV48385.1|,dihyrofolate reductase, partial [Plasmodium falciparum],1.21e-12,62.4,34.959,123,,,,,,,,
3FY9_1|Chain,gb|WKW55514.1|,dihydrofolate reductase, partial [Plasmodium falciparum],1.32e-12,62.4,34.959,123,,,,,,,,
3FY9_1|Chain,gb|QEQ90772.1|,bifunctional dihydrofolate reductase-thymidylate synthase, partial [Plasmodium falciparum],1.33e-12,62.4,34.959,123,,,,,,,,
3FY9_1|Chain,gb|QEQ90774.1|,bifunctional dihydrofolate reductase-thymidylate synthase, partial [Plasmodium falciparum],1.34e-12,62.4,34.959,123,,,,,,,,
3FYV_1|Chain,gb|WNV48384.1|,dihyrofolate reductase, partial [Plasmodium falciparum],1.71e-12,62.0,34.146,123,,,,,,,,
3FYV_1|Chain,gb|WKW55605.1|,dihydrofolate reductase, partial [Plasmodium falciparum],2.42e-12,61.6,34.146,123,,,,,,,,
3FYV_1|Chain,gb|WKW55562.1|,dihydrofolate reductase, partial [Plasmodium falciparum],2.66e-12,61.6,34.146,123,,,,,,,,
3FYV_1|Chain,gb|QEQ90775.1|,bifunctional dihydrofolate reductase-thymidylate synthase, partial [Plasmodium falciparum],3.22e-12,61.2,34.146,123,,,,,,,,
3FYV_1|Chain,gb|AAG10106.1|,dihydrofolate reductase-thymidylate synthase, partial [Plasmodium falciparum],3.59e-12,61.6,34.146,123,,,,,,,,
3FYV_1|Chain,gb|WNV48385.1|,dihyrofolate reductase, partial [Plasmodium falciparum],3.77e-12,61.2,34.146,123,,,,,,,,
3FYV_1|Chain,gb|WNV48387.1|,dihyrofolate reductase, partial [Plasmodium falciparum],3.89e-12,60.8,34.146,123,,,,,,,,
3FYV_1|Chain,gb|QEQ90772.1|,bifunctional dihydrofolate reductase-thymidylate synthase, partial [Plasmodium falciparum],3.99e-12,61.2,34.146,123,,,,,,,,
3FYV_1|Chain,pdb|3UM5|A,Chain A, Bifunctional dihydrofolate reductase-thymidylate synthase [Plasmodium falciparum],4e-12,62.8,34.959,123,,,,,,,,
3FYV_1|Chain,gb|WZW72782.1|,dihydrofolate reductase, partial [Plasmodium falciparum],4.14e-12,60.8,34.146,123,,,,,,,,
3FYW_1|Chain,gb|WNV48384.1|,dihyrofolate reductase, partial [Plasmodium falciparum],1.71e-12,62.0,34.146,123,,,,,,,,
3FYW_1|Chain,gb|WKW55605.1|,dihydrofolate reductase, partial [Plasmodium falciparum],2.42e-12,61.6,34.146,123,,,,,,,,
3FYW_1|Chain,gb|WKW55562.1|,dihydrofolate reductase, partial [Plasmodium falciparum],2.66e-12,61.6,34.146,123,,,,,,,,
3FYW_1|Chain,gb|QEQ90775.1|,bifunctional dihydrofolate reductase-thymidylate synthase, partial [Plasmodium falciparum],3.22e-12,61.2,34.146,123,,,,,,,,
3FYW_1|Chain,gb|AAG10106.1|,dihydrofolate reductase-thymidylate synthase, partial [Plasmodium falciparum],3.59e-12,61.6,34.146,123,,,,,,,,
3FYW_1|Chain,gb|WNV48385.1|,dihyrofolate reductase, partial [Plasmodium falciparum],3.77e-12,61.2,34.146,123,,,,,,,,
3FYW_1|Chain,gb|WNV48387.1|,dihyrofolate reductase, partial [Plasmodium falciparum],3.89e-12,60.8,34.146,123,,,,,,,,
3FYW_1|Chain,gb|QEQ90772.1|,bifunctional dihydrofolate reductase-thymidylate synthase, partial [Plasmodium falciparum],3.99e-12,61.2,34.146,123,,,,,,,,
3FYW_1|Chain,pdb|3UM5|A,Chain A, Bifunctional dihydrofolate reductase-thymidylate synthase [Plasmodium falciparum],4e-12,62.8,34.959,123,,,,,,,,
3FYW_1|Chain,gb|WZW72782.1|,dihydrofolate reductase, partial [Plasmodium falciparum],4.14e-12,60.8,34.146,123,,,,,,,,
3GR6_1|Chains,gb|AAK38274.1|,enoyl-ACP reductase, partial [Plasmodium falciparum],3.4e-18,83.2,29.224,219.0,,,,,,,,
3GR6_1|Chains,pdb|3AM3|A,Chain A, Enoyl-ACP reductase [Plasmodium falciparum],3.44e-18,82.0,28.311,219.0,,,,,,,,
3GR6_1|Chains,gb|AAK25802.1|,enoyl-acyl carrier reductase [Plasmodium falciparum],3.70e-18,82.8,29.224,219.0,NaN,,,,,,,,
3GR6_1|Chains,gb|AAK83687.1|,enoyl-acyl-carrier protein reductase precursor [Plasmodium falciparum],3.81e-18,82.8,29.224,219.0,NaN,,,,,,,,
3GR6_1|Chains,pdb|1UH5|A,Chain A, enoyl-ACP reductase [Plasmodium falciparum],4.12e-18,82.0,29.224,219.0,,,,,,,,
3GR6_1|Chains,pdb|1VRW|A,Chain A, ENOYL-ACYL CARRIER REDUCTASE [Plasmodium falciparum],4.22e-18,82.0,29.224,219.0,,,,,,,,
3GR6_1|Chains,pdb|2OL4|A,Chain A, Enoyl-acyl carrier reductase [Plasmodium falciparum],5.04e-18,82.0,29.224,219.0,,,,,,,,
3GR6_1|Chains,pdb|3AM5|A,Chain A, Enoyl-ACP reductase [Plasmodium falciparum],1.62e-17,80.5,29.224,219.0,,,,,,,,
3GR6_1|Chains,pdb|1NHG|A,Chain A, enoyl-acyl carrier reductase [Plasmodium falciparum],2.1e-13,67.4,36.29,124.0,,,,,,,,
3KRR_1|Chain,pdb|1V0B|A,Chain A, CELL DIVISION CONTROL PROTEIN 2 HOMOLOG [Plasmodium falciparum],5.930000000000001e-21,90.1,32.178,202.0,,,,,,,,
3KRR_1|Chain,pdb|1V0O|A,Chain A, CELL DIVISION CONTROL PROTEIN 2 HOMOLOG [Plasmodium falciparum],6.360000000000001e-21,90.1,32.178,202.0,,,,,,,,
3KRR_1|Chain,pdb|1OB3|A,Chain A, CELL DIVISION CONTROL PROTEIN 2 HOMOLOG [Plasmodium falciparum],9.52e-21,89.4,32.0,200.0,,,,,,,,
3KRR_1|Chain,emb|CAA80490.1|,serine/threonine-protein kinase [Plasmodium falciparum],1.25e-17,82.8,30.049,203.0,NaN,,,,,,,,
3KRR_1|Chain,gb|AAL54911.1|,sexual stage-specific protein kinase [Plasmodium falciparum],1.37e-16,80.1,31.687,243.0,NaN,,,,,,,,
3KRR_1|Chain,gb|AAC61592.1|,cdk-related protein kinase 6 [Plasmodium falciparum],4.13e-16,76.6,28.774,212.0,NaN,,,,,,,,
3KRR_1|Chain,emb|CAA56732.1|,cdc2-related protein kinase 1 [Plasmodium falciparum],7.79e-16,77.4,30.435,207.0,NaN,,,,,,,,
3KRR_1|Chain,pdb|4RGJ|A,Chain A, Calcium-dependent protein kinase 4 [Plasmodium falciparum],3.86e-15,75.1,32.143,224.0,,,,,,,,
3KRR_1|Chain,emb|CAA68090.1|,CDPK2 [Plasmodium falciparum],1.03e-14,73.9,30.542,203.0,NaN,,,,,,,,
3KRR_1|Chain,emb|CAA47704.1|,protein kinase [Plasmodium falciparum],2.19e-14,72.8,30.189,212.0,NaN,,,,,,,,
3MY0_1|Chains,pdb|4RGJ|A,Chain A, Calcium-dependent protein kinase 4 [Plasmodium falciparum],6.51e-12,65.5,26.027,219.0,,,,,,,,
3MY0_1|Chains,gb|AAC47170.1|,mitogen-activated protein kinase-related protein [Plasmodium falciparum],4.25e-11,63.2,25.846,325.0,NaN,,,,,,,,
3MY0_1|Chains,emb|CAA57972.1|,mitogen-activated protein kinase 1, serine/threonine protein kinase [Plasmodium falciparum],7.85e-11,62.4,25.532,329.0,,,,,,,,
3MY0_1|Chains,emb|CAA80490.1|,serine/threonine-protein kinase [Plasmodium falciparum],1.45e-09,58.5,23.077,299.0,NaN,,,,,,,,
3MY0_1|Chains,gb|AAC61592.1|,cdk-related protein kinase 6 [Plasmodium falciparum],1.63e-08,54.7,23.176,233.0,NaN,,,,,,,,
3MY0_1|Chains,emb|CAA68090.1|,CDPK2 [Plasmodium falciparum],1.03e-07,52.8,24.597,248.0,NaN,,,,,,,,
3MY0_1|Chains,emb|CAA45179.1|,PfPK2 [Plasmodium falciparum],5.46e-07,50.4,22.967,209.0,NaN,,,,,,,,
3MY0_1|Chains,pdb|5DYK|A,Chain A, CGMP-dependent protein kinase [Plasmodium falciparum],4.62e-06,47.8,25.296,253.0,,,,,,,,
3NRC_1|Chains,pdb|3AM3|A,Chain A, Enoyl-ACP reductase [Plasmodium falciparum],4.7e-16,76.6,24.893,233.0,,,,,,,,
3NRC_1|Chains,pdb|1UH5|A,Chain A, enoyl-ACP reductase [Plasmodium falciparum],2.25e-15,74.7,25.322,233.0,,,,,,,,
3NRC_1|Chains,gb|AAK38274.1|,enoyl-ACP reductase, partial [Plasmodium falciparum],2.99e-15,75.1,25.322,233.0,,,,,,,,
3NRC_1|Chains,pdb|1VRW|A,Chain A, ENOYL-ACYL CARRIER REDUCTASE [Plasmodium falciparum],3.55e-15,74.3,24.464,233.0,,,,,,,,
3NRC_1|Chains,pdb|2OL4|A,Chain A, Enoyl-acyl carrier reductase [Plasmodium falciparum],3.96e-15,73.9,24.464,233.0,,,,,,,,
3NRC_1|Chains,gb|AAK25802.1|,enoyl-acyl carrier reductase [Plasmodium falciparum],4.11e-15,74.3,24.464,233.0,NaN,,,,,,,,
3NRC_1|Chains,gb|AAK83687.1|,enoyl-acyl-carrier protein reductase precursor [Plasmodium falciparum],4.43e-15,74.3,24.464,233.0,NaN,,,,,,,,
3NRC_1|Chains,pdb|3AM5|A,Chain A, Enoyl-ACP reductase [Plasmodium falciparum],1.66e-14,72.0,24.893,233.0,,,,,,,,
3NRC_1|Chains,pdb|1NHG|A,Chain A, enoyl-acyl carrier reductase [Plasmodium falciparum],9.29e-13,65.9,31.206,141.0,,,,,,,,
3OIF_1|Chains,pdb|3AM3|A,Chain A, Enoyl-ACP reductase [Plasmodium falciparum],6.860000000000001e-27,106.0,27.187,320.0,,,,,,,,
3OIF_1|Chains,pdb|1UH5|A,Chain A, enoyl-ACP reductase [Plasmodium falciparum],7.45e-27,106.0,27.5,320.0,,,,,,,,
3OIF_1|Chains,pdb|2OL4|A,Chain A, Enoyl-acyl carrier reductase [Plasmodium falciparum],9.79e-27,105.0,27.5,320.0,,,,,,,,
3OIF_1|Chains,pdb|1VRW|A,Chain A, ENOYL-ACYL CARRIER REDUCTASE [Plasmodium falciparum],9.79e-27,105.0,27.5,320.0,,,,,,,,
3OIF_1|Chains,gb|AAK25802.1|,enoyl-acyl carrier reductase [Plasmodium falciparum],2.58e-26,106.0,26.462,325.0,NaN,,,,,,,,
3OIF_1|Chains,gb|AAK83687.1|,enoyl-acyl-carrier protein reductase precursor [Plasmodium falciparum],2.76e-26,106.0,26.462,325.0,NaN,,,,,,,,
3OIF_1|Chains,gb|AAK38274.1|,enoyl-ACP reductase, partial [Plasmodium falciparum],3.24e-26,105.0,26.462,325.0,,,,,,,,
3OIF_1|Chains,pdb|3AM5|A,Chain A, Enoyl-ACP reductase [Plasmodium falciparum],3.5400000000000003e-26,104.0,27.5,320.0,,,,,,,,
3OIF_1|Chains,pdb|1NHG|A,Chain A, enoyl-acyl carrier reductase [Plasmodium falciparum],7.64e-20,85.1,29.778,225.0,,,,,,,,
3OIF_1|Chains,gb|AAK83686.1|,3-oxoacyl-acyl-carrier protein reductase precursor [Plasmodium falciparum],4.64e-08,52.8,38.393,112.0,NaN,,,,,,,,
3PJD_1|Chains,pdb|3AM3|A,Chain A, Enoyl-ACP reductase [Plasmodium falciparum],4.31e-20,87.8,26.16,237.0,,,,,,,,
3PJD_1|Chains,gb|AAK38274.1|,enoyl-ACP reductase, partial [Plasmodium falciparum],1.9e-19,87.0,25.957,235.0,,,,,,,,
3PJD_1|Chains,pdb|1UH5|A,Chain A, enoyl-ACP reductase [Plasmodium falciparum],1.9e-19,85.9,25.738,237.0,,,,,,,,
3PJD_1|Chains,gb|AAK25802.1|,enoyl-acyl carrier reductase [Plasmodium falciparum],4.38e-19,85.9,24.473,237.0,NaN,,,,,,,,
3PJD_1|Chains,pdb|1VRW|A,Chain A, ENOYL-ACYL CARRIER REDUCTASE [Plasmodium falciparum],4.43e-19,85.1,24.473,237.0,,,,,,,,
3PJD_1|Chains,pdb|2OL4|A,Chain A, Enoyl-acyl carrier reductase [Plasmodium falciparum],5.08e-19,84.7,24.473,237.0,,,,,,,,
3PJD_1|Chains,gb|AAK83687.1|,enoyl-acyl-carrier protein reductase precursor [Plasmodium falciparum],7.58e-19,85.1,26.267,217.0,NaN,,,,,,,,
3PJD_1|Chains,pdb|3AM5|A,Chain A, Enoyl-ACP reductase [Plasmodium falciparum],8.66e-19,84.0,25.738,237.0,,,,,,,,
3PJD_1|Chains,pdb|1NHG|A,Chain A, enoyl-acyl carrier reductase [Plasmodium falciparum],2.25e-14,70.5,30.216,139.0,,,,,,,,
3PJE_1|Chains,pdb|3AM3|A,Chain A, Enoyl-ACP reductase [Plasmodium falciparum],1.11e-19,86.7,25.738,237.0,,,,,,,,
3PJE_1|Chains,gb|AAK38274.1|,enoyl-ACP reductase, partial [Plasmodium falciparum],4.42e-19,85.9,25.532,235.0,,,,,,,,
3PJE_1|Chains,pdb|1UH5|A,Chain A, enoyl-ACP reductase [Plasmodium falciparum],4.55e-19,84.7,25.316,237.0,,,,,,,,
3PJE_1|Chains,gb|AAK25802.1|,enoyl-acyl carrier reductase [Plasmodium falciparum],1.01e-18,84.7,24.051,237.0,NaN,,,,,,,,
3PJE_1|Chains,pdb|1VRW|A,Chain A, ENOYL-ACYL CARRIER REDUCTASE [Plasmodium falciparum],1.31e-18,83.6,24.051,237.0,,,,,,,,
3PJE_1|Chains,pdb|2OL4|A,Chain A, Enoyl-acyl carrier reductase [Plasmodium falciparum],1.58e-18,83.6,24.051,237.0,,,,,,,,
3PJE_1|Chains,gb|AAK83687.1|,enoyl-acyl-carrier protein reductase precursor [Plasmodium falciparum],1.65e-18,84.3,25.806,217.0,NaN,,,,,,,,
3PJE_1|Chains,pdb|3AM5|A,Chain A, Enoyl-ACP reductase [Plasmodium falciparum],2.4e-18,82.8,25.316,237.0,,,,,,,,
3PJE_1|Chains,pdb|1NHG|A,Chain A, enoyl-acyl carrier reductase [Plasmodium falciparum],6.18e-14,68.9,29.496,139.0,,,,,,,,
3PJF_1|Chains,pdb|3AM3|A,Chain A, Enoyl-ACP reductase [Plasmodium falciparum],9.66e-20,86.7,25.738,237.0,,,,,,,,
3PJF_1|Chains,gb|AAK38274.1|,enoyl-ACP reductase, partial [Plasmodium falciparum],4.26e-19,85.9,25.532,235.0,,,,,,,,
3PJF_1|Chains,pdb|1UH5|A,Chain A, enoyl-ACP reductase [Plasmodium falciparum],4.83e-19,84.7,25.738,237.0,,,,,,,,
3PJF_1|Chains,gb|AAK25802.1|,enoyl-acyl carrier reductase [Plasmodium falciparum],9.45e-19,84.7,25.316,237.0,NaN,,,,,,,,
3PJF_1|Chains,pdb|1VRW|A,Chain A, ENOYL-ACYL CARRIER REDUCTASE [Plasmodium falciparum],1.22e-18,84.0,24.051,237.0,,,,,,,,
3PJF_1|Chains,pdb|2OL4|A,Chain A, Enoyl-acyl carrier reductase [Plasmodium falciparum],1.48e-18,83.6,24.051,237.0,,,,,,,,
3PJF_1|Chains,gb|AAK83687.1|,enoyl-acyl-carrier protein reductase precursor [Plasmodium falciparum],1.54e-18,84.3,27.189,217.0,NaN,,,,,,,,
3PJF_1|Chains,pdb|3AM5|A,Chain A, Enoyl-ACP reductase [Plasmodium falciparum],2.49e-18,82.8,25.738,237.0,,,,,,,,
3PJF_1|Chains,pdb|1NHG|A,Chain A, enoyl-acyl carrier reductase [Plasmodium falciparum],5.94e-14,68.9,29.496,139.0,,,,,,,,
3PRS_1|Chain,pdb|1LS5|A,Chain A, plasmepsin IV [Plasmodium falciparum],4.93e-12,65.5,25.078,319.0,,,,,,,,
3PRS_1|Chain,pdb|5JOD|A,Chain A, Proplasmepsin IV [Plasmodium falciparum],7.65e-12,65.5,25.078,319.0,,,,,,,,
3PRS_1|Chain,gb|AAW78296.1|,plasmepsin 7 [Plasmodium falciparum],9.33e-12,65.5,24.294,354.0,NaN,,,,,,,,
3PRS_1|Chain,gb|AAW71459.1|,plasmepsin 4, partial [Plasmodium falciparum],1.65e-11,64.7,25.078,319.0,,,,,,,,
3PRS_1|Chain,gb|AAW71461.1|,plasmepsin 4, partial [Plasmodium falciparum],1.89e-11,64.3,25.078,319.0,,,,,,,,
3PRS_1|Chain,gb|AAW71460.1|,plasmepsin 4, partial [Plasmodium falciparum],1.96e-11,64.3,25.078,319.0,,,,,,,,
3PRS_1|Chain,pdb|1LEE|A,Chain A, Plasmepsin 2 [Plasmodium falciparum],9.52e-11,61.6,24.839,310.0,,,,,,,,
3PRS_1|Chain,pdb|3F9Q|A,Chain A, Plasmepsin-2 [Plasmodium falciparum],9.6e-11,61.6,24.839,310.0,,,,,,,,
3PRS_1|Chain,pdb|1LF3|A,Chain A, plasmepsin 2 [Plasmodium falciparum],1.01e-10,61.6,24.839,310.0,,,,,,,,
3PRS_1|Chain,pdb|1ME6|A,Chain A, Plasmepsin II [Plasmodium falciparum],1.2e-10,61.6,24.839,310.0,,,,,,,,
3Q4U_1|Chains,pdb|4RGJ|A,Chain A, Calcium-dependent protein kinase 4 [Plasmodium falciparum],3.82e-15,75.1,29.302,215.0,,,,,,,,
3Q4U_1|Chains,gb|AAC47170.1|,mitogen-activated protein kinase-related protein [Plasmodium falciparum],2.73e-14,72.8,26.045,311.0,NaN,,,,,,,,
3Q4U_1|Chains,emb|CAA57972.1|,mitogen-activated protein kinase 1, serine/threonine protein kinase [Plasmodium falciparum],4.17e-14,72.4,26.899,316.0,,,,,,,,
3Q4U_1|Chains,gb|AAC61592.1|,cdk-related protein kinase 6 [Plasmodium falciparum],2.03e-12,66.2,25.641,234.0,NaN,,,,,,,,
3Q4U_1|Chains,emb|CAA47704.1|,protein kinase [Plasmodium falciparum],9.49e-12,65.1,27.149,221.0,NaN,,,,,,,,
3Q4U_1|Chains,pdb|1V0B|A,Chain A, CELL DIVISION CONTROL PROTEIN 2 HOMOLOG [Plasmodium falciparum],3.7e-09,56.2,26.066,211.0,,,,,,,,
3Q4U_1|Chains,pdb|1V0O|A,Chain A, CELL DIVISION CONTROL PROTEIN 2 HOMOLOG [Plasmodium falciparum],3.73e-09,56.2,26.066,211.0,,,,,,,,
3Q4U_1|Chains,pdb|1OB3|A,Chain A, CELL DIVISION CONTROL PROTEIN 2 HOMOLOG [Plasmodium falciparum],5.46e-09,55.8,25.592,211.0,,,,,,,,
3Q4U_1|Chains,pdb|2PML|X,Chain X, Ser/Thr protein kinase [Plasmodium falciparum],1.71e-08,54.7,24.352,193.0,,,,,,,,
3Q4U_1|Chains,pdb|5DYK|A,Chain A, CGMP-dependent protein kinase [Plasmodium falciparum],2.28e-08,55.1,25.896,251.0,,,,,,,,
3Q70_1|Chain,pdb|1LEE|A,Chain A, Plasmepsin 2 [Plasmodium falciparum],9.16e-26,105.0,27.545,334,,,,,,,,
3Q70_1|Chain,pdb|3F9Q|A,Chain A, Plasmepsin-2 [Plasmodium falciparum],1.17e-25,104.0,27.246,334,,,,,,,,
3Q70_1|Chain,pdb|1ME6|A,Chain A, Plasmepsin II [Plasmodium falciparum],1.51e-25,104.0,27.545,334,,,,,,,,
3Q70_1|Chain,pdb|1LF3|A,Chain A, plasmepsin 2 [Plasmodium falciparum],1.71e-25,104.0,27.545,334,,,,,,,,
3Q70_1|Chain,pdb|5BWY|A,Chain A, Plasmepsin-2 [Plasmodium falciparum],3.6e-25,104.0,27.545,334,,,,,,,,
3Q70_1|Chain,pdb|1PFZ|A,Chain A, Proplasmepsin Ii [Plasmodium falciparum],4.75e-25,103.0,27.545,334,,,,,,,,
3Q70_1|Chain,pdb|2BJU|A,Chain A, Plasmepsin Ii [Plasmodium falciparum],1.05e-24,103.0,27.545,334,,,,,,,,
3Q70_1|Chain,gb|AAW71452.1|,plasmepsin 2, partial [Plasmodium falciparum],1.05e-24,103.0,27.545,334,,,,,,,,
3Q70_1|Chain,gb|AAA68217.1|,aspartic proteinase, partial [Plasmodium falciparum],1.1399999999999999e-24,103.0,27.545,334,,,,,,,,
3Q70_1|Chain,gb|AAW71449.1|,plasmepsin 2, partial [Plasmodium falciparum],1.85e-24,103.0,27.545,334,,,,,,,,
3QFX_1|Chains,gb|UZH96718.1|,dihydrofolate reductase, partial [Plasmodium falciparum],1.46e-20,85.9,33.149,181,,,,,,,,
3QFX_1|Chains,gb|WNV48387.1|,dihyrofolate reductase, partial [Plasmodium falciparum],1.8e-20,85.5,33.149,181,,,,,,,,
3QFX_1|Chains,gb|UZH96798.1|,dihydrofolate reductase, partial [Plasmodium falciparum],1.94e-20,85.5,33.149,181,,,,,,,,
3QFX_1|Chains,gb|WNV48385.1|,dihyrofolate reductase, partial [Plasmodium falciparum],2e-20,85.5,33.149,181,,,,,,,,
3QFX_1|Chains,gb|UXN86416.1|,dihydrofolate reductase-thymidylate synthase, partial [Plasmodium falciparum],2.14e-20,85.1,33.149,181,,,,,,,,
3QFX_1|Chains,gb|WNV48389.1|,dihyrofolate reductase, partial [Plasmodium falciparum],2.14e-20,85.5,33.149,181,,,,,,,,
3QFX_1|Chains,gb|WNV48388.1|,dihyrofolate reductase, partial [Plasmodium falciparum],2.25e-20,85.1,33.149,181,,,,,,,,
3QFX_1|Chains,gb|WZW72776.1|,dihydrofolate reductase, partial [Plasmodium falciparum],2.7e-20,85.1,33.149,181,,,,,,,,
3QFX_1|Chains,gb|WZW72768.1|,dihydrofolate reductase, partial [Plasmodium falciparum],2.72e-20,84.7,33.149,181,,,,,,,,
3QFX_1|Chains,gb|UZH96732.1|,dihydrofolate reductase, partial [Plasmodium falciparum],2.79e-20,85.1,33.702,181,,,,,,,,
3QGT_1|Chains,pdb|3QGT|A,Chain A, Bifunctional dihydrofolate reductase-thymidylate synthase [Plasmodium falciparum],0.0,1248.0,100.0,608.0,,,,,,,,
3QGT_1|Chains,gb|AAA29585.1|,dihydrofolate reductase-thymidylate synthase [Plasmodium falciparum],0.0,1246.0,99.836,608.0,NaN,,,,,,,,
3QGT_1|Chains,pdb|3UM5|A,Chain A, Bifunctional dihydrofolate reductase-thymidylate synthase [Plasmodium falciparum],0.0,1244.0,99.671,608.0,,,,,,,,
3QGT_1|Chains,gb|ABU43151.1|,dihydrofolate reductase-thymidylate synthase [Plasmodium falciparum],0.0,1244.0,99.836,608.0,NaN,,,,,,,,
3QGT_1|Chains,gb|AAA29586.1|,dihydrofolate reductase-thymidylate synthase (EC 1.5.1.3) (EC 2.1.1.45) [Plasmodium falciparum],0.0,1243.0,99.671,608.0,NaN,,,,,,,,
3QGT_1|Chains,gb|AAA29580.1|,dihydrofolate reductase-thymidylate synthetase [Plasmodium falciparum],0.0,1242.0,99.671,608.0,NaN,,,,,,,,
3QGT_1|Chains,gb|UXQ07771.1|,dihydrofolate reductase-thymidylate synthase [Plasmodium falciparum],0.0,1241.0,99.507,608.0,NaN,,,,,,,,
3QGT_1|Chains,gb|UXQ07799.1|,dihydrofolate reductase-thymidylate synthase, partial [Plasmodium falciparum],0.0,1240.0,99.671,607.0,,,,,,,,
3QGT_1|Chains,gb|UXQ07871.1|,dihydrofolate reductase-thymidylate synthase [Plasmodium falciparum],0.0,1240.0,99.507,608.0,NaN,,,,,,,,
3QGT_1|Chains,gb|UXQ07867.1|,dihydrofolate reductase-thymidylate synthase [Plasmodium falciparum],0.0,1240.0,99.507,608.0,NaN,,,,,,,,
3RG9_1|Chains,gb|UZH96718.1|,dihydrofolate reductase, partial [Plasmodium falciparum],1.47e-20,85.9,33.149,181,,,,,,,,
3RG9_1|Chains,gb|WNV48385.1|,dihyrofolate reductase, partial [Plasmodium falciparum],1.93e-20,85.5,33.149,181,,,,,,,,
3RG9_1|Chains,gb|WNV48389.1|,dihyrofolate reductase, partial [Plasmodium falciparum],2.01e-20,85.5,33.149,181,,,,,,,,
3RG9_1|Chains,gb|WNV48387.1|,dihyrofolate reductase, partial [Plasmodium falciparum],2.05e-20,85.5,33.149,181,,,,,,,,
3RG9_1|Chains,gb|UXN86416.1|,dihydrofolate reductase-thymidylate synthase, partial [Plasmodium falciparum],2.25e-20,84.7,33.149,181,,,,,,,,
3RG9_1|Chains,gb|UZH96798.1|,dihydrofolate reductase, partial [Plasmodium falciparum],2.26e-20,85.5,33.149,181,,,,,,,,
3RG9_1|Chains,gb|WNV48388.1|,dihyrofolate reductase, partial [Plasmodium falciparum],2.42e-20,85.1,33.149,181,,,,,,,,
3RG9_1|Chains,gb|WZW72768.1|,dihydrofolate reductase, partial [Plasmodium falciparum],2.9e-20,84.7,33.149,181,,,,,,,,
3RG9_1|Chains,gb|WZW72776.1|,dihydrofolate reductase, partial [Plasmodium falciparum],2.93e-20,84.7,33.149,181,,,,,,,,
3RG9_1|Chains,gb|UZH96732.1|,dihydrofolate reductase, partial [Plasmodium falciparum],3e-20,85.1,33.702,181,,,,,,,,
3SOA_1|Chain,pdb|4RGJ|A,Chain A, Calcium-dependent protein kinase 4 [Plasmodium falciparum],3.99e-62,209.0,34.835,333.0,,,,,,,,
3SOA_1|Chain,emb|CAA68090.1|,CDPK2 [Plasmodium falciparum],4.28e-62,209.0,35.216,301.0,NaN,,,,,,,,
3SOA_1|Chain,emb|CAA47704.1|,protein kinase [Plasmodium falciparum],2.61e-58,199.0,33.333,345.0,NaN,,,,,,,,
3SOA_1|Chain,emb|CAA45179.1|,PfPK2 [Plasmodium falciparum],5.25e-40,149.0,31.359,287.0,NaN,,,,,,,,
3SOA_1|Chain,gb|AAT06260.1|,protein kinase B-like protein [Plasmodium falciparum],1.27e-37,142.0,30.627,271.0,NaN,,,,,,,,
3SOA_1|Chain,pdb|5DYK|A,Chain A, CGMP-dependent protein kinase [Plasmodium falciparum],1.89e-32,130.0,32.83,265.0,,,,,,,,
3SOA_1|Chain,gb|AAF99562.1|,cAMP-dependent protein kinase [Plasmodium falciparum],6.37e-32,124.0,29.412,272.0,NaN,,,,,,,,
3SOA_1|Chain,emb|CAA80490.1|,serine/threonine-protein kinase [Plasmodium falciparum],8.67e-31,125.0,30.62,258.0,NaN,,,,,,,,
3SOA_1|Chain,gb|AAC47170.1|,mitogen-activated protein kinase-related protein [Plasmodium falciparum],7.60e-25,107.0,28.302,318.0,NaN,,,,,,,,
3SOA_1|Chain,emb|CAA57972.1|,mitogen-activated protein kinase 1, serine/threonine protein kinase [Plasmodium falciparum],1.52e-24,106.0,28.302,318.0,,,,,,,,
3TI1_1|Chain,pdb|1V0O|A,Chain A, CELL DIVISION CONTROL PROTEIN 2 HOMOLOG [Plasmodium falciparum],4.13e-130,371.0,63.194,288.0,,,,,,,,
3TI1_1|Chain,pdb|1V0B|A,Chain A, CELL DIVISION CONTROL PROTEIN 2 HOMOLOG [Plasmodium falciparum],4.3600000000000004e-130,371.0,63.194,288.0,,,,,,,,
3TI1_1|Chain,pdb|1OB3|A,Chain A, CELL DIVISION CONTROL PROTEIN 2 HOMOLOG [Plasmodium falciparum],6.25e-130,370.0,62.847,288.0,,,,,,,,
3TI1_1|Chain,emb|CAA56732.1|,cdc2-related protein kinase 1 [Plasmodium falciparum],4.47e-78,251.0,42.271,317.0,NaN,,,,,,,,
3TI1_1|Chain,gb|AAC72269.1|,MO15-related protein kinase Pfmrk [Plasmodium falciparum],1.78e-67,213.0,38.944,303.0,NaN,,,,,,,,
3TI1_1|Chain,gb|AAD55782.1|,MO15-related protein kinase Pfmrk [Plasmodium falciparum],2.75e-67,212.0,38.944,303.0,NaN,,,,,,,,
3TI1_1|Chain,gb|AAC61592.1|,cdk-related protein kinase 6 [Plasmodium falciparum],1.88e-63,202.0,40.0,305.0,NaN,,,,,,,,
3TI1_1|Chain,gb|AAC47170.1|,mitogen-activated protein kinase-related protein [Plasmodium falciparum],7.55e-62,208.0,39.041,292.0,NaN,,,,,,,,
3TI1_1|Chain,emb|CAA57972.1|,mitogen-activated protein kinase 1, serine/threonine protein kinase [Plasmodium falciparum],2.18e-61,207.0,39.384,292.0,,,,,,,,
3TI1_1|Chain,pdb|3NIE|A,Chain A, MAP2 kinase [Plasmodium falciparum],2.02e-48,166.0,32.857,350.0,,,,,,,,
3TNE_1|Chains,pdb|3F9Q|A,Chain A, Plasmepsin-2 [Plasmodium falciparum],3.94e-23,97.8,27.545,334,,,,,,,,
3TNE_1|Chains,pdb|1ME6|A,Chain A, Plasmepsin II [Plasmodium falciparum],4.06e-23,97.8,28.399,331,,,,,,,,
3TNE_1|Chains,pdb|1LEE|A,Chain A, Plasmepsin 2 [Plasmodium falciparum],4.1e-23,97.8,27.545,334,,,,,,,,
3TNE_1|Chains,pdb|1LF3|A,Chain A, plasmepsin 2 [Plasmodium falciparum],4.22e-23,97.8,28.399,331,,,,,,,,
3TNE_1|Chains,pdb|5BWY|A,Chain A, Plasmepsin-2 [Plasmodium falciparum],5.98e-23,97.8,28.399,331,,,,,,,,
3TNE_1|Chains,pdb|3QRV|A,Chain A, Plasmepsin-1 [Plasmodium falciparum],6.03e-23,97.4,27.003,337,,,,,,,,
3TNE_1|Chains,pdb|1PFZ|A,Chain A, Proplasmepsin Ii [Plasmodium falciparum],6.489999999999999e-23,97.8,28.399,331,,,,,,,,
3TNE_1|Chains,gb|AAA68217.1|,aspartic proteinase, partial [Plasmodium falciparum],1.07e-22,98.2,28.399,331,,,,,,,,
3TNE_1|Chains,pdb|2BJU|A,Chain A, Plasmepsin Ii [Plasmodium falciparum],1.09e-22,97.8,28.399,331,,,,,,,,
3TNE_1|Chains,gb|AAW71452.1|,plasmepsin 2, partial [Plasmodium falciparum],1.1e-22,97.8,28.399,331,,,,,,,,
3UM5_1|Chains,pdb|3UM5|A,Chain A, Bifunctional dihydrofolate reductase-thymidylate synthase [Plasmodium falciparum],0.0,1247.0,100.0,608.0,,,,,,,,
3UM5_1|Chains,pdb|3QGT|A,Chain A, Bifunctional dihydrofolate reductase-thymidylate synthase [Plasmodium falciparum],0.0,1244.0,99.671,608.0,,,,,,,,
3UM5_1|Chains,gb|AAA29585.1|,dihydrofolate reductase-thymidylate synthase [Plasmodium falciparum],0.0,1243.0,99.671,608.0,NaN,,,,,,,,
3UM5_1|Chains,gb|ABU43151.1|,dihydrofolate reductase-thymidylate synthase [Plasmodium falciparum],0.0,1241.0,99.507,608.0,NaN,,,,,,,,
3UM5_1|Chains,gb|AAA29586.1|,dihydrofolate reductase-thymidylate synthase (EC 1.5.1.3) (EC 2.1.1.45) [Plasmodium falciparum],0.0,1240.0,99.507,608.0,NaN,,,,,,,,
3UM5_1|Chains,gb|AAA29580.1|,dihydrofolate reductase-thymidylate synthetase [Plasmodium falciparum],0.0,1239.0,99.507,608.0,NaN,,,,,,,,
3UM5_1|Chains,gb|UXQ07771.1|,dihydrofolate reductase-thymidylate synthase [Plasmodium falciparum],0.0,1239.0,99.342,608.0,NaN,,,,,,,,
3UM5_1|Chains,gb|UXQ07799.1|,dihydrofolate reductase-thymidylate synthase, partial [Plasmodium falciparum],0.0,1238.0,99.506,607.0,,,,,,,,
3UM5_1|Chains,gb|UXQ07871.1|,dihydrofolate reductase-thymidylate synthase [Plasmodium falciparum],0.0,1238.0,99.342,608.0,NaN,,,,,,,,
3UM5_1|Chains,gb|UXQ07867.1|,dihydrofolate reductase-thymidylate synthase [Plasmodium falciparum],0.0,1238.0,99.342,608.0,NaN,,,,,,,,
,,,,,,,,3WFH_1|Chain,pdb|8EZL|H,Chain H, single chain Fv [Plasmodium falciparum],8.18e-13,65.5,30.534,131.0
,,,,,,,,3WFH_2|Chain,pdb|8EZL|H,Chain H, single chain Fv [Plasmodium falciparum],1.97e-09,55.8,34.167,120.0
3ZBF_1|Chain,pdb|4RGJ|A,Chain A, Calcium-dependent protein kinase 4 [Plasmodium falciparum],1.42e-17,82.8,28.509,228.0,,,,,,,,
3ZBF_1|Chain,emb|CAA47704.1|,protein kinase [Plasmodium falciparum],3.33e-17,81.6,28.216,241.0,NaN,,,,,,,,
3ZBF_1|Chain,emb|CAA68090.1|,CDPK2 [Plasmodium falciparum],1.31e-15,77.0,24.528,265.0,NaN,,,,,,,,
3ZBF_1|Chain,gb|AAL54911.1|,sexual stage-specific protein kinase [Plasmodium falciparum],1.86e-14,73.9,29.224,219.0,NaN,,,,,,,,
3ZBF_1|Chain,gb|AAT06260.1|,protein kinase B-like protein [Plasmodium falciparum],4.12e-12,66.2,24.521,261.0,NaN,,,,,,,,
3ZBF_1|Chain,gb|AAF99562.1|,cAMP-dependent protein kinase [Plasmodium falciparum],4.68e-12,65.9,25.641,234.0,NaN,,,,,,,,
3ZBF_1|Chain,gb|AAD55782.1|,MO15-related protein kinase Pfmrk [Plasmodium falciparum],9.53e-11,61.6,25.417,240.0,NaN,,,,,,,,
3ZBF_1|Chain,gb|AAC72269.1|,MO15-related protein kinase Pfmrk [Plasmodium falciparum],1.22e-10,61.2,25.207,242.0,NaN,,,,,,,,
3ZBF_1|Chain,pdb|5DYK|A,Chain A, CGMP-dependent protein kinase [Plasmodium falciparum],4.01e-10,60.5,24.242,297.0,,,,,,,,
3ZBF_1|Chain,emb|CAA80490.1|,serine/threonine-protein kinase [Plasmodium falciparum],6.19e-10,60.1,29.545,220.0,NaN,,,,,,,,
4ACD_1|Chains,pdb|1OB3|A,Chain A, CELL DIVISION CONTROL PROTEIN 2 HOMOLOG [Plasmodium falciparum],2.5899999999999997e-46,162.0,33.113,302.0,,,,,,,,
4ACD_1|Chains,pdb|1V0O|A,Chain A, CELL DIVISION CONTROL PROTEIN 2 HOMOLOG [Plasmodium falciparum],4.4199999999999995e-46,161.0,32.781,302.0,,,,,,,,
4ACD_1|Chains,pdb|1V0B|A,Chain A, CELL DIVISION CONTROL PROTEIN 2 HOMOLOG [Plasmodium falciparum],4.5599999999999996e-46,161.0,32.781,302.0,,,,,,,,
4ACD_1|Chains,emb|CAA57972.1|,mitogen-activated protein kinase 1, serine/threonine protein kinase [Plasmodium falciparum],7.029999999999999e-46,170.0,31.373,306.0,,,,,,,,
4ACD_1|Chains,gb|AAC47170.1|,mitogen-activated protein kinase-related protein [Plasmodium falciparum],1.29e-45,169.0,31.579,304.0,NaN,,,,,,,,
4ACD_1|Chains,emb|CAA56732.1|,cdc2-related protein kinase 1 [Plasmodium falciparum],2.40e-42,159.0,29.503,322.0,NaN,,,,,,,,
4ACD_1|Chains,emb|CAA58680.1|,protein kinase [Plasmodium falciparum],1.97e-40,154.0,44.162,197.0,NaN,,,,,,,,
4ACD_1|Chains,emb|CAA58680.1|,protein kinase [Plasmodium falciparum],7.05e-10,61.2,35.955,89.0,NaN,,,,,,,,
4ACD_1|Chains,emb|CAA58680.1|,protein kinase [Plasmodium falciparum],3.16e-06,49.7,59.375,32.0,NaN,,,,,,,,
4ACD_1|Chains,gb|AAC61592.1|,cdk-related protein kinase 6 [Plasmodium falciparum],2.14e-36,135.0,28.947,304.0,NaN,,,,,,,,
4ACD_1|Chains,pdb|3NIE|A,Chain A, MAP2 kinase [Plasmodium falciparum],1.08e-30,122.0,28.496,379.0,,,,,,,,
4ACD_1|Chains,gb|AAG37986.1|,MAP2 kinase [Plasmodium falciparum],1.69e-30,122.0,28.496,379.0,NaN,,,,,,,,
4ALI_1|Chains,pdb|3AM3|A,Chain A, Enoyl-ACP reductase [Plasmodium falciparum],3.31e-18,82.8,28.311,219.0,,,,,,,,
4ALI_1|Chains,gb|AAK38274.1|,enoyl-ACP reductase, partial [Plasmodium falciparum],3.43e-18,83.6,28.959,221.0,,,,,,,,
4ALI_1|Chains,gb|AAK25802.1|,enoyl-acyl carrier reductase [Plasmodium falciparum],3.49e-18,83.6,28.959,221.0,NaN,,,,,,,,
4ALI_1|Chains,gb|AAK83687.1|,enoyl-acyl-carrier protein reductase precursor [Plasmodium falciparum],3.59e-18,83.6,29.224,219.0,NaN,,,,,,,,
4ALI_1|Chains,pdb|1VRW|A,Chain A, ENOYL-ACYL CARRIER REDUCTASE [Plasmodium falciparum],4.76e-18,82.4,29.224,219.0,,,,,,,,
4ALI_1|Chains,pdb|1UH5|A,Chain A, enoyl-ACP reductase [Plasmodium falciparum],4.76e-18,82.4,29.224,219.0,,,,,,,,
4ALI_1|Chains,pdb|2OL4|A,Chain A, Enoyl-acyl carrier reductase [Plasmodium falciparum],5.61e-18,82.0,29.224,219.0,,,,,,,,
4ALI_1|Chains,pdb|3AM5|A,Chain A, Enoyl-ACP reductase [Plasmodium falciparum],1.88e-17,80.5,29.224,219.0,,,,,,,,
4ALI_1|Chains,pdb|1NHG|A,Chain A, enoyl-acyl carrier reductase [Plasmodium falciparum],3.17e-13,67.4,36.09,133.0,,,,,,,,
4C2V_1|Chains,pdb|4RGJ|A,Chain A, Calcium-dependent protein kinase 4 [Plasmodium falciparum],2.84e-49,170.0,35.409,257.0,,,,,,,,
4C2V_1|Chains,gb|AAT06260.1|,protein kinase B-like protein [Plasmodium falciparum],3.98e-47,163.0,33.577,274.0,NaN,,,,,,,,
4C2V_1|Chains,emb|CAA68090.1|,CDPK2 [Plasmodium falciparum],4.12e-45,159.0,33.333,261.0,NaN,,,,,,,,
4C2V_1|Chains,pdb|5DYK|A,Chain A, CGMP-dependent protein kinase [Plasmodium falciparum],1.3100000000000001e-43,158.0,31.741,293.0,,,,,,,,
4C2V_1|Chains,emb|CAA47704.1|,protein kinase [Plasmodium falciparum],3.12e-43,154.0,32.117,274.0,NaN,,,,,,,,
4C2V_1|Chains,gb|AAF99562.1|,cAMP-dependent protein kinase [Plasmodium falciparum],9.98e-43,149.0,31.439,264.0,NaN,,,,,,,,
4C2V_1|Chains,pdb|1V0O|A,Chain A, CELL DIVISION CONTROL PROTEIN 2 HOMOLOG [Plasmodium falciparum],1.57e-35,129.0,31.724,290.0,,,,,,,,
4C2V_1|Chains,pdb|1V0B|A,Chain A, CELL DIVISION CONTROL PROTEIN 2 HOMOLOG [Plasmodium falciparum],1.75e-35,128.0,31.724,290.0,,,,,,,,
4C2V_1|Chains,pdb|1OB3|A,Chain A, CELL DIVISION CONTROL PROTEIN 2 HOMOLOG [Plasmodium falciparum],1.7800000000000002e-35,128.0,32.069,290.0,,,,,,,,
4C2V_1|Chains,emb|CAA80490.1|,serine/threonine-protein kinase [Plasmodium falciparum],2.05e-35,134.0,27.652,264.0,NaN,,,,,,,,
4G4S_5|Chain,pdb|5FMG|E,Chain E, PROTEASOME SUBUNIT ALPHA TYPE [Plasmodium falciparum],3e-82,247.0,48.473,262.0,,,,,,,,
4G4S_5|Chain,pdb|5FMG|C,Chain C, PROTEASOME SUBUNIT ALPHA TYPE [Plasmodium falciparum],4.49e-49,162.0,39.516,248.0,,,,,,,,
4G4S_5|Chain,pdb|5FMG|D,Chain D, PROTEASOME SUBUNIT ALPHA TYPE [Plasmodium falciparum],1.24e-36,129.0,32.877,219.0,,,,,,,,
4G4S_5|Chain,gb|UUU46334.1|,putative proteasome subunit beta type-7, partial [Plasmodium falciparum],7.27e-10,57.8,26.531,196.0,,,,,,,,
4G4S_5|Chain,gb|UUU46535.1|,putative proteasome subunit beta type-7, partial [Plasmodium falciparum],7.94e-10,57.8,26.531,196.0,,,,,,,,
4G4S_5|Chain,gb|UUU46296.1|,putative proteasome subunit beta type-7 [Plasmodium falciparum],8.30e-10,57.8,26.531,196.0,NaN,,,,,,,,
4G4S_6|Chain,pdb|5FMG|E,Chain E, PROTEASOME SUBUNIT ALPHA TYPE [Plasmodium falciparum],2.38e-34,123.0,33.333,249.0,,,,,,,,
4G4S_6|Chain,pdb|5FMG|C,Chain C, PROTEASOME SUBUNIT ALPHA TYPE [Plasmodium falciparum],1.34e-30,113.0,40.805,174.0,,,,,,,,
4G4S_6|Chain,pdb|5FMG|D,Chain D, PROTEASOME SUBUNIT ALPHA TYPE [Plasmodium falciparum],9.68e-28,105.0,36.994,173.0,,,,,,,,
4G4S_9|Chain,pdb|5FMG|I,Chain I, PROTEASOME SUBUNIT BETA TYPE [Plasmodium falciparum],7.000000000000001e-70,213.0,50.228,219.0,,,,,,,,
4G4S_9|Chain,gb|UUU46535.1|,putative proteasome subunit beta type-7, partial [Plasmodium falciparum],1.3699999999999998e-69,214.0,50.228,219.0,,,,,,,,
4G4S_9|Chain,gb|UUU46334.1|,putative proteasome subunit beta type-7, partial [Plasmodium falciparum],2.1e-69,213.0,50.228,219.0,,,,,,,,
4G4S_9|Chain,gb|UUU46527.1|,putative proteasome subunit beta type-7, partial [Plasmodium falciparum],2.41e-69,213.0,50.228,219.0,,,,,,,,
4G4S_9|Chain,gb|UUU46313.1|,putative proteasome subunit beta type-7, partial [Plasmodium falciparum],2.52e-69,213.0,50.228,219.0,,,,,,,,
4G4S_9|Chain,gb|UUU46305.1|,putative proteasome subunit beta type-7, partial [Plasmodium falciparum],2.57e-69,213.0,50.228,219.0,,,,,,,,
4G4S_9|Chain,gb|UUU46502.1|,putative proteasome subunit beta type-7, partial [Plasmodium falciparum],2.63e-69,213.0,50.228,219.0,,,,,,,,
4G4S_9|Chain,gb|UUU46296.1|,putative proteasome subunit beta type-7 [Plasmodium falciparum],2.87e-69,213.0,50.228,219.0,NaN,,,,,,,,
4G4S_9|Chain,gb|UUU46404.1|,putative proteasome subunit beta type-7, partial [Plasmodium falciparum],2.88e-69,213.0,50.228,219.0,,,,,,,,
4G4S_9|Chain,gb|UUU46490.1|,putative proteasome subunit beta type-7, partial [Plasmodium falciparum],2.9e-69,213.0,50.228,219.0,,,,,,,,
4G4S_10|Chain,pdb|5FMG|M,Chain M, PROTEASOME SUBUNIT BETA TYPE [Plasmodium falciparum],5.53e-18,79.0,27.83,212.0,,,,,,,,
4G4S_11|Chain,pdb|5FMG|K,Chain K, PROTEASOME SUBUNIT BETA TYPE [Plasmodium falciparum],1.27e-35,123.0,35.429,175.0,,,,,,,,
4G4S_11|Chain,pdb|5FMG|I,Chain I, PROTEASOME SUBUNIT BETA TYPE [Plasmodium falciparum],6e-15,70.5,30.189,159.0,,,,,,,,
4G4S_11|Chain,gb|UUU46366.1|,putative proteasome subunit beta type-7, partial [Plasmodium falciparum],6.81e-15,70.5,30.189,159.0,,,,,,,,
4G4S_11|Chain,gb|UUU46334.1|,putative proteasome subunit beta type-7, partial [Plasmodium falciparum],7.79e-15,70.5,30.189,159.0,,,,,,,,
4G4S_11|Chain,gb|UUU46313.1|,putative proteasome subunit beta type-7, partial [Plasmodium falciparum],7.96e-15,70.5,30.189,159.0,,,,,,,,
4G4S_11|Chain,gb|UUU46345.1|,putative proteasome subunit beta type-7, partial [Plasmodium falciparum],7.97e-15,70.5,30.189,159.0,,,,,,,,
4G4S_11|Chain,gb|UUU46535.1|,putative proteasome subunit beta type-7, partial [Plasmodium falciparum],7.97e-15,70.5,30.189,159.0,,,,,,,,
4G4S_11|Chain,gb|UUU46527.1|,putative proteasome subunit beta type-7, partial [Plasmodium falciparum],8.07e-15,70.5,30.189,159.0,,,,,,,,
4G4S_11|Chain,gb|UUU46305.1|,putative proteasome subunit beta type-7, partial [Plasmodium falciparum],8.08e-15,70.5,30.189,159.0,,,,,,,,
4G4S_11|Chain,gb|UUU46296.1|,putative proteasome subunit beta type-7 [Plasmodium falciparum],8.41e-15,70.5,30.189,159.0,NaN,,,,,,,,
4G4S_1|Chain,pdb|5FMG|C,Chain C, PROTEASOME SUBUNIT ALPHA TYPE [Plasmodium falciparum],6.51e-23,93.6,33.889,180.0,,,,,,,,
4G4S_1|Chain,pdb|5FMG|E,Chain E, PROTEASOME SUBUNIT ALPHA TYPE [Plasmodium falciparum],6.1300000000000005e-22,91.3,26.407,231.0,,,,,,,,
4G4S_1|Chain,pdb|5FMG|D,Chain D, PROTEASOME SUBUNIT ALPHA TYPE [Plasmodium falciparum],3.410000000000001e-21,89.0,28.492,179.0,,,,,,,,
4G4S_12|Chain,pdb|5FMG|L,Chain L, PROTEASOME SUBUNIT BETA TYPE [Plasmodium falciparum],7.810000000000002e-66,201.0,51.351,185.0,,,,,,,,
4G4S_12|Chain,gb|UUU46563.1|,proteasome subunit beta type-5, partial [Plasmodium falciparum],1.53e-65,202.0,51.351,185.0,,,,,,,,
4G4S_12|Chain,gb|UUU46595.1|,proteasome subunit beta type-5, partial [Plasmodium falciparum],1.82e-65,202.0,51.351,185.0,,,,,,,,
4G4S_12|Chain,gb|UUU46559.1|,proteasome subunit beta type-5, partial [Plasmodium falciparum],1.9e-65,202.0,51.351,185.0,,,,,,,,
4G4S_12|Chain,gb|UUU46558.1|,proteasome subunit beta type-5, partial [Plasmodium falciparum],1.92e-65,202.0,51.351,185.0,,,,,,,,
4G4S_12|Chain,gb|UUU46556.1|,proteasome subunit beta type-5, partial [Plasmodium falciparum],1.95e-65,202.0,51.351,185.0,,,,,,,,
4G4S_12|Chain,gb|UUU46552.1|,proteasome subunit beta type-5, partial [Plasmodium falciparum],2.01e-65,202.0,51.351,185.0,,,,,,,,
4G4S_12|Chain,gb|UUU46555.1|,proteasome subunit beta type-5, partial [Plasmodium falciparum],2.06e-65,202.0,51.351,185.0,,,,,,,,
4G4S_12|Chain,gb|UUU46639.1|,proteasome subunit beta type-5, partial [Plasmodium falciparum],2.08e-65,202.0,51.351,185.0,,,,,,,,
4G4S_12|Chain,gb|UUU46581.1|,proteasome subunit beta type-5, partial [Plasmodium falciparum],2.1e-65,202.0,51.351,185.0,,,,,,,,
4G4S_13|Chain,pdb|5FMG|M,Chain M, PROTEASOME SUBUNIT BETA TYPE [Plasmodium falciparum],3.09e-46,153.0,36.486,222.0,,,,,,,,
4G4S_13|Chain,gb|UUU46676.1|,proteasome subunit beta type-1, partial [Plasmodium falciparum],1.95e-21,84.7,43.434,99.0,,,,,,,,
4G4S_13|Chain,gb|UUU46651.1|,proteasome subunit beta type-1, partial [Plasmodium falciparum],1.05e-10,55.5,52.174,46.0,,,,,,,,
4G4S_13|Chain,gb|UUU46768.1|,proteasome subunit beta type-1, partial [Plasmodium falciparum],1.07e-10,55.5,52.174,46.0,,,,,,,,
4G4S_13|Chain,gb|UUU46669.1|,proteasome subunit beta type-1, partial [Plasmodium falciparum],1.22e-10,55.5,52.174,46.0,,,,,,,,
4G4S_13|Chain,gb|UUU46767.1|,proteasome subunit beta type-1, partial [Plasmodium falciparum],1.29e-10,55.5,52.174,46.0,,,,,,,,
4G4S_13|Chain,gb|UUU46675.1|,proteasome subunit beta type-1, partial [Plasmodium falciparum],1.34e-10,55.1,52.174,46.0,,,,,,,,
4G4S_13|Chain,gb|UUU46649.1|,proteasome subunit beta type-1, partial [Plasmodium falciparum],1.39e-10,55.5,44.828,58.0,,,,,,,,
4G4S_13|Chain,gb|UUU46650.1|,proteasome subunit beta type-1, partial [Plasmodium falciparum],1.52e-10,55.5,52.174,46.0,,,,,,,,
4G4S_14|Chain,pdb|5FMG|N,Chain N, PROTEASOME SUBUNIT BETA TYPE [Plasmodium falciparum],1.52e-30,113.0,32.609,230.0,,,,,,,,
4G4S_14|Chain,gb|UUU46551.1|,proteasome subunit beta type-5, partial [Plasmodium falciparum],8.84e-08,51.2,23.98,196.0,,,,,,,,
4G4S_14|Chain,gb|UUU46619.1|,proteasome subunit beta type-5, partial [Plasmodium falciparum],8.87e-08,51.2,23.98,196.0,,,,,,,,
4G4S_14|Chain,gb|UUU46552.1|,proteasome subunit beta type-5, partial [Plasmodium falciparum],9.15e-08,51.2,23.98,196.0,,,,,,,,
4G4S_14|Chain,gb|UUU46559.1|,proteasome subunit beta type-5, partial [Plasmodium falciparum],9.28e-08,51.2,23.98,196.0,,,,,,,,
4G4S_14|Chain,gb|UUU46566.1|,proteasome subunit beta type-5, partial [Plasmodium falciparum],9.29e-08,51.2,23.98,196.0,,,,,,,,
4G4S_14|Chain,gb|UUU46554.1|,proteasome subunit beta type-5, partial [Plasmodium falciparum],9.41e-08,51.2,23.98,196.0,,,,,,,,
4G4S_14|Chain,gb|UUU46639.1|,proteasome subunit beta type-5, partial [Plasmodium falciparum],9.41e-08,51.2,23.98,196.0,,,,,,,,
4G4S_14|Chain,gb|UUU46555.1|,proteasome subunit beta type-5, partial [Plasmodium falciparum],9.5e-08,51.2,23.98,196.0,,,,,,,,
4G4S_14|Chain,gb|UUU46581.1|,proteasome subunit beta type-5, partial [Plasmodium falciparum],9.75e-08,51.2,23.98,196.0,,,,,,,,
4G4S_2|Chain,pdb|5FMG|D,Chain D, PROTEASOME SUBUNIT ALPHA TYPE [Plasmodium falciparum],7.84e-44,147.0,37.383,214.0,,,,,,,,
4G4S_2|Chain,pdb|5FMG|C,Chain C, PROTEASOME SUBUNIT ALPHA TYPE [Plasmodium falciparum],3.16e-39,136.0,35.426,223.0,,,,,,,,
4G4S_2|Chain,pdb|5FMG|E,Chain E, PROTEASOME SUBUNIT ALPHA TYPE [Plasmodium falciparum],4.67e-33,120.0,33.333,228.0,,,,,,,,
4G4S_2|Chain,gb|UUU46366.1|,putative proteasome subunit beta type-7, partial [Plasmodium falciparum],2.04e-08,53.1,23.364,214.0,,,,,,,,
4G4S_2|Chain,gb|UUU46305.1|,putative proteasome subunit beta type-7, partial [Plasmodium falciparum],2.1e-08,53.1,23.364,214.0,,,,,,,,
4G4S_2|Chain,gb|UUU46334.1|,putative proteasome subunit beta type-7, partial [Plasmodium falciparum],2.3e-08,53.1,23.364,214.0,,,,,,,,
4G4S_3|Chain,pdb|5FMG|C,Chain C, PROTEASOME SUBUNIT ALPHA TYPE [Plasmodium falciparum],4.57e-79,238.0,50.633,237.0,,,,,,,,
4G4S_3|Chain,pdb|5FMG|D,Chain D, PROTEASOME SUBUNIT ALPHA TYPE [Plasmodium falciparum],5.66e-50,164.0,37.674,215.0,,,,,,,,
4G4S_3|Chain,pdb|5FMG|E,Chain E, PROTEASOME SUBUNIT ALPHA TYPE [Plasmodium falciparum],1.6799999999999999e-46,155.0,39.545,220.0,,,,,,,,
4G4S_3|Chain,gb|UUU46305.1|,putative proteasome subunit beta type-7, partial [Plasmodium falciparum],8.59e-08,51.6,24.26,169.0,,,,,,,,
4G4S_3|Chain,gb|UUU46525.1|,putative proteasome subunit beta type-7 [Plasmodium falciparum],8.91e-08,51.6,24.26,169.0,NaN,,,,,,,,
4G4S_3|Chain,gb|UUU46535.1|,putative proteasome subunit beta type-7, partial [Plasmodium falciparum],9.01e-08,51.6,23.669,169.0,,,,,,,,
4G4S_4|Chain,pdb|5FMG|D,Chain D, PROTEASOME SUBUNIT ALPHA TYPE [Plasmodium falciparum],7.36e-85,253.0,47.347,245.0,,,,,,,,
4G4S_4|Chain,pdb|5FMG|C,Chain C, PROTEASOME SUBUNIT ALPHA TYPE [Plasmodium falciparum],2.74e-42,144.0,40.341,176.0,,,,,,,,
4G4S_4|Chain,pdb|5FMG|E,Chain E, PROTEASOME SUBUNIT ALPHA TYPE [Plasmodium falciparum],7.82e-34,122.0,34.821,224.0,,,,,,,,
4G4S_7|Chain,pdb|5FMG|E,Chain E, PROTEASOME SUBUNIT ALPHA TYPE [Plasmodium falciparum],1.55e-35,128.0,34.742,213.0,,,,,,,,
4G4S_7|Chain,pdb|5FMG|C,Chain C, PROTEASOME SUBUNIT ALPHA TYPE [Plasmodium falciparum],6.97e-32,118.0,36.416,173.0,,,,,,,,
4G4S_7|Chain,pdb|5FMG|D,Chain D, PROTEASOME SUBUNIT ALPHA TYPE [Plasmodium falciparum],2.5100000000000002e-29,111.0,34.184,196.0,,,,,,,,
4G4S_7|Chain,gb|UUU46527.1|,putative proteasome subunit beta type-7, partial [Plasmodium falciparum],5.98e-07,49.3,26.531,147.0,,,,,,,,
4G4S_7|Chain,gb|UUU46305.1|,putative proteasome subunit beta type-7, partial [Plasmodium falciparum],6.07e-07,49.3,26.531,147.0,,,,,,,,
4G4S_7|Chain,gb|UUU46345.1|,putative proteasome subunit beta type-7, partial [Plasmodium falciparum],6.29e-07,49.3,26.531,147.0,,,,,,,,
4G4S_8|Chain,pdb|5FMG|I,Chain I, PROTEASOME SUBUNIT BETA TYPE [Plasmodium falciparum],1.15e-19,82.8,27.411,197.0,,,,,,,,
4G4S_8|Chain,gb|UUU46366.1|,putative proteasome subunit beta type-7, partial [Plasmodium falciparum],1.9e-19,82.8,27.411,197.0,,,,,,,,
4G4S_8|Chain,gb|UUU46527.1|,putative proteasome subunit beta type-7, partial [Plasmodium falciparum],2.08e-19,82.8,27.411,197.0,,,,,,,,
4G4S_8|Chain,gb|UUU46305.1|,putative proteasome subunit beta type-7, partial [Plasmodium falciparum],2.09e-19,82.8,27.411,197.0,,,,,,,,
4G4S_8|Chain,gb|UUU46334.1|,putative proteasome subunit beta type-7, partial [Plasmodium falciparum],2.2e-19,82.8,27.411,197.0,,,,,,,,
4G4S_8|Chain,gb|UUU46345.1|,putative proteasome subunit beta type-7, partial [Plasmodium falciparum],2.44e-19,82.8,27.411,197.0,,,,,,,,
4G4S_8|Chain,gb|UUU46302.1|,putative proteasome subunit beta type-7, partial [Plasmodium falciparum],2.54e-19,82.8,27.411,197.0,,,,,,,,
4G4S_8|Chain,gb|UUU46313.1|,putative proteasome subunit beta type-7, partial [Plasmodium falciparum],2.56e-19,82.8,27.411,197.0,,,,,,,,
4G4S_8|Chain,gb|UUU46502.1|,putative proteasome subunit beta type-7, partial [Plasmodium falciparum],2.59e-19,82.8,27.411,197.0,,,,,,,,
4JI9_1|Chains,pdb|1V0B|A,Chain A, CELL DIVISION CONTROL PROTEIN 2 HOMOLOG [Plasmodium falciparum],6.230000000000001e-21,90.1,32.178,202.0,,,,,,,,
4JI9_1|Chains,pdb|1V0O|A,Chain A, CELL DIVISION CONTROL PROTEIN 2 HOMOLOG [Plasmodium falciparum],6.820000000000001e-21,90.1,32.178,202.0,,,,,,,,
4JI9_1|Chains,pdb|1OB3|A,Chain A, CELL DIVISION CONTROL PROTEIN 2 HOMOLOG [Plasmodium falciparum],8.94e-21,89.7,32.0,200.0,,,,,,,,
4JI9_1|Chains,emb|CAA80490.1|,serine/threonine-protein kinase [Plasmodium falciparum],1.18e-17,82.8,30.049,203.0,NaN,,,,,,,,
4JI9_1|Chains,gb|AAL54911.1|,sexual stage-specific protein kinase [Plasmodium falciparum],1.18e-16,80.1,31.687,243.0,NaN,,,,,,,,
4JI9_1|Chains,gb|AAC61592.1|,cdk-related protein kinase 6 [Plasmodium falciparum],4.30e-16,76.6,28.774,212.0,NaN,,,,,,,,
4JI9_1|Chains,emb|CAA56732.1|,cdc2-related protein kinase 1 [Plasmodium falciparum],6.41e-16,77.8,30.435,207.0,NaN,,,,,,,,
4JI9_1|Chains,pdb|4RGJ|A,Chain A, Calcium-dependent protein kinase 4 [Plasmodium falciparum],1.01e-15,77.0,31.624,234.0,,,,,,,,
4JI9_1|Chains,emb|CAA68090.1|,CDPK2 [Plasmodium falciparum],8.98e-15,73.9,30.542,203.0,NaN,,,,,,,,
4JI9_1|Chains,emb|CAA47704.1|,protein kinase [Plasmodium falciparum],1.89e-14,73.2,30.189,212.0,NaN,,,,,,,,
4KM0_1|Chains,gb|UZH96798.1|,dihydrofolate reductase, partial [Plasmodium falciparum],2.29e-10,57.0,34.653,101,,,,,,,,
4KM0_1|Chains,gb|UZH96733.1|,dihydrofolate reductase, partial [Plasmodium falciparum],1e-09,55.1,33.333,102,,,,,,,,
4KM0_1|Chains,gb|QOP39094.1|,dihydrofolate reductase, partial [Plasmodium falciparum],1.75e-09,55.1,32.353,102,,,,,,,,
4KM0_1|Chains,gb|UXN86418.1|,dihydrofolate reductase-thymidylate synthase, partial [Plasmodium falciparum],1.91e-09,53.9,32.353,102,,,,,,,,
4KM0_1|Chains,gb|QOP39095.1|,dihydrofolate reductase, partial [Plasmodium falciparum],2.17e-09,55.1,32.353,102,,,,,,,,
4KM0_1|Chains,gb|UXN86416.1|,dihydrofolate reductase-thymidylate synthase, partial [Plasmodium falciparum],2.18e-09,53.9,32.353,102,,,,,,,,
4KM0_1|Chains,gb|WHA04252.1|,bifunctional dihydrofolate reductase-thymidylate synthase, partial [Plasmodium falciparum],2.18e-09,54.3,32.353,102,,,,,,,,
4KM0_1|Chains,gb|QOP39088.1|,dihydrofolate reductase, partial [Plasmodium falciparum],2.21e-09,55.1,32.353,102,,,,,,,,
4KM0_1|Chains,gb|AAG10106.1|,dihydrofolate reductase-thymidylate synthase, partial [Plasmodium falciparum],2.23e-09,54.3,32.353,102,,,,,,,,
4KM0_1|Chains,pdb|1J3I|A,Chain A, Bifunctional dihydrofolate reductase-thymidylate synthase [Plasmodium falciparum],2.33e-09,54.7,32.353,102,,,,,,,,
4M89_1|Chains,pdb|3AM3|A,Chain A, Enoyl-ACP reductase [Plasmodium falciparum],2.24e-16,77.0,27.731,238.0,,,,,,,,
4M89_1|Chains,gb|AAK83687.1|,enoyl-acyl-carrier protein reductase precursor [Plasmodium falciparum],4.62e-16,77.0,28.571,238.0,NaN,,,,,,,,
4M89_1|Chains,gb|AAK38274.1|,enoyl-ACP reductase, partial [Plasmodium falciparum],4.75e-16,77.0,28.571,238.0,,,,,,,,
4M89_1|Chains,gb|AAK25802.1|,enoyl-acyl carrier reductase [Plasmodium falciparum],4.94e-16,76.6,28.571,238.0,NaN,,,,,,,,
4M89_1|Chains,pdb|2OL4|A,Chain A, Enoyl-acyl carrier reductase [Plasmodium falciparum],6.49e-16,75.9,28.992,238.0,,,,,,,,
4M89_1|Chains,pdb|1UH5|A,Chain A, enoyl-ACP reductase [Plasmodium falciparum],6.49e-16,75.9,28.992,238.0,,,,,,,,
4M89_1|Chains,pdb|1VRW|A,Chain A, ENOYL-ACYL CARRIER REDUCTASE [Plasmodium falciparum],6.92e-16,75.9,28.992,238.0,,,,,,,,
4M89_1|Chains,pdb|3AM5|A,Chain A, Enoyl-ACP reductase [Plasmodium falciparum],5.82e-15,73.2,28.571,238.0,,,,,,,,
4M89_1|Chains,pdb|1NHG|A,Chain A, enoyl-acyl carrier reductase [Plasmodium falciparum],6.97e-12,63.2,36.029,136.0,,,,,,,,
4NCT_1|Chains,pdb|8RPC|A,Chain A, non-specific serine/threonine protein kinase [Plasmodium falciparum],2.41e-38,140.0,34.694,245.0,,,,,,,,
4NCT_1|Chains,gb|AAK38173.1|,protein serine/threonine kinase-1 [Plasmodium falciparum],1.74e-33,131.0,26.1,341.0,NaN,,,,,,,,
4NCT_1|Chains,pdb|1OB3|A,Chain A, CELL DIVISION CONTROL PROTEIN 2 HOMOLOG [Plasmodium falciparum],3.29e-28,111.0,29.73,333.0,,,,,,,,
4NCT_1|Chains,pdb|1V0O|A,Chain A, CELL DIVISION CONTROL PROTEIN 2 HOMOLOG [Plasmodium falciparum],5.14e-28,110.0,29.429,333.0,,,,,,,,
4NCT_1|Chains,pdb|1V0B|A,Chain A, CELL DIVISION CONTROL PROTEIN 2 HOMOLOG [Plasmodium falciparum],5.75e-28,110.0,29.429,333.0,,,,,,,,
4NCT_1|Chains,emb|CAA57972.1|,mitogen-activated protein kinase 1, serine/threonine protein kinase [Plasmodium falciparum],5.440000000000001e-26,109.0,27.401,354.0,,,,,,,,
4NCT_1|Chains,gb|AAC47170.1|,mitogen-activated protein kinase-related protein [Plasmodium falciparum],2.45e-25,107.0,27.273,352.0,NaN,,,,,,,,
4NCT_1|Chains,gb|AAC61592.1|,cdk-related protein kinase 6 [Plasmodium falciparum],3.95e-24,100.0,28.696,345.0,NaN,,,,,,,,
4NCT_1|Chains,emb|CAA56732.1|,cdc2-related protein kinase 1 [Plasmodium falciparum],8.72e-23,99.8,31.535,241.0,NaN,,,,,,,,
4NCT_1|Chains,gb|AAD55782.1|,MO15-related protein kinase Pfmrk [Plasmodium falciparum],9.06e-23,97.1,30.992,242.0,NaN,,,,,,,,
4NCT_2|Chain,pdb|8RPC|A,Chain A, non-specific serine/threonine protein kinase [Plasmodium falciparum],2.41e-38,140.0,34.694,245.0,,,,,,,,
4NCT_2|Chain,gb|AAK38173.1|,protein serine/threonine kinase-1 [Plasmodium falciparum],1.74e-33,131.0,26.1,341.0,NaN,,,,,,,,
4NCT_2|Chain,pdb|1OB3|A,Chain A, CELL DIVISION CONTROL PROTEIN 2 HOMOLOG [Plasmodium falciparum],3.29e-28,111.0,29.73,333.0,,,,,,,,
4NCT_2|Chain,pdb|1V0O|A,Chain A, CELL DIVISION CONTROL PROTEIN 2 HOMOLOG [Plasmodium falciparum],5.14e-28,110.0,29.429,333.0,,,,,,,,
4NCT_2|Chain,pdb|1V0B|A,Chain A, CELL DIVISION CONTROL PROTEIN 2 HOMOLOG [Plasmodium falciparum],5.75e-28,110.0,29.429,333.0,,,,,,,,
4NCT_2|Chain,emb|CAA57972.1|,mitogen-activated protein kinase 1, serine/threonine protein kinase [Plasmodium falciparum],5.440000000000001e-26,109.0,27.401,354.0,,,,,,,,
4NCT_2|Chain,gb|AAC47170.1|,mitogen-activated protein kinase-related protein [Plasmodium falciparum],2.45e-25,107.0,27.273,352.0,NaN,,,,,,,,
4NCT_2|Chain,gb|AAC61592.1|,cdk-related protein kinase 6 [Plasmodium falciparum],3.95e-24,100.0,28.696,345.0,NaN,,,,,,,,
4NCT_2|Chain,emb|CAA56732.1|,cdc2-related protein kinase 1 [Plasmodium falciparum],8.72e-23,99.8,31.535,241.0,NaN,,,,,,,,
4NCT_2|Chain,gb|AAD55782.1|,MO15-related protein kinase Pfmrk [Plasmodium falciparum],9.06e-23,97.1,30.992,242.0,NaN,,,,,,,,
4NR0_1|Chains,pdb|3AM3|A,Chain A, Enoyl-ACP reductase [Plasmodium falciparum],2.58e-18,82.8,27.193,228.0,,,,,,,,
4NR0_1|Chains,pdb|1UH5|A,Chain A, enoyl-ACP reductase [Plasmodium falciparum],9.19e-18,81.3,28.07,228.0,,,,,,,,
4NR0_1|Chains,gb|AAK38274.1|,enoyl-ACP reductase, partial [Plasmodium falciparum],1.56e-17,81.6,28.07,228.0,,,,,,,,
4NR0_1|Chains,pdb|2OL4|A,Chain A, Enoyl-acyl carrier reductase [Plasmodium falciparum],2.18e-17,80.5,26.754,228.0,,,,,,,,
4NR0_1|Chains,pdb|1VRW|A,Chain A, ENOYL-ACYL CARRIER REDUCTASE [Plasmodium falciparum],2.21e-17,80.5,26.754,228.0,,,,,,,,
4NR0_1|Chains,gb|AAK83687.1|,enoyl-acyl-carrier protein reductase precursor [Plasmodium falciparum],3.00e-17,80.5,26.754,228.0,NaN,,,,,,,,
4NR0_1|Chains,gb|AAK25802.1|,enoyl-acyl carrier reductase [Plasmodium falciparum],3.30e-17,80.5,26.754,228.0,NaN,,,,,,,,
4NR0_1|Chains,pdb|3AM5|A,Chain A, Enoyl-ACP reductase [Plasmodium falciparum],5.11e-17,79.3,28.07,228.0,,,,,,,,
4NR0_1|Chains,pdb|1NHG|A,Chain A, enoyl-acyl carrier reductase [Plasmodium falciparum],1.85e-13,67.8,34.586,133.0,,,,,,,,
4O74_1|Chains,pdb|9HHD|A,Chain A, Bromodomain protein 1 [Plasmodium falciparum],4.09e-13,61.6,31.373,102.0,,,,,,,,
4O74_1|Chains,gb|AAR20863.1|,histone acetyltransferase [Plasmodium falciparum],1.25e-10,57.4,38.272,81.0,NaN,,,,,,,,
4O76_1|Chains,pdb|9HHD|A,Chain A, Bromodomain protein 1 [Plasmodium falciparum],4.09e-13,61.6,31.373,102.0,,,,,,,,
4O76_1|Chains,gb|AAR20863.1|,histone acetyltransferase [Plasmodium falciparum],1.25e-10,57.4,38.272,81.0,NaN,,,,,,,,
4OGI_1|Chains,pdb|9HHD|A,Chain A, Bromodomain protein 1 [Plasmodium falciparum],4.09e-13,61.6,31.373,102.0,,,,,,,,
4OGI_1|Chains,gb|AAR20863.1|,histone acetyltransferase [Plasmodium falciparum],1.25e-10,57.4,38.272,81.0,NaN,,,,,,,,
4OGJ_1|Chains,pdb|9HHD|A,Chain A, Bromodomain protein 1 [Plasmodium falciparum],4.09e-13,61.6,31.373,102.0,,,,,,,,
4OGJ_1|Chains,gb|AAR20863.1|,histone acetyltransferase [Plasmodium falciparum],1.25e-10,57.4,38.272,81.0,NaN,,,,,,,,
4PS5_1|Chains,pdb|9HHD|A,Chain A, Bromodomain protein 1 [Plasmodium falciparum],4.09e-13,61.6,31.373,102.0,,,,,,,,
4PS5_1|Chains,gb|AAR20863.1|,histone acetyltransferase [Plasmodium falciparum],1.25e-10,57.4,38.272,81.0,NaN,,,,,,,,
4RX0_1|Chain,pdb|4CQ8|A,Chain A, DIHYDROOROTATE DEHYDROGENASE [Plasmodium falciparum],0.0,821.0,100.0,401.0,,,,,,,,
4RX0_1|Chain,pdb|6I4B|A,Chain A, Dihydroorotate dehydrogenase [Plasmodium falciparum],0.0,795.0,97.044,406.0,,,,,,,,
4RX0_1|Chain,gb|WGL08530.1|,dihydroorotate dehydrogenase [Plasmodium falciparum],0.0,762.0,92.718,412.0,NaN,,,,,,,,
4RX0_1|Chain,gb|AAC37170.1|,dihydroorotate dehydrogenase [Plasmodium falciparum],0.0,762.0,92.718,412.0,NaN,,,,,,,,
4RX0_1|Chain,gb|WGL08514.1|,dihydroorotate dehydrogenase [Plasmodium falciparum],0.0,762.0,92.718,412.0,NaN,,,,,,,,
4RX0_1|Chain,gb|WGL08524.1|,dihydroorotate dehydrogenase [Plasmodium falciparum],0.0,762.0,92.718,412.0,NaN,,,,,,,,
4RX0_1|Chain,gb|WGL08533.1|,dihydroorotate dehydrogenase [Plasmodium falciparum],0.0,761.0,92.718,412.0,NaN,,,,,,,,
4RX0_1|Chain,gb|WGL08512.1|,dihydroorotate dehydrogenase, partial [Plasmodium falciparum],0.0,761.0,92.718,412.0,,,,,,,,
4U3M_7|Chains,gb|AAC98504.1|,ribosomal protein, partial [Plasmodium falciparum],1.12e-34,119.0,51.961,102.0,,,,,,,,
4U3M_25|Chains,emb|CAA64591.1|,rps12 [Plasmodium falciparum],1.33e-08,49.7,37.662,77.0,NaN,,,,,,,,
4U3M_39|Chains,emb|CAA64579.1|,rpl2 [Plasmodium falciparum],6.55e-06,45.8,27.35,117.0,NaN,,,,,,,,
4U3M_71|Chains,emb|CAA82284.2|,Ag15 [Plasmodium falciparum],1.49e-16,69.7,45.378,119.0,NaN,,,,,,,,
4U3M_71|Chains,gb|AAA70296.1|,15 kDa vesicular-like antigen [Plasmodium falciparum],1.47e-10,53.9,46.809,94.0,NaN,,,,,,,,
4U3M_83|Chain,emb|CAE84233.1|,ribosomal phosphoprotein, partial [Plasmodium falciparum],2.82e-82,251.0,44.195,267.0,,,,,,,,
4U3M_83|Chain,emb|CAF18552.1|,ribosomal phosphoprotein, partial [Plasmodium falciparum],4.22e-82,250.0,44.195,267.0,,,,,,,,
4U3M_83|Chain,gb|AAD10140.1|,acidic ribosomal phosphoprotein PO [Plasmodium falciparum],6.84e-76,234.0,42.444,311.0,NaN,,,,,,,,
4U3M_83|Chain,emb|CAA50532.1|,protective antigen, partial [Plasmodium falciparum],1.59e-12,62.0,50.943,53.0,,,,,,,,
4U3M_34|Chains,pir|JC7987|,receptor for activated C kinase, RACK protein - Plasmodium falciparum [Plasmodium falciparum],9.66e-83,253.0,42.994,314.0,,,,,,,,
4U3M_34|Chains,gb|AAP93837.1|,COPI protein [Plasmodium falciparum],1.98e-12,67.8,25.359,209.0,NaN,,,,,,,,
4U3M_34|Chains,gb|AAP93837.1|,COPI protein [Plasmodium falciparum],8.32e-11,62.8,25.731,171.0,NaN,,,,,,,,
4U3U_7|Chains,gb|AAC98504.1|,ribosomal protein, partial [Plasmodium falciparum],1.12e-34,119.0,51.961,102.0,,,,,,,,
4U3U_25|Chains,emb|CAA64591.1|,rps12 [Plasmodium falciparum],1.33e-08,49.7,37.662,77.0,NaN,,,,,,,,
4U3U_34|Chains,pir|JC7987|,receptor for activated C kinase, RACK protein - Plasmodium falciparum [Plasmodium falciparum],9.66e-83,253.0,42.994,314.0,,,,,,,,
4U3U_34|Chains,gb|AAP93837.1|,COPI protein [Plasmodium falciparum],1.98e-12,67.8,25.359,209.0,NaN,,,,,,,,
4U3U_34|Chains,gb|AAP93837.1|,COPI protein [Plasmodium falciparum],8.32e-11,62.8,25.731,171.0,NaN,,,,,,,,
4U3U_39|Chains,emb|CAA64579.1|,rpl2 [Plasmodium falciparum],6.55e-06,45.8,27.35,117.0,NaN,,,,,,,,
4U3U_71|Chains,emb|CAA82284.2|,Ag15 [Plasmodium falciparum],1.49e-16,69.7,45.378,119.0,NaN,,,,,,,,
4U3U_71|Chains,gb|AAA70296.1|,15 kDa vesicular-like antigen [Plasmodium falciparum],1.47e-10,53.9,46.809,94.0,NaN,,,,,,,,
4U3U_83|Chain,emb|CAE84233.1|,ribosomal phosphoprotein, partial [Plasmodium falciparum],2.82e-82,251.0,44.195,267.0,,,,,,,,
4U3U_83|Chain,emb|CAF18552.1|,ribosomal phosphoprotein, partial [Plasmodium falciparum],4.22e-82,250.0,44.195,267.0,,,,,,,,
4U3U_83|Chain,gb|AAD10140.1|,acidic ribosomal phosphoprotein PO [Plasmodium falciparum],6.84e-76,234.0,42.444,311.0,NaN,,,,,,,,
4U3U_83|Chain,emb|CAA50532.1|,protective antigen, partial [Plasmodium falciparum],1.59e-12,62.0,50.943,53.0,,,,,,,,
4U4Q_7|Chains,gb|AAC98504.1|,ribosomal protein, partial [Plasmodium falciparum],1.12e-34,119.0,51.961,102.0,,,,,,,,
4U4Q_25|Chains,emb|CAA64591.1|,rps12 [Plasmodium falciparum],1.33e-08,49.7,37.662,77.0,NaN,,,,,,,,
4U4Q_34|Chains,pir|JC7987|,receptor for activated C kinase, RACK protein - Plasmodium falciparum [Plasmodium falciparum],9.66e-83,253.0,42.994,314.0,,,,,,,,
4U4Q_34|Chains,gb|AAP93837.1|,COPI protein [Plasmodium falciparum],1.98e-12,67.8,25.359,209.0,NaN,,,,,,,,
4U4Q_34|Chains,gb|AAP93837.1|,COPI protein [Plasmodium falciparum],8.32e-11,62.8,25.731,171.0,NaN,,,,,,,,
4U4Q_39|Chains,emb|CAA64579.1|,rpl2 [Plasmodium falciparum],6.55e-06,45.8,27.35,117.0,NaN,,,,,,,,
4U4Q_71|Chains,emb|CAA82284.2|,Ag15 [Plasmodium falciparum],1.49e-16,69.7,45.378,119.0,NaN,,,,,,,,
4U4Q_71|Chains,gb|AAA70296.1|,15 kDa vesicular-like antigen [Plasmodium falciparum],1.47e-10,53.9,46.809,94.0,NaN,,,,,,,,
4U4Q_82|Chain,emb|CAE84233.1|,ribosomal phosphoprotein, partial [Plasmodium falciparum],2.82e-82,251.0,44.195,267.0,,,,,,,,
4U4Q_82|Chain,emb|CAF18552.1|,ribosomal phosphoprotein, partial [Plasmodium falciparum],4.22e-82,250.0,44.195,267.0,,,,,,,,
4U4Q_82|Chain,gb|AAD10140.1|,acidic ribosomal phosphoprotein PO [Plasmodium falciparum],6.84e-76,234.0,42.444,311.0,NaN,,,,,,,,
4U4Q_82|Chain,emb|CAA50532.1|,protective antigen, partial [Plasmodium falciparum],1.59e-12,62.0,50.943,53.0,,,,,,,,
5AP7_1|Chain,pdb|1V0B|A,Chain A, CELL DIVISION CONTROL PROTEIN 2 HOMOLOG [Plasmodium falciparum],2.58e-21,91.3,28.378,296.0,,,,,,,,
5AP7_1|Chain,pdb|1V0O|A,Chain A, CELL DIVISION CONTROL PROTEIN 2 HOMOLOG [Plasmodium falciparum],2.6300000000000002e-21,91.3,28.378,296.0,,,,,,,,
5AP7_1|Chain,pdb|1OB3|A,Chain A, CELL DIVISION CONTROL PROTEIN 2 HOMOLOG [Plasmodium falciparum],4.13e-21,90.9,28.041,296.0,,,,,,,,
5AP7_1|Chain,emb|CAA47704.1|,protein kinase [Plasmodium falciparum],1.18e-20,92.0,26.299,308.0,NaN,,,,,,,,
5AP7_1|Chain,emb|CAA68090.1|,CDPK2 [Plasmodium falciparum],1.73e-20,91.3,26.596,282.0,NaN,,,,,,,,
5AP7_1|Chain,emb|CAA57972.1|,mitogen-activated protein kinase 1, serine/threonine protein kinase [Plasmodium falciparum],2.78e-18,85.1,29.085,306.0,,,,,,,,
5AP7_1|Chain,gb|AAC47170.1|,mitogen-activated protein kinase-related protein [Plasmodium falciparum],2.88e-18,85.1,29.085,306.0,NaN,,,,,,,,
5AP7_1|Chain,pdb|3NIE|A,Chain A, MAP2 kinase [Plasmodium falciparum],1.56e-15,76.3,31.873,251.0,,,,,,,,
5AP7_1|Chain,gb|AAT06260.1|,protein kinase B-like protein [Plasmodium falciparum],2.15e-14,73.2,25.597,293.0,NaN,,,,,,,,
5AP7_1|Chain,pdb|4RGJ|A,Chain A, Calcium-dependent protein kinase 4 [Plasmodium falciparum],3.6e-14,72.4,25.087,287.0,,,,,,,,
5BOO_1|Chains,pdb|4CQ8|A,Chain A, DIHYDROOROTATE DEHYDROGENASE [Plasmodium falciparum],0.0,795.0,95.62,411.0,,,,,,,,
5BOO_1|Chains,pdb|6I4B|A,Chain A, Dihydroorotate dehydrogenase [Plasmodium falciparum],0.0,791.0,95.4,413.0,,,,,,,,
5BOO_1|Chains,gb|WGL08514.1|,dihydroorotate dehydrogenase [Plasmodium falciparum],0.0,764.0,92.718,412.0,NaN,,,,,,,,
5BOO_1|Chains,gb|WGL08533.1|,dihydroorotate dehydrogenase [Plasmodium falciparum],0.0,764.0,92.718,412.0,NaN,,,,,,,,
5BOO_1|Chains,gb|AAC37170.1|,dihydroorotate dehydrogenase [Plasmodium falciparum],0.0,764.0,92.718,412.0,NaN,,,,,,,,
5BOO_1|Chains,gb|WGL08524.1|,dihydroorotate dehydrogenase [Plasmodium falciparum],0.0,764.0,92.718,412.0,NaN,,,,,,,,
5BOO_1|Chains,gb|WGL08512.1|,dihydroorotate dehydrogenase, partial [Plasmodium falciparum],0.0,764.0,92.718,412.0,,,,,,,,
5BOO_1|Chains,gb|WGL08530.1|,dihydroorotate dehydrogenase [Plasmodium falciparum],0.0,764.0,92.718,412.0,NaN,,,,,,,,
5C8G_1|Chains,pdb|9HHD|A,Chain A, Bromodomain protein 1 [Plasmodium falciparum],2.06e-07,46.6,32.394,71,,,,,,,,
5FCJ_7|Chains,gb|AAC98504.1|,ribosomal protein, partial [Plasmodium falciparum],1.12e-34,119.0,51.961,102.0,,,,,,,,
5FCJ_34|Chains,pir|JC7987|,receptor for activated C kinase, RACK protein - Plasmodium falciparum [Plasmodium falciparum],9.66e-83,253.0,42.994,314.0,,,,,,,,
5FCJ_34|Chains,gb|AAP93837.1|,COPI protein [Plasmodium falciparum],1.98e-12,67.8,25.359,209.0,NaN,,,,,,,,
5FCJ_34|Chains,gb|AAP93837.1|,COPI protein [Plasmodium falciparum],8.32e-11,62.8,25.731,171.0,NaN,,,,,,,,
5FCJ_71|Chains,emb|CAA82284.2|,Ag15 [Plasmodium falciparum],1.49e-16,69.7,45.378,119.0,NaN,,,,,,,,
5FCJ_71|Chains,gb|AAA70296.1|,15 kDa vesicular-like antigen [Plasmodium falciparum],1.47e-10,53.9,46.809,94.0,NaN,,,,,,,,
5FCJ_81|Chain,emb|CAE84233.1|,ribosomal phosphoprotein, partial [Plasmodium falciparum],2.82e-82,251.0,44.195,267.0,,,,,,,,
5FCJ_81|Chain,emb|CAF18552.1|,ribosomal phosphoprotein, partial [Plasmodium falciparum],4.22e-82,250.0,44.195,267.0,,,,,,,,
5FCJ_81|Chain,gb|AAD10140.1|,acidic ribosomal phosphoprotein PO [Plasmodium falciparum],6.84e-76,234.0,42.444,311.0,NaN,,,,,,,,
5FCJ_81|Chain,emb|CAA50532.1|,protective antigen, partial [Plasmodium falciparum],1.59e-12,62.0,50.943,53.0,,,,,,,,
5FCJ_25|Chains,emb|CAA64591.1|,rps12 [Plasmodium falciparum],1.33e-08,49.7,37.662,77.0,NaN,,,,,,,,
5FCJ_39|Chains,emb|CAA64579.1|,rpl2 [Plasmodium falciparum],6.55e-06,45.8,27.35,117.0,NaN,,,,,,,,
5HEZ_1|Chains,pdb|1V0B|A,Chain A, CELL DIVISION CONTROL PROTEIN 2 HOMOLOG [Plasmodium falciparum],6.5800000000000004e-21,90.1,32.178,202.0,,,,,,,,
5HEZ_1|Chains,pdb|1V0O|A,Chain A, CELL DIVISION CONTROL PROTEIN 2 HOMOLOG [Plasmodium falciparum],6.99e-21,90.1,32.178,202.0,,,,,,,,
5HEZ_1|Chains,pdb|1OB3|A,Chain A, CELL DIVISION CONTROL PROTEIN 2 HOMOLOG [Plasmodium falciparum],1e-20,89.7,32.0,200.0,,,,,,,,
5HEZ_1|Chains,emb|CAA80490.1|,serine/threonine-protein kinase [Plasmodium falciparum],1.30e-17,82.8,30.049,203.0,NaN,,,,,,,,
5HEZ_1|Chains,gb|AAL54911.1|,sexual stage-specific protein kinase [Plasmodium falciparum],1.38e-16,80.1,31.687,243.0,NaN,,,,,,,,
5HEZ_1|Chains,gb|AAC61592.1|,cdk-related protein kinase 6 [Plasmodium falciparum],4.30e-16,77.0,28.774,212.0,NaN,,,,,,,,
5HEZ_1|Chains,emb|CAA56732.1|,cdc2-related protein kinase 1 [Plasmodium falciparum],7.00e-16,77.8,30.435,207.0,NaN,,,,,,,,
5HEZ_1|Chains,pdb|4RGJ|A,Chain A, Calcium-dependent protein kinase 4 [Plasmodium falciparum],1.29e-15,76.6,31.556,225.0,,,,,,,,
5HEZ_1|Chains,emb|CAA68090.1|,CDPK2 [Plasmodium falciparum],1.03e-14,73.9,30.542,203.0,NaN,,,,,,,,
5HEZ_1|Chains,emb|CAA47704.1|,protein kinase [Plasmodium falciparum],1.76e-14,73.2,30.189,212.0,NaN,,,,,,,,
5IFL_1|Chains,pdb|3AM3|A,Chain A, Enoyl-ACP reductase [Plasmodium falciparum],3.07e-16,77.0,25.463,216.0,,,,,,,,
5IFL_1|Chains,gb|AAK38274.1|,enoyl-ACP reductase, partial [Plasmodium falciparum],5.18e-16,77.0,27.315,216.0,,,,,,,,
5IFL_1|Chains,gb|AAK25802.1|,enoyl-acyl carrier reductase [Plasmodium falciparum],5.38e-16,77.0,25.463,216.0,NaN,,,,,,,,
5IFL_1|Chains,pdb|1UH5|A,Chain A, enoyl-ACP reductase [Plasmodium falciparum],5.78e-16,76.3,25.463,216.0,,,,,,,,
5IFL_1|Chains,pdb|1VRW|A,Chain A, ENOYL-ACYL CARRIER REDUCTASE [Plasmodium falciparum],6.41e-16,76.3,25.463,216.0,,,,,,,,
5IFL_1|Chains,gb|AAK83687.1|,enoyl-acyl-carrier protein reductase precursor [Plasmodium falciparum],6.56e-16,76.6,25.463,216.0,NaN,,,,,,,,
5IFL_1|Chains,pdb|2OL4|A,Chain A, Enoyl-acyl carrier reductase [Plasmodium falciparum],7.16e-16,76.3,25.463,216.0,,,,,,,,
5IFL_1|Chains,pdb|3AM5|A,Chain A, Enoyl-ACP reductase [Plasmodium falciparum],5.39e-15,73.6,25.0,216.0,,,,,,,,
5IFL_1|Chains,pdb|1NHG|A,Chain A, enoyl-acyl carrier reductase [Plasmodium falciparum],5.47e-13,66.6,35.593,118.0,,,,,,,,
5LRQ_1|Chain,pdb|9HHD|A,Chain A, Bromodomain protein 1 [Plasmodium falciparum],5.86e-13,61.6,31.373,102.0,,,,,,,,
5LRQ_1|Chain,gb|AAR20863.1|,histone acetyltransferase [Plasmodium falciparum],8.86e-11,58.5,38.272,81.0,NaN,,,,,,,,
5NTT_1|Chain,pdb|1V0B|A,Chain A, CELL DIVISION CONTROL PROTEIN 2 HOMOLOG [Plasmodium falciparum],3.47e-22,93.2,28.378,296.0,,,,,,,,
5NTT_1|Chain,pdb|1V0O|A,Chain A, CELL DIVISION CONTROL PROTEIN 2 HOMOLOG [Plasmodium falciparum],3.76e-22,93.2,28.378,296.0,,,,,,,,
5NTT_1|Chain,pdb|1OB3|A,Chain A, CELL DIVISION CONTROL PROTEIN 2 HOMOLOG [Plasmodium falciparum],6.5e-22,92.4,28.041,296.0,,,,,,,,
5NTT_1|Chain,emb|CAA68090.1|,CDPK2 [Plasmodium falciparum],1.68e-20,90.9,26.596,282.0,NaN,,,,,,,,
5NTT_1|Chain,emb|CAA47704.1|,protein kinase [Plasmodium falciparum],1.93e-20,90.5,27.365,296.0,NaN,,,,,,,,
5NTT_1|Chain,gb|AAC47170.1|,mitogen-activated protein kinase-related protein [Plasmodium falciparum],6.62e-19,86.3,29.085,306.0,NaN,,,,,,,,
5NTT_1|Chain,emb|CAA57972.1|,mitogen-activated protein kinase 1, serine/threonine protein kinase [Plasmodium falciparum],1.38e-18,85.5,29.085,306.0,,,,,,,,
5NTT_1|Chain,gb|AAT06260.1|,protein kinase B-like protein [Plasmodium falciparum],3.21e-15,75.1,25.939,293.0,NaN,,,,,,,,
5NTT_1|Chain,pdb|3NIE|A,Chain A, MAP2 kinase [Plasmodium falciparum],6.08e-15,74.3,31.727,249.0,,,,,,,,
5NTT_1|Chain,pdb|4RGJ|A,Chain A, Calcium-dependent protein kinase 4 [Plasmodium falciparum],1.45e-14,73.2,25.442,283.0,,,,,,,,
5VBQ_1|Chains,pdb|9HHD|A,Chain A, Bromodomain protein 1 [Plasmodium falciparum],4.01e-15,66.2,37.363,91.0,,,,,,,,
5VBQ_1|Chains,gb|AAR20863.1|,histone acetyltransferase [Plasmodium falciparum],2.03e-09,53.1,38.356,73.0,NaN,,,,,,,,
5YCS_1|Chains,pdb|3AM3|A,Chain A, Enoyl-ACP reductase [Plasmodium falciparum],1.13e-23,97.4,24.458,323.0,,,,,,,,
5YCS_1|Chains,pdb|2OL4|A,Chain A, Enoyl-acyl carrier reductase [Plasmodium falciparum],1.6399999999999998e-23,97.1,25.077,323.0,,,,,,,,
5YCS_1|Chains,pdb|1UH5|A,Chain A, enoyl-ACP reductase [Plasmodium falciparum],1.82e-23,96.7,25.077,323.0,,,,,,,,
5YCS_1|Chains,pdb|1VRW|A,Chain A, ENOYL-ACYL CARRIER REDUCTASE [Plasmodium falciparum],1.94e-23,96.7,25.077,323.0,,,,,,,,
5YCS_1|Chains,gb|AAK25802.1|,enoyl-acyl carrier reductase [Plasmodium falciparum],6.34e-23,96.7,25.387,323.0,NaN,,,,,,,,
5YCS_1|Chains,gb|AAK83687.1|,enoyl-acyl-carrier protein reductase precursor [Plasmodium falciparum],6.53e-23,96.3,25.387,323.0,NaN,,,,,,,,
5YCS_1|Chains,gb|AAK38274.1|,enoyl-ACP reductase, partial [Plasmodium falciparum],6.929999999999999e-23,96.3,25.387,323.0,,,,,,,,
5YCS_1|Chains,pdb|3AM5|A,Chain A, Enoyl-ACP reductase [Plasmodium falciparum],7.249999999999999e-23,95.1,25.077,323.0,,,,,,,,
5YCS_1|Chains,pdb|1NHG|A,Chain A, enoyl-acyl carrier reductase [Plasmodium falciparum],2.5e-17,78.2,26.549,226.0,,,,,,,,
5YCS_1|Chains,pdb|1NHG|C,Chain C, enoyl-acyl carrier reductase [Plasmodium falciparum],5.49e-06,42.7,40.909,44.0,,,,,,,,
5YO1_1|Chain,pdb|8EWZ|A,Chain A, M1 family aminopeptidase [Plasmodium falciparum],1.44e-177,536.0,34.701,902.0,,,,,,,,
5YO1_1|Chain,emb|CAA70301.2|,zinc-aminopeptidase [Plasmodium falciparum],1.72e-177,541.0,34.812,902.0,NaN,,,,,,,,
5YO1_1|Chain,pdb|3EBH|A,Chain A, M1 family aminopeptidase [Plasmodium falciparum],2.53e-177,535.0,34.739,901.0,,,,,,,,
5YO1_1|Chain,pdb|8T6H|A,Chain A, Aminopeptidase N [Plasmodium falciparum],1.41e-176,533.0,34.59,902.0,,,,,,,,
5YO1_1|Chain,pdb|8T83|A,Chain A, Aminopeptidase N [Plasmodium falciparum],1.9799999999999998e-176,533.0,34.59,902.0,,,,,,,,
5YO1_1|Chain,pdb|8T7P|A,Chain A, Aminopeptidase N [Plasmodium falciparum],2.35e-176,533.0,34.59,902.0,,,,,,,,
5YO1_1|Chain,pdb|8SLO|A,Chain A, M1 family aminopeptidase [Plasmodium falciparum],1.48e-175,537.0,34.701,902.0,,,,,,,,
6AH9_1|Chain,pdb|3AM3|A,Chain A, Enoyl-ACP reductase [Plasmodium falciparum],3.25e-19,85.1,27.803,223.0,,,,,,,,
6AH9_1|Chain,gb|AAK38274.1|,enoyl-ACP reductase, partial [Plasmodium falciparum],1.07e-18,84.7,27.897,233.0,,,,,,,,
6AH9_1|Chain,gb|AAK25802.1|,enoyl-acyl carrier reductase [Plasmodium falciparum],1.31e-18,84.3,26.609,233.0,NaN,,,,,,,,
6AH9_1|Chain,pdb|1VRW|A,Chain A, ENOYL-ACYL CARRIER REDUCTASE [Plasmodium falciparum],1.31e-18,83.6,26.609,233.0,,,,,,,,
6AH9_1|Chain,gb|AAK83687.1|,enoyl-acyl-carrier protein reductase precursor [Plasmodium falciparum],1.32e-18,84.3,26.609,233.0,NaN,,,,,,,,
6AH9_1|Chain,pdb|1UH5|A,Chain A, enoyl-ACP reductase [Plasmodium falciparum],2.36e-18,82.8,28.7,223.0,,,,,,,,
6AH9_1|Chain,pdb|2OL4|A,Chain A, Enoyl-acyl carrier reductase [Plasmodium falciparum],3.25e-18,82.4,27.354,223.0,,,,,,,,
6AH9_1|Chain,pdb|3AM5|A,Chain A, Enoyl-ACP reductase [Plasmodium falciparum],1.19e-17,80.9,28.7,223.0,,,,,,,,
6AH9_1|Chain,pdb|1NHG|A,Chain A, enoyl-acyl carrier reductase [Plasmodium falciparum],3.28e-13,67.0,34.127,126.0,,,,,,,,
6CW0_1|Chains,pdb|9HHD|A,Chain A, Bromodomain protein 1 [Plasmodium falciparum],1.38e-11,56.6,32.609,92.0,,,,,,,,
6CW0_1|Chains,gb|AAR20863.1|,histone acetyltransferase [Plasmodium falciparum],1.76e-06,44.7,30.588,85.0,NaN,,,,,,,,
6FBV_2|Chain,emb|CAA36427.1|,RNA polymerase beta subunit (697 AA), partial [Plasmodium falciparum],1.84e-45,175.0,22.745,510.0,,,,,,,,
6FBV_2|Chain,emb|CAA36427.1|,RNA polymerase beta subunit (697 AA), partial [Plasmodium falciparum],1.0999999999999999e-25,114.0,41.221,131.0,,,,,,,,
6FBV_2|Chain,emb|CAA53232.1|,beta subunit RNA polymerase [Plasmodium falciparum],1.99e-45,178.0,22.913,515.0,NaN,,,,,,,,
6FBV_2|Chain,emb|CAA53232.1|,beta subunit RNA polymerase [Plasmodium falciparum],1.44e-25,114.0,46.789,109.0,NaN,,,,,,,,
6FBV_3|Chain,emb|CAA64573.1|,rpoC [Plasmodium falciparum],2.20e-52,194.0,35.793,271.0,NaN,,,,,,,,
6FBV_3|Chain,emb|CAA64573.1|,rpoC [Plasmodium falciparum],2.18e-14,77.4,27.647,170.0,NaN,,,,,,,,
6FBV_3|Chain,emb|CAA36428.1|,RNA polymerase beta-prime subunit (AA 1- 462), partial [Plasmodium falciparum],1.98e-44,167.0,36.017,236.0,,,,,,,,
6FBV_3|Chain,emb|CAA36428.1|,RNA polymerase beta-prime subunit (AA 1- 462), partial [Plasmodium falciparum],2.07e-14,77.0,27.647,170.0,,,,,,,,
6FBV_3|Chain,emb|CAA34560.1|,unnamed protein product [Plasmodium falciparum],2.90e-36,150.0,29.73,333.0,NaN,,,,,,,,
6FBV_3|Chain,emb|CAA34560.1|,unnamed protein product [Plasmodium falciparum],6.02e-09,60.8,56.0,50.0,NaN,,,,,,,,
6FBV_3|Chain,emb|CAA34560.1|,unnamed protein product [Plasmodium falciparum],9.02e-09,60.1,26.768,198.0,NaN,,,,,,,,
6FBV_3|Chain,emb|CAA64574.1|,rpoD [Plasmodium falciparum],4.63e-30,129.0,27.315,216.0,NaN,,,,,,,,
6FBV_3|Chain,emb|CAA64574.1|,rpoD [Plasmodium falciparum],2.15e-11,68.6,22.137,262.0,NaN,,,,,,,,
6FBV_3|Chain,sp|P27625.1|,RecName: Full=DNA-directed RNA polymerase III subunit RPC1; Short=RNA polymerase III subunit C1; AltName: Full=DNA-directed RNA polymerase III largest subunit; AltName: Full=RNA polymerase III subunit C160 [Plasmodium falciparum],5.47e-24,110.0,23.276,464.0,NaN,,,,,,,,
6FBV_3|Chain,sp|P27625.1|,RecName: Full=DNA-directed RNA polymerase III subunit RPC1; Short=RNA polymerase III subunit C1; AltName: Full=DNA-directed RNA polymerase III largest subunit; AltName: Full=RNA polymerase III subunit C160 [Plasmodium falciparum],6.42e-10,63.9,28.502,207.0,NaN,,,,,,,,
6FBV_3|Chain,sp|P27625.1|,RecName: Full=DNA-directed RNA polymerase III subunit RPC1; Short=RNA polymerase III subunit C1; AltName: Full=DNA-directed RNA polymerase III largest subunit; AltName: Full=RNA polymerase III subunit C160 [Plasmodium falciparum],8.13e-10,63.5,47.458,59.0,NaN,,,,,,,,
6FBV_3|Chain,gb|AAA72349.1|,unnamed protein product [Plasmodium falciparum],2.49e-15,81.6,26.923,260.0,NaN,,,,,,,,
6FBV_3|Chain,gb|AAA72349.1|,unnamed protein product [Plasmodium falciparum],2.31e-13,75.1,25.726,241.0,NaN,,,,,,,,
6MCK_1|Chains,gb|AAA29520.1|,cell division cycle ATPase, partial [Plasmodium falciparum],1.72e-93,302.0,60.352,227.0,,,,,,,,
6MCK_1|Chains,gb|AAA29520.1|,cell division cycle ATPase, partial [Plasmodium falciparum],1.11e-82,273.0,60.0,205.0,,,,,,,,
6MCK_1|Chains,gb|AAA29520.1|,cell division cycle ATPase, partial [Plasmodium falciparum],5.71e-58,206.0,43.478,230.0,,,,,,,,
6MCK_1|Chains,gb|AAA29520.1|,cell division cycle ATPase, partial [Plasmodium falciparum],1.98e-33,135.0,42.657,143.0,,,,,,,,
6MCK_1|Chains,pir|S51042|,tat-binding protein homolog - malaria parasite (Plasmodium falciparum) [Plasmodium falciparum],1.40e-56,196.0,40.244,246.0,NaN,,,,,,,,
6MCK_1|Chains,pir|S51042|,tat-binding protein homolog - malaria parasite (Plasmodium falciparum) [Plasmodium falciparum],3.30e-54,190.0,40.0,235.0,NaN,,,,,,,,
6MF9_1|Chains,pdb|9HHD|A,Chain A, Bromodomain protein 1 [Plasmodium falciparum],1.24e-06,45.4,32.468,77.0,,,,,,,,
6MF9_1|Chains,gb|AAR20863.1|,histone acetyltransferase [Plasmodium falciparum],2.54e-06,46.2,35.088,57.0,NaN,,,,,,,,
6NNI_1|Chains,gb|UZH96798.1|,dihydrofolate reductase, partial [Plasmodium falciparum],2.75e-10,56.2,34.653,101,,,,,,,,
6NNI_1|Chains,gb|UZH96733.1|,dihydrofolate reductase, partial [Plasmodium falciparum],1.1e-09,54.3,33.333,102,,,,,,,,
6NNI_1|Chains,gb|QOP39094.1|,dihydrofolate reductase, partial [Plasmodium falciparum],2.57e-09,54.3,32.353,102,,,,,,,,
6NNI_1|Chains,gb|WNV48384.1|,dihyrofolate reductase, partial [Plasmodium falciparum],2.64e-09,53.1,30.693,101,,,,,,,,
6NNI_1|Chains,gb|UXN86418.1|,dihydrofolate reductase-thymidylate synthase, partial [Plasmodium falciparum],2.67e-09,53.1,32.353,102,,,,,,,,
6NNI_1|Chains,gb|QOP39095.1|,dihydrofolate reductase, partial [Plasmodium falciparum],2.69e-09,54.3,32.353,102,,,,,,,,
6NNI_1|Chains,gb|WHA04252.1|,bifunctional dihydrofolate reductase-thymidylate synthase, partial [Plasmodium falciparum],2.79e-09,53.5,32.353,102,,,,,,,,
6NNI_1|Chains,gb|WNV48388.1|,dihyrofolate reductase, partial [Plasmodium falciparum],2.81e-09,53.1,32.353,102,,,,,,,,
6NNI_1|Chains,gb|UXN86416.1|,dihydrofolate reductase-thymidylate synthase, partial [Plasmodium falciparum],2.84e-09,53.1,32.353,102,,,,,,,,
6NNI_1|Chains,gb|UXN86441.1|,dihydrofolate reductase-thymidylate synthase, partial [Plasmodium falciparum],2.87e-09,53.1,32.353,102,,,,,,,,
6UNS_1|Chains,pdb|4RGJ|A,Chain A, Calcium-dependent protein kinase 4 [Plasmodium falciparum],2.09e-14,73.6,29.302,215.0,,,,,,,,
6UNS_1|Chains,gb|AAC47170.1|,mitogen-activated protein kinase-related protein [Plasmodium falciparum],1.30e-13,71.2,26.059,307.0,NaN,,,,,,,,
6UNS_1|Chains,emb|CAA57972.1|,mitogen-activated protein kinase 1, serine/threonine protein kinase [Plasmodium falciparum],1.51e-13,71.2,26.129,310.0,,,,,,,,
6UNS_1|Chains,gb|AAC61592.1|,cdk-related protein kinase 6 [Plasmodium falciparum],1.90e-11,63.5,25.322,233.0,NaN,,,,,,,,
6UNS_1|Chains,emb|CAA47704.1|,protein kinase [Plasmodium falciparum],7.23e-11,62.8,27.149,221.0,NaN,,,,,,,,
6UNS_1|Chains,pdb|1V0O|A,Chain A, CELL DIVISION CONTROL PROTEIN 2 HOMOLOG [Plasmodium falciparum],3.7e-09,56.6,26.066,211.0,,,,,,,,
6UNS_1|Chains,pdb|1V0B|A,Chain A, CELL DIVISION CONTROL PROTEIN 2 HOMOLOG [Plasmodium falciparum],3.99e-09,56.6,26.066,211.0,,,,,,,,
6UNS_1|Chains,pdb|1OB3|A,Chain A, CELL DIVISION CONTROL PROTEIN 2 HOMOLOG [Plasmodium falciparum],5.55e-09,56.2,25.592,211.0,,,,,,,,
6UNS_1|Chains,emb|CAA56732.1|,cdc2-related protein kinase 1 [Plasmodium falciparum],1.55e-08,55.8,26.22,328.0,NaN,,,,,,,,
6UNS_1|Chains,pdb|2PML|X,Chain X, Ser/Thr protein kinase [Plasmodium falciparum],2.81e-08,54.3,24.352,193.0,,,,,,,,
6VNE_1|Chains,pdb|1V0B|A,Chain A, CELL DIVISION CONTROL PROTEIN 2 HOMOLOG [Plasmodium falciparum],8.390000000000001e-21,89.7,32.178,202.0,,,,,,,,
6VNE_1|Chains,pdb|1V0O|A,Chain A, CELL DIVISION CONTROL PROTEIN 2 HOMOLOG [Plasmodium falciparum],8.56e-21,89.7,32.178,202.0,,,,,,,,
6VNE_1|Chains,pdb|1OB3|A,Chain A, CELL DIVISION CONTROL PROTEIN 2 HOMOLOG [Plasmodium falciparum],1.26e-20,89.4,32.0,200.0,,,,,,,,
6VNE_1|Chains,emb|CAA80490.1|,serine/threonine-protein kinase [Plasmodium falciparum],1.94e-17,82.4,30.049,203.0,NaN,,,,,,,,
6VNE_1|Chains,gb|AAL54911.1|,sexual stage-specific protein kinase [Plasmodium falciparum],7.50e-17,80.9,31.687,243.0,NaN,,,,,,,,
6VNE_1|Chains,emb|CAA56732.1|,cdc2-related protein kinase 1 [Plasmodium falciparum],2.19e-16,79.3,30.288,208.0,NaN,,,,,,,,
6VNE_1|Chains,gb|AAC61592.1|,cdk-related protein kinase 6 [Plasmodium falciparum],7.78e-16,76.3,28.372,215.0,NaN,,,,,,,,
6VNE_1|Chains,pdb|4RGJ|A,Chain A, Calcium-dependent protein kinase 4 [Plasmodium falciparum],1.52e-15,76.6,31.33,233.0,,,,,,,,
6VNE_1|Chains,emb|CAA68090.1|,CDPK2 [Plasmodium falciparum],9.79e-15,73.9,30.542,203.0,NaN,,,,,,,,
6VNE_1|Chains,emb|CAA47704.1|,protein kinase [Plasmodium falciparum],5.46e-14,72.0,29.258,229.0,NaN,,,,,,,,
6XCY_1|Chain,pdb|7TBB|A,Chain A, Plasmepsin 10 [Plasmodium falciparum],1.48e-52,177.0,33.025,324.0,,,,,,,,
6XCY_1|Chain,gb|WAK97399.1|,plasmepsin X, partial [Plasmodium falciparum],3.17e-51,177.0,33.025,324.0,,,,,,,,
6XCY_1|Chain,gb|WAK97405.1|,plasmepsin X, partial [Plasmodium falciparum],4.04e-51,177.0,33.022,321.0,,,,,,,,
6XCY_1|Chain,gb|AAW78321.1|,plasmepsin 10 [Plasmodium falciparum],4.06e-51,177.0,33.025,324.0,NaN,,,,,,,,
6XCY_1|Chain,gb|AAW78319.1|,plasmepsin 10 [Plasmodium falciparum],4.46e-51,177.0,33.025,324.0,NaN,,,,,,,,
6XCY_1|Chain,gb|AAW78314.1|,plasmepsin 10 [Plasmodium falciparum],4.89e-51,177.0,33.025,324.0,NaN,,,,,,,,
6XCY_1|Chain,gb|WAK97372.1|,plasmepsin X, partial [Plasmodium falciparum],4.92e-51,177.0,33.025,324.0,,,,,,,,
6XCY_1|Chain,gb|WAK97384.1|,plasmepsin X, partial [Plasmodium falciparum],5.08e-51,177.0,33.025,324.0,,,,,,,,
6XCY_1|Chain,gb|AAW78308.1|,plasmepsin 10 [Plasmodium falciparum],5.26e-51,177.0,33.025,324.0,NaN,,,,,,,,
6XCY_1|Chain,gb|WAK97380.1|,plasmepsin X, partial [Plasmodium falciparum],5.31e-51,177.0,33.025,324.0,,,,,,,,
6XD3_3|Chain,pdb|1V0B|A,Chain A, CELL DIVISION CONTROL PROTEIN 2 HOMOLOG [Plasmodium falciparum],1.37e-78,242.0,42.16,287.0,,,,,,,,
6XD3_3|Chain,pdb|1V0O|A,Chain A, CELL DIVISION CONTROL PROTEIN 2 HOMOLOG [Plasmodium falciparum],1.45e-78,242.0,42.16,287.0,,,,,,,,
6XD3_3|Chain,pdb|1OB3|A,Chain A, CELL DIVISION CONTROL PROTEIN 2 HOMOLOG [Plasmodium falciparum],2.05e-78,241.0,41.812,287.0,,,,,,,,
6XD3_3|Chain,gb|AAC72269.1|,MO15-related protein kinase Pfmrk [Plasmodium falciparum],9.66e-74,231.0,42.208,308.0,NaN,,,,,,,,
6XD3_3|Chain,gb|AAD55782.1|,MO15-related protein kinase Pfmrk [Plasmodium falciparum],2.17e-73,230.0,42.208,308.0,NaN,,,,,,,,
6XD3_3|Chain,emb|CAA56732.1|,cdc2-related protein kinase 1 [Plasmodium falciparum],2.82e-66,221.0,38.199,322.0,NaN,,,,,,,,
6XD3_3|Chain,gb|AAC47170.1|,mitogen-activated protein kinase-related protein [Plasmodium falciparum],6.29e-58,199.0,40.203,296.0,NaN,,,,,,,,
6XD3_3|Chain,emb|CAA57972.1|,mitogen-activated protein kinase 1, serine/threonine protein kinase [Plasmodium falciparum],1.37e-57,199.0,40.203,296.0,,,,,,,,
6XD3_3|Chain,gb|AAC61592.1|,cdk-related protein kinase 6 [Plasmodium falciparum],9.01e-44,152.0,33.77,305.0,NaN,,,,,,,,
6XD3_3|Chain,pdb|3NIE|A,Chain A, MAP2 kinase [Plasmodium falciparum],1.1e-41,150.0,31.609,348.0,,,,,,,,
6Y0G_44|Chain,gb|AAA29781.1|,ubiquitin, partial [Plasmodium falciparum],1.09e-24,89.4,97.619,42.0,,,,,,,,
6Y0G_44|Chain,gb|AAA29781.1|,ubiquitin, partial [Plasmodium falciparum],8.2e-18,72.0,97.222,36.0,,,,,,,,
6Y0G_55|Chain,gb|AAC98504.1|,ribosomal protein, partial [Plasmodium falciparum],1.01e-45,146.0,67.647,102.0,,,,,,,,
6Y0G_81|Chain,gb|AAA29781.1|,ubiquitin, partial [Plasmodium falciparum],2.44e-24,89.7,95.349,43.0,,,,,,,,
6Y0G_81|Chain,gb|AAA29781.1|,ubiquitin, partial [Plasmodium falciparum],2e-17,72.0,97.222,36.0,,,,,,,,
6Y0G_39|Chain,emb|CAA82284.2|,Ag15 [Plasmodium falciparum],1.10e-17,72.8,49.587,121.0,NaN,,,,,,,,
6Y0G_39|Chain,gb|AAA70296.1|,15 kDa vesicular-like antigen [Plasmodium falciparum],4.42e-14,63.2,54.167,96.0,NaN,,,,,,,,
6Y0G_73|Chain,emb|CAA64591.1|,rps12 [Plasmodium falciparum],1.43e-09,52.4,37.662,77.0,NaN,,,,,,,,
6Y0G_82|Chain,pir|JC7987|,receptor for activated C kinase, RACK protein - Plasmodium falciparum [Plasmodium falciparum],4.0800000000000005e-129,370.0,59.236,314.0,,,,,,,,
6Y0G_82|Chain,pir|JC7987|,receptor for activated C kinase, RACK protein - Plasmodium falciparum [Plasmodium falciparum],3.6e-08,53.9,26.316,228.0,,,,,,,,
6Y0G_82|Chain,gb|AAP93837.1|,COPI protein [Plasmodium falciparum],6.14e-13,69.3,30.709,127.0,NaN,,,,,,,,
6Y0G_82|Chain,gb|AAP93837.1|,COPI protein [Plasmodium falciparum],9.28e-09,56.2,25.258,194.0,NaN,,,,,,,,
7DI7_1|Chain,pdb|7VPE|A,Chain A, Falcilysin [Plasmodium falciparum],0.0,2337.0,100.0,1158,,,,,,,,
7FCM_1|Chains,pdb|3AM3|A,Chain A, Enoyl-ACP reductase [Plasmodium falciparum],1.56e-20,89.4,26.667,330.0,,,,,,,,
7FCM_1|Chains,pdb|1VRW|A,Chain A, ENOYL-ACYL CARRIER REDUCTASE [Plasmodium falciparum],5.61e-20,87.8,26.506,332.0,,,,,,,,
7FCM_1|Chains,gb|AAK25802.1|,enoyl-acyl carrier reductase [Plasmodium falciparum],5.99e-20,89.0,26.506,332.0,NaN,,,,,,,,
7FCM_1|Chains,gb|AAK38274.1|,enoyl-ACP reductase, partial [Plasmodium falciparum],7.13e-20,88.6,26.506,332.0,,,,,,,,
7FCM_1|Chains,gb|AAK83687.1|,enoyl-acyl-carrier protein reductase precursor [Plasmodium falciparum],7.92e-20,88.6,26.506,332.0,NaN,,,,,,,,
7FCM_1|Chains,pdb|1UH5|A,Chain A, enoyl-ACP reductase [Plasmodium falciparum],1.4e-19,86.7,26.364,330.0,,,,,,,,
7FCM_1|Chains,pdb|2OL4|A,Chain A, Enoyl-acyl carrier reductase [Plasmodium falciparum],1.75e-19,86.7,26.364,330.0,,,,,,,,
7FCM_1|Chains,pdb|3AM5|A,Chain A, Enoyl-ACP reductase [Plasmodium falciparum],7.27e-19,84.7,26.364,330.0,,,,,,,,
7FCM_1|Chains,pdb|1NHG|A,Chain A, enoyl-acyl carrier reductase [Plasmodium falciparum],1.68e-13,68.2,29.694,229.0,,,,,,,,
7FCM_1|Chains,pdb|1NHG|C,Chain C, enoyl-acyl carrier reductase [Plasmodium falciparum],5.29e-06,43.1,41.304,46.0,,,,,,,,
7K6G_1|Chains,pdb|9HHD|A,Chain A, Bromodomain protein 1 [Plasmodium falciparum],4.09e-13,61.6,31.373,102.0,,,,,,,,
7K6G_1|Chains,gb|AAR20863.1|,histone acetyltransferase [Plasmodium falciparum],1.25e-10,57.4,38.272,81.0,NaN,,,,,,,,
7K6H_1|Chain,pdb|9HHD|A,Chain A, Bromodomain protein 1 [Plasmodium falciparum],4.09e-13,61.6,31.373,102.0,,,,,,,,
7K6H_1|Chain,gb|AAR20863.1|,histone acetyltransferase [Plasmodium falciparum],1.25e-10,57.4,38.272,81.0,NaN,,,,,,,,
7L73_1|Chain,pdb|9HHD|A,Chain A, Bromodomain protein 1 [Plasmodium falciparum],4.01e-15,66.2,37.363,91.0,,,,,,,,
7L73_1|Chain,gb|AAR20863.1|,histone acetyltransferase [Plasmodium falciparum],2.03e-09,53.1,38.356,73.0,NaN,,,,,,,,
7L7B_2|Chain,emb|CAA36427.1|,RNA polymerase beta subunit (697 AA), partial [Plasmodium falciparum],9.86e-78,271.0,26.167,707.0,,,,,,,,
7L7B_2|Chain,emb|CAA53232.1|,beta subunit RNA polymerase [Plasmodium falciparum],4.82e-77,276.0,26.685,712.0,NaN,,,,,,,,
7L7B_3|Chain,emb|CAA64573.1|,rpoC [Plasmodium falciparum],3.74e-78,268.0,29.138,580.0,NaN,,,,,,,,
7L7B_3|Chain,emb|CAA36428.1|,RNA polymerase beta-prime subunit (AA 1- 462), partial [Plasmodium falciparum],6.390000000000002e-72,247.0,30.983,468.0,,,,,,,,
7L7B_3|Chain,emb|CAA34560.1|,unnamed protein product [Plasmodium falciparum],1.23e-35,147.0,27.103,428.0,NaN,,,,,,,,
7L7B_3|Chain,emb|CAA34560.1|,unnamed protein product [Plasmodium falciparum],7.40e-10,63.5,55.102,49.0,NaN,,,,,,,,
7L7B_3|Chain,emb|CAA34560.1|,unnamed protein product [Plasmodium falciparum],1.11e-07,56.2,25.108,231.0,NaN,,,,,,,,
7L7B_3|Chain,emb|CAA64574.1|,rpoD [Plasmodium falciparum],6.05e-29,125.0,24.915,293.0,NaN,,,,,,,,
7L7B_3|Chain,emb|CAA64574.1|,rpoD [Plasmodium falciparum],3.61e-11,67.4,28.058,139.0,NaN,,,,,,,,
7L7B_3|Chain,gb|AAA72349.1|,unnamed protein product [Plasmodium falciparum],5.42e-19,93.6,29.362,235.0,NaN,,,,,,,,
7L7B_3|Chain,gb|AAA72349.1|,unnamed protein product [Plasmodium falciparum],3.58e-09,61.2,48.077,52.0,NaN,,,,,,,,
7L7B_3|Chain,sp|P27625.1|,RecName: Full=DNA-directed RNA polymerase III subunit RPC1; Short=RNA polymerase III subunit C1; AltName: Full=DNA-directed RNA polymerase III largest subunit; AltName: Full=RNA polymerase III subunit C160 [Plasmodium falciparum],6.35e-18,90.1,39.623,106.0,NaN,,,,,,,,
7L7B_3|Chain,sp|P27625.1|,RecName: Full=DNA-directed RNA polymerase III subunit RPC1; Short=RNA polymerase III subunit C1; AltName: Full=DNA-directed RNA polymerase III largest subunit; AltName: Full=RNA polymerase III subunit C160 [Plasmodium falciparum],2.94e-13,74.7,25.786,318.0,NaN,,,,,,,,
7L7B_3|Chain,sp|P27625.1|,RecName: Full=DNA-directed RNA polymerase III subunit RPC1; Short=RNA polymerase III subunit C1; AltName: Full=DNA-directed RNA polymerase III largest subunit; AltName: Full=RNA polymerase III subunit C160 [Plasmodium falciparum],4.35e-12,70.9,59.574,47.0,NaN,,,,,,,,
7L7B_3|Chain,sp|P27625.1|,RecName: Full=DNA-directed RNA polymerase III subunit RPC1; Short=RNA polymerase III subunit C1; AltName: Full=DNA-directed RNA polymerase III largest subunit; AltName: Full=RNA polymerase III subunit C160 [Plasmodium falciparum],4.62e-10,64.3,25.112,223.0,NaN,,,,,,,,
7LAI_1|Chain,pdb|9HHD|A,Chain A, Bromodomain protein 1 [Plasmodium falciparum],2.5e-12,59.3,31.522,92.0,,,,,,,,
7LAI_1|Chain,gb|AAR20863.1|,histone acetyltransferase [Plasmodium falciparum],3.11e-11,58.9,39.189,74.0,NaN,,,,,,,,
7LAU_1|Chain,pdb|9HHD|A,Chain A, Bromodomain protein 1 [Plasmodium falciparum],2.5e-12,59.3,31.522,92.0,,,,,,,,
7LAU_1|Chain,gb|AAR20863.1|,histone acetyltransferase [Plasmodium falciparum],3.11e-11,58.9,39.189,74.0,NaN,,,,,,,,
7LAZ_1|Chains,pdb|9HHD|A,Chain A, Bromodomain protein 1 [Plasmodium falciparum],1.05e-13,62.8,33.696,92.0,,,,,,,,
7LAZ_1|Chains,gb|AAR20863.1|,histone acetyltransferase [Plasmodium falciparum],2.92e-10,56.2,37.838,74.0,NaN,,,,,,,,
7Q4A_1|Chains,pdb|8RPC|A,Chain A, non-specific serine/threonine protein kinase [Plasmodium falciparum],0.0,537.0,67.76,366.0,,,,,,,,
7Q4A_1|Chains,gb|AAK38173.1|,protein serine/threonine kinase-1 [Plasmodium falciparum],3.22e-24,104.0,24.713,348.0,NaN,,,,,,,,
7Q4A_1|Chains,pdb|1OB3|A,Chain A, CELL DIVISION CONTROL PROTEIN 2 HOMOLOG [Plasmodium falciparum],6.18e-24,99.8,28.354,328.0,,,,,,,,
7Q4A_1|Chains,pdb|1V0O|A,Chain A, CELL DIVISION CONTROL PROTEIN 2 HOMOLOG [Plasmodium falciparum],6.96e-24,99.8,28.354,328.0,,,,,,,,
7Q4A_1|Chains,pdb|1V0B|A,Chain A, CELL DIVISION CONTROL PROTEIN 2 HOMOLOG [Plasmodium falciparum],8.01e-24,99.4,28.354,328.0,,,,,,,,
7Q4A_1|Chains,gb|AAC61592.1|,cdk-related protein kinase 6 [Plasmodium falciparum],2.19e-21,92.8,27.679,336.0,NaN,,,,,,,,
7Q4A_1|Chains,emb|CAA57972.1|,mitogen-activated protein kinase 1, serine/threonine protein kinase [Plasmodium falciparum],1.73e-20,92.8,27.596,337.0,,,,,,,,
7Q4A_1|Chains,gb|AAC47170.1|,mitogen-activated protein kinase-related protein [Plasmodium falciparum],3.34e-20,92.0,27.596,337.0,NaN,,,,,,,,
7Q4A_1|Chains,emb|CAA68090.1|,CDPK2 [Plasmodium falciparum],7.72e-18,84.3,25.749,334.0,NaN,,,,,,,,
7Q4A_1|Chains,pdb|5DYK|A,Chain A, CGMP-dependent protein kinase [Plasmodium falciparum],2.37e-17,83.6,28.774,212.0,,,,,,,,
7R81_14|Chain,gb|AAC98504.1|,ribosomal protein, partial [Plasmodium falciparum],1.1099999999999999e-41,136.0,64.078,103.0,,,,,,,,
7R81_50|Chain,emb|CAA64591.1|,rps12 [Plasmodium falciparum],2.36e-08,49.3,36.364,77.0,NaN,,,,,,,,
7R81_66|Chain,gb|AAA29781.1|,ubiquitin, partial [Plasmodium falciparum],3.28e-24,89.4,100.0,41.0,,,,,,,,
7R81_66|Chain,gb|AAA29781.1|,ubiquitin, partial [Plasmodium falciparum],1.26e-14,64.7,88.889,36.0,,,,,,,,
7R81_68|Chain,pir|JC7987|,receptor for activated C kinase, RACK protein - Plasmodium falciparum [Plasmodium falciparum],7.29e-117,339.0,55.414,314.0,,,,,,,,
7R81_68|Chain,gb|AAP93837.1|,COPI protein [Plasmodium falciparum],2.40e-11,64.3,22.672,247.0,NaN,,,,,,,,
7R81_68|Chain,gb|AAP93837.1|,COPI protein [Plasmodium falciparum],3.91e-11,63.5,28.346,127.0,NaN,,,,,,,,
7R81_70|Chain,emb|CAA82284.2|,Ag15 [Plasmodium falciparum],1.88e-17,72.4,43.333,90.0,NaN,,,,,,,,
7R81_70|Chain,gb|AAA70296.1|,15 kDa vesicular-like antigen [Plasmodium falciparum],2.87e-13,60.8,47.297,74.0,NaN,,,,,,,,
7RLI_1|Chains,gb|AAA29520.1|,cell division cycle ATPase, partial [Plasmodium falciparum],7.28e-112,357.0,45.789,380.0,,,,,,,,
7RLI_1|Chains,gb|AAA29520.1|,cell division cycle ATPase, partial [Plasmodium falciparum],2.8000000000000003e-80,272.0,60.0,205.0,,,,,,,,
7RLI_1|Chains,gb|AAA29520.1|,cell division cycle ATPase, partial [Plasmodium falciparum],2.05e-56,206.0,43.478,230.0,,,,,,,,
7RLI_1|Chains,gb|AAA29520.1|,cell division cycle ATPase, partial [Plasmodium falciparum],1.21e-35,144.0,42.038,157.0,,,,,,,,
7RLI_1|Chains,pir|S51042|,tat-binding protein homolog - malaria parasite (Plasmodium falciparum) [Plasmodium falciparum],1.53e-55,197.0,39.918,243.0,NaN,,,,,,,,
7RLI_1|Chains,pir|S51042|,tat-binding protein homolog - malaria parasite (Plasmodium falciparum) [Plasmodium falciparum],2.66e-55,196.0,40.244,246.0,NaN,,,,,,,,
7RLJ_1|Chains,gb|AAA29520.1|,cell division cycle ATPase, partial [Plasmodium falciparum],2.16e-112,356.0,45.789,380.0,,,,,,,,
7RLJ_1|Chains,gb|AAA29520.1|,cell division cycle ATPase, partial [Plasmodium falciparum],8.88e-81,272.0,60.0,205.0,,,,,,,,
7RLJ_1|Chains,gb|AAA29520.1|,cell division cycle ATPase, partial [Plasmodium falciparum],1.1400000000000001e-56,206.0,43.29,231.0,,,,,,,,
7RLJ_1|Chains,gb|AAA29520.1|,cell division cycle ATPase, partial [Plasmodium falciparum],8.400000000000001e-36,144.0,42.038,157.0,,,,,,,,
7RLJ_1|Chains,pir|S51042|,tat-binding protein homolog - malaria parasite (Plasmodium falciparum) [Plasmodium falciparum],4.40e-56,198.0,39.918,243.0,NaN,,,,,,,,
7RLJ_1|Chains,pir|S51042|,tat-binding protein homolog - malaria parasite (Plasmodium falciparum) [Plasmodium falciparum],8.64e-56,197.0,40.244,246.0,NaN,,,,,,,,
7VE0_1|Chains,gb|AAW71449.1|,plasmepsin 2, partial [Plasmodium falciparum],0.0,681.0,100.0,331,,,,,,,,
7VE0_1|Chains,gb|AAA68217.1|,aspartic proteinase, partial [Plasmodium falciparum],0.0,679.0,99.698,331,,,,,,,,
7VE0_1|Chains,pdb|2BJU|A,Chain A, Plasmepsin Ii [Plasmodium falciparum],0.0,679.0,99.698,331,,,,,,,,
7VE0_1|Chains,pdb|1PFZ|A,Chain A, Proplasmepsin Ii [Plasmodium falciparum],0.0,677.0,99.698,331,,,,,,,,
7VE0_1|Chains,pdb|5BWY|A,Chain A, Plasmepsin-2 [Plasmodium falciparum],0.0,677.0,99.698,331,,,,,,,,
7VE0_1|Chains,gb|AAW71452.1|,plasmepsin 2, partial [Plasmodium falciparum],0.0,676.0,99.697,330,,,,,,,,
7VE0_1|Chains,pdb|1LF3|A,Chain A, plasmepsin 2 [Plasmodium falciparum],0.0,675.0,99.698,331,,,,,,,,
7VE0_1|Chains,pdb|1LEE|A,Chain A, Plasmepsin 2 [Plasmodium falciparum],0.0,672.0,99.396,331,,,,,,,,
7VE0_1|Chains,pdb|1ME6|A,Chain A, Plasmepsin II [Plasmodium falciparum],0.0,671.0,99.696,329,,,,,,,,
7VE0_1|Chains,pdb|3F9Q|A,Chain A, Plasmepsin-2 [Plasmodium falciparum],0.0,669.0,99.392,329,,,,,,,,
8A0Z_1|Chains,gb|UZH96798.1|,dihydrofolate reductase, partial [Plasmodium falciparum],1.11e-15,72.0,30.818,159,,,,,,,,
8A0Z_1|Chains,gb|WET17590.1|,dihydrofolate reductase, partial [Plasmodium falciparum],4.68e-15,69.3,34.752,141,,,,,,,,
8A0Z_1|Chains,gb|AQM50699.1|,dihydrofolate reductase, partial [Plasmodium falciparum],5.49e-15,70.1,30.189,159,,,,,,,,
8A0Z_1|Chains,gb|ALS39824.1|,dihydrofolate reductase, partial [Plasmodium falciparum],5.65e-15,69.7,30.189,159,,,,,,,,
8A0Z_1|Chains,gb|WZW72785.1|,dihydrofolate reductase, partial [Plasmodium falciparum],5.72e-15,70.1,29.651,172,,,,,,,,
8A0Z_1|Chains,gb|ALN42933.1|,sulfadoxine-pyrimethamine drug resistance protein, partial [Plasmodium falciparum],6.04e-15,69.3,30.189,159,,,,,,,,
8A0Z_1|Chains,gb|WZW72774.1|,dihydrofolate reductase, partial [Plasmodium falciparum],6.67e-15,68.9,34.043,141,,,,,,,,
8A0Z_1|Chains,gb|QJU11977.1|,dihydrofolate reductase, partial [Plasmodium falciparum],8.01e-15,69.3,30.189,159,,,,,,,,
8A0Z_1|Chains,gb|ALS39828.1|,dihydrofolate reductase, partial [Plasmodium falciparum],8.16e-15,69.3,30.189,159,,,,,,,,
8A0Z_1|Chains,gb|AYN70559.1|,dihydrofolate reductase, partial [Plasmodium falciparum],8.19e-15,69.3,30.189,159,,,,,,,,
8BWR_1|Chain,gb|AIA99708.1|,multidrug resistance protein 1, partial [Plasmodium falciparum],1.64e-46,183.0,22.37,1207,,,,,,,,
8BWR_1|Chain,gb|AIA99704.1|,multidrug resistance protein 1, partial [Plasmodium falciparum],2.67e-46,182.0,22.241,1205,,,,,,,,
8BWR_1|Chain,gb|AIA99660.1|,multidrug resistance protein 1, partial [Plasmodium falciparum],4.1e-46,181.0,22.241,1205,,,,,,,,
8BWR_1|Chain,gb|AIA99660.1|,multidrug resistance protein 1, partial [Plasmodium falciparum],8.66e-21,99.4,22.707,458,,,,,,,,
8BWR_1|Chain,gb|AIA99660.1|,multidrug resistance protein 1, partial [Plasmodium falciparum],1.65e-12,72.4,30.864,162,,,,,,,,
8BWR_1|Chain,gb|AIA99701.1|,multidrug resistance protein 1, partial [Plasmodium falciparum],4.39e-46,181.0,22.158,1205,,,,,,,,
8BWR_1|Chain,gb|AIA99658.1|,multidrug resistance protein 1, partial [Plasmodium falciparum],5.1999999999999996e-46,181.0,22.241,1205,,,,,,,,
8BWR_1|Chain,gb|AIA99658.1|,multidrug resistance protein 1, partial [Plasmodium falciparum],6.17e-12,70.5,30.625,160,,,,,,,,
8BWR_1|Chain,gb|AIA99676.1|,multidrug resistance protein 1, partial [Plasmodium falciparum],5.62e-46,181.0,22.241,1205,,,,,,,,
8BWR_1|Chain,gb|AIA99687.1|,multidrug resistance protein 1, partial [Plasmodium falciparum],7.64e-46,181.0,22.222,1206,,,,,,,,
8BWR_1|Chain,gb|AIA99687.1|,multidrug resistance protein 1, partial [Plasmodium falciparum],7.3e-12,70.1,30.323,155,,,,,,,,
8BWR_1|Chain,gb|AIA99712.1|,multidrug resistance protein 1, partial [Plasmodium falciparum],7.71e-46,181.0,22.241,1205,,,,,,,,
8BWR_1|Chain,gb|AIA99707.1|,multidrug resistance protein 1, partial [Plasmodium falciparum],1.01e-45,180.0,22.222,1206,,,,,,,,
8BWR_1|Chain,gb|AIA99686.1|,multidrug resistance protein 1, partial [Plasmodium falciparum],1.11e-45,180.0,22.37,1207,,,,,,,,
8BWR_1|Chain,gb|AIA99686.1|,multidrug resistance protein 1, partial [Plasmodium falciparum],1.86e-12,72.0,30.864,162,,,,,,,,
8BX9_1|Chains,pdb|1V0B|A,Chain A, CELL DIVISION CONTROL PROTEIN 2 HOMOLOG [Plasmodium falciparum],8.07e-21,90.1,32.178,202.0,,,,,,,,
8BX9_1|Chains,pdb|1V0O|A,Chain A, CELL DIVISION CONTROL PROTEIN 2 HOMOLOG [Plasmodium falciparum],9.57e-21,89.7,32.178,202.0,,,,,,,,
8BX9_1|Chains,pdb|1OB3|A,Chain A, CELL DIVISION CONTROL PROTEIN 2 HOMOLOG [Plasmodium falciparum],1.38e-20,89.4,32.0,200.0,,,,,,,,
8BX9_1|Chains,emb|CAA80490.1|,serine/threonine-protein kinase [Plasmodium falciparum],1.93e-17,82.8,30.049,203.0,NaN,,,,,,,,
8BX9_1|Chains,gb|AAL54911.1|,sexual stage-specific protein kinase [Plasmodium falciparum],1.20e-16,80.5,31.687,243.0,NaN,,,,,,,,
8BX9_1|Chains,emb|CAA56732.1|,cdc2-related protein kinase 1 [Plasmodium falciparum],3.46e-16,79.0,30.435,207.0,NaN,,,,,,,,
8BX9_1|Chains,gb|AAC61592.1|,cdk-related protein kinase 6 [Plasmodium falciparum],6.45e-16,76.6,28.372,215.0,NaN,,,,,,,,
8BX9_1|Chains,pdb|4RGJ|A,Chain A, Calcium-dependent protein kinase 4 [Plasmodium falciparum],8.22e-15,74.3,32.143,224.0,,,,,,,,
8BX9_1|Chains,emb|CAA68090.1|,CDPK2 [Plasmodium falciparum],1.15e-14,73.9,30.542,203.0,NaN,,,,,,,,
8BX9_1|Chains,emb|CAA47704.1|,protein kinase [Plasmodium falciparum],5.69e-14,72.0,30.189,212.0,NaN,,,,,,,,
8C2Z_1|Chain,pdb|8RPC|A,Chain A, non-specific serine/threonine protein kinase [Plasmodium falciparum],1.42e-41,149.0,31.347,386.0,,,,,,,,
8C2Z_1|Chain,gb|AAK38173.1|,protein serine/threonine kinase-1 [Plasmodium falciparum],5.50e-32,127.0,26.844,339.0,NaN,,,,,,,,
8C2Z_1|Chain,emb|CAA57972.1|,mitogen-activated protein kinase 1, serine/threonine protein kinase [Plasmodium falciparum],5.24e-29,118.0,27.273,352.0,,,,,,,,
8C2Z_1|Chain,gb|AAC47170.1|,mitogen-activated protein kinase-related protein [Plasmodium falciparum],2.74e-28,116.0,27.273,352.0,NaN,,,,,,,,
8C2Z_1|Chain,pdb|1OB3|A,Chain A, CELL DIVISION CONTROL PROTEIN 2 HOMOLOG [Plasmodium falciparum],1.4500000000000002e-27,109.0,27.3,337.0,,,,,,,,
8C2Z_1|Chain,pdb|1V0B|A,Chain A, CELL DIVISION CONTROL PROTEIN 2 HOMOLOG [Plasmodium falciparum],2.1e-27,109.0,27.003,337.0,,,,,,,,
8C2Z_1|Chain,pdb|1V0O|A,Chain A, CELL DIVISION CONTROL PROTEIN 2 HOMOLOG [Plasmodium falciparum],2.21e-27,109.0,27.003,337.0,,,,,,,,
8C2Z_1|Chain,emb|CAA56732.1|,cdc2-related protein kinase 1 [Plasmodium falciparum],2.32e-25,107.0,32.463,268.0,NaN,,,,,,,,
8C2Z_1|Chain,gb|AAD55782.1|,MO15-related protein kinase Pfmrk [Plasmodium falciparum],7.26e-23,97.4,29.249,253.0,NaN,,,,,,,,
8C2Z_1|Chain,gb|AAC61592.1|,cdk-related protein kinase 6 [Plasmodium falciparum],9.20e-23,96.7,28.274,336.0,NaN,,,,,,,,
8C3G_1|Chains,pdb|8RPC|A,Chain A, non-specific serine/threonine protein kinase [Plasmodium falciparum],1.8e-38,141.0,34.694,245.0,,,,,,,,
8C3G_1|Chains,gb|AAK38173.1|,protein serine/threonine kinase-1 [Plasmodium falciparum],1.85e-33,131.0,26.1,341.0,NaN,,,,,,,,
8C3G_1|Chains,pdb|1OB3|A,Chain A, CELL DIVISION CONTROL PROTEIN 2 HOMOLOG [Plasmodium falciparum],4.2e-28,111.0,29.73,333.0,,,,,,,,
8C3G_1|Chains,pdb|1V0O|A,Chain A, CELL DIVISION CONTROL PROTEIN 2 HOMOLOG [Plasmodium falciparum],5.52e-28,110.0,29.429,333.0,,,,,,,,
8C3G_1|Chains,pdb|1V0B|A,Chain A, CELL DIVISION CONTROL PROTEIN 2 HOMOLOG [Plasmodium falciparum],5.87e-28,110.0,29.429,333.0,,,,,,,,
8C3G_1|Chains,emb|CAA57972.1|,mitogen-activated protein kinase 1, serine/threonine protein kinase [Plasmodium falciparum],2.68e-26,110.0,27.171,357.0,,,,,,,,
8C3G_1|Chains,gb|AAC47170.1|,mitogen-activated protein kinase-related protein [Plasmodium falciparum],1.25e-25,108.0,27.324,355.0,NaN,,,,,,,,
8C3G_1|Chains,gb|AAC61592.1|,cdk-related protein kinase 6 [Plasmodium falciparum],4.69e-24,100.0,28.696,345.0,NaN,,,,,,,,
8C3G_1|Chains,emb|CAA56732.1|,cdc2-related protein kinase 1 [Plasmodium falciparum],3.16e-23,101.0,30.962,239.0,NaN,,,,,,,,
8C3G_1|Chains,gb|AAD55782.1|,MO15-related protein kinase Pfmrk [Plasmodium falciparum],9.25e-23,97.1,30.992,242.0,NaN,,,,,,,,
8G4S_7|Chain,gb|AAC98504.1|,ribosomal protein, partial [Plasmodium falciparum],4.52e-34,116.0,62.195,82.0,,,,,,,,
8G4S_24|Chain,emb|CAA64591.1|,rps12 [Plasmodium falciparum],6.48e-08,48.1,35.227,88.0,NaN,,,,,,,,
8G5Y_12|Chain,gb|AAC98504.1|,ribosomal protein, partial [Plasmodium falciparum],1.01e-45,146.0,67.647,102.0,,,,,,,,
8G5Y_20|Chain,emb|CAA64591.1|,rps12 [Plasmodium falciparum],1.43e-09,52.4,37.662,77.0,NaN,,,,,,,,
8G5Y_37|Chain,pir|JC7987|,receptor for activated C kinase, RACK protein - Plasmodium falciparum [Plasmodium falciparum],4.0800000000000005e-129,370.0,59.236,314.0,,,,,,,,
8G5Y_37|Chain,pir|JC7987|,receptor for activated C kinase, RACK protein - Plasmodium falciparum [Plasmodium falciparum],3.6e-08,53.9,26.316,228.0,,,,,,,,
8G5Y_37|Chain,gb|AAP93837.1|,COPI protein [Plasmodium falciparum],6.14e-13,69.3,30.709,127.0,NaN,,,,,,,,
8G5Y_37|Chain,gb|AAP93837.1|,COPI protein [Plasmodium falciparum],9.28e-09,56.2,25.258,194.0,NaN,,,,,,,,
8G5Y_65|Chain,emb|CAA82284.2|,Ag15 [Plasmodium falciparum],1.10e-17,72.8,49.587,121.0,NaN,,,,,,,,
8G5Y_65|Chain,gb|AAA70296.1|,15 kDa vesicular-like antigen [Plasmodium falciparum],4.42e-14,63.2,54.167,96.0,NaN,,,,,,,,
8G5Y_36|Chain,gb|AAA29781.1|,ubiquitin, partial [Plasmodium falciparum],2.44e-24,89.7,95.349,43.0,,,,,,,,
8G5Y_36|Chain,gb|AAA29781.1|,ubiquitin, partial [Plasmodium falciparum],2e-17,72.0,97.222,36.0,,,,,,,,
8G5Y_77|Chain,gb|AAA29781.1|,ubiquitin, partial [Plasmodium falciparum],1.09e-24,89.4,97.619,42.0,,,,,,,,
8G5Y_77|Chain,gb|AAA29781.1|,ubiquitin, partial [Plasmodium falciparum],8.2e-18,72.0,97.222,36.0,,,,,,,,
8G5Y_83|Chain,gb|AAM46152.1|,eukaryotic translation initiation factor 5A [Plasmodium falciparum],5.68e-59,180.0,54.375,160.0,NaN,,,,,,,,
8G5Z_12|Chain,gb|AAC98504.1|,ribosomal protein, partial [Plasmodium falciparum],8.049999999999999e-46,146.0,67.647,102.0,,,,,,,,
8G5Z_20|Chain,emb|CAA64591.1|,rps12 [Plasmodium falciparum],1.37e-09,52.4,37.662,77.0,NaN,,,,,,,,
8G5Z_37|Chain,pir|JC7987|,receptor for activated C kinase, RACK protein - Plasmodium falciparum [Plasmodium falciparum],7.550000000000001e-129,370.0,59.236,314.0,,,,,,,,
8G5Z_37|Chain,gb|AAP93837.1|,COPI protein [Plasmodium falciparum],5.83e-13,69.3,30.709,127.0,NaN,,,,,,,,
8G5Z_37|Chain,gb|AAP93837.1|,COPI protein [Plasmodium falciparum],8.93e-09,56.2,25.258,194.0,NaN,,,,,,,,
8G5Z_46|Chain,emb|CAE84233.1|,ribosomal phosphoprotein, partial [Plasmodium falciparum],4.35e-68,210.0,53.403,191.0,,,,,,,,
8G5Z_46|Chain,emb|CAF18552.1|,ribosomal phosphoprotein, partial [Plasmodium falciparum],1.1799999999999998e-67,209.0,53.403,191.0,,,,,,,,
8G5Z_46|Chain,gb|AAD10140.1|,acidic ribosomal phosphoprotein PO [Plasmodium falciparum],5.35e-60,189.0,50.521,192.0,NaN,,,,,,,,
8G5Z_46|Chain,emb|CAA50532.1|,protective antigen, partial [Plasmodium falciparum],2.46e-11,57.4,56.0,50.0,,,,,,,,
8G5Z_67|Chain,emb|CAA82284.2|,Ag15 [Plasmodium falciparum],8.53e-17,70.5,49.167,120.0,NaN,,,,,,,,
8G5Z_67|Chain,gb|AAA70296.1|,15 kDa vesicular-like antigen [Plasmodium falciparum],3.98e-13,60.5,53.684,95.0,NaN,,,,,,,,
8G5Z_86|Chain,gb|AAM46152.1|,eukaryotic translation initiation factor 5A [Plasmodium falciparum],2.33e-58,178.0,56.667,150.0,NaN,,,,,,,,
8G5Z_87|Chain,gb|AVN98121.1|,elongation factor-1 alpha [Plasmodium falciparum],0.0,650.0,69.595,444.0,NaN,,,,,,,,
8G5Z_87|Chain,emb|CAA43018.1|,EF-1 alpha [Plasmodium falciparum],0.0,640.0,68.243,444.0,NaN,,,,,,,,
8G5Z_87|Chain,emb|CAA60960.1|,tufA, partial [Plasmodium falciparum],6.440000000000001e-32,125.0,29.394,330.0,,,,,,,,
8G5Z_87|Chain,gb|ACR77691.1|,TetQ GTPase [Plasmodium falciparum],3.46e-08,55.8,29.167,120.0,NaN,,,,,,,,
8G5Z_87|Chain,gb|ACR77661.1|,TetQ GTPase [Plasmodium falciparum],3.47e-08,55.8,29.167,120.0,NaN,,,,,,,,
8G5Z_87|Chain,gb|ACR77651.1|,TetQ GTPase [Plasmodium falciparum],3.57e-08,55.8,29.167,120.0,NaN,,,,,,,,
8G5Z_87|Chain,gb|ACR77652.1|,TetQ GTPase [Plasmodium falciparum],3.58e-08,55.8,29.167,120.0,NaN,,,,,,,,
8G5Z_87|Chain,gb|ACR77660.1|,TetQ GTPase [Plasmodium falciparum],3.58e-08,55.8,29.167,120.0,NaN,,,,,,,,
8G5Z_87|Chain,gb|ACR77665.1|,TetQ GTPase [Plasmodium falciparum],3.58e-08,55.8,29.167,120.0,NaN,,,,,,,,
8G5Z_87|Chain,gb|ACR77641.1|,TetQ GTPase [Plasmodium falciparum],3.58e-08,55.8,29.167,120.0,NaN,,,,,,,,
8G60_37|Chain,pir|JC7987|,receptor for activated C kinase, RACK protein - Plasmodium falciparum [Plasmodium falciparum],4.0800000000000005e-129,370.0,59.236,314.0,,,,,,,,
8G60_37|Chain,pir|JC7987|,receptor for activated C kinase, RACK protein - Plasmodium falciparum [Plasmodium falciparum],3.6e-08,53.9,26.316,228.0,,,,,,,,
8G60_37|Chain,gb|AAP93837.1|,COPI protein [Plasmodium falciparum],6.14e-13,69.3,30.709,127.0,NaN,,,,,,,,
8G60_37|Chain,gb|AAP93837.1|,COPI protein [Plasmodium falciparum],9.28e-09,56.2,25.258,194.0,NaN,,,,,,,,
8G60_46|Chain,emb|CAE84233.1|,ribosomal phosphoprotein, partial [Plasmodium falciparum],1.9999999999999998e-91,274.0,48.897,272.0,,,,,,,,
8G60_46|Chain,emb|CAF18552.1|,ribosomal phosphoprotein, partial [Plasmodium falciparum],5.95e-91,273.0,48.897,272.0,,,,,,,,
8G60_46|Chain,gb|AAD10140.1|,acidic ribosomal phosphoprotein PO [Plasmodium falciparum],9.23e-83,252.0,45.597,318.0,NaN,,,,,,,,
8G60_46|Chain,emb|CAA50532.1|,protective antigen, partial [Plasmodium falciparum],3.04e-11,58.5,56.0,50.0,,,,,,,,
8G60_67|Chain,emb|CAA82284.2|,Ag15 [Plasmodium falciparum],1.10e-17,72.8,49.587,121.0,NaN,,,,,,,,
8G60_67|Chain,gb|AAA70296.1|,15 kDa vesicular-like antigen [Plasmodium falciparum],4.42e-14,63.2,54.167,96.0,NaN,,,,,,,,
8G60_79|Chain,gb|AAA29781.1|,ubiquitin, partial [Plasmodium falciparum],1.09e-24,89.4,97.619,42.0,,,,,,,,
8G60_79|Chain,gb|AAA29781.1|,ubiquitin, partial [Plasmodium falciparum],8.2e-18,72.0,97.222,36.0,,,,,,,,
8G60_12|Chain,gb|AAC98504.1|,ribosomal protein, partial [Plasmodium falciparum],1.01e-45,146.0,67.647,102.0,,,,,,,,
8G60_20|Chain,emb|CAA64591.1|,rps12 [Plasmodium falciparum],1.43e-09,52.4,37.662,77.0,NaN,,,,,,,,
8G60_36|Chain,gb|AAA29781.1|,ubiquitin, partial [Plasmodium falciparum],2.44e-24,89.7,95.349,43.0,,,,,,,,
8G60_36|Chain,gb|AAA29781.1|,ubiquitin, partial [Plasmodium falciparum],2e-17,72.0,97.222,36.0,,,,,,,,
8G60_86|Chain,gb|AVN98121.1|,elongation factor-1 alpha [Plasmodium falciparum],0.0,659.0,68.928,457.0,NaN,,,,,,,,
8G60_86|Chain,emb|CAA43018.1|,EF-1 alpha [Plasmodium falciparum],0.0,650.0,67.615,457.0,NaN,,,,,,,,
8G60_86|Chain,emb|CAA60960.1|,tufA, partial [Plasmodium falciparum],4.91e-32,126.0,29.217,332.0,,,,,,,,
8G60_86|Chain,gb|ACR77661.1|,TetQ GTPase [Plasmodium falciparum],3.53e-08,55.8,29.167,120.0,NaN,,,,,,,,
8G60_86|Chain,gb|ACR77670.1|,TetQ GTPase [Plasmodium falciparum],3.55e-08,55.8,29.167,120.0,NaN,,,,,,,,
8G60_86|Chain,gb|ACR77699.1|,TetQ GTPase [Plasmodium falciparum],3.55e-08,55.8,29.167,120.0,NaN,,,,,,,,
8G60_86|Chain,gb|ACR77697.1|,TetQ GTPase [Plasmodium falciparum],3.55e-08,55.8,29.167,120.0,NaN,,,,,,,,
8G60_86|Chain,gb|ACR77648.1|,TetQ GTPase [Plasmodium falciparum],3.56e-08,55.8,29.167,120.0,NaN,,,,,,,,
8G60_86|Chain,gb|ACR77686.1|,TetQ GTPase [Plasmodium falciparum],3.62e-08,55.8,29.167,120.0,NaN,,,,,,,,
8G60_86|Chain,gb|ACR77693.1|,TetQ GTPase [Plasmodium falciparum],3.64e-08,55.8,29.167,120.0,NaN,,,,,,,,
8G61_12|Chain,gb|AAC98504.1|,ribosomal protein, partial [Plasmodium falciparum],1.01e-45,146.0,67.647,102.0,,,,,,,,
8G61_20|Chain,emb|CAA64591.1|,rps12 [Plasmodium falciparum],1.43e-09,52.4,37.662,77.0,NaN,,,,,,,,
8G61_36|Chain,gb|AAA29781.1|,ubiquitin, partial [Plasmodium falciparum],2.44e-24,89.7,95.349,43.0,,,,,,,,
8G61_36|Chain,gb|AAA29781.1|,ubiquitin, partial [Plasmodium falciparum],2e-17,72.0,97.222,36.0,,,,,,,,
8G61_37|Chain,pir|JC7987|,receptor for activated C kinase, RACK protein - Plasmodium falciparum [Plasmodium falciparum],4.0800000000000005e-129,370.0,59.236,314.0,,,,,,,,
8G61_37|Chain,pir|JC7987|,receptor for activated C kinase, RACK protein - Plasmodium falciparum [Plasmodium falciparum],3.6e-08,53.9,26.316,228.0,,,,,,,,
8G61_37|Chain,gb|AAP93837.1|,COPI protein [Plasmodium falciparum],6.14e-13,69.3,30.709,127.0,NaN,,,,,,,,
8G61_37|Chain,gb|AAP93837.1|,COPI protein [Plasmodium falciparum],9.28e-09,56.2,25.258,194.0,NaN,,,,,,,,
8G61_65|Chain,emb|CAA82284.2|,Ag15 [Plasmodium falciparum],1.10e-17,72.8,49.587,121.0,NaN,,,,,,,,
8G61_65|Chain,gb|AAA70296.1|,15 kDa vesicular-like antigen [Plasmodium falciparum],4.42e-14,63.2,54.167,96.0,NaN,,,,,,,,
8G61_77|Chain,gb|AAA29781.1|,ubiquitin, partial [Plasmodium falciparum],1.09e-24,89.4,97.619,42.0,,,,,,,,
8G61_77|Chain,gb|AAA29781.1|,ubiquitin, partial [Plasmodium falciparum],8.2e-18,72.0,97.222,36.0,,,,,,,,
8G61_81|Chain,gb|AAM46152.1|,eukaryotic translation initiation factor 5A [Plasmodium falciparum],5.68e-59,180.0,54.375,160.0,NaN,,,,,,,,
8G6J_12|Chain,gb|AAC98504.1|,ribosomal protein, partial [Plasmodium falciparum],1.01e-45,146.0,67.647,102.0,,,,,,,,
8G6J_36|Chain,gb|AAA29781.1|,ubiquitin, partial [Plasmodium falciparum],2.44e-24,89.7,95.349,43.0,,,,,,,,
8G6J_36|Chain,gb|AAA29781.1|,ubiquitin, partial [Plasmodium falciparum],2e-17,72.0,97.222,36.0,,,,,,,,
8G6J_46|Chain,emb|CAE84233.1|,ribosomal phosphoprotein, partial [Plasmodium falciparum],1.9999999999999998e-91,274.0,48.897,272.0,,,,,,,,
8G6J_46|Chain,emb|CAF18552.1|,ribosomal phosphoprotein, partial [Plasmodium falciparum],5.95e-91,273.0,48.897,272.0,,,,,,,,
8G6J_46|Chain,gb|AAD10140.1|,acidic ribosomal phosphoprotein PO [Plasmodium falciparum],9.23e-83,252.0,45.597,318.0,NaN,,,,,,,,
8G6J_46|Chain,emb|CAA50532.1|,protective antigen, partial [Plasmodium falciparum],3.04e-11,58.5,56.0,50.0,,,,,,,,
8G6J_67|Chain,emb|CAA82284.2|,Ag15 [Plasmodium falciparum],1.10e-17,72.8,49.587,121.0,NaN,,,,,,,,
8G6J_67|Chain,gb|AAA70296.1|,15 kDa vesicular-like antigen [Plasmodium falciparum],4.42e-14,63.2,54.167,96.0,NaN,,,,,,,,
8G6J_79|Chain,gb|AAA29781.1|,ubiquitin, partial [Plasmodium falciparum],1.09e-24,89.4,97.619,42.0,,,,,,,,
8G6J_79|Chain,gb|AAA29781.1|,ubiquitin, partial [Plasmodium falciparum],8.2e-18,72.0,97.222,36.0,,,,,,,,
8G6J_20|Chain,emb|CAA64591.1|,rps12 [Plasmodium falciparum],1.43e-09,52.4,37.662,77.0,NaN,,,,,,,,
8G6J_37|Chain,pir|JC7987|,receptor for activated C kinase, RACK protein - Plasmodium falciparum [Plasmodium falciparum],4.0800000000000005e-129,370.0,59.236,314.0,,,,,,,,
8G6J_37|Chain,pir|JC7987|,receptor for activated C kinase, RACK protein - Plasmodium falciparum [Plasmodium falciparum],3.6e-08,53.9,26.316,228.0,,,,,,,,
8G6J_37|Chain,gb|AAP93837.1|,COPI protein [Plasmodium falciparum],6.14e-13,69.3,30.709,127.0,NaN,,,,,,,,
8G6J_37|Chain,gb|AAP93837.1|,COPI protein [Plasmodium falciparum],9.28e-09,56.2,25.258,194.0,NaN,,,,,,,,
8G6J_86|Chain,gb|AVN98121.1|,elongation factor-1 alpha [Plasmodium falciparum],0.0,659.0,68.928,457.0,NaN,,,,,,,,
8G6J_86|Chain,emb|CAA43018.1|,EF-1 alpha [Plasmodium falciparum],0.0,650.0,67.615,457.0,NaN,,,,,,,,
8G6J_86|Chain,emb|CAA60960.1|,tufA, partial [Plasmodium falciparum],4.91e-32,126.0,29.217,332.0,,,,,,,,
8G6J_86|Chain,gb|ACR77661.1|,TetQ GTPase [Plasmodium falciparum],3.53e-08,55.8,29.167,120.0,NaN,,,,,,,,
8G6J_86|Chain,gb|ACR77670.1|,TetQ GTPase [Plasmodium falciparum],3.55e-08,55.8,29.167,120.0,NaN,,,,,,,,
8G6J_86|Chain,gb|ACR77699.1|,TetQ GTPase [Plasmodium falciparum],3.55e-08,55.8,29.167,120.0,NaN,,,,,,,,
8G6J_86|Chain,gb|ACR77697.1|,TetQ GTPase [Plasmodium falciparum],3.55e-08,55.8,29.167,120.0,NaN,,,,,,,,
8G6J_86|Chain,gb|ACR77648.1|,TetQ GTPase [Plasmodium falciparum],3.56e-08,55.8,29.167,120.0,NaN,,,,,,,,
8G6J_86|Chain,gb|ACR77686.1|,TetQ GTPase [Plasmodium falciparum],3.62e-08,55.8,29.167,120.0,NaN,,,,,,,,
8G6J_86|Chain,gb|ACR77693.1|,TetQ GTPase [Plasmodium falciparum],3.64e-08,55.8,29.167,120.0,NaN,,,,,,,,
8GLP_12|Chain,gb|AAC98504.1|,ribosomal protein, partial [Plasmodium falciparum],1.01e-45,146.0,67.647,102.0,,,,,,,,
8GLP_20|Chain,emb|CAA64591.1|,rps12 [Plasmodium falciparum],1.43e-09,52.4,37.662,77.0,NaN,,,,,,,,
8GLP_36|Chain,gb|AAA29781.1|,ubiquitin, partial [Plasmodium falciparum],2.44e-24,89.7,95.349,43.0,,,,,,,,
8GLP_36|Chain,gb|AAA29781.1|,ubiquitin, partial [Plasmodium falciparum],2e-17,72.0,97.222,36.0,,,,,,,,
8GLP_37|Chain,pir|JC7987|,receptor for activated C kinase, RACK protein - Plasmodium falciparum [Plasmodium falciparum],4.0800000000000005e-129,370.0,59.236,314.0,,,,,,,,
8GLP_37|Chain,pir|JC7987|,receptor for activated C kinase, RACK protein - Plasmodium falciparum [Plasmodium falciparum],3.6e-08,53.9,26.316,228.0,,,,,,,,
8GLP_37|Chain,gb|AAP93837.1|,COPI protein [Plasmodium falciparum],6.14e-13,69.3,30.709,127.0,NaN,,,,,,,,
8GLP_37|Chain,gb|AAP93837.1|,COPI protein [Plasmodium falciparum],9.28e-09,56.2,25.258,194.0,NaN,,,,,,,,
8GLP_64|Chain,emb|CAA82284.2|,Ag15 [Plasmodium falciparum],1.10e-17,72.8,49.587,121.0,NaN,,,,,,,,
8GLP_64|Chain,gb|AAA70296.1|,15 kDa vesicular-like antigen [Plasmodium falciparum],4.42e-14,63.2,54.167,96.0,NaN,,,,,,,,
8GLP_76|Chain,gb|AAA29781.1|,ubiquitin, partial [Plasmodium falciparum],1.09e-24,89.4,97.619,42.0,,,,,,,,
8GLP_76|Chain,gb|AAA29781.1|,ubiquitin, partial [Plasmodium falciparum],8.2e-18,72.0,97.222,36.0,,,,,,,,
8J9X_1|Chains,pdb|6CA8|A,Chain A, DNA topoisomerase 2 [Plasmodium falciparum],1.6e-69,248.0,27.565,809.0,,,,,,,,
8J9X_1|Chains,pir|T10466|,DNA topoisomerase (ATP-hydrolyzing) (EC 5.99.1.3) II - malaria parasite (Plasmodium falciparum) [Plasmodium falciparum],3.77e-68,251.0,26.243,945.0,NaN,,,,,,,,
8J9X_1|Chains,pir|T10466|,DNA topoisomerase (ATP-hydrolyzing) (EC 5.99.1.3) II - malaria parasite (Plasmodium falciparum) [Plasmodium falciparum],1.98e-12,71.6,29.474,190.0,NaN,,,,,,,,
8ORM_3|Chain,pdb|1V0B|A,Chain A, CELL DIVISION CONTROL PROTEIN 2 HOMOLOG [Plasmodium falciparum],1.37e-78,242.0,42.16,287.0,,,,,,,,
8ORM_3|Chain,pdb|1V0O|A,Chain A, CELL DIVISION CONTROL PROTEIN 2 HOMOLOG [Plasmodium falciparum],1.45e-78,242.0,42.16,287.0,,,,,,,,
8ORM_3|Chain,pdb|1OB3|A,Chain A, CELL DIVISION CONTROL PROTEIN 2 HOMOLOG [Plasmodium falciparum],2.05e-78,241.0,41.812,287.0,,,,,,,,
8ORM_3|Chain,gb|AAC72269.1|,MO15-related protein kinase Pfmrk [Plasmodium falciparum],9.66e-74,231.0,42.208,308.0,NaN,,,,,,,,
8ORM_3|Chain,gb|AAD55782.1|,MO15-related protein kinase Pfmrk [Plasmodium falciparum],2.17e-73,230.0,42.208,308.0,NaN,,,,,,,,
8ORM_3|Chain,emb|CAA56732.1|,cdc2-related protein kinase 1 [Plasmodium falciparum],2.82e-66,221.0,38.199,322.0,NaN,,,,,,,,
8ORM_3|Chain,gb|AAC47170.1|,mitogen-activated protein kinase-related protein [Plasmodium falciparum],6.29e-58,199.0,40.203,296.0,NaN,,,,,,,,
8ORM_3|Chain,emb|CAA57972.1|,mitogen-activated protein kinase 1, serine/threonine protein kinase [Plasmodium falciparum],1.37e-57,199.0,40.203,296.0,,,,,,,,
8ORM_3|Chain,gb|AAC61592.1|,cdk-related protein kinase 6 [Plasmodium falciparum],9.01e-44,152.0,33.77,305.0,NaN,,,,,,,,
8ORM_3|Chain,pdb|3NIE|A,Chain A, MAP2 kinase [Plasmodium falciparum],1.1e-41,150.0,31.609,348.0,,,,,,,,
8SSO_1|Chains,pdb|4RGJ|A,Chain A, Calcium-dependent protein kinase 4 [Plasmodium falciparum],1.72e-49,171.0,35.227,264.0,,,,,,,,
8SSO_1|Chains,emb|CAA68090.1|,CDPK2 [Plasmodium falciparum],7.86e-49,169.0,35.606,264.0,NaN,,,,,,,,
8SSO_1|Chains,gb|AAT06260.1|,protein kinase B-like protein [Plasmodium falciparum],1.12e-48,167.0,34.066,273.0,NaN,,,,,,,,
8SSO_1|Chains,gb|AAF99562.1|,cAMP-dependent protein kinase [Plasmodium falciparum],7.75e-47,159.0,33.209,268.0,NaN,,,,,,,,
8SSO_1|Chains,emb|CAA47704.1|,protein kinase [Plasmodium falciparum],4.65e-42,150.0,32.014,278.0,NaN,,,,,,,,
8SSO_1|Chains,pdb|5DYK|A,Chain A, CGMP-dependent protein kinase [Plasmodium falciparum],2.63e-40,148.0,31.939,263.0,,,,,,,,
8SSO_1|Chains,emb|CAA80490.1|,serine/threonine-protein kinase [Plasmodium falciparum],2.07e-37,140.0,29.084,251.0,NaN,,,,,,,,
8SSO_1|Chains,pdb|1V0O|A,Chain A, CELL DIVISION CONTROL PROTEIN 2 HOMOLOG [Plasmodium falciparum],5.12e-35,127.0,30.556,288.0,,,,,,,,
8SSO_1|Chains,pdb|1V0B|A,Chain A, CELL DIVISION CONTROL PROTEIN 2 HOMOLOG [Plasmodium falciparum],5.87e-35,127.0,30.556,288.0,,,,,,,,
8SSO_1|Chains,pdb|1OB3|A,Chain A, CELL DIVISION CONTROL PROTEIN 2 HOMOLOG [Plasmodium falciparum],5.93e-35,127.0,30.556,288.0,,,,,,,,
8SSP_1|Chain,pdb|4RGJ|A,Chain A, Calcium-dependent protein kinase 4 [Plasmodium falciparum],1.83e-49,171.0,35.227,264.0,,,,,,,,
8SSP_1|Chain,emb|CAA68090.1|,CDPK2 [Plasmodium falciparum],7.70e-49,169.0,35.606,264.0,NaN,,,,,,,,
8SSP_1|Chain,gb|AAT06260.1|,protein kinase B-like protein [Plasmodium falciparum],2.73e-48,166.0,34.328,268.0,NaN,,,,,,,,
8SSP_1|Chain,gb|AAF99562.1|,cAMP-dependent protein kinase [Plasmodium falciparum],7.36e-47,159.0,33.209,268.0,NaN,,,,,,,,
8SSP_1|Chain,emb|CAA47704.1|,protein kinase [Plasmodium falciparum],4.86e-42,150.0,32.014,278.0,NaN,,,,,,,,
8SSP_1|Chain,pdb|5DYK|A,Chain A, CGMP-dependent protein kinase [Plasmodium falciparum],2.5e-40,148.0,31.939,263.0,,,,,,,,
8SSP_1|Chain,emb|CAA80490.1|,serine/threonine-protein kinase [Plasmodium falciparum],2.56e-37,139.0,29.084,251.0,NaN,,,,,,,,
8SSP_1|Chain,pdb|1V0B|A,Chain A, CELL DIVISION CONTROL PROTEIN 2 HOMOLOG [Plasmodium falciparum],4.78e-35,127.0,30.556,288.0,,,,,,,,
8SSP_1|Chain,pdb|1V0O|A,Chain A, CELL DIVISION CONTROL PROTEIN 2 HOMOLOG [Plasmodium falciparum],4.98e-35,127.0,30.556,288.0,,,,,,,,
8SSP_1|Chain,pdb|1OB3|A,Chain A, CELL DIVISION CONTROL PROTEIN 2 HOMOLOG [Plasmodium falciparum],5.48e-35,127.0,30.556,288.0,,,,,,,,
8SXB_1|Chain,gb|AIA99704.1|,multidrug resistance protein 1, partial [Plasmodium falciparum],6.03e-49,191.0,22.589,1213,,,,,,,,
8SXB_1|Chain,gb|AIA99689.1|,multidrug resistance protein 1, partial [Plasmodium falciparum],6.899999999999999e-49,190.0,22.761,1217,,,,,,,,
8SXB_1|Chain,gb|AIA99701.1|,multidrug resistance protein 1, partial [Plasmodium falciparum],7.09e-49,190.0,22.461,1211,,,,,,,,
8SXB_1|Chain,gb|AIA99660.1|,multidrug resistance protein 1, partial [Plasmodium falciparum],9.37e-49,190.0,22.803,1206,,,,,,,,
8SXB_1|Chain,gb|AIA99660.1|,multidrug resistance protein 1, partial [Plasmodium falciparum],1.37e-11,69.3,32.0,150,,,,,,,,
8SXB_1|Chain,gb|AIA99676.1|,multidrug resistance protein 1, partial [Plasmodium falciparum],1e-48,190.0,22.761,1217,,,,,,,,
8SXB_1|Chain,gb|AIA99712.1|,multidrug resistance protein 1, partial [Plasmodium falciparum],1.03e-48,190.0,22.803,1206,,,,,,,,
8SXB_1|Chain,gb|AIA99658.1|,multidrug resistance protein 1, partial [Plasmodium falciparum],1.0599999999999999e-48,190.0,22.589,1213,,,,,,,,
8SXB_1|Chain,gb|AIA99658.1|,multidrug resistance protein 1, partial [Plasmodium falciparum],4.27e-11,67.8,31.757,148,,,,,,,,
8SXB_1|Chain,gb|AIA99687.1|,multidrug resistance protein 1, partial [Plasmodium falciparum],1.23e-48,189.0,22.784,1207,,,,,,,,
8SXB_1|Chain,gb|AIA99687.1|,multidrug resistance protein 1, partial [Plasmodium falciparum],4.89e-11,67.4,31.469,143,,,,,,,,
8SXB_1|Chain,gb|AIA99707.1|,multidrug resistance protein 1, partial [Plasmodium falciparum],2.09e-48,189.0,22.742,1218,,,,,,,,
8SXB_1|Chain,gb|AIA99669.1|,multidrug resistance protein 1, partial [Plasmodium falciparum],1.19e-47,186.0,22.506,1213,,,,,,,,
8SXB_1|Chain,gb|AIA99669.1|,multidrug resistance protein 1, partial [Plasmodium falciparum],4.74e-11,67.4,31.469,143,,,,,,,,
8T2Z_31|Chain,pir|JC7987|,receptor for activated C kinase, RACK protein - Plasmodium falciparum [Plasmodium falciparum],1.01e-82,253.0,42.994,314.0,,,,,,,,
8T2Z_31|Chain,gb|AAP93837.1|,COPI protein [Plasmodium falciparum],2.00e-12,67.8,25.359,209.0,NaN,,,,,,,,
8T2Z_31|Chain,gb|AAP93837.1|,COPI protein [Plasmodium falciparum],8.41e-11,62.8,25.731,171.0,NaN,,,,,,,,
8T2Z_32|Chain,gb|AAA29781.1|,ubiquitin, partial [Plasmodium falciparum],2.0199999999999998e-24,89.7,100.0,41.0,,,,,,,,
8T2Z_32|Chain,gb|AAA29781.1|,ubiquitin, partial [Plasmodium falciparum],4e-15,65.9,88.889,36.0,,,,,,,,
8T2Z_35|Chain,emb|CAA64579.1|,rpl2 [Plasmodium falciparum],6.37e-06,45.8,27.35,117.0,NaN,,,,,,,,
8T2Z_70|Chain,emb|CAA82284.2|,Ag15 [Plasmodium falciparum],1.71e-17,72.0,45.833,120.0,NaN,,,,,,,,
8T2Z_70|Chain,gb|AAA70296.1|,15 kDa vesicular-like antigen [Plasmodium falciparum],1.61e-11,56.2,47.368,95.0,NaN,,,,,,,,
8T2Z_14|Chain,emb|CAA64591.1|,rps12 [Plasmodium falciparum],1.30e-08,49.7,37.662,77.0,NaN,,,,,,,,
8T2Z_20|Chain,gb|AAC98504.1|,ribosomal protein, partial [Plasmodium falciparum],1.22e-34,119.0,51.961,102.0,,,,,,,,
8T2Z_75|Chain,gb|AAA29781.1|,ubiquitin, partial [Plasmodium falciparum],9.19e-25,89.7,97.619,42.0,,,,,,,,
8T2Z_75|Chain,gb|AAA29781.1|,ubiquitin, partial [Plasmodium falciparum],2.07e-15,65.9,88.889,36.0,,,,,,,,
8TYQ_1|Chain,pdb|4RGJ|A,Chain A, Calcium-dependent protein kinase 4 [Plasmodium falciparum],4.74e-13,74.3,30.876,217.0,,,,,,,,
8TYQ_1|Chain,emb|CAA68090.1|,CDPK2 [Plasmodium falciparum],1.17e-12,72.8,27.32,194.0,NaN,,,,,,,,
8TYQ_1|Chain,gb|AAF99562.1|,cAMP-dependent protein kinase [Plasmodium falciparum],7.22e-12,69.3,29.949,197.0,NaN,,,,,,,,
8TYQ_1|Chain,gb|AAD55782.1|,MO15-related protein kinase Pfmrk [Plasmodium falciparum],1.50e-10,65.1,26.877,253.0,NaN,,,,,,,,
8TYQ_1|Chain,gb|AAC72269.1|,MO15-related protein kinase Pfmrk [Plasmodium falciparum],1.91e-10,64.7,27.165,254.0,NaN,,,,,,,,
8TYQ_1|Chain,pdb|5DYK|A,Chain A, CGMP-dependent protein kinase [Plasmodium falciparum],1.17e-09,63.9,28.03,264.0,,,,,,,,
8TYQ_1|Chain,emb|CAA47704.1|,protein kinase [Plasmodium falciparum],1.32e-09,63.2,26.699,206.0,NaN,,,,,,,,
8TYQ_1|Chain,pdb|1V0B|A,Chain A, CELL DIVISION CONTROL PROTEIN 2 HOMOLOG [Plasmodium falciparum],1.81e-09,61.2,25.0,284.0,,,,,,,,
8TYQ_1|Chain,pdb|1V0O|A,Chain A, CELL DIVISION CONTROL PROTEIN 2 HOMOLOG [Plasmodium falciparum],2.88e-09,60.5,25.0,284.0,,,,,,,,
8TYQ_1|Chain,pdb|1OB3|A,Chain A, CELL DIVISION CONTROL PROTEIN 2 HOMOLOG [Plasmodium falciparum],2.91e-09,60.5,25.0,284.0,,,,,,,,
8TZB_1|Chain,pdb|4RGJ|A,Chain A, Calcium-dependent protein kinase 4 [Plasmodium falciparum],7.43e-14,76.6,31.336,217.0,,,,,,,,
8TZB_1|Chain,emb|CAA68090.1|,CDPK2 [Plasmodium falciparum],1.95e-13,75.5,27.835,194.0,NaN,,,,,,,,
8TZB_1|Chain,gb|AAF99562.1|,cAMP-dependent protein kinase [Plasmodium falciparum],1.23e-12,71.6,30.457,197.0,NaN,,,,,,,,
8TZB_1|Chain,emb|CAA45179.1|,PfPK2 [Plasmodium falciparum],1.35e-11,69.3,29.255,188.0,NaN,,,,,,,,
8TZB_1|Chain,gb|AAD55782.1|,MO15-related protein kinase Pfmrk [Plasmodium falciparum],2.10e-11,67.4,27.273,253.0,NaN,,,,,,,,
8TZB_1|Chain,gb|AAC72269.1|,MO15-related protein kinase Pfmrk [Plasmodium falciparum],2.72e-11,67.4,27.559,254.0,NaN,,,,,,,,
8TZB_1|Chain,pdb|5DYK|A,Chain A, CGMP-dependent protein kinase [Plasmodium falciparum],2.06e-10,66.2,28.409,264.0,,,,,,,,
8TZB_1|Chain,emb|CAA47704.1|,protein kinase [Plasmodium falciparum],2.38e-10,65.5,27.184,206.0,NaN,,,,,,,,
8TZB_1|Chain,pdb|1V0B|A,Chain A, CELL DIVISION CONTROL PROTEIN 2 HOMOLOG [Plasmodium falciparum],3.07e-10,63.5,25.352,284.0,,,,,,,,
8TZB_1|Chain,pdb|1V0O|A,Chain A, CELL DIVISION CONTROL PROTEIN 2 HOMOLOG [Plasmodium falciparum],4.71e-10,63.2,25.352,284.0,,,,,,,,
8TZE_1|Chain,pdb|4RGJ|A,Chain A, Calcium-dependent protein kinase 4 [Plasmodium falciparum],7.43e-14,76.6,31.336,217.0,,,,,,,,
8TZE_1|Chain,emb|CAA68090.1|,CDPK2 [Plasmodium falciparum],1.95e-13,75.5,27.835,194.0,NaN,,,,,,,,
8TZE_1|Chain,gb|AAF99562.1|,cAMP-dependent protein kinase [Plasmodium falciparum],1.23e-12,71.6,30.457,197.0,NaN,,,,,,,,
8TZE_1|Chain,emb|CAA45179.1|,PfPK2 [Plasmodium falciparum],1.35e-11,69.3,29.255,188.0,NaN,,,,,,,,
8TZE_1|Chain,gb|AAD55782.1|,MO15-related protein kinase Pfmrk [Plasmodium falciparum],2.10e-11,67.4,27.273,253.0,NaN,,,,,,,,
8TZE_1|Chain,gb|AAC72269.1|,MO15-related protein kinase Pfmrk [Plasmodium falciparum],2.72e-11,67.4,27.559,254.0,NaN,,,,,,,,
8TZE_1|Chain,pdb|5DYK|A,Chain A, CGMP-dependent protein kinase [Plasmodium falciparum],2.06e-10,66.2,28.409,264.0,,,,,,,,
8TZE_1|Chain,emb|CAA47704.1|,protein kinase [Plasmodium falciparum],2.38e-10,65.5,27.184,206.0,NaN,,,,,,,,
8TZE_1|Chain,pdb|1V0B|A,Chain A, CELL DIVISION CONTROL PROTEIN 2 HOMOLOG [Plasmodium falciparum],3.07e-10,63.5,25.352,284.0,,,,,,,,
8TZE_1|Chain,pdb|1V0O|A,Chain A, CELL DIVISION CONTROL PROTEIN 2 HOMOLOG [Plasmodium falciparum],4.71e-10,63.2,25.352,284.0,,,,,,,,
8TZF_1|Chain,pdb|4RGJ|A,Chain A, Calcium-dependent protein kinase 4 [Plasmodium falciparum],1.77e-13,75.5,31.336,217.0,,,,,,,,
8TZF_1|Chain,emb|CAA68090.1|,CDPK2 [Plasmodium falciparum],4.56e-13,74.3,27.835,194.0,NaN,,,,,,,,
8TZF_1|Chain,gb|AAF99562.1|,cAMP-dependent protein kinase [Plasmodium falciparum],2.14e-12,70.9,30.457,197.0,NaN,,,,,,,,
8TZF_1|Chain,gb|AAD55782.1|,MO15-related protein kinase Pfmrk [Plasmodium falciparum],4.64e-11,66.6,27.273,253.0,NaN,,,,,,,,
8TZF_1|Chain,gb|AAC72269.1|,MO15-related protein kinase Pfmrk [Plasmodium falciparum],5.82e-11,66.2,27.559,254.0,NaN,,,,,,,,
8TZF_1|Chain,pdb|5DYK|A,Chain A, CGMP-dependent protein kinase [Plasmodium falciparum],1.88e-10,66.2,28.125,288.0,,,,,,,,
8TZF_1|Chain,emb|CAA47704.1|,protein kinase [Plasmodium falciparum],5.21e-10,64.3,27.184,206.0,NaN,,,,,,,,
8TZF_1|Chain,pdb|1V0B|A,Chain A, CELL DIVISION CONTROL PROTEIN 2 HOMOLOG [Plasmodium falciparum],7.36e-10,62.4,25.352,284.0,,,,,,,,
8TZF_1|Chain,pdb|1OB3|A,Chain A, CELL DIVISION CONTROL PROTEIN 2 HOMOLOG [Plasmodium falciparum],1.15e-09,61.6,25.352,284.0,,,,,,,,
8TZF_1|Chain,pdb|1V0O|A,Chain A, CELL DIVISION CONTROL PROTEIN 2 HOMOLOG [Plasmodium falciparum],1.19e-09,61.6,25.352,284.0,,,,,,,,
8U7L_1|Chains,pdb|4RGJ|A,Chain A, Calcium-dependent protein kinase 4 [Plasmodium falciparum],7.82e-14,76.6,31.336,217.0,,,,,,,,
8U7L_1|Chains,emb|CAA68090.1|,CDPK2 [Plasmodium falciparum],2.07e-13,75.5,27.835,194.0,NaN,,,,,,,,
8U7L_1|Chains,gb|AAF99562.1|,cAMP-dependent protein kinase [Plasmodium falciparum],1.21e-12,71.6,30.457,197.0,NaN,,,,,,,,
8U7L_1|Chains,emb|CAA45179.1|,PfPK2 [Plasmodium falciparum],1.34e-11,69.3,29.255,188.0,NaN,,,,,,,,
8U7L_1|Chains,gb|AAD55782.1|,MO15-related protein kinase Pfmrk [Plasmodium falciparum],2.11e-11,67.4,27.273,253.0,NaN,,,,,,,,
8U7L_1|Chains,gb|AAC72269.1|,MO15-related protein kinase Pfmrk [Plasmodium falciparum],2.67e-11,67.4,27.559,254.0,NaN,,,,,,,,
8U7L_1|Chains,pdb|5DYK|A,Chain A, CGMP-dependent protein kinase [Plasmodium falciparum],2.17e-10,66.2,28.125,288.0,,,,,,,,
8U7L_1|Chains,emb|CAA47704.1|,protein kinase [Plasmodium falciparum],2.42e-10,65.5,27.184,206.0,NaN,,,,,,,,
8U7L_1|Chains,pdb|1V0B|A,Chain A, CELL DIVISION CONTROL PROTEIN 2 HOMOLOG [Plasmodium falciparum],3.07e-10,63.5,25.352,284.0,,,,,,,,
8U7L_1|Chains,pdb|1OB3|A,Chain A, CELL DIVISION CONTROL PROTEIN 2 HOMOLOG [Plasmodium falciparum],4.5e-10,63.2,25.352,284.0,,,,,,,,
8U8A_1|Chains,pdb|4RGJ|A,Chain A, Calcium-dependent protein kinase 4 [Plasmodium falciparum],7.82e-14,76.6,31.336,217.0,,,,,,,,
8U8A_1|Chains,emb|CAA68090.1|,CDPK2 [Plasmodium falciparum],2.07e-13,75.5,27.835,194.0,NaN,,,,,,,,
8U8A_1|Chains,gb|AAF99562.1|,cAMP-dependent protein kinase [Plasmodium falciparum],1.21e-12,71.6,30.457,197.0,NaN,,,,,,,,
8U8A_1|Chains,emb|CAA45179.1|,PfPK2 [Plasmodium falciparum],1.34e-11,69.3,29.255,188.0,NaN,,,,,,,,
8U8A_1|Chains,gb|AAD55782.1|,MO15-related protein kinase Pfmrk [Plasmodium falciparum],2.11e-11,67.4,27.273,253.0,NaN,,,,,,,,
8U8A_1|Chains,gb|AAC72269.1|,MO15-related protein kinase Pfmrk [Plasmodium falciparum],2.67e-11,67.4,27.559,254.0,NaN,,,,,,,,
8U8A_1|Chains,pdb|5DYK|A,Chain A, CGMP-dependent protein kinase [Plasmodium falciparum],2.17e-10,66.2,28.125,288.0,,,,,,,,
8U8A_1|Chains,emb|CAA47704.1|,protein kinase [Plasmodium falciparum],2.42e-10,65.5,27.184,206.0,NaN,,,,,,,,
8U8A_1|Chains,pdb|1V0B|A,Chain A, CELL DIVISION CONTROL PROTEIN 2 HOMOLOG [Plasmodium falciparum],3.07e-10,63.5,25.352,284.0,,,,,,,,
8U8A_1|Chains,pdb|1OB3|A,Chain A, CELL DIVISION CONTROL PROTEIN 2 HOMOLOG [Plasmodium falciparum],4.5e-10,63.2,25.352,284.0,,,,,,,,
8UIK_48|Chain,emb|CAE84233.1|,ribosomal phosphoprotein, partial [Plasmodium falciparum],4.35e-68,210.0,53.403,191.0,,,,,,,,
8UIK_48|Chain,emb|CAF18552.1|,ribosomal phosphoprotein, partial [Plasmodium falciparum],1.1799999999999998e-67,209.0,53.403,191.0,,,,,,,,
8UIK_48|Chain,gb|AAD10140.1|,acidic ribosomal phosphoprotein PO [Plasmodium falciparum],5.35e-60,189.0,50.521,192.0,NaN,,,,,,,,
8UIK_48|Chain,emb|CAA50532.1|,protective antigen, partial [Plasmodium falciparum],2.46e-11,57.4,56.0,50.0,,,,,,,,
8UIK_56|Chain,gb|AAC98504.1|,ribosomal protein, partial [Plasmodium falciparum],8.049999999999999e-46,146.0,67.647,102.0,,,,,,,,
8UIK_1|Chain,gb|AAL76285.1|,methionine aminopeptidase 2 [Plasmodium falciparum],2.05e-24,102.0,25.088,283.0,NaN,,,,,,,,
8UIK_38|Chain,emb|CAA82284.2|,Ag15 [Plasmodium falciparum],8.53e-17,70.5,49.167,120.0,NaN,,,,,,,,
8UIK_38|Chain,gb|AAA70296.1|,15 kDa vesicular-like antigen [Plasmodium falciparum],3.98e-13,60.5,53.684,95.0,NaN,,,,,,,,
8UIK_74|Chain,emb|CAA64591.1|,rps12 [Plasmodium falciparum],1.39e-09,52.4,37.662,77.0,NaN,,,,,,,,
8UIK_83|Chain,pir|JC7987|,receptor for activated C kinase, RACK protein - Plasmodium falciparum [Plasmodium falciparum],7.550000000000001e-129,370.0,59.236,314.0,,,,,,,,
8UIK_83|Chain,gb|AAP93837.1|,COPI protein [Plasmodium falciparum],5.83e-13,69.3,30.709,127.0,NaN,,,,,,,,
8UIK_83|Chain,gb|AAP93837.1|,COPI protein [Plasmodium falciparum],8.93e-09,56.2,25.258,194.0,NaN,,,,,,,,
8UKB_1|Chain,dbj|BAA97565.1|,elongation factor 2, partial [Plasmodium falciparum],0.0,993.0,62.788,782.0,,,,,,,,
8UKB_1|Chain,gb|ACR77654.1|,TetQ GTPase [Plasmodium falciparum],1.68e-14,77.8,36.364,143.0,NaN,,,,,,,,
8UKB_1|Chain,gb|ACR77686.1|,TetQ GTPase [Plasmodium falciparum],1.69e-14,77.8,36.364,143.0,NaN,,,,,,,,
8UKB_1|Chain,gb|ACR77649.1|,TetQ GTPase [Plasmodium falciparum],1.69e-14,77.8,36.364,143.0,NaN,,,,,,,,
8UKB_1|Chain,gb|ACR77691.1|,TetQ GTPase [Plasmodium falciparum],1.72e-14,77.8,36.364,143.0,NaN,,,,,,,,
8UKB_1|Chain,gb|ACR77640.1|,TetQ GTPase [Plasmodium falciparum],1.73e-14,77.8,36.364,143.0,NaN,,,,,,,,
8UKB_1|Chain,gb|ACR77688.1|,TetQ GTPase [Plasmodium falciparum],1.73e-14,77.8,36.364,143.0,NaN,,,,,,,,
8UKB_1|Chain,gb|ACR77668.1|,TetQ GTPase [Plasmodium falciparum],1.74e-14,77.8,36.364,143.0,NaN,,,,,,,,
8UKB_1|Chain,gb|ACR77673.1|,TetQ GTPase [Plasmodium falciparum],1.75e-14,77.8,36.364,143.0,NaN,,,,,,,,
8UKB_1|Chain,gb|ACR77693.1|,TetQ GTPase [Plasmodium falciparum],1.75e-14,77.8,36.364,143.0,NaN,,,,,,,,
8UKB_38|Chain,emb|CAA82284.2|,Ag15 [Plasmodium falciparum],8.53e-17,70.5,49.167,120.0,NaN,,,,,,,,
8UKB_38|Chain,gb|AAA70296.1|,15 kDa vesicular-like antigen [Plasmodium falciparum],3.98e-13,60.5,53.684,95.0,NaN,,,,,,,,
8UKB_48|Chain,emb|CAE84233.1|,ribosomal phosphoprotein, partial [Plasmodium falciparum],4.35e-68,210.0,53.403,191.0,,,,,,,,
8UKB_48|Chain,emb|CAF18552.1|,ribosomal phosphoprotein, partial [Plasmodium falciparum],1.1799999999999998e-67,209.0,53.403,191.0,,,,,,,,
8UKB_48|Chain,gb|AAD10140.1|,acidic ribosomal phosphoprotein PO [Plasmodium falciparum],5.35e-60,189.0,50.521,192.0,NaN,,,,,,,,
8UKB_48|Chain,emb|CAA50532.1|,protective antigen, partial [Plasmodium falciparum],2.46e-11,57.4,56.0,50.0,,,,,,,,
8UKB_57|Chain,gb|AAC98504.1|,ribosomal protein, partial [Plasmodium falciparum],8.049999999999999e-46,146.0,67.647,102.0,,,,,,,,
8UKB_75|Chain,emb|CAA64591.1|,rps12 [Plasmodium falciparum],1.39e-09,52.4,37.662,77.0,NaN,,,,,,,,
8UKB_84|Chain,pir|JC7987|,receptor for activated C kinase, RACK protein - Plasmodium falciparum [Plasmodium falciparum],7.550000000000001e-129,370.0,59.236,314.0,,,,,,,,
8UKB_84|Chain,gb|AAP93837.1|,COPI protein [Plasmodium falciparum],5.83e-13,69.3,30.709,127.0,NaN,,,,,,,,
8UKB_84|Chain,gb|AAP93837.1|,COPI protein [Plasmodium falciparum],8.93e-09,56.2,25.258,194.0,NaN,,,,,,,,
8UT0_8|Chain,gb|AAC98504.1|,ribosomal protein, partial [Plasmodium falciparum],1.03e-34,118.0,51.961,102.0,,,,,,,,
8UT0_79|Chain,gb|AAM46152.1|,eukaryotic translation initiation factor 5A [Plasmodium falciparum],9.87e-59,179.0,55.346,159.0,NaN,,,,,,,,
8UT0_25|Chain,emb|CAA64591.1|,rps12 [Plasmodium falciparum],1.33e-08,49.7,37.662,77.0,NaN,,,,,,,,
8UT0_32|Chain,pir|JC7987|,receptor for activated C kinase, RACK protein - Plasmodium falciparum [Plasmodium falciparum],1.17e-82,252.0,42.722,316.0,,,,,,,,
8UT0_32|Chain,gb|AAP93837.1|,COPI protein [Plasmodium falciparum],1.83e-12,67.8,25.359,209.0,NaN,,,,,,,,
8UT0_32|Chain,gb|AAP93837.1|,COPI protein [Plasmodium falciparum],7.77e-11,62.8,25.731,171.0,NaN,,,,,,,,
8UT0_38|Chain,emb|CAA64579.1|,rpl2 [Plasmodium falciparum],6.38e-06,45.8,27.35,117.0,NaN,,,,,,,,
8UT0_70|Chain,emb|CAA82284.2|,Ag15 [Plasmodium falciparum],1.49e-16,69.7,45.378,119.0,NaN,,,,,,,,
8UT0_70|Chain,gb|AAA70296.1|,15 kDa vesicular-like antigen [Plasmodium falciparum],1.47e-10,53.9,46.809,94.0,NaN,,,,,,,,
8YGE_1|Chains,pdb|6CA8|A,Chain A, DNA topoisomerase 2 [Plasmodium falciparum],1.38e-70,251.0,27.509,807.0,,,,,,,,
8YGE_1|Chains,pir|T10466|,DNA topoisomerase (ATP-hydrolyzing) (EC 5.99.1.3) II - malaria parasite (Plasmodium falciparum) [Plasmodium falciparum],4.81e-69,254.0,27.35,819.0,NaN,,,,,,,,
8YGE_1|Chains,pir|T10466|,DNA topoisomerase (ATP-hydrolyzing) (EC 5.99.1.3) II - malaria parasite (Plasmodium falciparum) [Plasmodium falciparum],1.72e-12,72.0,37.705,122.0,NaN,,,,,,,,
8ZBU_1|Chain,gb|AIA99704.1|,multidrug resistance protein 1, partial [Plasmodium falciparum],5.74e-46,181.0,22.158,1205,,,,,,,,
8ZBU_1|Chain,gb|AIA99708.1|,multidrug resistance protein 1, partial [Plasmodium falciparum],7.22e-46,181.0,22.287,1207,,,,,,,,
8ZBU_1|Chain,gb|AIA99701.1|,multidrug resistance protein 1, partial [Plasmodium falciparum],8.22e-46,181.0,22.075,1205,,,,,,,,
8ZBU_1|Chain,gb|AIA99676.1|,multidrug resistance protein 1, partial [Plasmodium falciparum],1.23e-45,180.0,22.158,1205,,,,,,,,
8ZBU_1|Chain,gb|AIA99660.1|,multidrug resistance protein 1, partial [Plasmodium falciparum],1.37e-45,180.0,22.158,1205,,,,,,,,
8ZBU_1|Chain,gb|AIA99660.1|,multidrug resistance protein 1, partial [Plasmodium falciparum],1.86e-12,72.0,30.864,162,,,,,,,,
8ZBU_1|Chain,gb|AIA99658.1|,multidrug resistance protein 1, partial [Plasmodium falciparum],1.52e-45,180.0,22.158,1205,,,,,,,,
8ZBU_1|Chain,gb|AIA99658.1|,multidrug resistance protein 1, partial [Plasmodium falciparum],6.07e-12,70.5,30.625,160,,,,,,,,
8ZBU_1|Chain,gb|AIA99712.1|,multidrug resistance protein 1, partial [Plasmodium falciparum],1.6099999999999998e-45,179.0,22.158,1205,,,,,,,,
8ZBU_1|Chain,gb|AIA99707.1|,multidrug resistance protein 1, partial [Plasmodium falciparum],1.68e-45,179.0,22.139,1206,,,,,,,,
8ZBU_1|Chain,gb|AIA99687.1|,multidrug resistance protein 1, partial [Plasmodium falciparum],2.12e-45,179.0,22.139,1206,,,,,,,,
8ZBU_1|Chain,gb|AIA99687.1|,multidrug resistance protein 1, partial [Plasmodium falciparum],6.17e-12,70.5,30.323,155,,,,,,,,
8ZBU_1|Chain,gb|AIA99686.1|,multidrug resistance protein 1, partial [Plasmodium falciparum],3.25e-45,179.0,22.287,1207,,,,,,,,
8ZBU_1|Chain,gb|AIA99686.1|,multidrug resistance protein 1, partial [Plasmodium falciparum],1.83e-12,72.0,30.864,162,,,,,,,,
8ZYO_1|Chains,pdb|5DYK|A,Chain A, CGMP-dependent protein kinase [Plasmodium falciparum],1.42e-07,55.1,31.522,92,,,,,,,,
8ZYO_1|Chains,pdb|4OFF|A,Chain A, CGMP-dependent protein kinase [Plasmodium falciparum],2.25e-07,50.8,32.222,90,,,,,,,,
9BH5_19|Chain,gb|AAC98504.1|,ribosomal protein, partial [Plasmodium falciparum],5.16e-45,145.0,63.725,102.0,,,,,,,,
9BH5_32|Chain,emb|CAA64591.1|,rps12 [Plasmodium falciparum],1.32e-09,52.4,38.961,77.0,NaN,,,,,,,,
9BH5_43|Chain,emb|CAA64579.1|,rpl2 [Plasmodium falciparum],4.17e-06,46.6,26.496,117.0,NaN,,,,,,,,
9BH5_48|Chain,emb|CAA82284.2|,Ag15 [Plasmodium falciparum],1.47e-15,67.4,45.455,121.0,NaN,,,,,,,,
9BH5_48|Chain,gb|AAA70296.1|,15 kDa vesicular-like antigen [Plasmodium falciparum],1.38e-13,61.6,49.495,99.0,NaN,,,,,,,,
9BH5_71|Chain,gb|AAA29781.1|,ubiquitin, partial [Plasmodium falciparum],9.29e-25,89.7,97.619,42.0,,,,,,,,
9BH5_71|Chain,gb|AAA29781.1|,ubiquitin, partial [Plasmodium falciparum],1.32e-16,68.9,94.444,36.0,,,,,,,,
9CAI_22|Chain,gb|AAC98504.1|,ribosomal protein, partial [Plasmodium falciparum],5.16e-45,145.0,63.725,102.0,,,,,,,,
9CAI_2|Chain,emb|CAA64579.1|,rpl2 [Plasmodium falciparum],4.17e-06,46.6,26.496,117.0,NaN,,,,,,,,
9CAI_35|Chain,emb|CAA64591.1|,rps12 [Plasmodium falciparum],1.32e-09,52.4,38.961,77.0,NaN,,,,,,,,
9CAI_49|Chain,emb|CAA82284.2|,Ag15 [Plasmodium falciparum],1.47e-15,67.4,45.455,121.0,NaN,,,,,,,,
9CAI_49|Chain,gb|AAA70296.1|,15 kDa vesicular-like antigen [Plasmodium falciparum],1.38e-13,61.6,49.495,99.0,NaN,,,,,,,,
9CAI_72|Chain,gb|AAA29781.1|,ubiquitin, partial [Plasmodium falciparum],9.29e-25,89.7,97.619,42.0,,,,,,,,
9CAI_72|Chain,gb|AAA29781.1|,ubiquitin, partial [Plasmodium falciparum],1.32e-16,68.9,94.444,36.0,,,,,,,,
9CE8_2|Chains,gb|UUU46563.1|,proteasome subunit beta type-5, partial [Plasmodium falciparum],9.26e-07,48.1,24.201,219,,,,,,,,
9CE8_2|Chains,pdb|5FMG|L,Chain L, PROTEASOME SUBUNIT BETA TYPE [Plasmodium falciparum],9.37e-07,47.8,24.201,219,,,,,,,,
9CE8_2|Chains,gb|UUU46554.1|,proteasome subunit beta type-5, partial [Plasmodium falciparum],1.08e-06,48.1,24.201,219,,,,,,,,
9CE8_2|Chains,gb|UUU46552.1|,proteasome subunit beta type-5, partial [Plasmodium falciparum],1.08e-06,48.1,24.201,219,,,,,,,,
9CE8_2|Chains,gb|UUU46619.1|,proteasome subunit beta type-5, partial [Plasmodium falciparum],1.15e-06,48.1,24.201,219,,,,,,,,
9CE8_2|Chains,gb|UUU46551.1|,proteasome subunit beta type-5, partial [Plasmodium falciparum],1.17e-06,47.8,24.201,219,,,,,,,,
9CE8_2|Chains,gb|UUU46555.1|,proteasome subunit beta type-5, partial [Plasmodium falciparum],1.27e-06,47.8,24.201,219,,,,,,,,
9CE8_2|Chains,gb|UUU46586.1|,proteasome subunit beta type-5, partial [Plasmodium falciparum],1.27e-06,47.8,24.201,219,,,,,,,,
9CE8_2|Chains,gb|UUU46559.1|,proteasome subunit beta type-5, partial [Plasmodium falciparum],1.27e-06,47.8,24.201,219,,,,,,,,
9CE8_2|Chains,gb|UUU46581.1|,proteasome subunit beta type-5, partial [Plasmodium falciparum],1.3e-06,47.8,24.402,209,,,,,,,,
9IML_2|Chains,gb|AAA29781.1|,ubiquitin, partial [Plasmodium falciparum],4.0000000000000004e-24,85.9,100.0,40,,,,,,,,
9IML_2|Chains,gb|AAA29781.1|,ubiquitin, partial [Plasmodium falciparum],3.62e-18,70.9,97.222,36,,,,,,,,
9NKG_3|Chains,pdb|5FMG|C,Chain C, PROTEASOME SUBUNIT ALPHA TYPE [Plasmodium falciparum],3.1900000000000003e-85,254.0,52.439,246.0,,,,,,,,
9NKG_3|Chains,pdb|5FMG|D,Chain D, PROTEASOME SUBUNIT ALPHA TYPE [Plasmodium falciparum],8.96e-48,158.0,35.124,242.0,,,,,,,,
9NKG_3|Chains,pdb|5FMG|E,Chain E, PROTEASOME SUBUNIT ALPHA TYPE [Plasmodium falciparum],4.52e-35,125.0,35.874,223.0,,,,,,,,
9NKG_12|Chains,gb|UUU46581.1|,proteasome subunit beta type-5, partial [Plasmodium falciparum],3.2e-78,237.0,53.202,203.0,,,,,,,,
9NKG_12|Chains,gb|UUU46551.1|,proteasome subunit beta type-5, partial [Plasmodium falciparum],3.23e-78,237.0,53.202,203.0,,,,,,,,
9NKG_12|Chains,gb|UUU46619.1|,proteasome subunit beta type-5, partial [Plasmodium falciparum],3.3000000000000003e-78,236.0,53.202,203.0,,,,,,,,
9NKG_12|Chains,gb|UUU46595.1|,proteasome subunit beta type-5, partial [Plasmodium falciparum],4.23e-78,236.0,53.202,203.0,,,,,,,,
9NKG_12|Chains,gb|UUU46554.1|,proteasome subunit beta type-5, partial [Plasmodium falciparum],4.52e-78,236.0,53.202,203.0,,,,,,,,
9NKG_12|Chains,gb|UUU46563.1|,proteasome subunit beta type-5, partial [Plasmodium falciparum],4.58e-78,236.0,53.202,203.0,,,,,,,,
9NKG_12|Chains,gb|UUU46566.1|,proteasome subunit beta type-5, partial [Plasmodium falciparum],4.7e-78,236.0,53.202,203.0,,,,,,,,
9NKG_12|Chains,gb|UUU46580.1|,proteasome subunit beta type-5, partial [Plasmodium falciparum],4.7e-78,236.0,53.202,203.0,,,,,,,,
9NKG_12|Chains,gb|UUU46552.1|,proteasome subunit beta type-5, partial [Plasmodium falciparum],4.72e-78,236.0,53.202,203.0,,,,,,,,
9NKG_12|Chains,gb|UUU46558.1|,proteasome subunit beta type-5, partial [Plasmodium falciparum],4.87e-78,236.0,53.202,203.0,,,,,,,,
9NKG_14|Chains,pdb|5FMG|N,Chain N, PROTEASOME SUBUNIT BETA TYPE [Plasmodium falciparum],5.51e-49,162.0,36.287,237.0,,,,,,,,
9NKG_14|Chains,gb|UUU46581.1|,proteasome subunit beta type-5, partial [Plasmodium falciparum],7.2e-11,60.8,25.837,209.0,,,,,,,,
9NKG_14|Chains,gb|UUU46619.1|,proteasome subunit beta type-5, partial [Plasmodium falciparum],8.16e-11,60.5,25.837,209.0,,,,,,,,
9NKG_14|Chains,gb|UUU46552.1|,proteasome subunit beta type-5, partial [Plasmodium falciparum],8.2e-11,60.5,25.837,209.0,,,,,,,,
9NKG_14|Chains,gb|UUU46551.1|,proteasome subunit beta type-5, partial [Plasmodium falciparum],8.39e-11,60.5,25.837,209.0,,,,,,,,
9NKG_14|Chains,gb|UUU46554.1|,proteasome subunit beta type-5, partial [Plasmodium falciparum],8.44e-11,60.5,25.837,209.0,,,,,,,,
9NKG_14|Chains,gb|UUU46639.1|,proteasome subunit beta type-5, partial [Plasmodium falciparum],8.52e-11,60.5,25.837,209.0,,,,,,,,
9NKG_14|Chains,gb|UUU46586.1|,proteasome subunit beta type-5, partial [Plasmodium falciparum],8.67e-11,60.5,25.837,209.0,,,,,,,,
9NKG_14|Chains,gb|UUU46555.1|,proteasome subunit beta type-5, partial [Plasmodium falciparum],8.93e-11,60.5,25.837,209.0,,,,,,,,
9NKG_14|Chains,gb|UUU46559.1|,proteasome subunit beta type-5, partial [Plasmodium falciparum],9.36e-11,60.5,25.837,209.0,,,,,,,,
9NKG_16|Chain,pir|S51042|,tat-binding protein homolog - malaria parasite (Plasmodium falciparum) [Plasmodium falciparum],5.13e-112,336.0,49.691,324.0,NaN,,,,,,,,
9NKG_16|Chain,gb|AAA29520.1|,cell division cycle ATPase, partial [Plasmodium falciparum],4.56e-55,194.0,41.004,239.0,,,,,,,,
9NKG_16|Chain,gb|AAA29520.1|,cell division cycle ATPase, partial [Plasmodium falciparum],6.7e-33,131.0,39.13,161.0,,,,,,,,
9NKG_17|Chain,pir|S51042|,tat-binding protein homolog - malaria parasite (Plasmodium falciparum) [Plasmodium falciparum],0.0,634.0,77.02,396.0,NaN,,,,,,,,
9NKG_17|Chain,gb|AAA29520.1|,cell division cycle ATPase, partial [Plasmodium falciparum],5.44e-60,206.0,41.825,263.0,,,,,,,,
9NKG_17|Chain,gb|AAA29520.1|,cell division cycle ATPase, partial [Plasmodium falciparum],9.26e-35,135.0,41.718,163.0,,,,,,,,
9NKG_19|Chain,pir|S51042|,tat-binding protein homolog - malaria parasite (Plasmodium falciparum) [Plasmodium falciparum],2.82e-112,335.0,48.199,361.0,NaN,,,,,,,,
9NKG_19|Chain,gb|AAA29520.1|,cell division cycle ATPase, partial [Plasmodium falciparum],6.95e-54,189.0,37.984,258.0,,,,,,,,
9NKG_19|Chain,gb|AAA29520.1|,cell division cycle ATPase, partial [Plasmodium falciparum],8.06e-33,130.0,40.881,159.0,,,,,,,,
9NKG_20|Chain,pir|S51042|,tat-binding protein homolog - malaria parasite (Plasmodium falciparum) [Plasmodium falciparum],7.37e-104,315.0,49.02,306.0,NaN,,,,,,,,
9NKG_20|Chain,gb|AAA29520.1|,cell division cycle ATPase, partial [Plasmodium falciparum],1.87e-54,192.0,39.695,262.0,,,,,,,,
9NKG_20|Chain,gb|AAA29520.1|,cell division cycle ATPase, partial [Plasmodium falciparum],4.99e-34,134.0,39.13,161.0,,,,,,,,
9NKG_1|Chains,pdb|5FMG|C,Chain C, PROTEASOME SUBUNIT ALPHA TYPE [Plasmodium falciparum],4.29e-36,127.0,34.914,232.0,,,,,,,,
9NKG_1|Chains,pdb|5FMG|E,Chain E, PROTEASOME SUBUNIT ALPHA TYPE [Plasmodium falciparum],1.36e-33,121.0,29.646,226.0,,,,,,,,
9NKG_1|Chains,pdb|5FMG|D,Chain D, PROTEASOME SUBUNIT ALPHA TYPE [Plasmodium falciparum],1.68e-30,113.0,29.289,239.0,,,,,,,,
9NKG_10|Chains,pdb|5FMG|M,Chain M, PROTEASOME SUBUNIT BETA TYPE [Plasmodium falciparum],1.03e-17,78.2,25.604,207.0,,,,,,,,
9NKG_10|Chains,gb|UUU46563.1|,proteasome subunit beta type-5, partial [Plasmodium falciparum],8.72e-10,56.6,23.404,188.0,,,,,,,,
9NKG_10|Chains,gb|UUU46559.1|,proteasome subunit beta type-5, partial [Plasmodium falciparum],8.86e-10,56.6,23.404,188.0,,,,,,,,
9NKG_10|Chains,gb|UUU46566.1|,proteasome subunit beta type-5, partial [Plasmodium falciparum],9.8e-10,56.6,23.404,188.0,,,,,,,,
9NKG_10|Chains,gb|UUU46581.1|,proteasome subunit beta type-5, partial [Plasmodium falciparum],9.92e-10,56.2,23.404,188.0,,,,,,,,
9NKG_10|Chains,gb|UUU46595.1|,proteasome subunit beta type-5, partial [Plasmodium falciparum],9.98e-10,56.2,23.404,188.0,,,,,,,,
9NKG_10|Chains,gb|UUU46619.1|,proteasome subunit beta type-5, partial [Plasmodium falciparum],1e-09,56.2,23.404,188.0,,,,,,,,
9NKG_10|Chains,gb|UUU46551.1|,proteasome subunit beta type-5, partial [Plasmodium falciparum],1.01e-09,56.2,23.404,188.0,,,,,,,,
9NKG_10|Chains,gb|UUU46554.1|,proteasome subunit beta type-5, partial [Plasmodium falciparum],1.02e-09,56.2,23.404,188.0,,,,,,,,
9NKG_11|Chains,pdb|5FMG|K,Chain K, PROTEASOME SUBUNIT BETA TYPE [Plasmodium falciparum],5.34e-48,155.0,40.212,189.0,,,,,,,,
9NKG_11|Chains,pdb|5FMG|L,Chain L, PROTEASOME SUBUNIT BETA TYPE [Plasmodium falciparum],1.67e-11,60.8,26.667,180.0,,,,,,,,
9NKG_11|Chains,gb|UUU46563.1|,proteasome subunit beta type-5, partial [Plasmodium falciparum],1.72e-11,61.2,26.752,157.0,,,,,,,,
9NKG_11|Chains,gb|UUU46592.1|,proteasome subunit beta type-5, partial [Plasmodium falciparum],1.74e-11,60.8,26.752,157.0,,,,,,,,
9NKG_11|Chains,gb|UUU46551.1|,proteasome subunit beta type-5, partial [Plasmodium falciparum],2.29e-11,60.8,26.752,157.0,,,,,,,,
9NKG_11|Chains,gb|UUU46619.1|,proteasome subunit beta type-5, partial [Plasmodium falciparum],2.34e-11,60.8,26.752,157.0,,,,,,,,
9NKG_11|Chains,gb|UUU46595.1|,proteasome subunit beta type-5, partial [Plasmodium falciparum],2.44e-11,60.8,26.752,157.0,,,,,,,,
9NKG_11|Chains,gb|UUU46554.1|,proteasome subunit beta type-5, partial [Plasmodium falciparum],2.46e-11,60.8,26.752,157.0,,,,,,,,
9NKG_11|Chains,gb|UUU46581.1|,proteasome subunit beta type-5, partial [Plasmodium falciparum],2.48e-11,60.8,26.752,157.0,,,,,,,,
9NKG_11|Chains,gb|UUU46552.1|,proteasome subunit beta type-5, partial [Plasmodium falciparum],2.56e-11,60.8,26.752,157.0,,,,,,,,
9NKG_13|Chains,pdb|5FMG|M,Chain M, PROTEASOME SUBUNIT BETA TYPE [Plasmodium falciparum],2.8299999999999997e-60,189.0,43.192,213.0,,,,,,,,
9NKG_13|Chains,gb|UUU46676.1|,proteasome subunit beta type-1, partial [Plasmodium falciparum],6.969999999999999e-23,89.0,46.739,92.0,,,,,,,,
9NKG_13|Chains,gb|UUU46649.1|,proteasome subunit beta type-1, partial [Plasmodium falciparum],1.82e-15,68.9,54.545,55.0,,,,,,,,
9NKG_13|Chains,gb|UUU46733.1|,proteasome subunit beta type-1, partial [Plasmodium falciparum],2.33e-15,68.2,54.545,55.0,,,,,,,,
9NKG_13|Chains,gb|UUU46662.1|,proteasome subunit beta type-1, partial [Plasmodium falciparum],2.58e-15,68.2,54.545,55.0,,,,,,,,
9NKG_13|Chains,gb|UUU46767.1|,proteasome subunit beta type-1, partial [Plasmodium falciparum],5.57e-15,67.4,54.717,53.0,,,,,,,,
9NKG_13|Chains,gb|UUU46768.1|,proteasome subunit beta type-1, partial [Plasmodium falciparum],6e-15,67.4,62.791,43.0,,,,,,,,
9NKG_13|Chains,gb|UUU46651.1|,proteasome subunit beta type-1, partial [Plasmodium falciparum],6.17e-15,67.4,62.791,43.0,,,,,,,,
9NKG_13|Chains,gb|UUU46650.1|,proteasome subunit beta type-1, partial [Plasmodium falciparum],6.68e-15,67.4,53.704,54.0,,,,,,,,
9NKG_15|Chain,pir|S51042|,tat-binding protein homolog - malaria parasite (Plasmodium falciparum) [Plasmodium falciparum],2.21e-116,347.0,53.271,321.0,NaN,,,,,,,,
9NKG_15|Chain,gb|AAA29520.1|,cell division cycle ATPase, partial [Plasmodium falciparum],6.430000000000001e-58,201.0,40.562,249.0,,,,,,,,
9NKG_15|Chain,gb|AAA29520.1|,cell division cycle ATPase, partial [Plasmodium falciparum],3.31e-34,135.0,40.373,161.0,,,,,,,,
9NKG_18|Chain,pir|S51042|,tat-binding protein homolog - malaria parasite (Plasmodium falciparum) [Plasmodium falciparum],5.54e-104,314.0,46.012,326.0,NaN,,,,,,,,
9NKG_18|Chain,gb|AAA29520.1|,cell division cycle ATPase, partial [Plasmodium falciparum],1.39e-55,194.0,42.358,229.0,,,,,,,,
9NKG_18|Chain,gb|AAA29520.1|,cell division cycle ATPase, partial [Plasmodium falciparum],6.37e-37,142.0,41.718,163.0,,,,,,,,
9NKG_2|Chains,pdb|5FMG|D,Chain D, PROTEASOME SUBUNIT ALPHA TYPE [Plasmodium falciparum],4.48e-52,168.0,39.394,231.0,,,,,,,,
9NKG_2|Chains,pdb|5FMG|C,Chain C, PROTEASOME SUBUNIT ALPHA TYPE [Plasmodium falciparum],2.99e-41,140.0,39.153,189.0,,,,,,,,
9NKG_2|Chains,pdb|5FMG|E,Chain E, PROTEASOME SUBUNIT ALPHA TYPE [Plasmodium falciparum],1.96e-37,131.0,32.547,212.0,,,,,,,,
9NKG_27|Chain,gb|AAX31680.1|,hypothetical protein F12, partial [Plasmodium falciparum],2.19e-12,61.2,43.396,53.0,,,,,,,,
9NKG_27|Chain,gb|AAX31678.1|,hypothetical protein F12, partial [Plasmodium falciparum],2.24e-12,61.2,43.396,53.0,,,,,,,,
9NKG_4|Chains,pdb|5FMG|D,Chain D, PROTEASOME SUBUNIT ALPHA TYPE [Plasmodium falciparum],5.9e-84,250.0,49.18,244.0,,,,,,,,
9NKG_4|Chains,pdb|5FMG|E,Chain E, PROTEASOME SUBUNIT ALPHA TYPE [Plasmodium falciparum],1.94e-39,137.0,33.898,236.0,,,,,,,,
9NKG_4|Chains,pdb|5FMG|C,Chain C, PROTEASOME SUBUNIT ALPHA TYPE [Plasmodium falciparum],6.1e-39,135.0,38.764,178.0,,,,,,,,
9NKG_4|Chains,gb|UUU46527.1|,putative proteasome subunit beta type-7, partial [Plasmodium falciparum],8.72e-09,54.3,22.917,192.0,,,,,,,,
9NKG_4|Chains,gb|UUU46334.1|,putative proteasome subunit beta type-7, partial [Plasmodium falciparum],8.8e-09,54.3,22.917,192.0,,,,,,,,
9NKG_4|Chains,gb|UUU46404.1|,putative proteasome subunit beta type-7, partial [Plasmodium falciparum],8.89e-09,54.3,22.917,192.0,,,,,,,,
9NKG_5|Chains,pdb|5FMG|E,Chain E, PROTEASOME SUBUNIT ALPHA TYPE [Plasmodium falciparum],3.36e-89,263.0,53.942,241.0,,,,,,,,
9NKG_5|Chains,pdb|5FMG|C,Chain C, PROTEASOME SUBUNIT ALPHA TYPE [Plasmodium falciparum],1.4900000000000001e-43,147.0,38.793,232.0,,,,,,,,
9NKG_5|Chains,pdb|5FMG|D,Chain D, PROTEASOME SUBUNIT ALPHA TYPE [Plasmodium falciparum],1.46e-37,131.0,33.962,212.0,,,,,,,,
9NKG_5|Chains,gb|UUU46592.1|,proteasome subunit beta type-5, partial [Plasmodium falciparum],1.41e-10,58.9,25.731,171.0,,,,,,,,
9NKG_5|Chains,gb|UUU46551.1|,proteasome subunit beta type-5, partial [Plasmodium falciparum],1.67e-10,59.3,25.731,171.0,,,,,,,,
9NKG_5|Chains,gb|UUU46639.1|,proteasome subunit beta type-5, partial [Plasmodium falciparum],1.75e-10,59.3,25.731,171.0,,,,,,,,
9NKG_6|Chains,pdb|5FMG|E,Chain E, PROTEASOME SUBUNIT ALPHA TYPE [Plasmodium falciparum],3.44e-37,131.0,33.197,244.0,,,,,,,,
9NKG_6|Chains,pdb|5FMG|D,Chain D, PROTEASOME SUBUNIT ALPHA TYPE [Plasmodium falciparum],1.23e-36,129.0,33.469,245.0,,,,,,,,
9NKG_6|Chains,pdb|5FMG|C,Chain C, PROTEASOME SUBUNIT ALPHA TYPE [Plasmodium falciparum],2.8e-32,118.0,38.889,180.0,,,,,,,,
9NKG_7|Chains,pdb|5FMG|C,Chain C, PROTEASOME SUBUNIT ALPHA TYPE [Plasmodium falciparum],8.73e-44,148.0,34.286,245.0,,,,,,,,
9NKG_7|Chains,pdb|5FMG|E,Chain E, PROTEASOME SUBUNIT ALPHA TYPE [Plasmodium falciparum],5.25e-35,125.0,35.233,193.0,,,,,,,,
9NKG_7|Chains,pdb|5FMG|D,Chain D, PROTEASOME SUBUNIT ALPHA TYPE [Plasmodium falciparum],6.56e-30,112.0,31.628,215.0,,,,,,,,
9NKG_8|Chains,gb|UUU46551.1|,proteasome subunit beta type-5, partial [Plasmodium falciparum],2.31e-24,97.4,27.907,215.0,,,,,,,,
9NKG_8|Chains,gb|UUU46563.1|,proteasome subunit beta type-5, partial [Plasmodium falciparum],2.4e-24,97.4,27.907,215.0,,,,,,,,
9NKG_8|Chains,gb|UUU46554.1|,proteasome subunit beta type-5, partial [Plasmodium falciparum],2.52e-24,97.4,27.907,215.0,,,,,,,,
9NKG_8|Chains,gb|UUU46552.1|,proteasome subunit beta type-5, partial [Plasmodium falciparum],2.57e-24,97.4,27.907,215.0,,,,,,,,
9NKG_8|Chains,gb|UUU46619.1|,proteasome subunit beta type-5, partial [Plasmodium falciparum],2.59e-24,97.1,27.907,215.0,,,,,,,,
9NKG_8|Chains,gb|UUU46559.1|,proteasome subunit beta type-5, partial [Plasmodium falciparum],2.73e-24,97.4,27.907,215.0,,,,,,,,
9NKG_8|Chains,gb|UUU46595.1|,proteasome subunit beta type-5, partial [Plasmodium falciparum],2.74e-24,97.1,27.907,215.0,,,,,,,,
9NKG_8|Chains,gb|UUU46581.1|,proteasome subunit beta type-5, partial [Plasmodium falciparum],2.76e-24,97.1,27.907,215.0,,,,,,,,
9NKG_8|Chains,gb|UUU46580.1|,proteasome subunit beta type-5, partial [Plasmodium falciparum],3.0699999999999998e-24,97.1,27.907,215.0,,,,,,,,
9NKG_9|Chains,gb|UUU46527.1|,putative proteasome subunit beta type-7, partial [Plasmodium falciparum],1.82e-95,281.0,55.823,249.0,,,,,,,,
9NKG_9|Chains,gb|UUU46296.1|,putative proteasome subunit beta type-7 [Plasmodium falciparum],1.95e-95,281.0,55.823,249.0,NaN,,,,,,,,
9NKG_9|Chains,gb|UUU46404.1|,putative proteasome subunit beta type-7, partial [Plasmodium falciparum],1.99e-95,281.0,55.823,249.0,,,,,,,,
9NKG_9|Chains,gb|UUU46390.1|,putative proteasome subunit beta type-7, partial [Plasmodium falciparum],1.99e-95,281.0,55.823,249.0,,,,,,,,
9NKG_9|Chains,gb|UUU46305.1|,putative proteasome subunit beta type-7, partial [Plasmodium falciparum],2.05e-95,281.0,55.823,249.0,,,,,,,,
9NKG_9|Chains,gb|UUU46535.1|,putative proteasome subunit beta type-7, partial [Plasmodium falciparum],2.06e-95,281.0,55.823,249.0,,,,,,,,
9NKG_9|Chains,gb|UUU46345.1|,putative proteasome subunit beta type-7, partial [Plasmodium falciparum],2.08e-95,281.0,55.823,249.0,,,,,,,,
9NKG_9|Chains,gb|UUU46502.1|,putative proteasome subunit beta type-7, partial [Plasmodium falciparum],2.15e-95,281.0,55.823,249.0,,,,,,,,
9NKG_9|Chains,gb|UUU46313.1|,putative proteasome subunit beta type-7, partial [Plasmodium falciparum],2.2e-95,281.0,55.823,249.0,,,,,,,,
9NKG_9|Chains,gb|UUU46299.1|,putative proteasome subunit beta type-7, partial [Plasmodium falciparum],2.2e-95,281.0,55.823,249.0,,,,,,,,
