,Bit_score,Alignment_Length,Query_ID,Title,Alignment_Score,Subject_ID,E_value,Subject_Chain,target_name,malaria_name,target_id,malaria_id,resolution,pdbid,title,expmethod,lignme,glytoucan,cids,protacxns,geneids,pmid,dois,pmcids,pclids,citations,pubchem_cid
0,87.0,237.0,1C14_1|Chains, Enoyl-ACP reductase [Plasmodium falciparum],25.738,pdb|3AM3|A,6.74e-20,Chain A,1C14,3AM3,1,A,2.0,1C14,CRYSTAL STRUCTURE OF E COLI ENOYL REDUCTASE-NAD+-TRICLOSAN COMPLEX,X-RAY DIFFRACTION,TCL|NAD,,5892|5564,P0AEK6|P0AEK4,945870|93775413,10595560.0,10.1110/ps.8.11.2529,PMC2144207,12502403.0,"Qiu X, Janson CA, Court RI, Smyth MG, Payne DJ, Abdel-Meguid SS. Molecular basis for triclosan activity involves a flipping loop in the active site. Protein Sci. 1999 Nov;8(11):2529–32. PMID: 10595560; PMCID: PMC2144207.",5564
1,85.5,237.0,1C14_1|Chains, enoyl-ACP reductase [Plasmodium falciparum],25.316,pdb|1UH5|A,2.78e-19,Chain A,1C14,1UH5,1,A,2.0,1C14,CRYSTAL STRUCTURE OF E COLI ENOYL REDUCTASE-NAD+-TRICLOSAN COMPLEX,X-RAY DIFFRACTION,TCL|NAD,,5892|5564,P0AEK6|P0AEK4,945870|93775413,10595560.0,10.1110/ps.8.11.2529,PMC2144207,12502403.0,"Qiu X, Janson CA, Court RI, Smyth MG, Payne DJ, Abdel-Meguid SS. Molecular basis for triclosan activity involves a flipping loop in the active site. Protein Sci. 1999 Nov;8(11):2529–32. PMID: 10595560; PMCID: PMC2144207.",5564
2,84.3,237.0,1C14_1|Chains, Enoyl-acyl carrier reductase [Plasmodium falciparum],24.051,pdb|2OL4|A,7.72e-19,Chain A,1C14,2OL4,1,A,2.0,1C14,CRYSTAL STRUCTURE OF E COLI ENOYL REDUCTASE-NAD+-TRICLOSAN COMPLEX,X-RAY DIFFRACTION,TCL|NAD,,5892|5564,P0AEK6|P0AEK4,945870|93775413,10595560.0,10.1110/ps.8.11.2529,PMC2144207,12502403.0,"Qiu X, Janson CA, Court RI, Smyth MG, Payne DJ, Abdel-Meguid SS. Molecular basis for triclosan activity involves a flipping loop in the active site. Protein Sci. 1999 Nov;8(11):2529–32. PMID: 10595560; PMCID: PMC2144207.",5564
3,84.0,237.0,1C14_1|Chains, ENOYL-ACYL CARRIER REDUCTASE [Plasmodium falciparum],24.051,pdb|1VRW|A,8.04e-19,Chain A,1C14,1VRW,1,A,2.0,1C14,CRYSTAL STRUCTURE OF E COLI ENOYL REDUCTASE-NAD+-TRICLOSAN COMPLEX,X-RAY DIFFRACTION,TCL|NAD,,5892|5564,P0AEK6|P0AEK4,945870|93775413,10595560.0,10.1110/ps.8.11.2529,PMC2144207,12502403.0,"Qiu X, Janson CA, Court RI, Smyth MG, Payne DJ, Abdel-Meguid SS. Molecular basis for triclosan activity involves a flipping loop in the active site. Protein Sci. 1999 Nov;8(11):2529–32. PMID: 10595560; PMCID: PMC2144207.",5564
4,83.6,237.0,1C14_1|Chains, Enoyl-ACP reductase [Plasmodium falciparum],25.316,pdb|3AM5|A,1.37e-18,Chain A,1C14,3AM5,1,A,2.0,1C14,CRYSTAL STRUCTURE OF E COLI ENOYL REDUCTASE-NAD+-TRICLOSAN COMPLEX,X-RAY DIFFRACTION,TCL|NAD,,5892|5564,P0AEK6|P0AEK4,945870|93775413,10595560.0,10.1110/ps.8.11.2529,PMC2144207,12502403.0,"Qiu X, Janson CA, Court RI, Smyth MG, Payne DJ, Abdel-Meguid SS. Molecular basis for triclosan activity involves a flipping loop in the active site. Protein Sci. 1999 Nov;8(11):2529–32. PMID: 10595560; PMCID: PMC2144207.",5564
5,70.1,141.0,1C14_1|Chains, enoyl-acyl carrier reductase [Plasmodium falciparum],29.078,pdb|1NHG|A,2.72e-14,Chain A,1C14,1NHG,1,A,2.0,1C14,CRYSTAL STRUCTURE OF E COLI ENOYL REDUCTASE-NAD+-TRICLOSAN COMPLEX,X-RAY DIFFRACTION,TCL|NAD,,5892|5564,P0AEK6|P0AEK4,945870|93775413,10595560.0,10.1110/ps.8.11.2529,PMC2144207,12502403.0,"Qiu X, Janson CA, Court RI, Smyth MG, Payne DJ, Abdel-Meguid SS. Molecular basis for triclosan activity involves a flipping loop in the active site. Protein Sci. 1999 Nov;8(11):2529–32. PMID: 10595560; PMCID: PMC2144207.",5564
6,642.0,316.0,1CET_1|Chain, PROTEIN (L-LACTATE DEHYDROGENASE) [Plasmodium falciparum],100.0,pdb|1CET|A,0.0,Chain A,1CET,1CET,1,A,2.05,1CET,CHLOROQUINE BINDS IN THE COFACTOR BINDING SITE OF PLASMODIUM FALCIPARUM LACTATE DEHYDROGENASE.,X-RAY DIFFRACTION,CLQ,,444810,Q27743|1CET_A,,10187806.0,10.1074/jbc.274.15.10213,,13157538.0,"Read JA, Wilkinson KW, Tranter R, Sessions RB, Brady RL. Chloroquine Binds in the Cofactor Binding Site ofPlasmodium falciparum Lactate Dehydrogenase. Journal of Biological Chemistry. 1999 Apr;274(15):10213–8. doi: 10.1074/jbc.274.15.10213.",444810
7,639.0,316.0,1CET_1|Chain, PROTEIN (L-LACTATE DEHYDROGENASE) [Plasmodium falciparum],99.684,pdb|1CEQ|A,0.0,Chain A,1CET,1CEQ,1,A,2.05,1CET,CHLOROQUINE BINDS IN THE COFACTOR BINDING SITE OF PLASMODIUM FALCIPARUM LACTATE DEHYDROGENASE.,X-RAY DIFFRACTION,CLQ,,444810,Q27743|1CET_A,,10187806.0,10.1074/jbc.274.15.10213,,13157538.0,"Read JA, Wilkinson KW, Tranter R, Sessions RB, Brady RL. Chloroquine Binds in the Cofactor Binding Site ofPlasmodium falciparum Lactate Dehydrogenase. Journal of Biological Chemistry. 1999 Apr;274(15):10213–8. doi: 10.1074/jbc.274.15.10213.",444810
8,637.0,316.0,1CET_1|Chain, L-lactate dehydrogenase [Plasmodium falciparum],99.367,pdb|1T24|A,0.0,Chain A,1CET,1T24,1,A,2.05,1CET,CHLOROQUINE BINDS IN THE COFACTOR BINDING SITE OF PLASMODIUM FALCIPARUM LACTATE DEHYDROGENASE.,X-RAY DIFFRACTION,CLQ,,444810,Q27743|1CET_A,,10187806.0,10.1074/jbc.274.15.10213,,13157538.0,"Read JA, Wilkinson KW, Tranter R, Sessions RB, Brady RL. Chloroquine Binds in the Cofactor Binding Site ofPlasmodium falciparum Lactate Dehydrogenase. Journal of Biological Chemistry. 1999 Apr;274(15):10213–8. doi: 10.1074/jbc.274.15.10213.",444810
9,301.0,321.0,1D7O_1|Chain, Enoyl-ACP reductase [Plasmodium falciparum],47.975,pdb|3AM3|A,3.62e-102,Chain A,1D7O,3AM3,1,A,1.9,1D7O,CRYSTAL STRUCTURE OF BRASSICA NAPUS ENOYL ACYL CARRIER PROTEIN REDUCTASE COMPLEXED WITH NAD AND TRICLOSAN,X-RAY DIFFRACTION,TCL|NAD,,5892|5564,P80030,,10610777.0,10.1006/jmbi.1999.3240,,11800738.0,"Roujeinikova A, Levy CW, Rowsell S, Sedelnikova S, Baker PJ, Minshull CA, Mistry A, Colls JG, Camble R, Stuitje AR, Slabas AR, Rafferty JB, Pauptit RA, Viner R, Rice DW. Crystallographic analysis of triclosan bound to enoyl reductase. J Mol Biol. 1999 Nov 26;294(2):527–35. doi: 10.1006/jmbi.1999.3240. PMID: 10610777.",5564
10,298.0,321.0,1D7O_1|Chain, Enoyl-ACP reductase [Plasmodium falciparum],47.664,pdb|3AM5|A,4.78e-101,Chain A,1D7O,3AM5,1,A,1.9,1D7O,CRYSTAL STRUCTURE OF BRASSICA NAPUS ENOYL ACYL CARRIER PROTEIN REDUCTASE COMPLEXED WITH NAD AND TRICLOSAN,X-RAY DIFFRACTION,TCL|NAD,,5892|5564,P80030,,10610777.0,10.1006/jmbi.1999.3240,,11800738.0,"Roujeinikova A, Levy CW, Rowsell S, Sedelnikova S, Baker PJ, Minshull CA, Mistry A, Colls JG, Camble R, Stuitje AR, Slabas AR, Rafferty JB, Pauptit RA, Viner R, Rice DW. Crystallographic analysis of triclosan bound to enoyl reductase. J Mol Biol. 1999 Nov 26;294(2):527–35. doi: 10.1006/jmbi.1999.3240. PMID: 10610777.",5564
11,298.0,321.0,1D7O_1|Chain, enoyl-ACP reductase [Plasmodium falciparum],47.664,pdb|1UH5|A,6.21e-101,Chain A,1D7O,1UH5,1,A,1.9,1D7O,CRYSTAL STRUCTURE OF BRASSICA NAPUS ENOYL ACYL CARRIER PROTEIN REDUCTASE COMPLEXED WITH NAD AND TRICLOSAN,X-RAY DIFFRACTION,TCL|NAD,,5892|5564,P80030,,10610777.0,10.1006/jmbi.1999.3240,,11800738.0,"Roujeinikova A, Levy CW, Rowsell S, Sedelnikova S, Baker PJ, Minshull CA, Mistry A, Colls JG, Camble R, Stuitje AR, Slabas AR, Rafferty JB, Pauptit RA, Viner R, Rice DW. Crystallographic analysis of triclosan bound to enoyl reductase. J Mol Biol. 1999 Nov 26;294(2):527–35. doi: 10.1006/jmbi.1999.3240. PMID: 10610777.",5564
12,298.0,321.0,1D7O_1|Chain, Enoyl-acyl carrier reductase [Plasmodium falciparum],47.664,pdb|2OL4|A,6.69e-101,Chain A,1D7O,2OL4,1,A,1.9,1D7O,CRYSTAL STRUCTURE OF BRASSICA NAPUS ENOYL ACYL CARRIER PROTEIN REDUCTASE COMPLEXED WITH NAD AND TRICLOSAN,X-RAY DIFFRACTION,TCL|NAD,,5892|5564,P80030,,10610777.0,10.1006/jmbi.1999.3240,,11800738.0,"Roujeinikova A, Levy CW, Rowsell S, Sedelnikova S, Baker PJ, Minshull CA, Mistry A, Colls JG, Camble R, Stuitje AR, Slabas AR, Rafferty JB, Pauptit RA, Viner R, Rice DW. Crystallographic analysis of triclosan bound to enoyl reductase. J Mol Biol. 1999 Nov 26;294(2):527–35. doi: 10.1006/jmbi.1999.3240. PMID: 10610777.",5564
13,298.0,321.0,1D7O_1|Chain, ENOYL-ACYL CARRIER REDUCTASE [Plasmodium falciparum],47.664,pdb|1VRW|A,6.77e-101,Chain A,1D7O,1VRW,1,A,1.9,1D7O,CRYSTAL STRUCTURE OF BRASSICA NAPUS ENOYL ACYL CARRIER PROTEIN REDUCTASE COMPLEXED WITH NAD AND TRICLOSAN,X-RAY DIFFRACTION,TCL|NAD,,5892|5564,P80030,,10610777.0,10.1006/jmbi.1999.3240,,11800738.0,"Roujeinikova A, Levy CW, Rowsell S, Sedelnikova S, Baker PJ, Minshull CA, Mistry A, Colls JG, Camble R, Stuitje AR, Slabas AR, Rafferty JB, Pauptit RA, Viner R, Rice DW. Crystallographic analysis of triclosan bound to enoyl reductase. J Mol Biol. 1999 Nov 26;294(2):527–35. doi: 10.1006/jmbi.1999.3240. PMID: 10610777.",5564
14,263.0,225.0,1D7O_1|Chain, enoyl-acyl carrier reductase [Plasmodium falciparum],55.111,pdb|1NHG|A,2.14e-88,Chain A,1D7O,1NHG,1,A,1.9,1D7O,CRYSTAL STRUCTURE OF BRASSICA NAPUS ENOYL ACYL CARRIER PROTEIN REDUCTASE COMPLEXED WITH NAD AND TRICLOSAN,X-RAY DIFFRACTION,TCL|NAD,,5892|5564,P80030,,10610777.0,10.1006/jmbi.1999.3240,,11800738.0,"Roujeinikova A, Levy CW, Rowsell S, Sedelnikova S, Baker PJ, Minshull CA, Mistry A, Colls JG, Camble R, Stuitje AR, Slabas AR, Rafferty JB, Pauptit RA, Viner R, Rice DW. Crystallographic analysis of triclosan bound to enoyl reductase. J Mol Biol. 1999 Nov 26;294(2):527–35. doi: 10.1006/jmbi.1999.3240. PMID: 10610777.",5564
15,60.5,53.0,1D7O_1|Chain, enoyl-acyl carrier reductase [Plasmodium falciparum],54.717,pdb|1NHG|C,3.53e-12,Chain C,1D7O,1NHG,1,C,1.9,1D7O,CRYSTAL STRUCTURE OF BRASSICA NAPUS ENOYL ACYL CARRIER PROTEIN REDUCTASE COMPLEXED WITH NAD AND TRICLOSAN,X-RAY DIFFRACTION,TCL|NAD,,5892|5564,P80030,,10610777.0,10.1006/jmbi.1999.3240,,11800738.0,"Roujeinikova A, Levy CW, Rowsell S, Sedelnikova S, Baker PJ, Minshull CA, Mistry A, Colls JG, Camble R, Stuitje AR, Slabas AR, Rafferty JB, Pauptit RA, Viner R, Rice DW. Crystallographic analysis of triclosan bound to enoyl reductase. J Mol Biol. 1999 Nov 26;294(2):527–35. doi: 10.1006/jmbi.1999.3240. PMID: 10610777.",5564
16,87.0,237.0,1D8A_1|Chains, Enoyl-ACP reductase [Plasmodium falciparum],25.738,pdb|3AM3|A,6.04e-20,Chain A,1D8A,3AM3,1,A,2.2,1D8A,E. COLI ENOYL REDUCTASE/NAD+/TRICLOSAN COMPLEX,X-RAY DIFFRACTION,TCL|NAD,,5892|5564,P0AEK6|P0AEK4,945870|93775413,10201369.0,10.1038/18803,,13170905.0,"Levy CW, Roujeinikova A, Sedelnikova S, Baker PJ, Stuitje AR, Slabas AR, Rice DW, Rafferty JB. Molecular basis of triclosan activity. Nature. 1999 Apr 01;398(6726):383–4. doi: 10.1038/18803. PMID: 10201369.",5564
17,85.5,237.0,1D8A_1|Chains, enoyl-ACP reductase [Plasmodium falciparum],25.316,pdb|1UH5|A,2.51e-19,Chain A,1D8A,1UH5,1,A,2.2,1D8A,E. COLI ENOYL REDUCTASE/NAD+/TRICLOSAN COMPLEX,X-RAY DIFFRACTION,TCL|NAD,,5892|5564,P0AEK6|P0AEK4,945870|93775413,10201369.0,10.1038/18803,,13170905.0,"Levy CW, Roujeinikova A, Sedelnikova S, Baker PJ, Stuitje AR, Slabas AR, Rice DW, Rafferty JB. Molecular basis of triclosan activity. Nature. 1999 Apr 01;398(6726):383–4. doi: 10.1038/18803. PMID: 10201369.",5564
18,84.3,237.0,1D8A_1|Chains, Enoyl-acyl carrier reductase [Plasmodium falciparum],24.051,pdb|2OL4|A,7.8e-19,Chain A,1D8A,2OL4,1,A,2.2,1D8A,E. COLI ENOYL REDUCTASE/NAD+/TRICLOSAN COMPLEX,X-RAY DIFFRACTION,TCL|NAD,,5892|5564,P0AEK6|P0AEK4,945870|93775413,10201369.0,10.1038/18803,,13170905.0,"Levy CW, Roujeinikova A, Sedelnikova S, Baker PJ, Stuitje AR, Slabas AR, Rice DW, Rafferty JB. Molecular basis of triclosan activity. Nature. 1999 Apr 01;398(6726):383–4. doi: 10.1038/18803. PMID: 10201369.",5564
19,84.0,237.0,1D8A_1|Chains, ENOYL-ACYL CARRIER REDUCTASE [Plasmodium falciparum],24.051,pdb|1VRW|A,7.96e-19,Chain A,1D8A,1VRW,1,A,2.2,1D8A,E. COLI ENOYL REDUCTASE/NAD+/TRICLOSAN COMPLEX,X-RAY DIFFRACTION,TCL|NAD,,5892|5564,P0AEK6|P0AEK4,945870|93775413,10201369.0,10.1038/18803,,13170905.0,"Levy CW, Roujeinikova A, Sedelnikova S, Baker PJ, Stuitje AR, Slabas AR, Rice DW, Rafferty JB. Molecular basis of triclosan activity. Nature. 1999 Apr 01;398(6726):383–4. doi: 10.1038/18803. PMID: 10201369.",5564
20,83.2,237.0,1D8A_1|Chains, Enoyl-ACP reductase [Plasmodium falciparum],25.316,pdb|3AM5|A,1.37e-18,Chain A,1D8A,3AM5,1,A,2.2,1D8A,E. COLI ENOYL REDUCTASE/NAD+/TRICLOSAN COMPLEX,X-RAY DIFFRACTION,TCL|NAD,,5892|5564,P0AEK6|P0AEK4,945870|93775413,10201369.0,10.1038/18803,,13170905.0,"Levy CW, Roujeinikova A, Sedelnikova S, Baker PJ, Stuitje AR, Slabas AR, Rice DW, Rafferty JB. Molecular basis of triclosan activity. Nature. 1999 Apr 01;398(6726):383–4. doi: 10.1038/18803. PMID: 10201369.",5564
21,69.7,141.0,1D8A_1|Chains, enoyl-acyl carrier reductase [Plasmodium falciparum],29.078,pdb|1NHG|A,2.81e-14,Chain A,1D8A,1NHG,1,A,2.2,1D8A,E. COLI ENOYL REDUCTASE/NAD+/TRICLOSAN COMPLEX,X-RAY DIFFRACTION,TCL|NAD,,5892|5564,P0AEK6|P0AEK4,945870|93775413,10201369.0,10.1038/18803,,13170905.0,"Levy CW, Roujeinikova A, Sedelnikova S, Baker PJ, Stuitje AR, Slabas AR, Rice DW, Rafferty JB. Molecular basis of triclosan activity. Nature. 1999 Apr 01;398(6726):383–4. doi: 10.1038/18803. PMID: 10201369.",5564
22,562.0,280.0,1J3I_1|Chains, Bifunctional dihydrofolate reductase-thymidylate synthase [Plasmodium falciparum],100.0,pdb|3QGT|A,0.0,Chain A,1J3I,3QGT,1,A,2.33,1J3I,"Wild-type Plasmodium falciparum dihydrofolate reductase-thymidylate synthase (PfDHFR-TS) complexed with WR99210, NADPH, and dUMP",X-RAY DIFFRACTION,NDP|WRA|UMP,,121750|65063|5884,P13922,,12704428.0,10.1038/nsb921,,255272.0,"Yuvaniyama J, Chitnumsub P, Kamchonwongpaisan S, Vanichtanankul J, Sirawaraporn W, Taylor P, Walkinshaw MD, Yuthavong Y. Insights into antifolate resistance from malarial DHFR-TS structures. Nature Structural & Molecular Biology. 2003 Apr 21;10(5):357–65. doi: 10.1038/nsb921.",121750
23,687.0,328.0,1J3I_2|Chains, Dihydrofolate reductase-thymidylate synthase [Plasmodium falciparum],100.0,pdb|3JSU|A,0.0,Chain A,1J3I,3JSU,2,A,2.33,1J3I,"Wild-type Plasmodium falciparum dihydrofolate reductase-thymidylate synthase (PfDHFR-TS) complexed with WR99210, NADPH, and dUMP",X-RAY DIFFRACTION,NDP|WRA|UMP,,121750|65063|5884,P13922,,12704428.0,10.1038/nsb921,,255272.0,"Yuvaniyama J, Chitnumsub P, Kamchonwongpaisan S, Vanichtanankul J, Sirawaraporn W, Taylor P, Walkinshaw MD, Yuthavong Y. Insights into antifolate resistance from malarial DHFR-TS structures. Nature Structural & Molecular Biology. 2003 Apr 21;10(5):357–65. doi: 10.1038/nsb921.",121750
24,687.0,328.0,1J3I_2|Chains, Bifunctional dihydrofolate reductase-thymidylate synthase [Plasmodium falciparum],100.0,pdb|3UM5|A,0.0,Chain A,1J3I,3UM5,2,A,2.33,1J3I,"Wild-type Plasmodium falciparum dihydrofolate reductase-thymidylate synthase (PfDHFR-TS) complexed with WR99210, NADPH, and dUMP",X-RAY DIFFRACTION,NDP|WRA|UMP,,121750|65063|5884,P13922,,12704428.0,10.1038/nsb921,,255272.0,"Yuvaniyama J, Chitnumsub P, Kamchonwongpaisan S, Vanichtanankul J, Sirawaraporn W, Taylor P, Walkinshaw MD, Yuthavong Y. Insights into antifolate resistance from malarial DHFR-TS structures. Nature Structural & Molecular Biology. 2003 Apr 21;10(5):357–65. doi: 10.1038/nsb921.",121750
25,562.0,280.0,1J3K_1|Chains, Dihydrofolate reductase-thymidylate synthase [Plasmodium falciparum],100.0,pdb|3JSU|A,0.0,Chain A,1J3K,3JSU,1,A,2.1,1J3K,"Quadruple mutant (N51I+C59R+S108N+I164L) Plasmodium falciparum dihydrofolate reductase-thymidylate synthase (PfDHFR-TS) complexed with WR99210, NADPH, and dUMP",X-RAY DIFFRACTION,NDP|WRA|UMP,,121750|65063|5884,P13922,,12704428.0,10.1038/nsb921,,255272.0,"Yuvaniyama J, Chitnumsub P, Kamchonwongpaisan S, Vanichtanankul J, Sirawaraporn W, Taylor P, Walkinshaw MD, Yuthavong Y. Insights into antifolate resistance from malarial DHFR-TS structures. Nature Structural & Molecular Biology. 2003 Apr 21;10(5):357–65. doi: 10.1038/nsb921.",121750
26,687.0,328.0,1J3K_2|Chains, Dihydrofolate reductase-thymidylate synthase [Plasmodium falciparum],100.0,pdb|3JSU|A,0.0,Chain A,1J3K,3JSU,2,A,2.1,1J3K,"Quadruple mutant (N51I+C59R+S108N+I164L) Plasmodium falciparum dihydrofolate reductase-thymidylate synthase (PfDHFR-TS) complexed with WR99210, NADPH, and dUMP",X-RAY DIFFRACTION,NDP|WRA|UMP,,121750|65063|5884,P13922,,12704428.0,10.1038/nsb921,,255272.0,"Yuvaniyama J, Chitnumsub P, Kamchonwongpaisan S, Vanichtanankul J, Sirawaraporn W, Taylor P, Walkinshaw MD, Yuthavong Y. Insights into antifolate resistance from malarial DHFR-TS structures. Nature Structural & Molecular Biology. 2003 Apr 21;10(5):357–65. doi: 10.1038/nsb921.",121750
27,687.0,328.0,1J3K_2|Chains, Bifunctional dihydrofolate reductase-thymidylate synthase [Plasmodium falciparum],100.0,pdb|3UM5|A,0.0,Chain A,1J3K,3UM5,2,A,2.1,1J3K,"Quadruple mutant (N51I+C59R+S108N+I164L) Plasmodium falciparum dihydrofolate reductase-thymidylate synthase (PfDHFR-TS) complexed with WR99210, NADPH, and dUMP",X-RAY DIFFRACTION,NDP|WRA|UMP,,121750|65063|5884,P13922,,12704428.0,10.1038/nsb921,,255272.0,"Yuvaniyama J, Chitnumsub P, Kamchonwongpaisan S, Vanichtanankul J, Sirawaraporn W, Taylor P, Walkinshaw MD, Yuthavong Y. Insights into antifolate resistance from malarial DHFR-TS structures. Nature Structural & Molecular Biology. 2003 Apr 21;10(5):357–65. doi: 10.1038/nsb921.",121750
28,470.0,229.0,1NHG_1|Chains, enoyl-acyl carrier reductase [Plasmodium falciparum],100.0,pdb|1NHG|A,1.4899999999999999e-171,Chain A,1NHG,1NHG,1,A,2.43,1NHG,CRYSTAL STRUCTURE ANALYSIS OF PLASMODIUM FALCIPARUM ENOYL-ACYL-CARRIER-PROTEIN REDUCTASE WITH TRICLOSAN,X-RAY DIFFRACTION,TCL|NAD,,5892|5564,,,11792710.0,10.1074/jbc.m112000200,,30747144.0,"Perozzo R, Kuo M, Sidhu ABS, Valiyaveettil JT, Bittman R, Jacobs WR, Fidock DA, Sacchettini JC. Structural Elucidation of the Specificity of the Antibacterial Agent Triclosan for Malarial Enoyl Acyl Carrier Protein Reductase. Journal of Biological Chemistry. 2002 Apr;277(15):13106–14. doi: 10.1074/jbc.m112000200.",5564
29,473.0,229.0,1NHG_1|Chains, Enoyl-acyl carrier reductase [Plasmodium falciparum],100.0,pdb|2OL4|A,7.24e-171,Chain A,1NHG,2OL4,1,A,2.43,1NHG,CRYSTAL STRUCTURE ANALYSIS OF PLASMODIUM FALCIPARUM ENOYL-ACYL-CARRIER-PROTEIN REDUCTASE WITH TRICLOSAN,X-RAY DIFFRACTION,TCL|NAD,,5892|5564,,,11792710.0,10.1074/jbc.m112000200,,30747144.0,"Perozzo R, Kuo M, Sidhu ABS, Valiyaveettil JT, Bittman R, Jacobs WR, Fidock DA, Sacchettini JC. Structural Elucidation of the Specificity of the Antibacterial Agent Triclosan for Malarial Enoyl Acyl Carrier Protein Reductase. Journal of Biological Chemistry. 2002 Apr;277(15):13106–14. doi: 10.1074/jbc.m112000200.",5564
30,473.0,229.0,1NHG_1|Chains, Enoyl-ACP reductase [Plasmodium falciparum],100.0,pdb|3AM3|A,8.69e-171,Chain A,1NHG,3AM3,1,A,2.43,1NHG,CRYSTAL STRUCTURE ANALYSIS OF PLASMODIUM FALCIPARUM ENOYL-ACYL-CARRIER-PROTEIN REDUCTASE WITH TRICLOSAN,X-RAY DIFFRACTION,TCL|NAD,,5892|5564,,,11792710.0,10.1074/jbc.m112000200,,30747144.0,"Perozzo R, Kuo M, Sidhu ABS, Valiyaveettil JT, Bittman R, Jacobs WR, Fidock DA, Sacchettini JC. Structural Elucidation of the Specificity of the Antibacterial Agent Triclosan for Malarial Enoyl Acyl Carrier Protein Reductase. Journal of Biological Chemistry. 2002 Apr;277(15):13106–14. doi: 10.1074/jbc.m112000200.",5564
31,472.0,229.0,1NHG_1|Chains, enoyl-ACP reductase [Plasmodium falciparum],100.0,pdb|1UH5|A,8.78e-171,Chain A,1NHG,1UH5,1,A,2.43,1NHG,CRYSTAL STRUCTURE ANALYSIS OF PLASMODIUM FALCIPARUM ENOYL-ACYL-CARRIER-PROTEIN REDUCTASE WITH TRICLOSAN,X-RAY DIFFRACTION,TCL|NAD,,5892|5564,,,11792710.0,10.1074/jbc.m112000200,,30747144.0,"Perozzo R, Kuo M, Sidhu ABS, Valiyaveettil JT, Bittman R, Jacobs WR, Fidock DA, Sacchettini JC. Structural Elucidation of the Specificity of the Antibacterial Agent Triclosan for Malarial Enoyl Acyl Carrier Protein Reductase. Journal of Biological Chemistry. 2002 Apr;277(15):13106–14. doi: 10.1074/jbc.m112000200.",5564
32,473.0,229.0,1NHG_1|Chains, ENOYL-ACYL CARRIER REDUCTASE [Plasmodium falciparum],100.0,pdb|1VRW|A,9.16e-171,Chain A,1NHG,1VRW,1,A,2.43,1NHG,CRYSTAL STRUCTURE ANALYSIS OF PLASMODIUM FALCIPARUM ENOYL-ACYL-CARRIER-PROTEIN REDUCTASE WITH TRICLOSAN,X-RAY DIFFRACTION,TCL|NAD,,5892|5564,,,11792710.0,10.1074/jbc.m112000200,,30747144.0,"Perozzo R, Kuo M, Sidhu ABS, Valiyaveettil JT, Bittman R, Jacobs WR, Fidock DA, Sacchettini JC. Structural Elucidation of the Specificity of the Antibacterial Agent Triclosan for Malarial Enoyl Acyl Carrier Protein Reductase. Journal of Biological Chemistry. 2002 Apr;277(15):13106–14. doi: 10.1074/jbc.m112000200.",5564
33,470.0,229.0,1NHG_1|Chains, Enoyl-ACP reductase [Plasmodium falciparum],99.563,pdb|3AM5|A,5.979999999999999e-170,Chain A,1NHG,3AM5,1,A,2.43,1NHG,CRYSTAL STRUCTURE ANALYSIS OF PLASMODIUM FALCIPARUM ENOYL-ACYL-CARRIER-PROTEIN REDUCTASE WITH TRICLOSAN,X-RAY DIFFRACTION,TCL|NAD,,5892|5564,,,11792710.0,10.1074/jbc.m112000200,,30747144.0,"Perozzo R, Kuo M, Sidhu ABS, Valiyaveettil JT, Bittman R, Jacobs WR, Fidock DA, Sacchettini JC. Structural Elucidation of the Specificity of the Antibacterial Agent Triclosan for Malarial Enoyl Acyl Carrier Protein Reductase. Journal of Biological Chemistry. 2002 Apr;277(15):13106–14. doi: 10.1074/jbc.m112000200.",5564
34,122.0,60.0,1NHG_2|Chains, enoyl-acyl carrier reductase [Plasmodium falciparum],100.0,pdb|1NHG|C,2.52e-39,Chain C,1NHG,1NHG,2,C,2.43,1NHG,CRYSTAL STRUCTURE ANALYSIS OF PLASMODIUM FALCIPARUM ENOYL-ACYL-CARRIER-PROTEIN REDUCTASE WITH TRICLOSAN,X-RAY DIFFRACTION,TCL|NAD,,5892|5564,,,11792710.0,10.1074/jbc.m112000200,,30747144.0,"Perozzo R, Kuo M, Sidhu ABS, Valiyaveettil JT, Bittman R, Jacobs WR, Fidock DA, Sacchettini JC. Structural Elucidation of the Specificity of the Antibacterial Agent Triclosan for Malarial Enoyl Acyl Carrier Protein Reductase. Journal of Biological Chemistry. 2002 Apr;277(15):13106–14. doi: 10.1074/jbc.m112000200.",5564
35,125.0,60.0,1NHG_2|Chains, Enoyl-acyl carrier reductase [Plasmodium falciparum],100.0,pdb|2OL4|A,2.2100000000000002e-37,Chain A,1NHG,2OL4,2,A,2.43,1NHG,CRYSTAL STRUCTURE ANALYSIS OF PLASMODIUM FALCIPARUM ENOYL-ACYL-CARRIER-PROTEIN REDUCTASE WITH TRICLOSAN,X-RAY DIFFRACTION,TCL|NAD,,5892|5564,,,11792710.0,10.1074/jbc.m112000200,,30747144.0,"Perozzo R, Kuo M, Sidhu ABS, Valiyaveettil JT, Bittman R, Jacobs WR, Fidock DA, Sacchettini JC. Structural Elucidation of the Specificity of the Antibacterial Agent Triclosan for Malarial Enoyl Acyl Carrier Protein Reductase. Journal of Biological Chemistry. 2002 Apr;277(15):13106–14. doi: 10.1074/jbc.m112000200.",5564
36,125.0,60.0,1NHG_2|Chains, ENOYL-ACYL CARRIER REDUCTASE [Plasmodium falciparum],100.0,pdb|1VRW|A,3.23e-37,Chain A,1NHG,1VRW,2,A,2.43,1NHG,CRYSTAL STRUCTURE ANALYSIS OF PLASMODIUM FALCIPARUM ENOYL-ACYL-CARRIER-PROTEIN REDUCTASE WITH TRICLOSAN,X-RAY DIFFRACTION,TCL|NAD,,5892|5564,,,11792710.0,10.1074/jbc.m112000200,,30747144.0,"Perozzo R, Kuo M, Sidhu ABS, Valiyaveettil JT, Bittman R, Jacobs WR, Fidock DA, Sacchettini JC. Structural Elucidation of the Specificity of the Antibacterial Agent Triclosan for Malarial Enoyl Acyl Carrier Protein Reductase. Journal of Biological Chemistry. 2002 Apr;277(15):13106–14. doi: 10.1074/jbc.m112000200.",5564
37,123.0,59.0,1NHG_2|Chains, Enoyl-ACP reductase [Plasmodium falciparum],100.0,pdb|3AM5|A,2e-36,Chain A,1NHG,3AM5,2,A,2.43,1NHG,CRYSTAL STRUCTURE ANALYSIS OF PLASMODIUM FALCIPARUM ENOYL-ACYL-CARRIER-PROTEIN REDUCTASE WITH TRICLOSAN,X-RAY DIFFRACTION,TCL|NAD,,5892|5564,,,11792710.0,10.1074/jbc.m112000200,,30747144.0,"Perozzo R, Kuo M, Sidhu ABS, Valiyaveettil JT, Bittman R, Jacobs WR, Fidock DA, Sacchettini JC. Structural Elucidation of the Specificity of the Antibacterial Agent Triclosan for Malarial Enoyl Acyl Carrier Protein Reductase. Journal of Biological Chemistry. 2002 Apr;277(15):13106–14. doi: 10.1074/jbc.m112000200.",5564
38,123.0,59.0,1NHG_2|Chains, enoyl-ACP reductase [Plasmodium falciparum],100.0,pdb|1UH5|A,2.02e-36,Chain A,1NHG,1UH5,2,A,2.43,1NHG,CRYSTAL STRUCTURE ANALYSIS OF PLASMODIUM FALCIPARUM ENOYL-ACYL-CARRIER-PROTEIN REDUCTASE WITH TRICLOSAN,X-RAY DIFFRACTION,TCL|NAD,,5892|5564,,,11792710.0,10.1074/jbc.m112000200,,30747144.0,"Perozzo R, Kuo M, Sidhu ABS, Valiyaveettil JT, Bittman R, Jacobs WR, Fidock DA, Sacchettini JC. Structural Elucidation of the Specificity of the Antibacterial Agent Triclosan for Malarial Enoyl Acyl Carrier Protein Reductase. Journal of Biological Chemistry. 2002 Apr;277(15):13106–14. doi: 10.1074/jbc.m112000200.",5564
39,121.0,59.0,1NHG_2|Chains, Enoyl-ACP reductase [Plasmodium falciparum],98.305,pdb|3AM3|A,1.33e-35,Chain A,1NHG,3AM3,2,A,2.43,1NHG,CRYSTAL STRUCTURE ANALYSIS OF PLASMODIUM FALCIPARUM ENOYL-ACYL-CARRIER-PROTEIN REDUCTASE WITH TRICLOSAN,X-RAY DIFFRACTION,TCL|NAD,,5892|5564,,,11792710.0,10.1074/jbc.m112000200,,30747144.0,"Perozzo R, Kuo M, Sidhu ABS, Valiyaveettil JT, Bittman R, Jacobs WR, Fidock DA, Sacchettini JC. Structural Elucidation of the Specificity of the Antibacterial Agent Triclosan for Malarial Enoyl Acyl Carrier Protein Reductase. Journal of Biological Chemistry. 2002 Apr;277(15):13106–14. doi: 10.1074/jbc.m112000200.",5564
40,56.2,183.0,1P45_1|Chains, Enoyl-ACP reductase [Plasmodium falciparum],27.322,pdb|3AM3|A,3.27e-09,Chain A,1P45,3AM3,1,A,2.6,1P45,Targeting tuberculosis and malaria through inhibition of enoyl reductase: compound activity and structural data,X-RAY DIFFRACTION,TCL|NAD,,5892|5564,P9WGR0|P9WGR1,45425463|886523,12606558.0,10.1074/jbc.m211968200,,20637012.0,"Kuo MR, Morbidoni HR, Alland D, Sneddon SF, Gourlie BB, Staveski MM, Leonard M, Gregory JS, Janjigian AD, Yee C, Musser JM, Kreiswirth B, Iwamoto H, Perozzo R, Jacobs WR, Sacchettini JC, Fidock DA. Targeting Tuberculosis and Malaria through Inhibition of Enoyl Reductase. Journal of Biological Chemistry. 2003 Jun;278(23):20851–9. doi: 10.1074/jbc.m211968200.",5564
41,55.5,180.0,1P45_1|Chains, enoyl-acyl carrier reductase [Plasmodium falciparum],27.222,pdb|1NHG|A,3.85e-09,Chain A,1P45,1NHG,1,A,2.6,1P45,Targeting tuberculosis and malaria through inhibition of enoyl reductase: compound activity and structural data,X-RAY DIFFRACTION,TCL|NAD,,5892|5564,P9WGR0|P9WGR1,45425463|886523,12606558.0,10.1074/jbc.m211968200,,20637012.0,"Kuo MR, Morbidoni HR, Alland D, Sneddon SF, Gourlie BB, Staveski MM, Leonard M, Gregory JS, Janjigian AD, Yee C, Musser JM, Kreiswirth B, Iwamoto H, Perozzo R, Jacobs WR, Sacchettini JC, Fidock DA. Targeting Tuberculosis and Malaria through Inhibition of Enoyl Reductase. Journal of Biological Chemistry. 2003 Jun;278(23):20851–9. doi: 10.1074/jbc.m211968200.",5564
42,55.8,183.0,1P45_1|Chains, enoyl-ACP reductase [Plasmodium falciparum],27.322,pdb|1UH5|A,4.69e-09,Chain A,1P45,1UH5,1,A,2.6,1P45,Targeting tuberculosis and malaria through inhibition of enoyl reductase: compound activity and structural data,X-RAY DIFFRACTION,TCL|NAD,,5892|5564,P9WGR0|P9WGR1,45425463|886523,12606558.0,10.1074/jbc.m211968200,,20637012.0,"Kuo MR, Morbidoni HR, Alland D, Sneddon SF, Gourlie BB, Staveski MM, Leonard M, Gregory JS, Janjigian AD, Yee C, Musser JM, Kreiswirth B, Iwamoto H, Perozzo R, Jacobs WR, Sacchettini JC, Fidock DA. Targeting Tuberculosis and Malaria through Inhibition of Enoyl Reductase. Journal of Biological Chemistry. 2003 Jun;278(23):20851–9. doi: 10.1074/jbc.m211968200.",5564
43,55.1,83.0,1P45_1|Chains, ENOYL-ACYL CARRIER REDUCTASE [Plasmodium falciparum],38.554,pdb|1VRW|A,7.98e-09,Chain A,1P45,1VRW,1,A,2.6,1P45,Targeting tuberculosis and malaria through inhibition of enoyl reductase: compound activity and structural data,X-RAY DIFFRACTION,TCL|NAD,,5892|5564,P9WGR0|P9WGR1,45425463|886523,12606558.0,10.1074/jbc.m211968200,,20637012.0,"Kuo MR, Morbidoni HR, Alland D, Sneddon SF, Gourlie BB, Staveski MM, Leonard M, Gregory JS, Janjigian AD, Yee C, Musser JM, Kreiswirth B, Iwamoto H, Perozzo R, Jacobs WR, Sacchettini JC, Fidock DA. Targeting Tuberculosis and Malaria through Inhibition of Enoyl Reductase. Journal of Biological Chemistry. 2003 Jun;278(23):20851–9. doi: 10.1074/jbc.m211968200.",5564
44,55.1,83.0,1P45_1|Chains, Enoyl-acyl carrier reductase [Plasmodium falciparum],38.554,pdb|2OL4|A,8.03e-09,Chain A,1P45,2OL4,1,A,2.6,1P45,Targeting tuberculosis and malaria through inhibition of enoyl reductase: compound activity and structural data,X-RAY DIFFRACTION,TCL|NAD,,5892|5564,P9WGR0|P9WGR1,45425463|886523,12606558.0,10.1074/jbc.m211968200,,20637012.0,"Kuo MR, Morbidoni HR, Alland D, Sneddon SF, Gourlie BB, Staveski MM, Leonard M, Gregory JS, Janjigian AD, Yee C, Musser JM, Kreiswirth B, Iwamoto H, Perozzo R, Jacobs WR, Sacchettini JC, Fidock DA. Targeting Tuberculosis and Malaria through Inhibition of Enoyl Reductase. Journal of Biological Chemistry. 2003 Jun;278(23):20851–9. doi: 10.1074/jbc.m211968200.",5564
45,53.9,183.0,1P45_1|Chains, Enoyl-ACP reductase [Plasmodium falciparum],27.322,pdb|3AM5|A,2.19e-08,Chain A,1P45,3AM5,1,A,2.6,1P45,Targeting tuberculosis and malaria through inhibition of enoyl reductase: compound activity and structural data,X-RAY DIFFRACTION,TCL|NAD,,5892|5564,P9WGR0|P9WGR1,45425463|886523,12606558.0,10.1074/jbc.m211968200,,20637012.0,"Kuo MR, Morbidoni HR, Alland D, Sneddon SF, Gourlie BB, Staveski MM, Leonard M, Gregory JS, Janjigian AD, Yee C, Musser JM, Kreiswirth B, Iwamoto H, Perozzo R, Jacobs WR, Sacchettini JC, Fidock DA. Targeting Tuberculosis and Malaria through Inhibition of Enoyl Reductase. Journal of Biological Chemistry. 2003 Jun;278(23):20851–9. doi: 10.1074/jbc.m211968200.",5564
46,87.0,237.0,1QG6_1|Chains, Enoyl-ACP reductase [Plasmodium falciparum],25.738,pdb|3AM3|A,6.04e-20,Chain A,1QG6,3AM3,1,A,1.9,1QG6,CRYSTAL STRUCTURE OF E. COLI ENOYL ACYL CARRIER PROTEIN REDUCTASE IN COMPLEX WITH NAD AND TRICLOSAN,X-RAY DIFFRACTION,TCL|NAD,,5892|5564,P0AEK6|P0AEK4,945870|93775413,10493822.0,10.1021/bi9907779,,21265353.0,"Ward WH, Holdgate GA, Rowsell S, McLean EG, Pauptit RA, Clayton E, Nichols WW, Colls JG, Minshull CA, Jude DA, Mistry A, Timms D, Camble R, Hales NJ, Britton CJ, Taylor IW. Kinetic and structural characteristics of the inhibition of enoyl (acyl carrier protein) reductase by triclosan. Biochemistry. 1999 Sep 21;38(38):12514–25. doi: 10.1021/bi9907779. PMID: 10493822.",5564
47,85.5,237.0,1QG6_1|Chains, enoyl-ACP reductase [Plasmodium falciparum],25.316,pdb|1UH5|A,2.51e-19,Chain A,1QG6,1UH5,1,A,1.9,1QG6,CRYSTAL STRUCTURE OF E. COLI ENOYL ACYL CARRIER PROTEIN REDUCTASE IN COMPLEX WITH NAD AND TRICLOSAN,X-RAY DIFFRACTION,TCL|NAD,,5892|5564,P0AEK6|P0AEK4,945870|93775413,10493822.0,10.1021/bi9907779,,21265353.0,"Ward WH, Holdgate GA, Rowsell S, McLean EG, Pauptit RA, Clayton E, Nichols WW, Colls JG, Minshull CA, Jude DA, Mistry A, Timms D, Camble R, Hales NJ, Britton CJ, Taylor IW. Kinetic and structural characteristics of the inhibition of enoyl (acyl carrier protein) reductase by triclosan. Biochemistry. 1999 Sep 21;38(38):12514–25. doi: 10.1021/bi9907779. PMID: 10493822.",5564
48,84.3,237.0,1QG6_1|Chains, Enoyl-acyl carrier reductase [Plasmodium falciparum],24.051,pdb|2OL4|A,7.8e-19,Chain A,1QG6,2OL4,1,A,1.9,1QG6,CRYSTAL STRUCTURE OF E. COLI ENOYL ACYL CARRIER PROTEIN REDUCTASE IN COMPLEX WITH NAD AND TRICLOSAN,X-RAY DIFFRACTION,TCL|NAD,,5892|5564,P0AEK6|P0AEK4,945870|93775413,10493822.0,10.1021/bi9907779,,21265353.0,"Ward WH, Holdgate GA, Rowsell S, McLean EG, Pauptit RA, Clayton E, Nichols WW, Colls JG, Minshull CA, Jude DA, Mistry A, Timms D, Camble R, Hales NJ, Britton CJ, Taylor IW. Kinetic and structural characteristics of the inhibition of enoyl (acyl carrier protein) reductase by triclosan. Biochemistry. 1999 Sep 21;38(38):12514–25. doi: 10.1021/bi9907779. PMID: 10493822.",5564
49,84.0,237.0,1QG6_1|Chains, ENOYL-ACYL CARRIER REDUCTASE [Plasmodium falciparum],24.051,pdb|1VRW|A,7.96e-19,Chain A,1QG6,1VRW,1,A,1.9,1QG6,CRYSTAL STRUCTURE OF E. COLI ENOYL ACYL CARRIER PROTEIN REDUCTASE IN COMPLEX WITH NAD AND TRICLOSAN,X-RAY DIFFRACTION,TCL|NAD,,5892|5564,P0AEK6|P0AEK4,945870|93775413,10493822.0,10.1021/bi9907779,,21265353.0,"Ward WH, Holdgate GA, Rowsell S, McLean EG, Pauptit RA, Clayton E, Nichols WW, Colls JG, Minshull CA, Jude DA, Mistry A, Timms D, Camble R, Hales NJ, Britton CJ, Taylor IW. Kinetic and structural characteristics of the inhibition of enoyl (acyl carrier protein) reductase by triclosan. Biochemistry. 1999 Sep 21;38(38):12514–25. doi: 10.1021/bi9907779. PMID: 10493822.",5564
50,83.2,237.0,1QG6_1|Chains, Enoyl-ACP reductase [Plasmodium falciparum],25.316,pdb|3AM5|A,1.37e-18,Chain A,1QG6,3AM5,1,A,1.9,1QG6,CRYSTAL STRUCTURE OF E. COLI ENOYL ACYL CARRIER PROTEIN REDUCTASE IN COMPLEX WITH NAD AND TRICLOSAN,X-RAY DIFFRACTION,TCL|NAD,,5892|5564,P0AEK6|P0AEK4,945870|93775413,10493822.0,10.1021/bi9907779,,21265353.0,"Ward WH, Holdgate GA, Rowsell S, McLean EG, Pauptit RA, Clayton E, Nichols WW, Colls JG, Minshull CA, Jude DA, Mistry A, Timms D, Camble R, Hales NJ, Britton CJ, Taylor IW. Kinetic and structural characteristics of the inhibition of enoyl (acyl carrier protein) reductase by triclosan. Biochemistry. 1999 Sep 21;38(38):12514–25. doi: 10.1021/bi9907779. PMID: 10493822.",5564
51,69.7,141.0,1QG6_1|Chains, enoyl-acyl carrier reductase [Plasmodium falciparum],29.078,pdb|1NHG|A,2.81e-14,Chain A,1QG6,1NHG,1,A,1.9,1QG6,CRYSTAL STRUCTURE OF E. COLI ENOYL ACYL CARRIER PROTEIN REDUCTASE IN COMPLEX WITH NAD AND TRICLOSAN,X-RAY DIFFRACTION,TCL|NAD,,5892|5564,P0AEK6|P0AEK4,945870|93775413,10493822.0,10.1021/bi9907779,,21265353.0,"Ward WH, Holdgate GA, Rowsell S, McLean EG, Pauptit RA, Clayton E, Nichols WW, Colls JG, Minshull CA, Jude DA, Mistry A, Timms D, Camble R, Hales NJ, Britton CJ, Taylor IW. Kinetic and structural characteristics of the inhibition of enoyl (acyl carrier protein) reductase by triclosan. Biochemistry. 1999 Sep 21;38(38):12514–25. doi: 10.1021/bi9907779. PMID: 10493822.",5564
52,87.0,237.0,1QSG_1|Chains, Enoyl-ACP reductase [Plasmodium falciparum],25.738,pdb|3AM3|A,6.82e-20,Chain A,1QSG,3AM3,1,A,1.75,1QSG,CRYSTAL STRUCTURE OF ENOYL REDUCTASE INHIBITION BY TRICLOSAN,X-RAY DIFFRACTION,TCL|NAD|GLC,G71142DF|G61491DK,5564|79025|5892|185698|64689,P0AEK6|P0AEK4,945870|93775413,10398587.0,10.1006/jmbi.1999.2907,,9110905.0,"Stewart MJ, Parikh S, Xiao G, Tonge PJ, Kisker C. Structural basis and mechanism of enoyl reductase inhibition by triclosan. J Mol Biol. 1999 Jul 23;290(4):859–65. doi: 10.1006/jmbi.1999.2907. PMID: 10398587.",5564
53,85.1,237.0,1QSG_1|Chains, enoyl-ACP reductase [Plasmodium falciparum],25.316,pdb|1UH5|A,3.19e-19,Chain A,1QSG,1UH5,1,A,1.75,1QSG,CRYSTAL STRUCTURE OF ENOYL REDUCTASE INHIBITION BY TRICLOSAN,X-RAY DIFFRACTION,TCL|NAD|GLC,G71142DF|G61491DK,5564|79025|5892|185698|64689,P0AEK6|P0AEK4,945870|93775413,10398587.0,10.1006/jmbi.1999.2907,,9110905.0,"Stewart MJ, Parikh S, Xiao G, Tonge PJ, Kisker C. Structural basis and mechanism of enoyl reductase inhibition by triclosan. J Mol Biol. 1999 Jul 23;290(4):859–65. doi: 10.1006/jmbi.1999.2907. PMID: 10398587.",5564
54,84.3,237.0,1QSG_1|Chains, Enoyl-acyl carrier reductase [Plasmodium falciparum],24.051,pdb|2OL4|A,8.35e-19,Chain A,1QSG,2OL4,1,A,1.75,1QSG,CRYSTAL STRUCTURE OF ENOYL REDUCTASE INHIBITION BY TRICLOSAN,X-RAY DIFFRACTION,TCL|NAD|GLC,G71142DF|G61491DK,5564|79025|5892|185698|64689,P0AEK6|P0AEK4,945870|93775413,10398587.0,10.1006/jmbi.1999.2907,,9110905.0,"Stewart MJ, Parikh S, Xiao G, Tonge PJ, Kisker C. Structural basis and mechanism of enoyl reductase inhibition by triclosan. J Mol Biol. 1999 Jul 23;290(4):859–65. doi: 10.1006/jmbi.1999.2907. PMID: 10398587.",5564
55,84.0,237.0,1QSG_1|Chains, ENOYL-ACYL CARRIER REDUCTASE [Plasmodium falciparum],24.051,pdb|1VRW|A,9.04e-19,Chain A,1QSG,1VRW,1,A,1.75,1QSG,CRYSTAL STRUCTURE OF ENOYL REDUCTASE INHIBITION BY TRICLOSAN,X-RAY DIFFRACTION,TCL|NAD|GLC,G71142DF|G61491DK,5564|79025|5892|185698|64689,P0AEK6|P0AEK4,945870|93775413,10398587.0,10.1006/jmbi.1999.2907,,9110905.0,"Stewart MJ, Parikh S, Xiao G, Tonge PJ, Kisker C. Structural basis and mechanism of enoyl reductase inhibition by triclosan. J Mol Biol. 1999 Jul 23;290(4):859–65. doi: 10.1006/jmbi.1999.2907. PMID: 10398587.",5564
56,83.2,237.0,1QSG_1|Chains, Enoyl-ACP reductase [Plasmodium falciparum],25.316,pdb|3AM5|A,1.79e-18,Chain A,1QSG,3AM5,1,A,1.75,1QSG,CRYSTAL STRUCTURE OF ENOYL REDUCTASE INHIBITION BY TRICLOSAN,X-RAY DIFFRACTION,TCL|NAD|GLC,G71142DF|G61491DK,5564|79025|5892|185698|64689,P0AEK6|P0AEK4,945870|93775413,10398587.0,10.1006/jmbi.1999.2907,,9110905.0,"Stewart MJ, Parikh S, Xiao G, Tonge PJ, Kisker C. Structural basis and mechanism of enoyl reductase inhibition by triclosan. J Mol Biol. 1999 Jul 23;290(4):859–65. doi: 10.1006/jmbi.1999.2907. PMID: 10398587.",5564
57,69.7,141.0,1QSG_1|Chains, enoyl-acyl carrier reductase [Plasmodium falciparum],29.078,pdb|1NHG|A,3.17e-14,Chain A,1QSG,1NHG,1,A,1.75,1QSG,CRYSTAL STRUCTURE OF ENOYL REDUCTASE INHIBITION BY TRICLOSAN,X-RAY DIFFRACTION,TCL|NAD|GLC,G71142DF|G61491DK,5564|79025|5892|185698|64689,P0AEK6|P0AEK4,945870|93775413,10398587.0,10.1006/jmbi.1999.2907,,9110905.0,"Stewart MJ, Parikh S, Xiao G, Tonge PJ, Kisker C. Structural basis and mechanism of enoyl reductase inhibition by triclosan. J Mol Biol. 1999 Jul 23;290(4):859–65. doi: 10.1006/jmbi.1999.2907. PMID: 10398587.",5564
58,675.0,329.0,1UH5_1|Chains, enoyl-ACP reductase [Plasmodium falciparum],100.0,pdb|1UH5|A,0.0,Chain A,1UH5,1UH5,1,A,2.2,1UH5,Crystal Structure of Enoyl-ACP Reductase with Triclosan at 2.2angstroms,X-RAY DIFFRACTION,TCL|NAD,,5892|5564,,,15381426.0,10.1016/j.jmb.2004.08.033,,11898285.0,"Pidugu LS, Kapoor M, Surolia N, Surolia A, Suguna K. Structural basis for the variation in triclosan affinity to enoyl reductases. J Mol Biol. 2004 Oct 08;343(1):147–55. doi: 10.1016/j.jmb.2004.08.033. PMID: 15381426.",5564
59,674.0,329.0,1UH5_1|Chains, Enoyl-ACP reductase [Plasmodium falciparum],99.696,pdb|3AM3|A,0.0,Chain A,1UH5,3AM3,1,A,2.2,1UH5,Crystal Structure of Enoyl-ACP Reductase with Triclosan at 2.2angstroms,X-RAY DIFFRACTION,TCL|NAD,,5892|5564,,,15381426.0,10.1016/j.jmb.2004.08.033,,11898285.0,"Pidugu LS, Kapoor M, Surolia N, Surolia A, Suguna K. Structural basis for the variation in triclosan affinity to enoyl reductases. J Mol Biol. 2004 Oct 08;343(1):147–55. doi: 10.1016/j.jmb.2004.08.033. PMID: 15381426.",5564
60,673.0,329.0,1UH5_1|Chains, Enoyl-ACP reductase [Plasmodium falciparum],99.696,pdb|3AM5|A,0.0,Chain A,1UH5,3AM5,1,A,2.2,1UH5,Crystal Structure of Enoyl-ACP Reductase with Triclosan at 2.2angstroms,X-RAY DIFFRACTION,TCL|NAD,,5892|5564,,,15381426.0,10.1016/j.jmb.2004.08.033,,11898285.0,"Pidugu LS, Kapoor M, Surolia N, Surolia A, Suguna K. Structural basis for the variation in triclosan affinity to enoyl reductases. J Mol Biol. 2004 Oct 08;343(1):147–55. doi: 10.1016/j.jmb.2004.08.033. PMID: 15381426.",5564
61,669.0,329.0,1UH5_1|Chains, Enoyl-acyl carrier reductase [Plasmodium falciparum],99.392,pdb|2OL4|A,0.0,Chain A,1UH5,2OL4,1,A,2.2,1UH5,Crystal Structure of Enoyl-ACP Reductase with Triclosan at 2.2angstroms,X-RAY DIFFRACTION,TCL|NAD,,5892|5564,,,15381426.0,10.1016/j.jmb.2004.08.033,,11898285.0,"Pidugu LS, Kapoor M, Surolia N, Surolia A, Suguna K. Structural basis for the variation in triclosan affinity to enoyl reductases. J Mol Biol. 2004 Oct 08;343(1):147–55. doi: 10.1016/j.jmb.2004.08.033. PMID: 15381426.",5564
62,668.0,328.0,1UH5_1|Chains, ENOYL-ACYL CARRIER REDUCTASE [Plasmodium falciparum],99.39,pdb|1VRW|A,0.0,Chain A,1UH5,1VRW,1,A,2.2,1UH5,Crystal Structure of Enoyl-ACP Reductase with Triclosan at 2.2angstroms,X-RAY DIFFRACTION,TCL|NAD,,5892|5564,,,15381426.0,10.1016/j.jmb.2004.08.033,,11898285.0,"Pidugu LS, Kapoor M, Surolia N, Surolia A, Suguna K. Structural basis for the variation in triclosan affinity to enoyl reductases. J Mol Biol. 2004 Oct 08;343(1):147–55. doi: 10.1016/j.jmb.2004.08.033. PMID: 15381426.",5564
63,472.0,229.0,1UH5_1|Chains, enoyl-acyl carrier reductase [Plasmodium falciparum],100.0,pdb|1NHG|A,1.2599999999999999e-170,Chain A,1UH5,1NHG,1,A,2.2,1UH5,Crystal Structure of Enoyl-ACP Reductase with Triclosan at 2.2angstroms,X-RAY DIFFRACTION,TCL|NAD,,5892|5564,,,15381426.0,10.1016/j.jmb.2004.08.033,,11898285.0,"Pidugu LS, Kapoor M, Surolia N, Surolia A, Suguna K. Structural basis for the variation in triclosan affinity to enoyl reductases. J Mol Biol. 2004 Oct 08;343(1):147–55. doi: 10.1016/j.jmb.2004.08.033. PMID: 15381426.",5564
64,123.0,59.0,1UH5_1|Chains, enoyl-acyl carrier reductase [Plasmodium falciparum],100.0,pdb|1NHG|C,1.1100000000000001e-35,Chain C,1UH5,1NHG,1,C,2.2,1UH5,Crystal Structure of Enoyl-ACP Reductase with Triclosan at 2.2angstroms,X-RAY DIFFRACTION,TCL|NAD,,5892|5564,,,15381426.0,10.1016/j.jmb.2004.08.033,,11898285.0,"Pidugu LS, Kapoor M, Surolia N, Surolia A, Suguna K. Structural basis for the variation in triclosan affinity to enoyl reductases. J Mol Biol. 2004 Oct 08;343(1):147–55. doi: 10.1016/j.jmb.2004.08.033. PMID: 15381426.",5564
65,56.2,183.0,2B35_1|Chains, Enoyl-ACP reductase [Plasmodium falciparum],27.322,pdb|3AM3|A,3.27e-09,Chain A,2B35,3AM3,1,A,2.3,2B35,Crystal structure of Mycobacterium tuberculosis enoyl reductase (InhA) inhibited by triclosan,X-RAY DIFFRACTION,TCL|NAD,,5892|5564,P9WGR0|P9WGR1,45425463|886523,,,,,,5564
66,55.5,180.0,2B35_1|Chains, enoyl-acyl carrier reductase [Plasmodium falciparum],27.222,pdb|1NHG|A,3.85e-09,Chain A,2B35,1NHG,1,A,2.3,2B35,Crystal structure of Mycobacterium tuberculosis enoyl reductase (InhA) inhibited by triclosan,X-RAY DIFFRACTION,TCL|NAD,,5892|5564,P9WGR0|P9WGR1,45425463|886523,,,,,,5564
67,55.8,183.0,2B35_1|Chains, enoyl-ACP reductase [Plasmodium falciparum],27.322,pdb|1UH5|A,4.69e-09,Chain A,2B35,1UH5,1,A,2.3,2B35,Crystal structure of Mycobacterium tuberculosis enoyl reductase (InhA) inhibited by triclosan,X-RAY DIFFRACTION,TCL|NAD,,5892|5564,P9WGR0|P9WGR1,45425463|886523,,,,,,5564
68,55.1,83.0,2B35_1|Chains, ENOYL-ACYL CARRIER REDUCTASE [Plasmodium falciparum],38.554,pdb|1VRW|A,7.98e-09,Chain A,2B35,1VRW,1,A,2.3,2B35,Crystal structure of Mycobacterium tuberculosis enoyl reductase (InhA) inhibited by triclosan,X-RAY DIFFRACTION,TCL|NAD,,5892|5564,P9WGR0|P9WGR1,45425463|886523,,,,,,5564
69,55.1,83.0,2B35_1|Chains, Enoyl-acyl carrier reductase [Plasmodium falciparum],38.554,pdb|2OL4|A,8.03e-09,Chain A,2B35,2OL4,1,A,2.3,2B35,Crystal structure of Mycobacterium tuberculosis enoyl reductase (InhA) inhibited by triclosan,X-RAY DIFFRACTION,TCL|NAD,,5892|5564,P9WGR0|P9WGR1,45425463|886523,,,,,,5564
70,53.9,183.0,2B35_1|Chains, Enoyl-ACP reductase [Plasmodium falciparum],27.322,pdb|3AM5|A,2.19e-08,Chain A,2B35,3AM5,1,A,2.3,2B35,Crystal structure of Mycobacterium tuberculosis enoyl reductase (InhA) inhibited by triclosan,X-RAY DIFFRACTION,TCL|NAD,,5892|5564,P9WGR0|P9WGR1,45425463|886523,,,,,,5564
71,314.0,237.0,2BL9_1|Chain, Bifunctional dihydrofolate reductase-thymidylate synthase [Plasmodium falciparum],63.713,pdb|1J3I|A,8.48e-109,Chain A,2BL9,1J3I,1,A,1.9,2BL9,X-ray crystal structure of Plasmodium vivax dihydrofolate reductase in complex with pyrimethamine and its derivative,X-RAY DIFFRACTION,CP6|NDP,,4993|5884,O02604,,16135570.0,10.1073/pnas.0501747102,PMC1201571,14627357.0,"Kongsaeree P, Khongsuk P, Leartsakulpanich U, Chitnumsub P, Tarnchompoo B, Walkinshaw MD, Yuthavong Y. Crystal structure of dihydrofolate reductase from <i>Plasmodium vivax</i> : Pyrimethamine displacement linked with mutation-induced resistance. Proc. Natl. Acad. Sci. U.S.A. 2005 Aug 31;102(37):13046–51. doi: 10.1073/pnas.0501747102.",4993
72,313.0,237.0,2BL9_1|Chain, Bifunctional dihydrofolate reductase-thymidylate synthase [Plasmodium falciparum],63.291,pdb|1J3J|A,2.15e-108,Chain A,2BL9,1J3J,1,A,1.9,2BL9,X-ray crystal structure of Plasmodium vivax dihydrofolate reductase in complex with pyrimethamine and its derivative,X-RAY DIFFRACTION,CP6|NDP,,4993|5884,O02604,,16135570.0,10.1073/pnas.0501747102,PMC1201571,14627357.0,"Kongsaeree P, Khongsuk P, Leartsakulpanich U, Chitnumsub P, Tarnchompoo B, Walkinshaw MD, Yuthavong Y. Crystal structure of dihydrofolate reductase from <i>Plasmodium vivax</i> : Pyrimethamine displacement linked with mutation-induced resistance. Proc. Natl. Acad. Sci. U.S.A. 2005 Aug 31;102(37):13046–51. doi: 10.1073/pnas.0501747102.",4993
73,308.0,237.0,2BL9_1|Chain, Bifunctional dihydrofolate reductase-thymidylate synthase [Plasmodium falciparum],62.447,pdb|1J3K|A,1.6499999999999998e-106,Chain A,2BL9,1J3K,1,A,1.9,2BL9,X-ray crystal structure of Plasmodium vivax dihydrofolate reductase in complex with pyrimethamine and its derivative,X-RAY DIFFRACTION,CP6|NDP,,4993|5884,O02604,,16135570.0,10.1073/pnas.0501747102,PMC1201571,14627357.0,"Kongsaeree P, Khongsuk P, Leartsakulpanich U, Chitnumsub P, Tarnchompoo B, Walkinshaw MD, Yuthavong Y. Crystal structure of dihydrofolate reductase from <i>Plasmodium vivax</i> : Pyrimethamine displacement linked with mutation-induced resistance. Proc. Natl. Acad. Sci. U.S.A. 2005 Aug 31;102(37):13046–51. doi: 10.1073/pnas.0501747102.",4993
74,318.0,237.0,2BLA_1|Chain, Bifunctional dihydrofolate reductase-thymidylate synthase [Plasmodium falciparum],64.557,pdb|1J3J|A,1.6400000000000005e-110,Chain A,2BLA,1J3J,1,A,2.5,2BLA,SP21 double mutant P. vivax Dihydrofolate reductase in complex with pyrimethamine,X-RAY DIFFRACTION,CP6|NDP|MES,,78165|4993|5884,O02604,,16135570.0,10.1073/pnas.0501747102,PMC1201571,14627357.0,"Kongsaeree P, Khongsuk P, Leartsakulpanich U, Chitnumsub P, Tarnchompoo B, Walkinshaw MD, Yuthavong Y. Crystal structure of dihydrofolate reductase from <i>Plasmodium vivax</i> : Pyrimethamine displacement linked with mutation-induced resistance. Proc. Natl. Acad. Sci. U.S.A. 2005 Aug 31;102(37):13046–51. doi: 10.1073/pnas.0501747102.",4993
75,313.0,237.0,2BLA_1|Chain, Bifunctional dihydrofolate reductase-thymidylate synthase [Plasmodium falciparum],63.713,pdb|1J3K|A,1.23e-108,Chain A,2BLA,1J3K,1,A,2.5,2BLA,SP21 double mutant P. vivax Dihydrofolate reductase in complex with pyrimethamine,X-RAY DIFFRACTION,CP6|NDP|MES,,78165|4993|5884,O02604,,16135570.0,10.1073/pnas.0501747102,PMC1201571,14627357.0,"Kongsaeree P, Khongsuk P, Leartsakulpanich U, Chitnumsub P, Tarnchompoo B, Walkinshaw MD, Yuthavong Y. Crystal structure of dihydrofolate reductase from <i>Plasmodium vivax</i> : Pyrimethamine displacement linked with mutation-induced resistance. Proc. Natl. Acad. Sci. U.S.A. 2005 Aug 31;102(37):13046–51. doi: 10.1073/pnas.0501747102.",4993
76,313.0,237.0,2BLA_1|Chain, Bifunctional dihydrofolate reductase-thymidylate synthase [Plasmodium falciparum],63.713,pdb|1J3I|A,2.9199999999999998e-108,Chain A,2BLA,1J3I,1,A,2.5,2BLA,SP21 double mutant P. vivax Dihydrofolate reductase in complex with pyrimethamine,X-RAY DIFFRACTION,CP6|NDP|MES,,78165|4993|5884,O02604,,16135570.0,10.1073/pnas.0501747102,PMC1201571,14627357.0,"Kongsaeree P, Khongsuk P, Leartsakulpanich U, Chitnumsub P, Tarnchompoo B, Walkinshaw MD, Yuthavong Y. Crystal structure of dihydrofolate reductase from <i>Plasmodium vivax</i> : Pyrimethamine displacement linked with mutation-induced resistance. Proc. Natl. Acad. Sci. U.S.A. 2005 Aug 31;102(37):13046–51. doi: 10.1073/pnas.0501747102.",4993
77,171.0,264.0,2J50_1|Chains, Calcium-dependent protein kinase 4 [Plasmodium falciparum],35.227,pdb|4RGJ|A,1.4999999999999998e-49,Chain A,2J50,4RGJ,1,A,3.0,2J50,Structure of Aurora-2 in complex with PHA-739358,X-RAY DIFFRACTION,627|SO4,,11442891|1117,O14965|2XNE_A|2W1D_A|3H0Y_A|3EFW_A|3R21_A|2J50_A|3HA6_A|2XNG_A|3LAU_A|3NRM_A|3QBN_A|2X6D_A|3E5A_A|2BMC_A|2NP8_A|2WTV_A|2XRU_A|3FDN_A|2J4Z_A|2W1C_A|3COH_A|3UNZ_A,6790,17125279.0,10.1021/jm060897w,,5809963.0,"Fancelli D, Moll J, Varasi M, Bravo R, Artico R, Berta D, Bindi S, Cameron A, Candiani I, Cappella P, Carpinelli P, Croci W, Forte B, Giorgini ML, Klapwijk J, Marsiglio A, Pesenti E, Rocchetti M, Roletto F, Severino D, Soncini C, Storici P, Tonani R, Zugnoni P, Vianello P. 1,4,5,6-tetrahydropyrrolo[3,4-c]pyrazoles: identification of a potent Aurora kinase inhibitor with a favorable antitumor kinase inhibition profile. J Med Chem. 2006 Nov 30;49(24):7247–51. doi: 10.1021/jm060897w. PMID: 17125279.",11442891
78,147.0,263.0,2J50_1|Chains, CGMP-dependent protein kinase [Plasmodium falciparum],31.939,pdb|5DYK|A,4.54e-40,Chain A,2J50,5DYK,1,A,3.0,2J50,Structure of Aurora-2 in complex with PHA-739358,X-RAY DIFFRACTION,627|SO4,,11442891|1117,O14965|2XNE_A|2W1D_A|3H0Y_A|3EFW_A|3R21_A|2J50_A|3HA6_A|2XNG_A|3LAU_A|3NRM_A|3QBN_A|2X6D_A|3E5A_A|2BMC_A|2NP8_A|2WTV_A|2XRU_A|3FDN_A|2J4Z_A|2W1C_A|3COH_A|3UNZ_A,6790,17125279.0,10.1021/jm060897w,,5809963.0,"Fancelli D, Moll J, Varasi M, Bravo R, Artico R, Berta D, Bindi S, Cameron A, Candiani I, Cappella P, Carpinelli P, Croci W, Forte B, Giorgini ML, Klapwijk J, Marsiglio A, Pesenti E, Rocchetti M, Roletto F, Severino D, Soncini C, Storici P, Tonani R, Zugnoni P, Vianello P. 1,4,5,6-tetrahydropyrrolo[3,4-c]pyrazoles: identification of a potent Aurora kinase inhibitor with a favorable antitumor kinase inhibition profile. J Med Chem. 2006 Nov 30;49(24):7247–51. doi: 10.1021/jm060897w. PMID: 17125279.",11442891
79,127.0,286.0,2J50_1|Chains, CELL DIVISION CONTROL PROTEIN 2 HOMOLOG [Plasmodium falciparum],29.72,pdb|1V0B|A,5.25e-35,Chain A,2J50,1V0B,1,A,3.0,2J50,Structure of Aurora-2 in complex with PHA-739358,X-RAY DIFFRACTION,627|SO4,,11442891|1117,O14965|2XNE_A|2W1D_A|3H0Y_A|3EFW_A|3R21_A|2J50_A|3HA6_A|2XNG_A|3LAU_A|3NRM_A|3QBN_A|2X6D_A|3E5A_A|2BMC_A|2NP8_A|2WTV_A|2XRU_A|3FDN_A|2J4Z_A|2W1C_A|3COH_A|3UNZ_A,6790,17125279.0,10.1021/jm060897w,,5809963.0,"Fancelli D, Moll J, Varasi M, Bravo R, Artico R, Berta D, Bindi S, Cameron A, Candiani I, Cappella P, Carpinelli P, Croci W, Forte B, Giorgini ML, Klapwijk J, Marsiglio A, Pesenti E, Rocchetti M, Roletto F, Severino D, Soncini C, Storici P, Tonani R, Zugnoni P, Vianello P. 1,4,5,6-tetrahydropyrrolo[3,4-c]pyrazoles: identification of a potent Aurora kinase inhibitor with a favorable antitumor kinase inhibition profile. J Med Chem. 2006 Nov 30;49(24):7247–51. doi: 10.1021/jm060897w. PMID: 17125279.",11442891
80,127.0,286.0,2J50_1|Chains, CELL DIVISION CONTROL PROTEIN 2 HOMOLOG [Plasmodium falciparum],29.72,pdb|1V0O|A,5.310000000000001e-35,Chain A,2J50,1V0O,1,A,3.0,2J50,Structure of Aurora-2 in complex with PHA-739358,X-RAY DIFFRACTION,627|SO4,,11442891|1117,O14965|2XNE_A|2W1D_A|3H0Y_A|3EFW_A|3R21_A|2J50_A|3HA6_A|2XNG_A|3LAU_A|3NRM_A|3QBN_A|2X6D_A|3E5A_A|2BMC_A|2NP8_A|2WTV_A|2XRU_A|3FDN_A|2J4Z_A|2W1C_A|3COH_A|3UNZ_A,6790,17125279.0,10.1021/jm060897w,,5809963.0,"Fancelli D, Moll J, Varasi M, Bravo R, Artico R, Berta D, Bindi S, Cameron A, Candiani I, Cappella P, Carpinelli P, Croci W, Forte B, Giorgini ML, Klapwijk J, Marsiglio A, Pesenti E, Rocchetti M, Roletto F, Severino D, Soncini C, Storici P, Tonani R, Zugnoni P, Vianello P. 1,4,5,6-tetrahydropyrrolo[3,4-c]pyrazoles: identification of a potent Aurora kinase inhibitor with a favorable antitumor kinase inhibition profile. J Med Chem. 2006 Nov 30;49(24):7247–51. doi: 10.1021/jm060897w. PMID: 17125279.",11442891
81,127.0,286.0,2J50_1|Chains, CELL DIVISION CONTROL PROTEIN 2 HOMOLOG [Plasmodium falciparum],29.72,pdb|1OB3|A,6.620000000000001e-35,Chain A,2J50,1OB3,1,A,3.0,2J50,Structure of Aurora-2 in complex with PHA-739358,X-RAY DIFFRACTION,627|SO4,,11442891|1117,O14965|2XNE_A|2W1D_A|3H0Y_A|3EFW_A|3R21_A|2J50_A|3HA6_A|2XNG_A|3LAU_A|3NRM_A|3QBN_A|2X6D_A|3E5A_A|2BMC_A|2NP8_A|2WTV_A|2XRU_A|3FDN_A|2J4Z_A|2W1C_A|3COH_A|3UNZ_A,6790,17125279.0,10.1021/jm060897w,,5809963.0,"Fancelli D, Moll J, Varasi M, Bravo R, Artico R, Berta D, Bindi S, Cameron A, Candiani I, Cappella P, Carpinelli P, Croci W, Forte B, Giorgini ML, Klapwijk J, Marsiglio A, Pesenti E, Rocchetti M, Roletto F, Severino D, Soncini C, Storici P, Tonani R, Zugnoni P, Vianello P. 1,4,5,6-tetrahydropyrrolo[3,4-c]pyrazoles: identification of a potent Aurora kinase inhibitor with a favorable antitumor kinase inhibition profile. J Med Chem. 2006 Nov 30;49(24):7247–51. doi: 10.1021/jm060897w. PMID: 17125279.",11442891
82,300.0,321.0,2O2S_1|Chains, Enoyl-acyl carrier reductase [Plasmodium falciparum],47.04,pdb|2OL4|A,4.98e-101,Chain A,2O2S,2OL4,1,A,2.6,2O2S,The structure of T. gondii enoyl acyl carrier protein reductase in complex with NAD and triclosan,X-RAY DIFFRACTION,TCL|NAD,,5892|5564,,,17327670.0,10.1107/s0907444906053625,PMC2483495,25137097.0,"Muench SP, Prigge ST, McLeod R, Rafferty JB, Kirisits MJ, Roberts CW, Mui EJ, Rice DW. Studies of<i>Toxoplasma gondii</i>and<i>Plasmodium falciparum</i>enoyl acyl carrier protein reductase and implications for the development of antiparasitic agents. Acta Crystallogr D Biol Crystallogr. 2007 Feb 21;63(3):328–38. doi: 10.1107/s0907444906053625.",5564
83,299.0,321.0,2O2S_1|Chains, enoyl-ACP reductase [Plasmodium falciparum],47.04,pdb|1UH5|A,5.5e-101,Chain A,2O2S,1UH5,1,A,2.6,2O2S,The structure of T. gondii enoyl acyl carrier protein reductase in complex with NAD and triclosan,X-RAY DIFFRACTION,TCL|NAD,,5892|5564,,,17327670.0,10.1107/s0907444906053625,PMC2483495,25137097.0,"Muench SP, Prigge ST, McLeod R, Rafferty JB, Kirisits MJ, Roberts CW, Mui EJ, Rice DW. Studies of<i>Toxoplasma gondii</i>and<i>Plasmodium falciparum</i>enoyl acyl carrier protein reductase and implications for the development of antiparasitic agents. Acta Crystallogr D Biol Crystallogr. 2007 Feb 21;63(3):328–38. doi: 10.1107/s0907444906053625.",5564
84,299.0,321.0,2O2S_1|Chains, ENOYL-ACYL CARRIER REDUCTASE [Plasmodium falciparum],47.04,pdb|1VRW|A,5.8e-101,Chain A,2O2S,1VRW,1,A,2.6,2O2S,The structure of T. gondii enoyl acyl carrier protein reductase in complex with NAD and triclosan,X-RAY DIFFRACTION,TCL|NAD,,5892|5564,,,17327670.0,10.1107/s0907444906053625,PMC2483495,25137097.0,"Muench SP, Prigge ST, McLeod R, Rafferty JB, Kirisits MJ, Roberts CW, Mui EJ, Rice DW. Studies of<i>Toxoplasma gondii</i>and<i>Plasmodium falciparum</i>enoyl acyl carrier protein reductase and implications for the development of antiparasitic agents. Acta Crystallogr D Biol Crystallogr. 2007 Feb 21;63(3):328–38. doi: 10.1107/s0907444906053625.",5564
85,298.0,321.0,2O2S_1|Chains, Enoyl-ACP reductase [Plasmodium falciparum],46.729,pdb|3AM3|A,2.1e-100,Chain A,2O2S,3AM3,1,A,2.6,2O2S,The structure of T. gondii enoyl acyl carrier protein reductase in complex with NAD and triclosan,X-RAY DIFFRACTION,TCL|NAD,,5892|5564,,,17327670.0,10.1107/s0907444906053625,PMC2483495,25137097.0,"Muench SP, Prigge ST, McLeod R, Rafferty JB, Kirisits MJ, Roberts CW, Mui EJ, Rice DW. Studies of<i>Toxoplasma gondii</i>and<i>Plasmodium falciparum</i>enoyl acyl carrier protein reductase and implications for the development of antiparasitic agents. Acta Crystallogr D Biol Crystallogr. 2007 Feb 21;63(3):328–38. doi: 10.1107/s0907444906053625.",5564
86,296.0,321.0,2O2S_1|Chains, Enoyl-ACP reductase [Plasmodium falciparum],46.729,pdb|3AM5|A,4.750000000000001e-100,Chain A,2O2S,3AM5,1,A,2.6,2O2S,The structure of T. gondii enoyl acyl carrier protein reductase in complex with NAD and triclosan,X-RAY DIFFRACTION,TCL|NAD,,5892|5564,,,17327670.0,10.1107/s0907444906053625,PMC2483495,25137097.0,"Muench SP, Prigge ST, McLeod R, Rafferty JB, Kirisits MJ, Roberts CW, Mui EJ, Rice DW. Studies of<i>Toxoplasma gondii</i>and<i>Plasmodium falciparum</i>enoyl acyl carrier protein reductase and implications for the development of antiparasitic agents. Acta Crystallogr D Biol Crystallogr. 2007 Feb 21;63(3):328–38. doi: 10.1107/s0907444906053625.",5564
87,250.0,226.0,2O2S_1|Chains, enoyl-acyl carrier reductase [Plasmodium falciparum],50.885,pdb|1NHG|A,2.83e-83,Chain A,2O2S,1NHG,1,A,2.6,2O2S,The structure of T. gondii enoyl acyl carrier protein reductase in complex with NAD and triclosan,X-RAY DIFFRACTION,TCL|NAD,,5892|5564,,,17327670.0,10.1107/s0907444906053625,PMC2483495,25137097.0,"Muench SP, Prigge ST, McLeod R, Rafferty JB, Kirisits MJ, Roberts CW, Mui EJ, Rice DW. Studies of<i>Toxoplasma gondii</i>and<i>Plasmodium falciparum</i>enoyl acyl carrier protein reductase and implications for the development of antiparasitic agents. Acta Crystallogr D Biol Crystallogr. 2007 Feb 21;63(3):328–38. doi: 10.1107/s0907444906053625.",5564
88,66.6,54.0,2O2S_1|Chains, enoyl-acyl carrier reductase [Plasmodium falciparum],59.259,pdb|1NHG|C,2.21e-14,Chain C,2O2S,1NHG,1,C,2.6,2O2S,The structure of T. gondii enoyl acyl carrier protein reductase in complex with NAD and triclosan,X-RAY DIFFRACTION,TCL|NAD,,5892|5564,,,17327670.0,10.1107/s0907444906053625,PMC2483495,25137097.0,"Muench SP, Prigge ST, McLeod R, Rafferty JB, Kirisits MJ, Roberts CW, Mui EJ, Rice DW. Studies of<i>Toxoplasma gondii</i>and<i>Plasmodium falciparum</i>enoyl acyl carrier protein reductase and implications for the development of antiparasitic agents. Acta Crystallogr D Biol Crystallogr. 2007 Feb 21;63(3):328–38. doi: 10.1107/s0907444906053625.",5564
89,82.8,223.0,2PD3_1|Chains, Enoyl-ACP reductase [Plasmodium falciparum],27.354,pdb|3AM3|A,3.26e-18,Chain A,2PD3,3AM3,1,A,2.5,2PD3,"Crystal Structure of the Helicobacter pylori Enoyl-Acyl Carrier Protein Reductase in Complex with Hydroxydiphenyl Ether Compounds, Triclosan and Diclosan",X-RAY DIFFRACTION,TCL|NAD,,5892|5564,O24990,,17879346.0,10.1002/prot.21586,,20055017.0,"Lee HH, Moon J, Suh SW. Crystal structure of the <i>Helicobacter pylori</i> enoyl-acyl carrier protein reductase in complex with hydroxydiphenyl ether compounds, triclosan and diclosan. Proteins. 2007 Aug 24;69(3):691–4. doi: 10.1002/prot.21586.",5564
90,82.4,223.0,2PD3_1|Chains, enoyl-ACP reductase [Plasmodium falciparum],27.803,pdb|1UH5|A,4.17e-18,Chain A,2PD3,1UH5,1,A,2.5,2PD3,"Crystal Structure of the Helicobacter pylori Enoyl-Acyl Carrier Protein Reductase in Complex with Hydroxydiphenyl Ether Compounds, Triclosan and Diclosan",X-RAY DIFFRACTION,TCL|NAD,,5892|5564,O24990,,17879346.0,10.1002/prot.21586,,20055017.0,"Lee HH, Moon J, Suh SW. Crystal structure of the <i>Helicobacter pylori</i> enoyl-acyl carrier protein reductase in complex with hydroxydiphenyl ether compounds, triclosan and diclosan. Proteins. 2007 Aug 24;69(3):691–4. doi: 10.1002/prot.21586.",5564
91,82.0,223.0,2PD3_1|Chains, ENOYL-ACYL CARRIER REDUCTASE [Plasmodium falciparum],27.803,pdb|1VRW|A,5.11e-18,Chain A,2PD3,1VRW,1,A,2.5,2PD3,"Crystal Structure of the Helicobacter pylori Enoyl-Acyl Carrier Protein Reductase in Complex with Hydroxydiphenyl Ether Compounds, Triclosan and Diclosan",X-RAY DIFFRACTION,TCL|NAD,,5892|5564,O24990,,17879346.0,10.1002/prot.21586,,20055017.0,"Lee HH, Moon J, Suh SW. Crystal structure of the <i>Helicobacter pylori</i> enoyl-acyl carrier protein reductase in complex with hydroxydiphenyl ether compounds, triclosan and diclosan. Proteins. 2007 Aug 24;69(3):691–4. doi: 10.1002/prot.21586.",5564
92,82.0,223.0,2PD3_1|Chains, Enoyl-acyl carrier reductase [Plasmodium falciparum],27.803,pdb|2OL4|A,5.21e-18,Chain A,2PD3,2OL4,1,A,2.5,2PD3,"Crystal Structure of the Helicobacter pylori Enoyl-Acyl Carrier Protein Reductase in Complex with Hydroxydiphenyl Ether Compounds, Triclosan and Diclosan",X-RAY DIFFRACTION,TCL|NAD,,5892|5564,O24990,,17879346.0,10.1002/prot.21586,,20055017.0,"Lee HH, Moon J, Suh SW. Crystal structure of the <i>Helicobacter pylori</i> enoyl-acyl carrier protein reductase in complex with hydroxydiphenyl ether compounds, triclosan and diclosan. Proteins. 2007 Aug 24;69(3):691–4. doi: 10.1002/prot.21586.",5564
93,80.5,223.0,2PD3_1|Chains, Enoyl-ACP reductase [Plasmodium falciparum],27.803,pdb|3AM5|A,1.72e-17,Chain A,2PD3,3AM5,1,A,2.5,2PD3,"Crystal Structure of the Helicobacter pylori Enoyl-Acyl Carrier Protein Reductase in Complex with Hydroxydiphenyl Ether Compounds, Triclosan and Diclosan",X-RAY DIFFRACTION,TCL|NAD,,5892|5564,O24990,,17879346.0,10.1002/prot.21586,,20055017.0,"Lee HH, Moon J, Suh SW. Crystal structure of the <i>Helicobacter pylori</i> enoyl-acyl carrier protein reductase in complex with hydroxydiphenyl ether compounds, triclosan and diclosan. Proteins. 2007 Aug 24;69(3):691–4. doi: 10.1002/prot.21586.",5564
94,73.6,126.0,2PD3_1|Chains, enoyl-acyl carrier reductase [Plasmodium falciparum],36.508,pdb|1NHG|A,1.88e-15,Chain A,2PD3,1NHG,1,A,2.5,2PD3,"Crystal Structure of the Helicobacter pylori Enoyl-Acyl Carrier Protein Reductase in Complex with Hydroxydiphenyl Ether Compounds, Triclosan and Diclosan",X-RAY DIFFRACTION,TCL|NAD,,5892|5564,O24990,,17879346.0,10.1002/prot.21586,,20055017.0,"Lee HH, Moon J, Suh SW. Crystal structure of the <i>Helicobacter pylori</i> enoyl-acyl carrier protein reductase in complex with hydroxydiphenyl ether compounds, triclosan and diclosan. Proteins. 2007 Aug 24;69(3):691–4. doi: 10.1002/prot.21586.",5564
95,97.4,323.0,2QIO_1|Chains, Enoyl-ACP reductase [Plasmodium falciparum],24.458,pdb|3AM3|A,9.17e-24,Chain A,2QIO,3AM3,1,A,2.44,2QIO,X-Ray Structure of Enoyl-Acyl Carrier Protein Reductase from Bacillus Anthracis with Triclosan,X-RAY DIFFRACTION,TCL|NAD,,5892|5564,,,18663709.0,10.1002/cmdc.200800047,PMC2693028,7236407.0,"Tipparaju S, Mulhearn D, Klein G, Chen Y, Tapadar S, Bishop M, Yang S, Chen J, Ghassemi M, Santarsiero B, Cook J, Johlfs M, Mesecar A, Johnson M, Kozikowski A. Design and Synthesis of Aryl Ether Inhibitors of the <i>Bacillus Anthracis</i> Enoyl-ACP Reductase. ChemMedChem. 2008 Aug 11;3(8):1250–68. doi: 10.1002/cmdc.200800047.",5564
96,97.1,323.0,2QIO_1|Chains, ENOYL-ACYL CARRIER REDUCTASE [Plasmodium falciparum],25.077,pdb|1VRW|A,1.41e-23,Chain A,2QIO,1VRW,1,A,2.44,2QIO,X-Ray Structure of Enoyl-Acyl Carrier Protein Reductase from Bacillus Anthracis with Triclosan,X-RAY DIFFRACTION,TCL|NAD,,5892|5564,,,18663709.0,10.1002/cmdc.200800047,PMC2693028,7236407.0,"Tipparaju S, Mulhearn D, Klein G, Chen Y, Tapadar S, Bishop M, Yang S, Chen J, Ghassemi M, Santarsiero B, Cook J, Johlfs M, Mesecar A, Johnson M, Kozikowski A. Design and Synthesis of Aryl Ether Inhibitors of the <i>Bacillus Anthracis</i> Enoyl-ACP Reductase. ChemMedChem. 2008 Aug 11;3(8):1250–68. doi: 10.1002/cmdc.200800047.",5564
97,97.1,323.0,2QIO_1|Chains, enoyl-ACP reductase [Plasmodium falciparum],25.077,pdb|1UH5|A,1.42e-23,Chain A,2QIO,1UH5,1,A,2.44,2QIO,X-Ray Structure of Enoyl-Acyl Carrier Protein Reductase from Bacillus Anthracis with Triclosan,X-RAY DIFFRACTION,TCL|NAD,,5892|5564,,,18663709.0,10.1002/cmdc.200800047,PMC2693028,7236407.0,"Tipparaju S, Mulhearn D, Klein G, Chen Y, Tapadar S, Bishop M, Yang S, Chen J, Ghassemi M, Santarsiero B, Cook J, Johlfs M, Mesecar A, Johnson M, Kozikowski A. Design and Synthesis of Aryl Ether Inhibitors of the <i>Bacillus Anthracis</i> Enoyl-ACP Reductase. ChemMedChem. 2008 Aug 11;3(8):1250–68. doi: 10.1002/cmdc.200800047.",5564
98,97.1,323.0,2QIO_1|Chains, Enoyl-acyl carrier reductase [Plasmodium falciparum],25.077,pdb|2OL4|A,1.5099999999999998e-23,Chain A,2QIO,2OL4,1,A,2.44,2QIO,X-Ray Structure of Enoyl-Acyl Carrier Protein Reductase from Bacillus Anthracis with Triclosan,X-RAY DIFFRACTION,TCL|NAD,,5892|5564,,,18663709.0,10.1002/cmdc.200800047,PMC2693028,7236407.0,"Tipparaju S, Mulhearn D, Klein G, Chen Y, Tapadar S, Bishop M, Yang S, Chen J, Ghassemi M, Santarsiero B, Cook J, Johlfs M, Mesecar A, Johnson M, Kozikowski A. Design and Synthesis of Aryl Ether Inhibitors of the <i>Bacillus Anthracis</i> Enoyl-ACP Reductase. ChemMedChem. 2008 Aug 11;3(8):1250–68. doi: 10.1002/cmdc.200800047.",5564
99,95.1,323.0,2QIO_1|Chains, Enoyl-ACP reductase [Plasmodium falciparum],25.077,pdb|3AM5|A,6.01e-23,Chain A,2QIO,3AM5,1,A,2.44,2QIO,X-Ray Structure of Enoyl-Acyl Carrier Protein Reductase from Bacillus Anthracis with Triclosan,X-RAY DIFFRACTION,TCL|NAD,,5892|5564,,,18663709.0,10.1002/cmdc.200800047,PMC2693028,7236407.0,"Tipparaju S, Mulhearn D, Klein G, Chen Y, Tapadar S, Bishop M, Yang S, Chen J, Ghassemi M, Santarsiero B, Cook J, Johlfs M, Mesecar A, Johnson M, Kozikowski A. Design and Synthesis of Aryl Ether Inhibitors of the <i>Bacillus Anthracis</i> Enoyl-ACP Reductase. ChemMedChem. 2008 Aug 11;3(8):1250–68. doi: 10.1002/cmdc.200800047.",5564
100,78.2,226.0,2QIO_1|Chains, enoyl-acyl carrier reductase [Plasmodium falciparum],26.549,pdb|1NHG|A,2.32e-17,Chain A,2QIO,1NHG,1,A,2.44,2QIO,X-Ray Structure of Enoyl-Acyl Carrier Protein Reductase from Bacillus Anthracis with Triclosan,X-RAY DIFFRACTION,TCL|NAD,,5892|5564,,,18663709.0,10.1002/cmdc.200800047,PMC2693028,7236407.0,"Tipparaju S, Mulhearn D, Klein G, Chen Y, Tapadar S, Bishop M, Yang S, Chen J, Ghassemi M, Santarsiero B, Cook J, Johlfs M, Mesecar A, Johnson M, Kozikowski A. Design and Synthesis of Aryl Ether Inhibitors of the <i>Bacillus Anthracis</i> Enoyl-ACP Reductase. ChemMedChem. 2008 Aug 11;3(8):1250–68. doi: 10.1002/cmdc.200800047.",5564
101,42.7,44.0,2QIO_1|Chains, enoyl-acyl carrier reductase [Plasmodium falciparum],40.909,pdb|1NHG|C,5.49e-06,Chain C,2QIO,1NHG,1,C,2.44,2QIO,X-Ray Structure of Enoyl-Acyl Carrier Protein Reductase from Bacillus Anthracis with Triclosan,X-RAY DIFFRACTION,TCL|NAD,,5892|5564,,,18663709.0,10.1002/cmdc.200800047,PMC2693028,7236407.0,"Tipparaju S, Mulhearn D, Klein G, Chen Y, Tapadar S, Bishop M, Yang S, Chen J, Ghassemi M, Santarsiero B, Cook J, Johlfs M, Mesecar A, Johnson M, Kozikowski A. Design and Synthesis of Aryl Ether Inhibitors of the <i>Bacillus Anthracis</i> Enoyl-ACP Reductase. ChemMedChem. 2008 Aug 11;3(8):1250–68. doi: 10.1002/cmdc.200800047.",5564
102,170.0,257.0,2VRX_1|Chains, Calcium-dependent protein kinase 4 [Plasmodium falciparum],35.409,pdb|4RGJ|A,3.18e-49,Chain A,2VRX,4RGJ,1,A,1.86,2VRX,Structure of Aurora B kinase in complex with ZM447439,X-RAY DIFFRACTION,447,,9914412,O13024|Q6DE08|2VGO_A,398105|398457,18559266.0,10.1016/j.chembiol.2008.04.013,,12644137.0,"Girdler F, Sessa F, Patercoli S, Villa F, Musacchio A, Taylor S. Molecular Basis of Drug Resistance in Aurora Kinases. Chemistry & Biology. 2008 Jun;15(6):552–62. doi: 10.1016/j.chembiol.2008.04.013.",9914412
103,158.0,293.0,2VRX_1|Chains, CGMP-dependent protein kinase [Plasmodium falciparum],31.741,pdb|5DYK|A,1.3700000000000002e-43,Chain A,2VRX,5DYK,1,A,1.86,2VRX,Structure of Aurora B kinase in complex with ZM447439,X-RAY DIFFRACTION,447,,9914412,O13024|Q6DE08|2VGO_A,398105|398457,18559266.0,10.1016/j.chembiol.2008.04.013,,12644137.0,"Girdler F, Sessa F, Patercoli S, Villa F, Musacchio A, Taylor S. Molecular Basis of Drug Resistance in Aurora Kinases. Chemistry & Biology. 2008 Jun;15(6):552–62. doi: 10.1016/j.chembiol.2008.04.013.",9914412
104,129.0,288.0,2VRX_1|Chains, CELL DIVISION CONTROL PROTEIN 2 HOMOLOG [Plasmodium falciparum],31.597,pdb|1V0O|A,1.5900000000000002e-35,Chain A,2VRX,1V0O,1,A,1.86,2VRX,Structure of Aurora B kinase in complex with ZM447439,X-RAY DIFFRACTION,447,,9914412,O13024|Q6DE08|2VGO_A,398105|398457,18559266.0,10.1016/j.chembiol.2008.04.013,,12644137.0,"Girdler F, Sessa F, Patercoli S, Villa F, Musacchio A, Taylor S. Molecular Basis of Drug Resistance in Aurora Kinases. Chemistry & Biology. 2008 Jun;15(6):552–62. doi: 10.1016/j.chembiol.2008.04.013.",9914412
105,128.0,288.0,2VRX_1|Chains, CELL DIVISION CONTROL PROTEIN 2 HOMOLOG [Plasmodium falciparum],31.25,pdb|1V0B|A,1.7800000000000002e-35,Chain A,2VRX,1V0B,1,A,1.86,2VRX,Structure of Aurora B kinase in complex with ZM447439,X-RAY DIFFRACTION,447,,9914412,O13024|Q6DE08|2VGO_A,398105|398457,18559266.0,10.1016/j.chembiol.2008.04.013,,12644137.0,"Girdler F, Sessa F, Patercoli S, Villa F, Musacchio A, Taylor S. Molecular Basis of Drug Resistance in Aurora Kinases. Chemistry & Biology. 2008 Jun;15(6):552–62. doi: 10.1016/j.chembiol.2008.04.013.",9914412
106,128.0,288.0,2VRX_1|Chains, CELL DIVISION CONTROL PROTEIN 2 HOMOLOG [Plasmodium falciparum],31.597,pdb|1OB3|A,1.9e-35,Chain A,2VRX,1OB3,1,A,1.86,2VRX,Structure of Aurora B kinase in complex with ZM447439,X-RAY DIFFRACTION,447,,9914412,O13024|Q6DE08|2VGO_A,398105|398457,18559266.0,10.1016/j.chembiol.2008.04.013,,12644137.0,"Girdler F, Sessa F, Patercoli S, Villa F, Musacchio A, Taylor S. Molecular Basis of Drug Resistance in Aurora Kinases. Chemistry & Biology. 2008 Jun;15(6):552–62. doi: 10.1016/j.chembiol.2008.04.013.",9914412
107,109.0,237.0,2WYW_1|Chains, Enoyl-ACP reductase [Plasmodium falciparum],29.536,pdb|3AM3|A,3.9099999999999997e-28,Chain A,2WYW,3AM3,1,A,1.9,2WYW,High resolution structure of Thermus thermophilus enoyl-acyl carrier protein reductase NAD and triclosan-form,X-RAY DIFFRACTION,TCL|NAD,,5892|5564,,,23027736.0,10.1107/s1744309112033982,PMC3497968,13402069.0,"Otero JM, Noël A, Guardado-Calvo P, Llamas-Saiz AL, Wende W, Schierling B, Pingoud A, van Raaij MJ. High-resolution structures of<i>Thermus thermophilus</i>enoyl-acyl carrier protein reductase in the apo form, in complex with NAD<sup>+</sup>and in complex with NAD<sup>+</sup>and triclosan. Acta Crystallogr F Struct Biol Cryst Commun. 2012 Sep 22;68(10):1139–48. doi: 10.1107/s1744309112033982.",5564
108,109.0,237.0,2WYW_1|Chains, enoyl-ACP reductase [Plasmodium falciparum],29.536,pdb|1UH5|A,4.21e-28,Chain A,2WYW,1UH5,1,A,1.9,2WYW,High resolution structure of Thermus thermophilus enoyl-acyl carrier protein reductase NAD and triclosan-form,X-RAY DIFFRACTION,TCL|NAD,,5892|5564,,,23027736.0,10.1107/s1744309112033982,PMC3497968,13402069.0,"Otero JM, Noël A, Guardado-Calvo P, Llamas-Saiz AL, Wende W, Schierling B, Pingoud A, van Raaij MJ. High-resolution structures of<i>Thermus thermophilus</i>enoyl-acyl carrier protein reductase in the apo form, in complex with NAD<sup>+</sup>and in complex with NAD<sup>+</sup>and triclosan. Acta Crystallogr F Struct Biol Cryst Commun. 2012 Sep 22;68(10):1139–48. doi: 10.1107/s1744309112033982.",5564
109,109.0,237.0,2WYW_1|Chains, Enoyl-acyl carrier reductase [Plasmodium falciparum],29.536,pdb|2OL4|A,4.39e-28,Chain A,2WYW,2OL4,1,A,1.9,2WYW,High resolution structure of Thermus thermophilus enoyl-acyl carrier protein reductase NAD and triclosan-form,X-RAY DIFFRACTION,TCL|NAD,,5892|5564,,,23027736.0,10.1107/s1744309112033982,PMC3497968,13402069.0,"Otero JM, Noël A, Guardado-Calvo P, Llamas-Saiz AL, Wende W, Schierling B, Pingoud A, van Raaij MJ. High-resolution structures of<i>Thermus thermophilus</i>enoyl-acyl carrier protein reductase in the apo form, in complex with NAD<sup>+</sup>and in complex with NAD<sup>+</sup>and triclosan. Acta Crystallogr F Struct Biol Cryst Commun. 2012 Sep 22;68(10):1139–48. doi: 10.1107/s1744309112033982.",5564
110,109.0,237.0,2WYW_1|Chains, ENOYL-ACYL CARRIER REDUCTASE [Plasmodium falciparum],29.536,pdb|1VRW|A,5.45e-28,Chain A,2WYW,1VRW,1,A,1.9,2WYW,High resolution structure of Thermus thermophilus enoyl-acyl carrier protein reductase NAD and triclosan-form,X-RAY DIFFRACTION,TCL|NAD,,5892|5564,,,23027736.0,10.1107/s1744309112033982,PMC3497968,13402069.0,"Otero JM, Noël A, Guardado-Calvo P, Llamas-Saiz AL, Wende W, Schierling B, Pingoud A, van Raaij MJ. High-resolution structures of<i>Thermus thermophilus</i>enoyl-acyl carrier protein reductase in the apo form, in complex with NAD<sup>+</sup>and in complex with NAD<sup>+</sup>and triclosan. Acta Crystallogr F Struct Biol Cryst Commun. 2012 Sep 22;68(10):1139–48. doi: 10.1107/s1744309112033982.",5564
111,107.0,237.0,2WYW_1|Chains, Enoyl-ACP reductase [Plasmodium falciparum],29.536,pdb|3AM5|A,2.2400000000000002e-27,Chain A,2WYW,3AM5,1,A,1.9,2WYW,High resolution structure of Thermus thermophilus enoyl-acyl carrier protein reductase NAD and triclosan-form,X-RAY DIFFRACTION,TCL|NAD,,5892|5564,,,23027736.0,10.1107/s1744309112033982,PMC3497968,13402069.0,"Otero JM, Noël A, Guardado-Calvo P, Llamas-Saiz AL, Wende W, Schierling B, Pingoud A, van Raaij MJ. High-resolution structures of<i>Thermus thermophilus</i>enoyl-acyl carrier protein reductase in the apo form, in complex with NAD<sup>+</sup>and in complex with NAD<sup>+</sup>and triclosan. Acta Crystallogr F Struct Biol Cryst Commun. 2012 Sep 22;68(10):1139–48. doi: 10.1107/s1744309112033982.",5564
112,91.7,140.0,2WYW_1|Chains, enoyl-acyl carrier reductase [Plasmodium falciparum],36.429,pdb|1NHG|A,2.45e-22,Chain A,2WYW,1NHG,1,A,1.9,2WYW,High resolution structure of Thermus thermophilus enoyl-acyl carrier protein reductase NAD and triclosan-form,X-RAY DIFFRACTION,TCL|NAD,,5892|5564,,,23027736.0,10.1107/s1744309112033982,PMC3497968,13402069.0,"Otero JM, Noël A, Guardado-Calvo P, Llamas-Saiz AL, Wende W, Schierling B, Pingoud A, van Raaij MJ. High-resolution structures of<i>Thermus thermophilus</i>enoyl-acyl carrier protein reductase in the apo form, in complex with NAD<sup>+</sup>and in complex with NAD<sup>+</sup>and triclosan. Acta Crystallogr F Struct Biol Cryst Commun. 2012 Sep 22;68(10):1139–48. doi: 10.1107/s1744309112033982.",5564
113,182.0,277.0,2Y7J_1|Chains, Calcium-dependent protein kinase 4 [Plasmodium falciparum],32.852,pdb|4RGJ|A,1.1e-52,Chain A,2Y7J,4RGJ,1,A,2.5,2Y7J,"Structure of human phosphorylase kinase, gamma 2",X-RAY DIFFRACTION,B49,,5329102,P15735,5261,,,,,,5329102
114,135.0,274.0,2Y7J_1|Chains, CGMP-dependent protein kinase [Plasmodium falciparum],31.752,pdb|5DYK|A,1.03e-34,Chain A,2Y7J,5DYK,1,A,2.5,2Y7J,"Structure of human phosphorylase kinase, gamma 2",X-RAY DIFFRACTION,B49,,5329102,P15735,5261,,,,,,5329102
115,676.0,329.0,3AM3_1|Chains, Enoyl-ACP reductase [Plasmodium falciparum],100.0,pdb|3AM3|A,0.0,Chain A,3AM3,3AM3,1,A,2.5,3AM3,A372M mutant of Enoyl-ACP Reductase from Plasmodium falciparum (PfENR) in complex with triclosan,X-RAY DIFFRACTION,TCL|NAD,,5892|5564,,,21280175.0,10.1002/iub.412,,31597793.0,"Maity K, Banerjee T, Prabakaran N, Surolia N, Surolia A, Suguna K. Effect of substrate binding loop mutations on the structure, kinetics, and inhibition of enoyl acyl carrier protein reductase from Plasmodium falciparum. IUBMB Life. 2011 Jan;63(1):30–41. doi: 10.1002/iub.412. PMID: 21280175.",5564
116,674.0,329.0,3AM3_1|Chains, enoyl-ACP reductase [Plasmodium falciparum],99.696,pdb|1UH5|A,0.0,Chain A,3AM3,1UH5,1,A,2.5,3AM3,A372M mutant of Enoyl-ACP Reductase from Plasmodium falciparum (PfENR) in complex with triclosan,X-RAY DIFFRACTION,TCL|NAD,,5892|5564,,,21280175.0,10.1002/iub.412,,31597793.0,"Maity K, Banerjee T, Prabakaran N, Surolia N, Surolia A, Suguna K. Effect of substrate binding loop mutations on the structure, kinetics, and inhibition of enoyl acyl carrier protein reductase from Plasmodium falciparum. IUBMB Life. 2011 Jan;63(1):30–41. doi: 10.1002/iub.412. PMID: 21280175.",5564
117,671.0,329.0,3AM3_1|Chains, Enoyl-ACP reductase [Plasmodium falciparum],99.392,pdb|3AM5|A,0.0,Chain A,3AM3,3AM5,1,A,2.5,3AM3,A372M mutant of Enoyl-ACP Reductase from Plasmodium falciparum (PfENR) in complex with triclosan,X-RAY DIFFRACTION,TCL|NAD,,5892|5564,,,21280175.0,10.1002/iub.412,,31597793.0,"Maity K, Banerjee T, Prabakaran N, Surolia N, Surolia A, Suguna K. Effect of substrate binding loop mutations on the structure, kinetics, and inhibition of enoyl acyl carrier protein reductase from Plasmodium falciparum. IUBMB Life. 2011 Jan;63(1):30–41. doi: 10.1002/iub.412. PMID: 21280175.",5564
118,667.0,329.0,3AM3_1|Chains, Enoyl-acyl carrier reductase [Plasmodium falciparum],99.088,pdb|2OL4|A,0.0,Chain A,3AM3,2OL4,1,A,2.5,3AM3,A372M mutant of Enoyl-ACP Reductase from Plasmodium falciparum (PfENR) in complex with triclosan,X-RAY DIFFRACTION,TCL|NAD,,5892|5564,,,21280175.0,10.1002/iub.412,,31597793.0,"Maity K, Banerjee T, Prabakaran N, Surolia N, Surolia A, Suguna K. Effect of substrate binding loop mutations on the structure, kinetics, and inhibition of enoyl acyl carrier protein reductase from Plasmodium falciparum. IUBMB Life. 2011 Jan;63(1):30–41. doi: 10.1002/iub.412. PMID: 21280175.",5564
119,665.0,328.0,3AM3_1|Chains, ENOYL-ACYL CARRIER REDUCTASE [Plasmodium falciparum],99.085,pdb|1VRW|A,0.0,Chain A,3AM3,1VRW,1,A,2.5,3AM3,A372M mutant of Enoyl-ACP Reductase from Plasmodium falciparum (PfENR) in complex with triclosan,X-RAY DIFFRACTION,TCL|NAD,,5892|5564,,,21280175.0,10.1002/iub.412,,31597793.0,"Maity K, Banerjee T, Prabakaran N, Surolia N, Surolia A, Suguna K. Effect of substrate binding loop mutations on the structure, kinetics, and inhibition of enoyl acyl carrier protein reductase from Plasmodium falciparum. IUBMB Life. 2011 Jan;63(1):30–41. doi: 10.1002/iub.412. PMID: 21280175.",5564
120,473.0,229.0,3AM3_1|Chains, enoyl-acyl carrier reductase [Plasmodium falciparum],100.0,pdb|1NHG|A,1.2499999999999998e-170,Chain A,3AM3,1NHG,1,A,2.5,3AM3,A372M mutant of Enoyl-ACP Reductase from Plasmodium falciparum (PfENR) in complex with triclosan,X-RAY DIFFRACTION,TCL|NAD,,5892|5564,,,21280175.0,10.1002/iub.412,,31597793.0,"Maity K, Banerjee T, Prabakaran N, Surolia N, Surolia A, Suguna K. Effect of substrate binding loop mutations on the structure, kinetics, and inhibition of enoyl acyl carrier protein reductase from Plasmodium falciparum. IUBMB Life. 2011 Jan;63(1):30–41. doi: 10.1002/iub.412. PMID: 21280175.",5564
121,121.0,59.0,3AM3_1|Chains, enoyl-acyl carrier reductase [Plasmodium falciparum],98.305,pdb|1NHG|C,7.310000000000001e-35,Chain C,3AM3,1NHG,1,C,2.5,3AM3,A372M mutant of Enoyl-ACP Reductase from Plasmodium falciparum (PfENR) in complex with triclosan,X-RAY DIFFRACTION,TCL|NAD,,5892|5564,,,21280175.0,10.1002/iub.412,,31597793.0,"Maity K, Banerjee T, Prabakaran N, Surolia N, Surolia A, Suguna K. Effect of substrate binding loop mutations on the structure, kinetics, and inhibition of enoyl acyl carrier protein reductase from Plasmodium falciparum. IUBMB Life. 2011 Jan;63(1):30–41. doi: 10.1002/iub.412. PMID: 21280175.",5564
122,676.0,329.0,3AM5_1|Chains, Enoyl-ACP reductase [Plasmodium falciparum],100.0,pdb|3AM5|A,0.0,Chain A,3AM5,3AM5,1,A,2.05,3AM5,K316A mutant of Enoyl-ACP Reductase from Plasmodium falciparum (PfENR) in complex with triclosan,X-RAY DIFFRACTION,TCL|NAD,,5892|5564,,,21280175.0,10.1002/iub.412,,31597793.0,"Maity K, Banerjee T, Prabakaran N, Surolia N, Surolia A, Suguna K. Effect of substrate binding loop mutations on the structure, kinetics, and inhibition of enoyl acyl carrier protein reductase from Plasmodium falciparum. IUBMB Life. 2011 Jan;63(1):30–41. doi: 10.1002/iub.412. PMID: 21280175.",5564
123,673.0,329.0,3AM5_1|Chains, enoyl-ACP reductase [Plasmodium falciparum],99.696,pdb|1UH5|A,0.0,Chain A,3AM5,1UH5,1,A,2.05,3AM5,K316A mutant of Enoyl-ACP Reductase from Plasmodium falciparum (PfENR) in complex with triclosan,X-RAY DIFFRACTION,TCL|NAD,,5892|5564,,,21280175.0,10.1002/iub.412,,31597793.0,"Maity K, Banerjee T, Prabakaran N, Surolia N, Surolia A, Suguna K. Effect of substrate binding loop mutations on the structure, kinetics, and inhibition of enoyl acyl carrier protein reductase from Plasmodium falciparum. IUBMB Life. 2011 Jan;63(1):30–41. doi: 10.1002/iub.412. PMID: 21280175.",5564
124,671.0,329.0,3AM5_1|Chains, Enoyl-ACP reductase [Plasmodium falciparum],99.392,pdb|3AM3|A,0.0,Chain A,3AM5,3AM3,1,A,2.05,3AM5,K316A mutant of Enoyl-ACP Reductase from Plasmodium falciparum (PfENR) in complex with triclosan,X-RAY DIFFRACTION,TCL|NAD,,5892|5564,,,21280175.0,10.1002/iub.412,,31597793.0,"Maity K, Banerjee T, Prabakaran N, Surolia N, Surolia A, Suguna K. Effect of substrate binding loop mutations on the structure, kinetics, and inhibition of enoyl acyl carrier protein reductase from Plasmodium falciparum. IUBMB Life. 2011 Jan;63(1):30–41. doi: 10.1002/iub.412. PMID: 21280175.",5564
125,667.0,329.0,3AM5_1|Chains, Enoyl-acyl carrier reductase [Plasmodium falciparum],99.088,pdb|2OL4|A,0.0,Chain A,3AM5,2OL4,1,A,2.05,3AM5,K316A mutant of Enoyl-ACP Reductase from Plasmodium falciparum (PfENR) in complex with triclosan,X-RAY DIFFRACTION,TCL|NAD,,5892|5564,,,21280175.0,10.1002/iub.412,,31597793.0,"Maity K, Banerjee T, Prabakaran N, Surolia N, Surolia A, Suguna K. Effect of substrate binding loop mutations on the structure, kinetics, and inhibition of enoyl acyl carrier protein reductase from Plasmodium falciparum. IUBMB Life. 2011 Jan;63(1):30–41. doi: 10.1002/iub.412. PMID: 21280175.",5564
126,665.0,328.0,3AM5_1|Chains, ENOYL-ACYL CARRIER REDUCTASE [Plasmodium falciparum],99.085,pdb|1VRW|A,0.0,Chain A,3AM5,1VRW,1,A,2.05,3AM5,K316A mutant of Enoyl-ACP Reductase from Plasmodium falciparum (PfENR) in complex with triclosan,X-RAY DIFFRACTION,TCL|NAD,,5892|5564,,,21280175.0,10.1002/iub.412,,31597793.0,"Maity K, Banerjee T, Prabakaran N, Surolia N, Surolia A, Suguna K. Effect of substrate binding loop mutations on the structure, kinetics, and inhibition of enoyl acyl carrier protein reductase from Plasmodium falciparum. IUBMB Life. 2011 Jan;63(1):30–41. doi: 10.1002/iub.412. PMID: 21280175.",5564
127,470.0,229.0,3AM5_1|Chains, enoyl-acyl carrier reductase [Plasmodium falciparum],99.563,pdb|1NHG|A,8.589999999999999e-170,Chain A,3AM5,1NHG,1,A,2.05,3AM5,K316A mutant of Enoyl-ACP Reductase from Plasmodium falciparum (PfENR) in complex with triclosan,X-RAY DIFFRACTION,TCL|NAD,,5892|5564,,,21280175.0,10.1002/iub.412,,31597793.0,"Maity K, Banerjee T, Prabakaran N, Surolia N, Surolia A, Suguna K. Effect of substrate binding loop mutations on the structure, kinetics, and inhibition of enoyl acyl carrier protein reductase from Plasmodium falciparum. IUBMB Life. 2011 Jan;63(1):30–41. doi: 10.1002/iub.412. PMID: 21280175.",5564
128,123.0,59.0,3AM5_1|Chains, enoyl-acyl carrier reductase [Plasmodium falciparum],100.0,pdb|1NHG|C,1.1e-35,Chain C,3AM5,1NHG,1,C,2.05,3AM5,K316A mutant of Enoyl-ACP Reductase from Plasmodium falciparum (PfENR) in complex with triclosan,X-RAY DIFFRACTION,TCL|NAD,,5892|5564,,,21280175.0,10.1002/iub.412,,31597793.0,"Maity K, Banerjee T, Prabakaran N, Surolia N, Surolia A, Suguna K. Effect of substrate binding loop mutations on the structure, kinetics, and inhibition of enoyl acyl carrier protein reductase from Plasmodium falciparum. IUBMB Life. 2011 Jan;63(1):30–41. doi: 10.1002/iub.412. PMID: 21280175.",5564
129,493.0,336.0,3F4B_1|Chains, ENOYL-ACYL CARRIER REDUCTASE [Plasmodium falciparum],72.024,pdb|1VRW|A,4.33e-177,Chain A,3F4B,1VRW,1,A,2.49,3F4B,Crystal structure of Plasmodium berghei Enoyl-acyl-carrier-protein reductase with TRICLOSAN,X-RAY DIFFRACTION,TCL|NAD,,5892|5564,,,19064257.0,10.1016/j.chom.2008.11.001,PMC2646117,7926380.0,"Yu M, Kumar TRS, Nkrumah LJ, Coppi A, Retzlaff S, Li CD, Kelly BJ, Moura PA, Lakshmanan V, Freundlich JS, Valderramos J, Vilcheze C, Siedner M, Tsai JH-, Falkard B, Sidhu ABS, Purcell LA, Gratraud P, Kremer L, Waters AP, Schiehser G, Jacobus DP, Janse CJ, Ager A, Jacobs WR, Sacchettini JC, Heussler V, Sinnis P, Fidock DA. The Fatty Acid Biosynthesis Enzyme FabI Plays a Key Role in the Development of Liver-Stage Malarial Parasites. Cell Host & Microbe. 2008 Dec;4(6):567–78. doi: 10.1016/j.chom.2008.11.001.",5564
130,491.0,330.0,3F4B_1|Chains, Enoyl-acyl carrier reductase [Plasmodium falciparum],73.333,pdb|2OL4|A,2.93e-176,Chain A,3F4B,2OL4,1,A,2.49,3F4B,Crystal structure of Plasmodium berghei Enoyl-acyl-carrier-protein reductase with TRICLOSAN,X-RAY DIFFRACTION,TCL|NAD,,5892|5564,,,19064257.0,10.1016/j.chom.2008.11.001,PMC2646117,7926380.0,"Yu M, Kumar TRS, Nkrumah LJ, Coppi A, Retzlaff S, Li CD, Kelly BJ, Moura PA, Lakshmanan V, Freundlich JS, Valderramos J, Vilcheze C, Siedner M, Tsai JH-, Falkard B, Sidhu ABS, Purcell LA, Gratraud P, Kremer L, Waters AP, Schiehser G, Jacobus DP, Janse CJ, Ager A, Jacobs WR, Sacchettini JC, Heussler V, Sinnis P, Fidock DA. The Fatty Acid Biosynthesis Enzyme FabI Plays a Key Role in the Development of Liver-Stage Malarial Parasites. Cell Host & Microbe. 2008 Dec;4(6):567–78. doi: 10.1016/j.chom.2008.11.001.",5564
131,488.0,329.0,3F4B_1|Chains, enoyl-ACP reductase [Plasmodium falciparum],73.252,pdb|1UH5|A,2.52e-175,Chain A,3F4B,1UH5,1,A,2.49,3F4B,Crystal structure of Plasmodium berghei Enoyl-acyl-carrier-protein reductase with TRICLOSAN,X-RAY DIFFRACTION,TCL|NAD,,5892|5564,,,19064257.0,10.1016/j.chom.2008.11.001,PMC2646117,7926380.0,"Yu M, Kumar TRS, Nkrumah LJ, Coppi A, Retzlaff S, Li CD, Kelly BJ, Moura PA, Lakshmanan V, Freundlich JS, Valderramos J, Vilcheze C, Siedner M, Tsai JH-, Falkard B, Sidhu ABS, Purcell LA, Gratraud P, Kremer L, Waters AP, Schiehser G, Jacobus DP, Janse CJ, Ager A, Jacobs WR, Sacchettini JC, Heussler V, Sinnis P, Fidock DA. The Fatty Acid Biosynthesis Enzyme FabI Plays a Key Role in the Development of Liver-Stage Malarial Parasites. Cell Host & Microbe. 2008 Dec;4(6):567–78. doi: 10.1016/j.chom.2008.11.001.",5564
132,486.0,329.0,3F4B_1|Chains, Enoyl-ACP reductase [Plasmodium falciparum],72.948,pdb|3AM3|A,1.79e-174,Chain A,3F4B,3AM3,1,A,2.49,3F4B,Crystal structure of Plasmodium berghei Enoyl-acyl-carrier-protein reductase with TRICLOSAN,X-RAY DIFFRACTION,TCL|NAD,,5892|5564,,,19064257.0,10.1016/j.chom.2008.11.001,PMC2646117,7926380.0,"Yu M, Kumar TRS, Nkrumah LJ, Coppi A, Retzlaff S, Li CD, Kelly BJ, Moura PA, Lakshmanan V, Freundlich JS, Valderramos J, Vilcheze C, Siedner M, Tsai JH-, Falkard B, Sidhu ABS, Purcell LA, Gratraud P, Kremer L, Waters AP, Schiehser G, Jacobus DP, Janse CJ, Ager A, Jacobs WR, Sacchettini JC, Heussler V, Sinnis P, Fidock DA. The Fatty Acid Biosynthesis Enzyme FabI Plays a Key Role in the Development of Liver-Stage Malarial Parasites. Cell Host & Microbe. 2008 Dec;4(6):567–78. doi: 10.1016/j.chom.2008.11.001.",5564
133,486.0,329.0,3F4B_1|Chains, Enoyl-ACP reductase [Plasmodium falciparum],72.948,pdb|3AM5|A,1.87e-174,Chain A,3F4B,3AM5,1,A,2.49,3F4B,Crystal structure of Plasmodium berghei Enoyl-acyl-carrier-protein reductase with TRICLOSAN,X-RAY DIFFRACTION,TCL|NAD,,5892|5564,,,19064257.0,10.1016/j.chom.2008.11.001,PMC2646117,7926380.0,"Yu M, Kumar TRS, Nkrumah LJ, Coppi A, Retzlaff S, Li CD, Kelly BJ, Moura PA, Lakshmanan V, Freundlich JS, Valderramos J, Vilcheze C, Siedner M, Tsai JH-, Falkard B, Sidhu ABS, Purcell LA, Gratraud P, Kremer L, Waters AP, Schiehser G, Jacobus DP, Janse CJ, Ager A, Jacobs WR, Sacchettini JC, Heussler V, Sinnis P, Fidock DA. The Fatty Acid Biosynthesis Enzyme FabI Plays a Key Role in the Development of Liver-Stage Malarial Parasites. Cell Host & Microbe. 2008 Dec;4(6):567–78. doi: 10.1016/j.chom.2008.11.001.",5564
134,379.0,230.0,3F4B_1|Chains, enoyl-acyl carrier reductase [Plasmodium falciparum],78.696,pdb|1NHG|A,1.05e-133,Chain A,3F4B,1NHG,1,A,2.49,3F4B,Crystal structure of Plasmodium berghei Enoyl-acyl-carrier-protein reductase with TRICLOSAN,X-RAY DIFFRACTION,TCL|NAD,,5892|5564,,,19064257.0,10.1016/j.chom.2008.11.001,PMC2646117,7926380.0,"Yu M, Kumar TRS, Nkrumah LJ, Coppi A, Retzlaff S, Li CD, Kelly BJ, Moura PA, Lakshmanan V, Freundlich JS, Valderramos J, Vilcheze C, Siedner M, Tsai JH-, Falkard B, Sidhu ABS, Purcell LA, Gratraud P, Kremer L, Waters AP, Schiehser G, Jacobus DP, Janse CJ, Ager A, Jacobs WR, Sacchettini JC, Heussler V, Sinnis P, Fidock DA. The Fatty Acid Biosynthesis Enzyme FabI Plays a Key Role in the Development of Liver-Stage Malarial Parasites. Cell Host & Microbe. 2008 Dec;4(6):567–78. doi: 10.1016/j.chom.2008.11.001.",5564
135,111.0,60.0,3F4B_1|Chains, enoyl-acyl carrier reductase [Plasmodium falciparum],85.0,pdb|1NHG|C,3.23e-31,Chain C,3F4B,1NHG,1,C,2.49,3F4B,Crystal structure of Plasmodium berghei Enoyl-acyl-carrier-protein reductase with TRICLOSAN,X-RAY DIFFRACTION,TCL|NAD,,5892|5564,,,19064257.0,10.1016/j.chom.2008.11.001,PMC2646117,7926380.0,"Yu M, Kumar TRS, Nkrumah LJ, Coppi A, Retzlaff S, Li CD, Kelly BJ, Moura PA, Lakshmanan V, Freundlich JS, Valderramos J, Vilcheze C, Siedner M, Tsai JH-, Falkard B, Sidhu ABS, Purcell LA, Gratraud P, Kremer L, Waters AP, Schiehser G, Jacobus DP, Janse CJ, Ager A, Jacobs WR, Sacchettini JC, Heussler V, Sinnis P, Fidock DA. The Fatty Acid Biosynthesis Enzyme FabI Plays a Key Role in the Development of Liver-Stage Malarial Parasites. Cell Host & Microbe. 2008 Dec;4(6):567–78. doi: 10.1016/j.chom.2008.11.001.",5564
136,62.8,123.0,3FRF_1|Chain, Bifunctional dihydrofolate reductase-thymidylate synthase [Plasmodium falciparum],34.959,pdb|3UM5|A,4e-12,Chain A,3FRF,3UM5,1,A,2.2,3FRF,S. aureus DHFR complexed with NADPH and iclaprim,X-RAY DIFFRACTION,XCF|NDP,,10247560|5884,P0A017,,19211577.0,10.1093/jac/dkp024,,2406807.0,"Oefner C, Bandera M, Haldimann A, Laue H, Schulz H, Mukhija S, Parisi S, Weiss L, Lociuro S, Dale GE. Increased hydrophobic interactions of iclaprim with Staphylococcus aureus dihydrofolate reductase are responsible for the increase in affinity and antibacterial activity. Journal of Antimicrobial Chemotherapy. 2009 Feb 17;63(4):687–98. doi: 10.1093/jac/dkp024.",10247560
137,62.8,123.0,3FYV_1|Chain, Bifunctional dihydrofolate reductase-thymidylate synthase [Plasmodium falciparum],34.959,pdb|3UM5|A,4e-12,Chain A,3FYV,3UM5,1,A,2.2,3FYV,Staph. aureus DHFR complexed with NADPH and AR-102,X-RAY DIFFRACTION,XCF|NDP,,10247560|5884,P0A017,,19622858.0,10.1107/s0907444909013936,,10625081.0,"Oefner C, Parisi S, Schulz H, Lociuro S, Dale GE. Inhibitory properties and X-ray crystallographic study of the binding of AR-101, AR-102 and iclaprim in ternary complexes with NADPH and dihydrofolate reductase from Staphylococcus aureus. Acta Crystallogr D Biol Crystallogr. 2009 Aug;65(Pt 8):751–7. doi: 10.1107/s0907444909013936. PMID: 19622858.",10247560
138,62.8,123.0,3FYW_1|Chain, Bifunctional dihydrofolate reductase-thymidylate synthase [Plasmodium falciparum],34.959,pdb|3UM5|A,4e-12,Chain A,3FYW,3UM5,1,A,2.1,3FYW,Staph. aureus DHFR complexed with NADPH and AR-101,X-RAY DIFFRACTION,XCF|NDP,,10247560|5884,P0A017,,19622858.0,10.1107/s0907444909013936,,10625081.0,"Oefner C, Parisi S, Schulz H, Lociuro S, Dale GE. Inhibitory properties and X-ray crystallographic study of the binding of AR-101, AR-102 and iclaprim in ternary complexes with NADPH and dihydrofolate reductase from Staphylococcus aureus. Acta Crystallogr D Biol Crystallogr. 2009 Aug;65(Pt 8):751–7. doi: 10.1107/s0907444909013936. PMID: 19622858.",10247560
139,82.0,219.0,3GR6_1|Chains, Enoyl-ACP reductase [Plasmodium falciparum],28.311,pdb|3AM3|A,3.44e-18,Chain A,3GR6,3AM3,1,A,2.28,3GR6,Crystal structure of the staphylococcus aureus enoyl-acyl carrier protein reductase (fabI) in complex with NADP and triclosan,X-RAY DIFFRACTION,TCL|NAP,,5885|5564,Q6GI75,,19768684.0,10.1002/prot.22581,,13355362.0,"Priyadarshi A, Kim EE, Hwang KY. Structural insights into Staphylococcus aureus enoyl-ACP reductase (FabI), in complex with NADP and triclosan. Proteins. 2010 Feb 01;78(2):480–6. doi: 10.1002/prot.22581. PMID: 19768684.",5564
140,82.0,219.0,3GR6_1|Chains, enoyl-ACP reductase [Plasmodium falciparum],29.224,pdb|1UH5|A,4.12e-18,Chain A,3GR6,1UH5,1,A,2.28,3GR6,Crystal structure of the staphylococcus aureus enoyl-acyl carrier protein reductase (fabI) in complex with NADP and triclosan,X-RAY DIFFRACTION,TCL|NAP,,5885|5564,Q6GI75,,19768684.0,10.1002/prot.22581,,13355362.0,"Priyadarshi A, Kim EE, Hwang KY. Structural insights into Staphylococcus aureus enoyl-ACP reductase (FabI), in complex with NADP and triclosan. Proteins. 2010 Feb 01;78(2):480–6. doi: 10.1002/prot.22581. PMID: 19768684.",5564
141,82.0,219.0,3GR6_1|Chains, ENOYL-ACYL CARRIER REDUCTASE [Plasmodium falciparum],29.224,pdb|1VRW|A,4.22e-18,Chain A,3GR6,1VRW,1,A,2.28,3GR6,Crystal structure of the staphylococcus aureus enoyl-acyl carrier protein reductase (fabI) in complex with NADP and triclosan,X-RAY DIFFRACTION,TCL|NAP,,5885|5564,Q6GI75,,19768684.0,10.1002/prot.22581,,13355362.0,"Priyadarshi A, Kim EE, Hwang KY. Structural insights into Staphylococcus aureus enoyl-ACP reductase (FabI), in complex with NADP and triclosan. Proteins. 2010 Feb 01;78(2):480–6. doi: 10.1002/prot.22581. PMID: 19768684.",5564
142,82.0,219.0,3GR6_1|Chains, Enoyl-acyl carrier reductase [Plasmodium falciparum],29.224,pdb|2OL4|A,5.04e-18,Chain A,3GR6,2OL4,1,A,2.28,3GR6,Crystal structure of the staphylococcus aureus enoyl-acyl carrier protein reductase (fabI) in complex with NADP and triclosan,X-RAY DIFFRACTION,TCL|NAP,,5885|5564,Q6GI75,,19768684.0,10.1002/prot.22581,,13355362.0,"Priyadarshi A, Kim EE, Hwang KY. Structural insights into Staphylococcus aureus enoyl-ACP reductase (FabI), in complex with NADP and triclosan. Proteins. 2010 Feb 01;78(2):480–6. doi: 10.1002/prot.22581. PMID: 19768684.",5564
143,80.5,219.0,3GR6_1|Chains, Enoyl-ACP reductase [Plasmodium falciparum],29.224,pdb|3AM5|A,1.62e-17,Chain A,3GR6,3AM5,1,A,2.28,3GR6,Crystal structure of the staphylococcus aureus enoyl-acyl carrier protein reductase (fabI) in complex with NADP and triclosan,X-RAY DIFFRACTION,TCL|NAP,,5885|5564,Q6GI75,,19768684.0,10.1002/prot.22581,,13355362.0,"Priyadarshi A, Kim EE, Hwang KY. Structural insights into Staphylococcus aureus enoyl-ACP reductase (FabI), in complex with NADP and triclosan. Proteins. 2010 Feb 01;78(2):480–6. doi: 10.1002/prot.22581. PMID: 19768684.",5564
144,67.4,124.0,3GR6_1|Chains, enoyl-acyl carrier reductase [Plasmodium falciparum],36.29,pdb|1NHG|A,2.1e-13,Chain A,3GR6,1NHG,1,A,2.28,3GR6,Crystal structure of the staphylococcus aureus enoyl-acyl carrier protein reductase (fabI) in complex with NADP and triclosan,X-RAY DIFFRACTION,TCL|NAP,,5885|5564,Q6GI75,,19768684.0,10.1002/prot.22581,,13355362.0,"Priyadarshi A, Kim EE, Hwang KY. Structural insights into Staphylococcus aureus enoyl-ACP reductase (FabI), in complex with NADP and triclosan. Proteins. 2010 Feb 01;78(2):480–6. doi: 10.1002/prot.22581. PMID: 19768684.",5564
145,90.1,202.0,3KRR_1|Chain, CELL DIVISION CONTROL PROTEIN 2 HOMOLOG [Plasmodium falciparum],32.178,pdb|1V0B|A,5.930000000000001e-21,Chain A,3KRR,1V0B,1,A,1.8,3KRR,Crystal Structure of JAK2 complexed with a potent quinoxaline ATP site inhibitor,X-RAY DIFFRACTION,DQX,,46398810,O60674|4HGE_A|3JY9_A|4FVQ_A|2W1I_A|2XA4_A|4AQC_A|3TJC_A|2B7A_A|3KRR_A|4FVR_A|4BBE_A|4E6D_A|3E62_A|3Q32_A|3RVG_A|4F08_A|3IO7_A,3717,20587663.0,10.1158/1535-7163.mct-10-0053,,22135736.0,"Baffert F, Régnier CH, De Pover A, Pissot-Soldermann C, Tavares GA, Blasco F, Brueggen J, Chène P, Drueckes P, Erdmann D, Furet P, Gerspacher M, Lang M, Ledieu D, Nolan L, Ruetz S, Trappe J, Vangrevelinghe E, Wartmann M, Wyder L, Hofmann F, Radimerski T. Potent and selective inhibition of polycythemia by the quinoxaline JAK2 inhibitor NVP-BSK805. Mol Cancer Ther. 2010 Jul;9(7):1945–55. doi: 10.1158/1535-7163.mct-10-0053. PMID: 20587663.",46398810
146,90.1,202.0,3KRR_1|Chain, CELL DIVISION CONTROL PROTEIN 2 HOMOLOG [Plasmodium falciparum],32.178,pdb|1V0O|A,6.360000000000001e-21,Chain A,3KRR,1V0O,1,A,1.8,3KRR,Crystal Structure of JAK2 complexed with a potent quinoxaline ATP site inhibitor,X-RAY DIFFRACTION,DQX,,46398810,O60674|4HGE_A|3JY9_A|4FVQ_A|2W1I_A|2XA4_A|4AQC_A|3TJC_A|2B7A_A|3KRR_A|4FVR_A|4BBE_A|4E6D_A|3E62_A|3Q32_A|3RVG_A|4F08_A|3IO7_A,3717,20587663.0,10.1158/1535-7163.mct-10-0053,,22135736.0,"Baffert F, Régnier CH, De Pover A, Pissot-Soldermann C, Tavares GA, Blasco F, Brueggen J, Chène P, Drueckes P, Erdmann D, Furet P, Gerspacher M, Lang M, Ledieu D, Nolan L, Ruetz S, Trappe J, Vangrevelinghe E, Wartmann M, Wyder L, Hofmann F, Radimerski T. Potent and selective inhibition of polycythemia by the quinoxaline JAK2 inhibitor NVP-BSK805. Mol Cancer Ther. 2010 Jul;9(7):1945–55. doi: 10.1158/1535-7163.mct-10-0053. PMID: 20587663.",46398810
147,89.4,200.0,3KRR_1|Chain, CELL DIVISION CONTROL PROTEIN 2 HOMOLOG [Plasmodium falciparum],32.0,pdb|1OB3|A,9.52e-21,Chain A,3KRR,1OB3,1,A,1.8,3KRR,Crystal Structure of JAK2 complexed with a potent quinoxaline ATP site inhibitor,X-RAY DIFFRACTION,DQX,,46398810,O60674|4HGE_A|3JY9_A|4FVQ_A|2W1I_A|2XA4_A|4AQC_A|3TJC_A|2B7A_A|3KRR_A|4FVR_A|4BBE_A|4E6D_A|3E62_A|3Q32_A|3RVG_A|4F08_A|3IO7_A,3717,20587663.0,10.1158/1535-7163.mct-10-0053,,22135736.0,"Baffert F, Régnier CH, De Pover A, Pissot-Soldermann C, Tavares GA, Blasco F, Brueggen J, Chène P, Drueckes P, Erdmann D, Furet P, Gerspacher M, Lang M, Ledieu D, Nolan L, Ruetz S, Trappe J, Vangrevelinghe E, Wartmann M, Wyder L, Hofmann F, Radimerski T. Potent and selective inhibition of polycythemia by the quinoxaline JAK2 inhibitor NVP-BSK805. Mol Cancer Ther. 2010 Jul;9(7):1945–55. doi: 10.1158/1535-7163.mct-10-0053. PMID: 20587663.",46398810
148,75.1,224.0,3KRR_1|Chain, Calcium-dependent protein kinase 4 [Plasmodium falciparum],32.143,pdb|4RGJ|A,3.86e-15,Chain A,3KRR,4RGJ,1,A,1.8,3KRR,Crystal Structure of JAK2 complexed with a potent quinoxaline ATP site inhibitor,X-RAY DIFFRACTION,DQX,,46398810,O60674|4HGE_A|3JY9_A|4FVQ_A|2W1I_A|2XA4_A|4AQC_A|3TJC_A|2B7A_A|3KRR_A|4FVR_A|4BBE_A|4E6D_A|3E62_A|3Q32_A|3RVG_A|4F08_A|3IO7_A,3717,20587663.0,10.1158/1535-7163.mct-10-0053,,22135736.0,"Baffert F, Régnier CH, De Pover A, Pissot-Soldermann C, Tavares GA, Blasco F, Brueggen J, Chène P, Drueckes P, Erdmann D, Furet P, Gerspacher M, Lang M, Ledieu D, Nolan L, Ruetz S, Trappe J, Vangrevelinghe E, Wartmann M, Wyder L, Hofmann F, Radimerski T. Potent and selective inhibition of polycythemia by the quinoxaline JAK2 inhibitor NVP-BSK805. Mol Cancer Ther. 2010 Jul;9(7):1945–55. doi: 10.1158/1535-7163.mct-10-0053. PMID: 20587663.",46398810
149,65.5,219.0,3MY0_1|Chains, Calcium-dependent protein kinase 4 [Plasmodium falciparum],26.027,pdb|4RGJ|A,6.51e-12,Chain A,3MY0,4RGJ,1,A,2.65,3MY0,Crystal structure of the ACVRL1 (ALK1) kinase domain bound to LDN-193189,X-RAY DIFFRACTION,LDN,,25195294,P37023,94,25557927.0,10.1007/s10456-014-9457-y,PMC4363482,2704496.0,2015; 18(2):209-217,25195294
150,47.8,253.0,3MY0_1|Chains, CGMP-dependent protein kinase [Plasmodium falciparum],25.296,pdb|5DYK|A,4.62e-06,Chain A,3MY0,5DYK,1,A,2.65,3MY0,Crystal structure of the ACVRL1 (ALK1) kinase domain bound to LDN-193189,X-RAY DIFFRACTION,LDN,,25195294,P37023,94,25557927.0,10.1007/s10456-014-9457-y,PMC4363482,2704496.0,2015; 18(2):209-217,25195294
151,76.6,233.0,3NRC_1|Chains, Enoyl-ACP reductase [Plasmodium falciparum],24.893,pdb|3AM3|A,4.7e-16,Chain A,3NRC,3AM3,1,A,2.101,3NRC,Crystal Structure of the Francisella tularensis enoyl-acyl carrier protein reductase (FabI) in complex with NAD+ and triclosan,X-RAY DIFFRACTION,TCL|NAD,,5892|5564,,,21045289.0,10.1107/s1744309110039862,PMC3001642,28224340.0,"Mehboob S, Truong K, Santarsiero BD, Johnson ME. Structure of the<i>Francisella tularensis</i>enoyl-acyl carrier protein reductase (FabI) in complex with NAD<sup>+</sup>and triclosan. Acta Crystallogr F Struct Biol Cryst Commun. 2010 Oct 27;66(11):1436–40. doi: 10.1107/s1744309110039862.",5564
152,74.7,233.0,3NRC_1|Chains, enoyl-ACP reductase [Plasmodium falciparum],25.322,pdb|1UH5|A,2.25e-15,Chain A,3NRC,1UH5,1,A,2.101,3NRC,Crystal Structure of the Francisella tularensis enoyl-acyl carrier protein reductase (FabI) in complex with NAD+ and triclosan,X-RAY DIFFRACTION,TCL|NAD,,5892|5564,,,21045289.0,10.1107/s1744309110039862,PMC3001642,28224340.0,"Mehboob S, Truong K, Santarsiero BD, Johnson ME. Structure of the<i>Francisella tularensis</i>enoyl-acyl carrier protein reductase (FabI) in complex with NAD<sup>+</sup>and triclosan. Acta Crystallogr F Struct Biol Cryst Commun. 2010 Oct 27;66(11):1436–40. doi: 10.1107/s1744309110039862.",5564
153,74.3,233.0,3NRC_1|Chains, ENOYL-ACYL CARRIER REDUCTASE [Plasmodium falciparum],24.464,pdb|1VRW|A,3.55e-15,Chain A,3NRC,1VRW,1,A,2.101,3NRC,Crystal Structure of the Francisella tularensis enoyl-acyl carrier protein reductase (FabI) in complex with NAD+ and triclosan,X-RAY DIFFRACTION,TCL|NAD,,5892|5564,,,21045289.0,10.1107/s1744309110039862,PMC3001642,28224340.0,"Mehboob S, Truong K, Santarsiero BD, Johnson ME. Structure of the<i>Francisella tularensis</i>enoyl-acyl carrier protein reductase (FabI) in complex with NAD<sup>+</sup>and triclosan. Acta Crystallogr F Struct Biol Cryst Commun. 2010 Oct 27;66(11):1436–40. doi: 10.1107/s1744309110039862.",5564
154,73.9,233.0,3NRC_1|Chains, Enoyl-acyl carrier reductase [Plasmodium falciparum],24.464,pdb|2OL4|A,3.96e-15,Chain A,3NRC,2OL4,1,A,2.101,3NRC,Crystal Structure of the Francisella tularensis enoyl-acyl carrier protein reductase (FabI) in complex with NAD+ and triclosan,X-RAY DIFFRACTION,TCL|NAD,,5892|5564,,,21045289.0,10.1107/s1744309110039862,PMC3001642,28224340.0,"Mehboob S, Truong K, Santarsiero BD, Johnson ME. Structure of the<i>Francisella tularensis</i>enoyl-acyl carrier protein reductase (FabI) in complex with NAD<sup>+</sup>and triclosan. Acta Crystallogr F Struct Biol Cryst Commun. 2010 Oct 27;66(11):1436–40. doi: 10.1107/s1744309110039862.",5564
155,72.0,233.0,3NRC_1|Chains, Enoyl-ACP reductase [Plasmodium falciparum],24.893,pdb|3AM5|A,1.66e-14,Chain A,3NRC,3AM5,1,A,2.101,3NRC,Crystal Structure of the Francisella tularensis enoyl-acyl carrier protein reductase (FabI) in complex with NAD+ and triclosan,X-RAY DIFFRACTION,TCL|NAD,,5892|5564,,,21045289.0,10.1107/s1744309110039862,PMC3001642,28224340.0,"Mehboob S, Truong K, Santarsiero BD, Johnson ME. Structure of the<i>Francisella tularensis</i>enoyl-acyl carrier protein reductase (FabI) in complex with NAD<sup>+</sup>and triclosan. Acta Crystallogr F Struct Biol Cryst Commun. 2010 Oct 27;66(11):1436–40. doi: 10.1107/s1744309110039862.",5564
156,65.9,141.0,3NRC_1|Chains, enoyl-acyl carrier reductase [Plasmodium falciparum],31.206,pdb|1NHG|A,9.29e-13,Chain A,3NRC,1NHG,1,A,2.101,3NRC,Crystal Structure of the Francisella tularensis enoyl-acyl carrier protein reductase (FabI) in complex with NAD+ and triclosan,X-RAY DIFFRACTION,TCL|NAD,,5892|5564,,,21045289.0,10.1107/s1744309110039862,PMC3001642,28224340.0,"Mehboob S, Truong K, Santarsiero BD, Johnson ME. Structure of the<i>Francisella tularensis</i>enoyl-acyl carrier protein reductase (FabI) in complex with NAD<sup>+</sup>and triclosan. Acta Crystallogr F Struct Biol Cryst Commun. 2010 Oct 27;66(11):1436–40. doi: 10.1107/s1744309110039862.",5564
157,106.0,320.0,3OIF_1|Chains, Enoyl-ACP reductase [Plasmodium falciparum],27.187,pdb|3AM3|A,6.860000000000001e-27,Chain A,3OIF,3AM3,1,A,2.6,3OIF,Crystal Structure of Enoyl-ACP Reductases I (FabI) from B. subtilis (complex with NAD and TCL),X-RAY DIFFRACTION,TCL|NAD,,5892|5564,P54616,939379,21185310.0,10.1016/j.jmb.2010.12.003,,18096105.0,"Kim KH, Ha BH, Kim SJ, Hong SK, Hwang KY, Kim EE. Crystal structures of Enoyl-ACP reductases I (FabI) and III (FabL) from B. subtilis. J Mol Biol. 2011 Feb 25;406(3):403–15. doi: 10.1016/j.jmb.2010.12.003. PMID: 21185310.",5564
158,106.0,320.0,3OIF_1|Chains, enoyl-ACP reductase [Plasmodium falciparum],27.5,pdb|1UH5|A,7.45e-27,Chain A,3OIF,1UH5,1,A,2.6,3OIF,Crystal Structure of Enoyl-ACP Reductases I (FabI) from B. subtilis (complex with NAD and TCL),X-RAY DIFFRACTION,TCL|NAD,,5892|5564,P54616,939379,21185310.0,10.1016/j.jmb.2010.12.003,,18096105.0,"Kim KH, Ha BH, Kim SJ, Hong SK, Hwang KY, Kim EE. Crystal structures of Enoyl-ACP reductases I (FabI) and III (FabL) from B. subtilis. J Mol Biol. 2011 Feb 25;406(3):403–15. doi: 10.1016/j.jmb.2010.12.003. PMID: 21185310.",5564
159,105.0,320.0,3OIF_1|Chains, Enoyl-acyl carrier reductase [Plasmodium falciparum],27.5,pdb|2OL4|A,9.79e-27,Chain A,3OIF,2OL4,1,A,2.6,3OIF,Crystal Structure of Enoyl-ACP Reductases I (FabI) from B. subtilis (complex with NAD and TCL),X-RAY DIFFRACTION,TCL|NAD,,5892|5564,P54616,939379,21185310.0,10.1016/j.jmb.2010.12.003,,18096105.0,"Kim KH, Ha BH, Kim SJ, Hong SK, Hwang KY, Kim EE. Crystal structures of Enoyl-ACP reductases I (FabI) and III (FabL) from B. subtilis. J Mol Biol. 2011 Feb 25;406(3):403–15. doi: 10.1016/j.jmb.2010.12.003. PMID: 21185310.",5564
160,105.0,320.0,3OIF_1|Chains, ENOYL-ACYL CARRIER REDUCTASE [Plasmodium falciparum],27.5,pdb|1VRW|A,9.79e-27,Chain A,3OIF,1VRW,1,A,2.6,3OIF,Crystal Structure of Enoyl-ACP Reductases I (FabI) from B. subtilis (complex with NAD and TCL),X-RAY DIFFRACTION,TCL|NAD,,5892|5564,P54616,939379,21185310.0,10.1016/j.jmb.2010.12.003,,18096105.0,"Kim KH, Ha BH, Kim SJ, Hong SK, Hwang KY, Kim EE. Crystal structures of Enoyl-ACP reductases I (FabI) and III (FabL) from B. subtilis. J Mol Biol. 2011 Feb 25;406(3):403–15. doi: 10.1016/j.jmb.2010.12.003. PMID: 21185310.",5564
161,104.0,320.0,3OIF_1|Chains, Enoyl-ACP reductase [Plasmodium falciparum],27.5,pdb|3AM5|A,3.5400000000000003e-26,Chain A,3OIF,3AM5,1,A,2.6,3OIF,Crystal Structure of Enoyl-ACP Reductases I (FabI) from B. subtilis (complex with NAD and TCL),X-RAY DIFFRACTION,TCL|NAD,,5892|5564,P54616,939379,21185310.0,10.1016/j.jmb.2010.12.003,,18096105.0,"Kim KH, Ha BH, Kim SJ, Hong SK, Hwang KY, Kim EE. Crystal structures of Enoyl-ACP reductases I (FabI) and III (FabL) from B. subtilis. J Mol Biol. 2011 Feb 25;406(3):403–15. doi: 10.1016/j.jmb.2010.12.003. PMID: 21185310.",5564
162,85.1,225.0,3OIF_1|Chains, enoyl-acyl carrier reductase [Plasmodium falciparum],29.778,pdb|1NHG|A,7.64e-20,Chain A,3OIF,1NHG,1,A,2.6,3OIF,Crystal Structure of Enoyl-ACP Reductases I (FabI) from B. subtilis (complex with NAD and TCL),X-RAY DIFFRACTION,TCL|NAD,,5892|5564,P54616,939379,21185310.0,10.1016/j.jmb.2010.12.003,,18096105.0,"Kim KH, Ha BH, Kim SJ, Hong SK, Hwang KY, Kim EE. Crystal structures of Enoyl-ACP reductases I (FabI) and III (FabL) from B. subtilis. J Mol Biol. 2011 Feb 25;406(3):403–15. doi: 10.1016/j.jmb.2010.12.003. PMID: 21185310.",5564
163,87.8,237.0,3PJD_1|Chains, Enoyl-ACP reductase [Plasmodium falciparum],26.16,pdb|3AM3|A,4.31e-20,Chain A,3PJD,3AM3,1,A,2.5,3PJD,Structure of ENR G93A mutant-NAD+-Triclosan complex,X-RAY DIFFRACTION,TCL|NAD,,5892|5564,P0AEK6|P0AEK4,945870|93775413,21094257.0,10.1016/j.jsb.2010.11.008,,26903252.0,"Jiten Singh N, Shin D, Lee HM, Kim HT, Chang H, Cho JM, Kim KS, Ro S. Structural basis of triclosan resistance. Journal of Structural Biology. 2011 Apr;174(1):173–9. doi: 10.1016/j.jsb.2010.11.008.",5564
164,85.9,237.0,3PJD_1|Chains, enoyl-ACP reductase [Plasmodium falciparum],25.738,pdb|1UH5|A,1.9e-19,Chain A,3PJD,1UH5,1,A,2.5,3PJD,Structure of ENR G93A mutant-NAD+-Triclosan complex,X-RAY DIFFRACTION,TCL|NAD,,5892|5564,P0AEK6|P0AEK4,945870|93775413,21094257.0,10.1016/j.jsb.2010.11.008,,26903252.0,"Jiten Singh N, Shin D, Lee HM, Kim HT, Chang H, Cho JM, Kim KS, Ro S. Structural basis of triclosan resistance. Journal of Structural Biology. 2011 Apr;174(1):173–9. doi: 10.1016/j.jsb.2010.11.008.",5564
165,85.1,237.0,3PJD_1|Chains, ENOYL-ACYL CARRIER REDUCTASE [Plasmodium falciparum],24.473,pdb|1VRW|A,4.43e-19,Chain A,3PJD,1VRW,1,A,2.5,3PJD,Structure of ENR G93A mutant-NAD+-Triclosan complex,X-RAY DIFFRACTION,TCL|NAD,,5892|5564,P0AEK6|P0AEK4,945870|93775413,21094257.0,10.1016/j.jsb.2010.11.008,,26903252.0,"Jiten Singh N, Shin D, Lee HM, Kim HT, Chang H, Cho JM, Kim KS, Ro S. Structural basis of triclosan resistance. Journal of Structural Biology. 2011 Apr;174(1):173–9. doi: 10.1016/j.jsb.2010.11.008.",5564
166,84.7,237.0,3PJD_1|Chains, Enoyl-acyl carrier reductase [Plasmodium falciparum],24.473,pdb|2OL4|A,5.08e-19,Chain A,3PJD,2OL4,1,A,2.5,3PJD,Structure of ENR G93A mutant-NAD+-Triclosan complex,X-RAY DIFFRACTION,TCL|NAD,,5892|5564,P0AEK6|P0AEK4,945870|93775413,21094257.0,10.1016/j.jsb.2010.11.008,,26903252.0,"Jiten Singh N, Shin D, Lee HM, Kim HT, Chang H, Cho JM, Kim KS, Ro S. Structural basis of triclosan resistance. Journal of Structural Biology. 2011 Apr;174(1):173–9. doi: 10.1016/j.jsb.2010.11.008.",5564
167,84.0,237.0,3PJD_1|Chains, Enoyl-ACP reductase [Plasmodium falciparum],25.738,pdb|3AM5|A,8.66e-19,Chain A,3PJD,3AM5,1,A,2.5,3PJD,Structure of ENR G93A mutant-NAD+-Triclosan complex,X-RAY DIFFRACTION,TCL|NAD,,5892|5564,P0AEK6|P0AEK4,945870|93775413,21094257.0,10.1016/j.jsb.2010.11.008,,26903252.0,"Jiten Singh N, Shin D, Lee HM, Kim HT, Chang H, Cho JM, Kim KS, Ro S. Structural basis of triclosan resistance. Journal of Structural Biology. 2011 Apr;174(1):173–9. doi: 10.1016/j.jsb.2010.11.008.",5564
168,70.5,139.0,3PJD_1|Chains, enoyl-acyl carrier reductase [Plasmodium falciparum],30.216,pdb|1NHG|A,2.25e-14,Chain A,3PJD,1NHG,1,A,2.5,3PJD,Structure of ENR G93A mutant-NAD+-Triclosan complex,X-RAY DIFFRACTION,TCL|NAD,,5892|5564,P0AEK6|P0AEK4,945870|93775413,21094257.0,10.1016/j.jsb.2010.11.008,,26903252.0,"Jiten Singh N, Shin D, Lee HM, Kim HT, Chang H, Cho JM, Kim KS, Ro S. Structural basis of triclosan resistance. Journal of Structural Biology. 2011 Apr;174(1):173–9. doi: 10.1016/j.jsb.2010.11.008.",5564
169,86.7,237.0,3PJE_1|Chains, Enoyl-ACP reductase [Plasmodium falciparum],25.738,pdb|3AM3|A,1.11e-19,Chain A,3PJE,3AM3,1,A,2.5,3PJE,Structure of ENR G93S mutant-NAD+-triclosan complex,X-RAY DIFFRACTION,TCL|NAD,,5892|5564,P0AEK6|P0AEK4,945870|93775413,21094257.0,10.1016/j.jsb.2010.11.008,,26903252.0,"Jiten Singh N, Shin D, Lee HM, Kim HT, Chang H, Cho JM, Kim KS, Ro S. Structural basis of triclosan resistance. Journal of Structural Biology. 2011 Apr;174(1):173–9. doi: 10.1016/j.jsb.2010.11.008.",5564
170,84.7,237.0,3PJE_1|Chains, enoyl-ACP reductase [Plasmodium falciparum],25.316,pdb|1UH5|A,4.55e-19,Chain A,3PJE,1UH5,1,A,2.5,3PJE,Structure of ENR G93S mutant-NAD+-triclosan complex,X-RAY DIFFRACTION,TCL|NAD,,5892|5564,P0AEK6|P0AEK4,945870|93775413,21094257.0,10.1016/j.jsb.2010.11.008,,26903252.0,"Jiten Singh N, Shin D, Lee HM, Kim HT, Chang H, Cho JM, Kim KS, Ro S. Structural basis of triclosan resistance. Journal of Structural Biology. 2011 Apr;174(1):173–9. doi: 10.1016/j.jsb.2010.11.008.",5564
171,83.6,237.0,3PJE_1|Chains, ENOYL-ACYL CARRIER REDUCTASE [Plasmodium falciparum],24.051,pdb|1VRW|A,1.31e-18,Chain A,3PJE,1VRW,1,A,2.5,3PJE,Structure of ENR G93S mutant-NAD+-triclosan complex,X-RAY DIFFRACTION,TCL|NAD,,5892|5564,P0AEK6|P0AEK4,945870|93775413,21094257.0,10.1016/j.jsb.2010.11.008,,26903252.0,"Jiten Singh N, Shin D, Lee HM, Kim HT, Chang H, Cho JM, Kim KS, Ro S. Structural basis of triclosan resistance. Journal of Structural Biology. 2011 Apr;174(1):173–9. doi: 10.1016/j.jsb.2010.11.008.",5564
172,83.6,237.0,3PJE_1|Chains, Enoyl-acyl carrier reductase [Plasmodium falciparum],24.051,pdb|2OL4|A,1.58e-18,Chain A,3PJE,2OL4,1,A,2.5,3PJE,Structure of ENR G93S mutant-NAD+-triclosan complex,X-RAY DIFFRACTION,TCL|NAD,,5892|5564,P0AEK6|P0AEK4,945870|93775413,21094257.0,10.1016/j.jsb.2010.11.008,,26903252.0,"Jiten Singh N, Shin D, Lee HM, Kim HT, Chang H, Cho JM, Kim KS, Ro S. Structural basis of triclosan resistance. Journal of Structural Biology. 2011 Apr;174(1):173–9. doi: 10.1016/j.jsb.2010.11.008.",5564
173,82.8,237.0,3PJE_1|Chains, Enoyl-ACP reductase [Plasmodium falciparum],25.316,pdb|3AM5|A,2.4e-18,Chain A,3PJE,3AM5,1,A,2.5,3PJE,Structure of ENR G93S mutant-NAD+-triclosan complex,X-RAY DIFFRACTION,TCL|NAD,,5892|5564,P0AEK6|P0AEK4,945870|93775413,21094257.0,10.1016/j.jsb.2010.11.008,,26903252.0,"Jiten Singh N, Shin D, Lee HM, Kim HT, Chang H, Cho JM, Kim KS, Ro S. Structural basis of triclosan resistance. Journal of Structural Biology. 2011 Apr;174(1):173–9. doi: 10.1016/j.jsb.2010.11.008.",5564
174,68.9,139.0,3PJE_1|Chains, enoyl-acyl carrier reductase [Plasmodium falciparum],29.496,pdb|1NHG|A,6.18e-14,Chain A,3PJE,1NHG,1,A,2.5,3PJE,Structure of ENR G93S mutant-NAD+-triclosan complex,X-RAY DIFFRACTION,TCL|NAD,,5892|5564,P0AEK6|P0AEK4,945870|93775413,21094257.0,10.1016/j.jsb.2010.11.008,,26903252.0,"Jiten Singh N, Shin D, Lee HM, Kim HT, Chang H, Cho JM, Kim KS, Ro S. Structural basis of triclosan resistance. Journal of Structural Biology. 2011 Apr;174(1):173–9. doi: 10.1016/j.jsb.2010.11.008.",5564
175,86.7,237.0,3PJF_1|Chains, Enoyl-ACP reductase [Plasmodium falciparum],25.738,pdb|3AM3|A,9.66e-20,Chain A,3PJF,3AM3,1,A,1.9,3PJF,Structure of ENR G93V mutant-NAD+-triclosan complex,X-RAY DIFFRACTION,TCL|NAD,,5892|5564,P0AEK6|P0AEK4,945870|93775413,21094257.0,10.1016/j.jsb.2010.11.008,,26903252.0,"Jiten Singh N, Shin D, Lee HM, Kim HT, Chang H, Cho JM, Kim KS, Ro S. Structural basis of triclosan resistance. Journal of Structural Biology. 2011 Apr;174(1):173–9. doi: 10.1016/j.jsb.2010.11.008.",5564
176,84.7,237.0,3PJF_1|Chains, enoyl-ACP reductase [Plasmodium falciparum],25.738,pdb|1UH5|A,4.83e-19,Chain A,3PJF,1UH5,1,A,1.9,3PJF,Structure of ENR G93V mutant-NAD+-triclosan complex,X-RAY DIFFRACTION,TCL|NAD,,5892|5564,P0AEK6|P0AEK4,945870|93775413,21094257.0,10.1016/j.jsb.2010.11.008,,26903252.0,"Jiten Singh N, Shin D, Lee HM, Kim HT, Chang H, Cho JM, Kim KS, Ro S. Structural basis of triclosan resistance. Journal of Structural Biology. 2011 Apr;174(1):173–9. doi: 10.1016/j.jsb.2010.11.008.",5564
177,84.0,237.0,3PJF_1|Chains, ENOYL-ACYL CARRIER REDUCTASE [Plasmodium falciparum],24.051,pdb|1VRW|A,1.22e-18,Chain A,3PJF,1VRW,1,A,1.9,3PJF,Structure of ENR G93V mutant-NAD+-triclosan complex,X-RAY DIFFRACTION,TCL|NAD,,5892|5564,P0AEK6|P0AEK4,945870|93775413,21094257.0,10.1016/j.jsb.2010.11.008,,26903252.0,"Jiten Singh N, Shin D, Lee HM, Kim HT, Chang H, Cho JM, Kim KS, Ro S. Structural basis of triclosan resistance. Journal of Structural Biology. 2011 Apr;174(1):173–9. doi: 10.1016/j.jsb.2010.11.008.",5564
178,83.6,237.0,3PJF_1|Chains, Enoyl-acyl carrier reductase [Plasmodium falciparum],24.051,pdb|2OL4|A,1.48e-18,Chain A,3PJF,2OL4,1,A,1.9,3PJF,Structure of ENR G93V mutant-NAD+-triclosan complex,X-RAY DIFFRACTION,TCL|NAD,,5892|5564,P0AEK6|P0AEK4,945870|93775413,21094257.0,10.1016/j.jsb.2010.11.008,,26903252.0,"Jiten Singh N, Shin D, Lee HM, Kim HT, Chang H, Cho JM, Kim KS, Ro S. Structural basis of triclosan resistance. Journal of Structural Biology. 2011 Apr;174(1):173–9. doi: 10.1016/j.jsb.2010.11.008.",5564
179,82.8,237.0,3PJF_1|Chains, Enoyl-ACP reductase [Plasmodium falciparum],25.738,pdb|3AM5|A,2.49e-18,Chain A,3PJF,3AM5,1,A,1.9,3PJF,Structure of ENR G93V mutant-NAD+-triclosan complex,X-RAY DIFFRACTION,TCL|NAD,,5892|5564,P0AEK6|P0AEK4,945870|93775413,21094257.0,10.1016/j.jsb.2010.11.008,,26903252.0,"Jiten Singh N, Shin D, Lee HM, Kim HT, Chang H, Cho JM, Kim KS, Ro S. Structural basis of triclosan resistance. Journal of Structural Biology. 2011 Apr;174(1):173–9. doi: 10.1016/j.jsb.2010.11.008.",5564
180,68.9,139.0,3PJF_1|Chains, enoyl-acyl carrier reductase [Plasmodium falciparum],29.496,pdb|1NHG|A,5.94e-14,Chain A,3PJF,1NHG,1,A,1.9,3PJF,Structure of ENR G93V mutant-NAD+-triclosan complex,X-RAY DIFFRACTION,TCL|NAD,,5892|5564,P0AEK6|P0AEK4,945870|93775413,21094257.0,10.1016/j.jsb.2010.11.008,,26903252.0,"Jiten Singh N, Shin D, Lee HM, Kim HT, Chang H, Cho JM, Kim KS, Ro S. Structural basis of triclosan resistance. Journal of Structural Biology. 2011 Apr;174(1):173–9. doi: 10.1016/j.jsb.2010.11.008.",5564
181,65.5,319.0,3PRS_1|Chain, plasmepsin IV [Plasmodium falciparum],25.078,pdb|1LS5|A,4.93e-12,Chain A,3PRS,1LS5,1,A,1.38,3PRS,Endothiapepsin in complex with ritonavir,X-RAY DIFFRACTION,GOL|1PE|PGE|DMS|RIT,,62551|753|392622|679|8172,P11838|1GVU_A|1EED_P,,22213702.0,10.1002/cmdc.201100490,,22164987.0,"Behnen J, Köster H, Neudert G, Craan T, Heine A, Klebe G. Experimental and computational active site mapping as a starting point to fragment-based lead discovery. ChemMedChem. 2012 Feb 06;7(2):248–61. doi: 10.1002/cmdc.201100490. PMID: 22213702.",392622
182,65.5,319.0,3PRS_1|Chain, Proplasmepsin IV [Plasmodium falciparum],25.078,pdb|5JOD|A,7.65e-12,Chain A,3PRS,5JOD,1,A,1.38,3PRS,Endothiapepsin in complex with ritonavir,X-RAY DIFFRACTION,GOL|1PE|PGE|DMS|RIT,,62551|753|392622|679|8172,P11838|1GVU_A|1EED_P,,22213702.0,10.1002/cmdc.201100490,,22164987.0,"Behnen J, Köster H, Neudert G, Craan T, Heine A, Klebe G. Experimental and computational active site mapping as a starting point to fragment-based lead discovery. ChemMedChem. 2012 Feb 06;7(2):248–61. doi: 10.1002/cmdc.201100490. PMID: 22213702.",392622
183,61.6,310.0,3PRS_1|Chain, Plasmepsin 2 [Plasmodium falciparum],24.839,pdb|1LEE|A,9.52e-11,Chain A,3PRS,1LEE,1,A,1.38,3PRS,Endothiapepsin in complex with ritonavir,X-RAY DIFFRACTION,GOL|1PE|PGE|DMS|RIT,,62551|753|392622|679|8172,P11838|1GVU_A|1EED_P,,22213702.0,10.1002/cmdc.201100490,,22164987.0,"Behnen J, Köster H, Neudert G, Craan T, Heine A, Klebe G. Experimental and computational active site mapping as a starting point to fragment-based lead discovery. ChemMedChem. 2012 Feb 06;7(2):248–61. doi: 10.1002/cmdc.201100490. PMID: 22213702.",392622
184,61.6,310.0,3PRS_1|Chain, Plasmepsin-2 [Plasmodium falciparum],24.839,pdb|3F9Q|A,9.6e-11,Chain A,3PRS,3F9Q,1,A,1.38,3PRS,Endothiapepsin in complex with ritonavir,X-RAY DIFFRACTION,GOL|1PE|PGE|DMS|RIT,,62551|753|392622|679|8172,P11838|1GVU_A|1EED_P,,22213702.0,10.1002/cmdc.201100490,,22164987.0,"Behnen J, Köster H, Neudert G, Craan T, Heine A, Klebe G. Experimental and computational active site mapping as a starting point to fragment-based lead discovery. ChemMedChem. 2012 Feb 06;7(2):248–61. doi: 10.1002/cmdc.201100490. PMID: 22213702.",392622
185,61.6,310.0,3PRS_1|Chain, plasmepsin 2 [Plasmodium falciparum],24.839,pdb|1LF3|A,1.01e-10,Chain A,3PRS,1LF3,1,A,1.38,3PRS,Endothiapepsin in complex with ritonavir,X-RAY DIFFRACTION,GOL|1PE|PGE|DMS|RIT,,62551|753|392622|679|8172,P11838|1GVU_A|1EED_P,,22213702.0,10.1002/cmdc.201100490,,22164987.0,"Behnen J, Köster H, Neudert G, Craan T, Heine A, Klebe G. Experimental and computational active site mapping as a starting point to fragment-based lead discovery. ChemMedChem. 2012 Feb 06;7(2):248–61. doi: 10.1002/cmdc.201100490. PMID: 22213702.",392622
186,61.6,310.0,3PRS_1|Chain, Plasmepsin II [Plasmodium falciparum],24.839,pdb|1ME6|A,1.2e-10,Chain A,3PRS,1ME6,1,A,1.38,3PRS,Endothiapepsin in complex with ritonavir,X-RAY DIFFRACTION,GOL|1PE|PGE|DMS|RIT,,62551|753|392622|679|8172,P11838|1GVU_A|1EED_P,,22213702.0,10.1002/cmdc.201100490,,22164987.0,"Behnen J, Köster H, Neudert G, Craan T, Heine A, Klebe G. Experimental and computational active site mapping as a starting point to fragment-based lead discovery. ChemMedChem. 2012 Feb 06;7(2):248–61. doi: 10.1002/cmdc.201100490. PMID: 22213702.",392622
187,75.1,215.0,3Q4U_1|Chains, Calcium-dependent protein kinase 4 [Plasmodium falciparum],29.302,pdb|4RGJ|A,3.82e-15,Chain A,3Q4U,4RGJ,1,A,1.82,3Q4U,Crystal structure of the ACVR1 kinase domain in complex with LDN-193189,X-RAY DIFFRACTION,LDN|EDO|FLC,,25195294|174|31348,Q04771,90,23646137.0,10.1371/journal.pone.0062721,PMC3639963,19501817.0,"Sanvitale CE, Kerr G, Chaikuad A, Ramel M, Mohedas AH, Reichert S, Wang Y, Triffitt JT, Cuny GD, Yu PB, Hill CS, Bullock AN. A New Class of Small Molecule Inhibitor of BMP Signaling. PLoS ONE. 2013 Apr 30;8(4):e62721. doi: 10.1371/journal.pone.0062721.",25195294
188,56.2,211.0,3Q4U_1|Chains, CELL DIVISION CONTROL PROTEIN 2 HOMOLOG [Plasmodium falciparum],26.066,pdb|1V0B|A,3.7e-09,Chain A,3Q4U,1V0B,1,A,1.82,3Q4U,Crystal structure of the ACVR1 kinase domain in complex with LDN-193189,X-RAY DIFFRACTION,LDN|EDO|FLC,,25195294|174|31348,Q04771,90,23646137.0,10.1371/journal.pone.0062721,PMC3639963,19501817.0,"Sanvitale CE, Kerr G, Chaikuad A, Ramel M, Mohedas AH, Reichert S, Wang Y, Triffitt JT, Cuny GD, Yu PB, Hill CS, Bullock AN. A New Class of Small Molecule Inhibitor of BMP Signaling. PLoS ONE. 2013 Apr 30;8(4):e62721. doi: 10.1371/journal.pone.0062721.",25195294
189,56.2,211.0,3Q4U_1|Chains, CELL DIVISION CONTROL PROTEIN 2 HOMOLOG [Plasmodium falciparum],26.066,pdb|1V0O|A,3.73e-09,Chain A,3Q4U,1V0O,1,A,1.82,3Q4U,Crystal structure of the ACVR1 kinase domain in complex with LDN-193189,X-RAY DIFFRACTION,LDN|EDO|FLC,,25195294|174|31348,Q04771,90,23646137.0,10.1371/journal.pone.0062721,PMC3639963,19501817.0,"Sanvitale CE, Kerr G, Chaikuad A, Ramel M, Mohedas AH, Reichert S, Wang Y, Triffitt JT, Cuny GD, Yu PB, Hill CS, Bullock AN. A New Class of Small Molecule Inhibitor of BMP Signaling. PLoS ONE. 2013 Apr 30;8(4):e62721. doi: 10.1371/journal.pone.0062721.",25195294
190,55.8,211.0,3Q4U_1|Chains, CELL DIVISION CONTROL PROTEIN 2 HOMOLOG [Plasmodium falciparum],25.592,pdb|1OB3|A,5.46e-09,Chain A,3Q4U,1OB3,1,A,1.82,3Q4U,Crystal structure of the ACVR1 kinase domain in complex with LDN-193189,X-RAY DIFFRACTION,LDN|EDO|FLC,,25195294|174|31348,Q04771,90,23646137.0,10.1371/journal.pone.0062721,PMC3639963,19501817.0,"Sanvitale CE, Kerr G, Chaikuad A, Ramel M, Mohedas AH, Reichert S, Wang Y, Triffitt JT, Cuny GD, Yu PB, Hill CS, Bullock AN. A New Class of Small Molecule Inhibitor of BMP Signaling. PLoS ONE. 2013 Apr 30;8(4):e62721. doi: 10.1371/journal.pone.0062721.",25195294
191,54.7,193.0,3Q4U_1|Chains, Ser/Thr protein kinase [Plasmodium falciparum],24.352,pdb|2PML|X,1.71e-08,Chain X,3Q4U,2PML,1,X,1.82,3Q4U,Crystal structure of the ACVR1 kinase domain in complex with LDN-193189,X-RAY DIFFRACTION,LDN|EDO|FLC,,25195294|174|31348,Q04771,90,23646137.0,10.1371/journal.pone.0062721,PMC3639963,19501817.0,"Sanvitale CE, Kerr G, Chaikuad A, Ramel M, Mohedas AH, Reichert S, Wang Y, Triffitt JT, Cuny GD, Yu PB, Hill CS, Bullock AN. A New Class of Small Molecule Inhibitor of BMP Signaling. PLoS ONE. 2013 Apr 30;8(4):e62721. doi: 10.1371/journal.pone.0062721.",25195294
192,55.1,251.0,3Q4U_1|Chains, CGMP-dependent protein kinase [Plasmodium falciparum],25.896,pdb|5DYK|A,2.28e-08,Chain A,3Q4U,5DYK,1,A,1.82,3Q4U,Crystal structure of the ACVR1 kinase domain in complex with LDN-193189,X-RAY DIFFRACTION,LDN|EDO|FLC,,25195294|174|31348,Q04771,90,23646137.0,10.1371/journal.pone.0062721,PMC3639963,19501817.0,"Sanvitale CE, Kerr G, Chaikuad A, Ramel M, Mohedas AH, Reichert S, Wang Y, Triffitt JT, Cuny GD, Yu PB, Hill CS, Bullock AN. A New Class of Small Molecule Inhibitor of BMP Signaling. PLoS ONE. 2013 Apr 30;8(4):e62721. doi: 10.1371/journal.pone.0062721.",25195294
193,105.0,334.0,3Q70_1|Chain, Plasmepsin 2 [Plasmodium falciparum],27.545,pdb|1LEE|A,9.16e-26,Chain A,3Q70,1LEE,1,A,1.4,3Q70,Secreted aspartic protease in complex with ritonavir,X-RAY DIFFRACTION,ZN|MRD|RIT,,5288845|32051|392622,P0CS83,,,,,,,392622
194,104.0,334.0,3Q70_1|Chain, Plasmepsin-2 [Plasmodium falciparum],27.246,pdb|3F9Q|A,1.17e-25,Chain A,3Q70,3F9Q,1,A,1.4,3Q70,Secreted aspartic protease in complex with ritonavir,X-RAY DIFFRACTION,ZN|MRD|RIT,,5288845|32051|392622,P0CS83,,,,,,,392622
195,104.0,334.0,3Q70_1|Chain, Plasmepsin II [Plasmodium falciparum],27.545,pdb|1ME6|A,1.51e-25,Chain A,3Q70,1ME6,1,A,1.4,3Q70,Secreted aspartic protease in complex with ritonavir,X-RAY DIFFRACTION,ZN|MRD|RIT,,5288845|32051|392622,P0CS83,,,,,,,392622
196,104.0,334.0,3Q70_1|Chain, plasmepsin 2 [Plasmodium falciparum],27.545,pdb|1LF3|A,1.71e-25,Chain A,3Q70,1LF3,1,A,1.4,3Q70,Secreted aspartic protease in complex with ritonavir,X-RAY DIFFRACTION,ZN|MRD|RIT,,5288845|32051|392622,P0CS83,,,,,,,392622
197,104.0,334.0,3Q70_1|Chain, Plasmepsin-2 [Plasmodium falciparum],27.545,pdb|5BWY|A,3.6e-25,Chain A,3Q70,5BWY,1,A,1.4,3Q70,Secreted aspartic protease in complex with ritonavir,X-RAY DIFFRACTION,ZN|MRD|RIT,,5288845|32051|392622,P0CS83,,,,,,,392622
198,103.0,334.0,3Q70_1|Chain, Proplasmepsin Ii [Plasmodium falciparum],27.545,pdb|1PFZ|A,4.75e-25,Chain A,3Q70,1PFZ,1,A,1.4,3Q70,Secreted aspartic protease in complex with ritonavir,X-RAY DIFFRACTION,ZN|MRD|RIT,,5288845|32051|392622,P0CS83,,,,,,,392622
199,103.0,334.0,3Q70_1|Chain, Plasmepsin Ii [Plasmodium falciparum],27.545,pdb|2BJU|A,1.05e-24,Chain A,3Q70,2BJU,1,A,1.4,3Q70,Secreted aspartic protease in complex with ritonavir,X-RAY DIFFRACTION,ZN|MRD|RIT,,5288845|32051|392622,P0CS83,,,,,,,392622
200,1248.0,608.0,3QGT_1|Chains, Bifunctional dihydrofolate reductase-thymidylate synthase [Plasmodium falciparum],100.0,pdb|3QGT|A,0.0,Chain A,3QGT,3QGT,1,A,2.3,3QGT,"Crystal structure of Wild-type PfDHFR-TS COMPLEXED WITH NADPH, dUMP AND PYRIMETHAMINE",X-RAY DIFFRACTION,CP6|NDP|UMP,,65063|4993|5884,,,21650210.0,10.1021/cb200124r,,32257272.0,"Vanichtanankul J, Taweechai S, Yuvaniyama J, Vilaivan T, Chitnumsub P, Kamchonwongpaisan S, Yuthavong Y. Trypanosomal dihydrofolate reductase reveals natural antifolate resistance. ACS Chem Biol. 2011 Sep 16;6(9):905–11. doi: 10.1021/cb200124r. PMID: 21650210.",4993
201,1244.0,608.0,3QGT_1|Chains, Bifunctional dihydrofolate reductase-thymidylate synthase [Plasmodium falciparum],99.671,pdb|3UM5|A,0.0,Chain A,3QGT,3UM5,1,A,2.3,3QGT,"Crystal structure of Wild-type PfDHFR-TS COMPLEXED WITH NADPH, dUMP AND PYRIMETHAMINE",X-RAY DIFFRACTION,CP6|NDP|UMP,,65063|4993|5884,,,21650210.0,10.1021/cb200124r,,32257272.0,"Vanichtanankul J, Taweechai S, Yuvaniyama J, Vilaivan T, Chitnumsub P, Kamchonwongpaisan S, Yuthavong Y. Trypanosomal dihydrofolate reductase reveals natural antifolate resistance. ACS Chem Biol. 2011 Sep 16;6(9):905–11. doi: 10.1021/cb200124r. PMID: 21650210.",4993
202,209.0,333.0,3SOA_1|Chain, Calcium-dependent protein kinase 4 [Plasmodium falciparum],34.835,pdb|4RGJ|A,3.99e-62,Chain A,3SOA,4RGJ,1,A,3.5501,3SOA,Full-length human CaMKII,X-RAY DIFFRACTION,DB8,,5328940,Q9UQM7,815,21884935.0,10.1016/j.cell.2011.07.038,PMC3184253,7285371.0,"Chao L, Stratton M, Lee I, Rosenberg O, Levitz J, Mandell D, Kortemme T, Groves J, Schulman H, Kuriyan J. A Mechanism for Tunable Autoinhibition in the Structure of a Human Ca2+/Calmodulin- Dependent Kinase II Holoenzyme. Cell. 2011 Sep;146(5):732–45. doi: 10.1016/j.cell.2011.07.038.",5328940
203,130.0,265.0,3SOA_1|Chain, CGMP-dependent protein kinase [Plasmodium falciparum],32.83,pdb|5DYK|A,1.8900000000000002e-32,Chain A,3SOA,5DYK,1,A,3.5501,3SOA,Full-length human CaMKII,X-RAY DIFFRACTION,DB8,,5328940,Q9UQM7,815,21884935.0,10.1016/j.cell.2011.07.038,PMC3184253,7285371.0,"Chao L, Stratton M, Lee I, Rosenberg O, Levitz J, Mandell D, Kortemme T, Groves J, Schulman H, Kuriyan J. A Mechanism for Tunable Autoinhibition in the Structure of a Human Ca2+/Calmodulin- Dependent Kinase II Holoenzyme. Cell. 2011 Sep;146(5):732–45. doi: 10.1016/j.cell.2011.07.038.",5328940
204,371.0,288.0,3TI1_1|Chain, CELL DIVISION CONTROL PROTEIN 2 HOMOLOG [Plasmodium falciparum],63.194,pdb|1V0O|A,4.13e-130,Chain A,3TI1,1V0O,1,A,1.99,3TI1,CDK2 in complex with SUNITINIB,X-RAY DIFFRACTION,EDO|B49,,5329102|174,1B38_A|1OIR_A|P24941|4ERW_A|2UZB_A|2IW8_A|3EZR_A|2R3I_A|3PXF_A|1OGU_A|2IW6_A|1OIT_A|3MY5_A|1E9H_A|1H01_A|1PF8_A|2DS1_A|1H1P_A|4I3Z_A|1P5E_A|1VYW_A,1017,22893598.0,10.1002/cbic.201200316,PMC3483082,10681282.0,"Martin MP, Alam R, Betzi S, Ingles DJ, Zhu JY, Schönbrunn E. A novel approach to the discovery of small-molecule ligands of CDK2. Chembiochem. 2012 Sep 24;13(14):2128–36. PMID: 22893598; PMCID: PMC3483082.",5329102
205,371.0,288.0,3TI1_1|Chain, CELL DIVISION CONTROL PROTEIN 2 HOMOLOG [Plasmodium falciparum],63.194,pdb|1V0B|A,4.3600000000000004e-130,Chain A,3TI1,1V0B,1,A,1.99,3TI1,CDK2 in complex with SUNITINIB,X-RAY DIFFRACTION,EDO|B49,,5329102|174,1B38_A|1OIR_A|P24941|4ERW_A|2UZB_A|2IW8_A|3EZR_A|2R3I_A|3PXF_A|1OGU_A|2IW6_A|1OIT_A|3MY5_A|1E9H_A|1H01_A|1PF8_A|2DS1_A|1H1P_A|4I3Z_A|1P5E_A|1VYW_A,1017,22893598.0,10.1002/cbic.201200316,PMC3483082,10681282.0,"Martin MP, Alam R, Betzi S, Ingles DJ, Zhu JY, Schönbrunn E. A novel approach to the discovery of small-molecule ligands of CDK2. Chembiochem. 2012 Sep 24;13(14):2128–36. PMID: 22893598; PMCID: PMC3483082.",5329102
206,370.0,288.0,3TI1_1|Chain, CELL DIVISION CONTROL PROTEIN 2 HOMOLOG [Plasmodium falciparum],62.847,pdb|1OB3|A,6.25e-130,Chain A,3TI1,1OB3,1,A,1.99,3TI1,CDK2 in complex with SUNITINIB,X-RAY DIFFRACTION,EDO|B49,,5329102|174,1B38_A|1OIR_A|P24941|4ERW_A|2UZB_A|2IW8_A|3EZR_A|2R3I_A|3PXF_A|1OGU_A|2IW6_A|1OIT_A|3MY5_A|1E9H_A|1H01_A|1PF8_A|2DS1_A|1H1P_A|4I3Z_A|1P5E_A|1VYW_A,1017,22893598.0,10.1002/cbic.201200316,PMC3483082,10681282.0,"Martin MP, Alam R, Betzi S, Ingles DJ, Zhu JY, Schönbrunn E. A novel approach to the discovery of small-molecule ligands of CDK2. Chembiochem. 2012 Sep 24;13(14):2128–36. PMID: 22893598; PMCID: PMC3483082.",5329102
207,166.0,350.0,3TI1_1|Chain, MAP2 kinase [Plasmodium falciparum],32.857,pdb|3NIE|A,2.02e-48,Chain A,3TI1,3NIE,1,A,1.99,3TI1,CDK2 in complex with SUNITINIB,X-RAY DIFFRACTION,EDO|B49,,5329102|174,1B38_A|1OIR_A|P24941|4ERW_A|2UZB_A|2IW8_A|3EZR_A|2R3I_A|3PXF_A|1OGU_A|2IW6_A|1OIT_A|3MY5_A|1E9H_A|1H01_A|1PF8_A|2DS1_A|1H1P_A|4I3Z_A|1P5E_A|1VYW_A,1017,22893598.0,10.1002/cbic.201200316,PMC3483082,10681282.0,"Martin MP, Alam R, Betzi S, Ingles DJ, Zhu JY, Schönbrunn E. A novel approach to the discovery of small-molecule ligands of CDK2. Chembiochem. 2012 Sep 24;13(14):2128–36. PMID: 22893598; PMCID: PMC3483082.",5329102
208,97.8,334.0,3TNE_1|Chains, Plasmepsin-2 [Plasmodium falciparum],27.545,pdb|3F9Q|A,3.9399999999999996e-23,Chain A,3TNE,3F9Q,1,A,2.4,3TNE,The crystal structure of protease Sapp1p from Candida parapsilosis in complex with the HIV protease inhibitor ritonavir,X-RAY DIFFRACTION,RIT,,392622,P32951|3FV3_B,,22146051.0,10.3109/14756366.2011.627508,,15390316.0,"Dostál J, Brynda J, Hrušková-Heidingsfeldová O, Pachl P, Pichová I, Rezácová P. The crystal structure of protease Sapp1p from <i>Candida parapsilosis</i> in complex with the HIV protease inhibitor ritonavir. Journal of Enzyme Inhibition and Medicinal Chemistry. 2011 Dec 06;27(1):160–5. doi: 10.3109/14756366.2011.627508.",392622
209,97.8,331.0,3TNE_1|Chains, Plasmepsin II [Plasmodium falciparum],28.399,pdb|1ME6|A,4.0599999999999995e-23,Chain A,3TNE,1ME6,1,A,2.4,3TNE,The crystal structure of protease Sapp1p from Candida parapsilosis in complex with the HIV protease inhibitor ritonavir,X-RAY DIFFRACTION,RIT,,392622,P32951|3FV3_B,,22146051.0,10.3109/14756366.2011.627508,,15390316.0,"Dostál J, Brynda J, Hrušková-Heidingsfeldová O, Pachl P, Pichová I, Rezácová P. The crystal structure of protease Sapp1p from <i>Candida parapsilosis</i> in complex with the HIV protease inhibitor ritonavir. Journal of Enzyme Inhibition and Medicinal Chemistry. 2011 Dec 06;27(1):160–5. doi: 10.3109/14756366.2011.627508.",392622
210,97.8,334.0,3TNE_1|Chains, Plasmepsin 2 [Plasmodium falciparum],27.545,pdb|1LEE|A,4.1e-23,Chain A,3TNE,1LEE,1,A,2.4,3TNE,The crystal structure of protease Sapp1p from Candida parapsilosis in complex with the HIV protease inhibitor ritonavir,X-RAY DIFFRACTION,RIT,,392622,P32951|3FV3_B,,22146051.0,10.3109/14756366.2011.627508,,15390316.0,"Dostál J, Brynda J, Hrušková-Heidingsfeldová O, Pachl P, Pichová I, Rezácová P. The crystal structure of protease Sapp1p from <i>Candida parapsilosis</i> in complex with the HIV protease inhibitor ritonavir. Journal of Enzyme Inhibition and Medicinal Chemistry. 2011 Dec 06;27(1):160–5. doi: 10.3109/14756366.2011.627508.",392622
211,97.8,331.0,3TNE_1|Chains, plasmepsin 2 [Plasmodium falciparum],28.399,pdb|1LF3|A,4.2199999999999997e-23,Chain A,3TNE,1LF3,1,A,2.4,3TNE,The crystal structure of protease Sapp1p from Candida parapsilosis in complex with the HIV protease inhibitor ritonavir,X-RAY DIFFRACTION,RIT,,392622,P32951|3FV3_B,,22146051.0,10.3109/14756366.2011.627508,,15390316.0,"Dostál J, Brynda J, Hrušková-Heidingsfeldová O, Pachl P, Pichová I, Rezácová P. The crystal structure of protease Sapp1p from <i>Candida parapsilosis</i> in complex with the HIV protease inhibitor ritonavir. Journal of Enzyme Inhibition and Medicinal Chemistry. 2011 Dec 06;27(1):160–5. doi: 10.3109/14756366.2011.627508.",392622
212,97.8,331.0,3TNE_1|Chains, Plasmepsin-2 [Plasmodium falciparum],28.399,pdb|5BWY|A,5.98e-23,Chain A,3TNE,5BWY,1,A,2.4,3TNE,The crystal structure of protease Sapp1p from Candida parapsilosis in complex with the HIV protease inhibitor ritonavir,X-RAY DIFFRACTION,RIT,,392622,P32951|3FV3_B,,22146051.0,10.3109/14756366.2011.627508,,15390316.0,"Dostál J, Brynda J, Hrušková-Heidingsfeldová O, Pachl P, Pichová I, Rezácová P. The crystal structure of protease Sapp1p from <i>Candida parapsilosis</i> in complex with the HIV protease inhibitor ritonavir. Journal of Enzyme Inhibition and Medicinal Chemistry. 2011 Dec 06;27(1):160–5. doi: 10.3109/14756366.2011.627508.",392622
213,97.4,337.0,3TNE_1|Chains, Plasmepsin-1 [Plasmodium falciparum],27.003,pdb|3QRV|A,6.03e-23,Chain A,3TNE,3QRV,1,A,2.4,3TNE,The crystal structure of protease Sapp1p from Candida parapsilosis in complex with the HIV protease inhibitor ritonavir,X-RAY DIFFRACTION,RIT,,392622,P32951|3FV3_B,,22146051.0,10.3109/14756366.2011.627508,,15390316.0,"Dostál J, Brynda J, Hrušková-Heidingsfeldová O, Pachl P, Pichová I, Rezácová P. The crystal structure of protease Sapp1p from <i>Candida parapsilosis</i> in complex with the HIV protease inhibitor ritonavir. Journal of Enzyme Inhibition and Medicinal Chemistry. 2011 Dec 06;27(1):160–5. doi: 10.3109/14756366.2011.627508.",392622
214,97.8,331.0,3TNE_1|Chains, Proplasmepsin Ii [Plasmodium falciparum],28.399,pdb|1PFZ|A,6.489999999999999e-23,Chain A,3TNE,1PFZ,1,A,2.4,3TNE,The crystal structure of protease Sapp1p from Candida parapsilosis in complex with the HIV protease inhibitor ritonavir,X-RAY DIFFRACTION,RIT,,392622,P32951|3FV3_B,,22146051.0,10.3109/14756366.2011.627508,,15390316.0,"Dostál J, Brynda J, Hrušková-Heidingsfeldová O, Pachl P, Pichová I, Rezácová P. The crystal structure of protease Sapp1p from <i>Candida parapsilosis</i> in complex with the HIV protease inhibitor ritonavir. Journal of Enzyme Inhibition and Medicinal Chemistry. 2011 Dec 06;27(1):160–5. doi: 10.3109/14756366.2011.627508.",392622
215,97.8,331.0,3TNE_1|Chains, Plasmepsin Ii [Plasmodium falciparum],28.399,pdb|2BJU|A,1.09e-22,Chain A,3TNE,2BJU,1,A,2.4,3TNE,The crystal structure of protease Sapp1p from Candida parapsilosis in complex with the HIV protease inhibitor ritonavir,X-RAY DIFFRACTION,RIT,,392622,P32951|3FV3_B,,22146051.0,10.3109/14756366.2011.627508,,15390316.0,"Dostál J, Brynda J, Hrušková-Heidingsfeldová O, Pachl P, Pichová I, Rezácová P. The crystal structure of protease Sapp1p from <i>Candida parapsilosis</i> in complex with the HIV protease inhibitor ritonavir. Journal of Enzyme Inhibition and Medicinal Chemistry. 2011 Dec 06;27(1):160–5. doi: 10.3109/14756366.2011.627508.",392622
216,1247.0,608.0,3UM5_1|Chains, Bifunctional dihydrofolate reductase-thymidylate synthase [Plasmodium falciparum],100.0,pdb|3UM5|A,0.0,Chain A,3UM5,3UM5,1,A,2.4,3UM5,"Double mutant (A16V+S108T) Plasmodium falciparum dihydrofolate reductase-thymidylate synthase (PfDHFR-TS-T9/94) complexed with pyrimethamine, NADPH, and dUMP",X-RAY DIFFRACTION,CP6|NDP|UMP,,65063|4993|5884,,,22526319.0,10.1128/aac.00301-12,PMC3393428,18768490.0,"Vanichtanankul J, Taweechai S, Uttamapinant C, Chitnumsub P, Vilaivan T, Yuthavong Y, Kamchonwongpaisan S. Combined spatial limitation around residues 16 and 108 of Plasmodium falciparum dihydrofolate reductase explains resistance to cycloguanil. Antimicrob Agents Chemother. 2012 Jul;56(7):3928–35. PMID: 22526319; PMCID: PMC3393428.",4993
217,1244.0,608.0,3UM5_1|Chains, Bifunctional dihydrofolate reductase-thymidylate synthase [Plasmodium falciparum],99.671,pdb|3QGT|A,0.0,Chain A,3UM5,3QGT,1,A,2.4,3UM5,"Double mutant (A16V+S108T) Plasmodium falciparum dihydrofolate reductase-thymidylate synthase (PfDHFR-TS-T9/94) complexed with pyrimethamine, NADPH, and dUMP",X-RAY DIFFRACTION,CP6|NDP|UMP,,65063|4993|5884,,,22526319.0,10.1128/aac.00301-12,PMC3393428,18768490.0,"Vanichtanankul J, Taweechai S, Uttamapinant C, Chitnumsub P, Vilaivan T, Yuthavong Y, Kamchonwongpaisan S. Combined spatial limitation around residues 16 and 108 of Plasmodium falciparum dihydrofolate reductase explains resistance to cycloguanil. Antimicrob Agents Chemother. 2012 Jul;56(7):3928–35. PMID: 22526319; PMCID: PMC3393428.",4993
218,65.5,131.0,3WFH_1|Chain, single chain Fv [Plasmodium falciparum],30.534,pdb|8EZL|H,8.18e-13,Chain H,3WFH,8EZL,1,H,1.9,3WFH,Crystal structure of anti-Prostaglandin E2 Fab fragment PGE2 complex,X-RAY DIFFRACTION,P2E,,5280360,,,,,,,,5280360
219,55.8,120.0,3WFH_2|Chain, single chain Fv [Plasmodium falciparum],34.167,pdb|8EZL|H,1.97e-09,Chain H,3WFH,8EZL,2,H,1.9,3WFH,Crystal structure of anti-Prostaglandin E2 Fab fragment PGE2 complex,X-RAY DIFFRACTION,P2E,,5280360,,,,,,,,5280360
220,82.8,228.0,3ZBF_1|Chain, Calcium-dependent protein kinase 4 [Plasmodium falciparum],28.509,pdb|4RGJ|A,1.42e-17,Chain A,3ZBF,4RGJ,1,A,2.2,3ZBF,Structure of Human ROS1 Kinase Domain in Complex with Crizotinib,X-RAY DIFFRACTION,VGH,,11626560,P08922,6098,23724914.0,10.1056/nejmoa1215530,PMC3878821,5248618.0,"Awad MM, Katayama R, McTigue M, Liu W, Deng Y, Brooun A, Friboulet L, Huang D, Falk MD, Timofeevski S, Wilner KD, Lockerman EL, Khan TM, Mahmood S, Gainor JF, Digumarthy SR, Stone JR, Mino-Kenudson M, Christensen JG, Iafrate AJ, Engelman JA, Shaw AT. Acquired Resistance to Crizotinib from a Mutation in <i>CD74</i>–<i>ROS1</i>. N Engl J Med. 2013 Jun 20;368(25):2395–401. doi: 10.1056/nejmoa1215530.",11626560
221,60.5,297.0,3ZBF_1|Chain, CGMP-dependent protein kinase [Plasmodium falciparum],24.242,pdb|5DYK|A,4.01e-10,Chain A,3ZBF,5DYK,1,A,2.2,3ZBF,Structure of Human ROS1 Kinase Domain in Complex with Crizotinib,X-RAY DIFFRACTION,VGH,,11626560,P08922,6098,23724914.0,10.1056/nejmoa1215530,PMC3878821,5248618.0,"Awad MM, Katayama R, McTigue M, Liu W, Deng Y, Brooun A, Friboulet L, Huang D, Falk MD, Timofeevski S, Wilner KD, Lockerman EL, Khan TM, Mahmood S, Gainor JF, Digumarthy SR, Stone JR, Mino-Kenudson M, Christensen JG, Iafrate AJ, Engelman JA, Shaw AT. Acquired Resistance to Crizotinib from a Mutation in <i>CD74</i>–<i>ROS1</i>. N Engl J Med. 2013 Jun 20;368(25):2395–401. doi: 10.1056/nejmoa1215530.",11626560
222,162.0,302.0,4ACD_1|Chains, CELL DIVISION CONTROL PROTEIN 2 HOMOLOG [Plasmodium falciparum],33.113,pdb|1OB3|A,2.5899999999999997e-46,Chain A,4ACD,1OB3,1,A,2.6,4ACD,GSK3b in complex with inhibitor,X-RAY DIFFRACTION,GR9,,10138980,3ZRK_A|4AFJ_A|P49841|2OW3_A|1Q3D_A|3F88_A|1Q5K_A|3GB2_A|3F7Z_A|3DU8_A|4ACC_A|2O5K_A|1UV5_A,2932,22489897.0,10.1021/jm201724m,,22809916.0,"Berg S, Bergh M, Hellberg S, Högdin K, Lo-Alfredsson Y, Söderman P, von Berg S, Weigelt T, Ormö M, Xue Y, Tucker J, Neelissen J, Jerning E, Nilsson Y, Bhat R. Discovery of novel potent and highly selective glycogen synthase kinase-3ß (GSK3ß) inhibitors for Alzheimer's disease: design, synthesis, and characterization of pyrazines. J Med Chem. 2012 Nov 08;55(21):9107–19. doi: 10.1021/jm201724m. PMID: 22489897.",10138980
223,161.0,302.0,4ACD_1|Chains, CELL DIVISION CONTROL PROTEIN 2 HOMOLOG [Plasmodium falciparum],32.781,pdb|1V0O|A,4.4199999999999995e-46,Chain A,4ACD,1V0O,1,A,2.6,4ACD,GSK3b in complex with inhibitor,X-RAY DIFFRACTION,GR9,,10138980,3ZRK_A|4AFJ_A|P49841|2OW3_A|1Q3D_A|3F88_A|1Q5K_A|3GB2_A|3F7Z_A|3DU8_A|4ACC_A|2O5K_A|1UV5_A,2932,22489897.0,10.1021/jm201724m,,22809916.0,"Berg S, Bergh M, Hellberg S, Högdin K, Lo-Alfredsson Y, Söderman P, von Berg S, Weigelt T, Ormö M, Xue Y, Tucker J, Neelissen J, Jerning E, Nilsson Y, Bhat R. Discovery of novel potent and highly selective glycogen synthase kinase-3ß (GSK3ß) inhibitors for Alzheimer's disease: design, synthesis, and characterization of pyrazines. J Med Chem. 2012 Nov 08;55(21):9107–19. doi: 10.1021/jm201724m. PMID: 22489897.",10138980
224,161.0,302.0,4ACD_1|Chains, CELL DIVISION CONTROL PROTEIN 2 HOMOLOG [Plasmodium falciparum],32.781,pdb|1V0B|A,4.5599999999999996e-46,Chain A,4ACD,1V0B,1,A,2.6,4ACD,GSK3b in complex with inhibitor,X-RAY DIFFRACTION,GR9,,10138980,3ZRK_A|4AFJ_A|P49841|2OW3_A|1Q3D_A|3F88_A|1Q5K_A|3GB2_A|3F7Z_A|3DU8_A|4ACC_A|2O5K_A|1UV5_A,2932,22489897.0,10.1021/jm201724m,,22809916.0,"Berg S, Bergh M, Hellberg S, Högdin K, Lo-Alfredsson Y, Söderman P, von Berg S, Weigelt T, Ormö M, Xue Y, Tucker J, Neelissen J, Jerning E, Nilsson Y, Bhat R. Discovery of novel potent and highly selective glycogen synthase kinase-3ß (GSK3ß) inhibitors for Alzheimer's disease: design, synthesis, and characterization of pyrazines. J Med Chem. 2012 Nov 08;55(21):9107–19. doi: 10.1021/jm201724m. PMID: 22489897.",10138980
225,122.0,379.0,4ACD_1|Chains, MAP2 kinase [Plasmodium falciparum],28.496,pdb|3NIE|A,1.0799999999999999e-30,Chain A,4ACD,3NIE,1,A,2.6,4ACD,GSK3b in complex with inhibitor,X-RAY DIFFRACTION,GR9,,10138980,3ZRK_A|4AFJ_A|P49841|2OW3_A|1Q3D_A|3F88_A|1Q5K_A|3GB2_A|3F7Z_A|3DU8_A|4ACC_A|2O5K_A|1UV5_A,2932,22489897.0,10.1021/jm201724m,,22809916.0,"Berg S, Bergh M, Hellberg S, Högdin K, Lo-Alfredsson Y, Söderman P, von Berg S, Weigelt T, Ormö M, Xue Y, Tucker J, Neelissen J, Jerning E, Nilsson Y, Bhat R. Discovery of novel potent and highly selective glycogen synthase kinase-3ß (GSK3ß) inhibitors for Alzheimer's disease: design, synthesis, and characterization of pyrazines. J Med Chem. 2012 Nov 08;55(21):9107–19. doi: 10.1021/jm201724m. PMID: 22489897.",10138980
226,82.8,219.0,4ALI_1|Chains, Enoyl-ACP reductase [Plasmodium falciparum],28.311,pdb|3AM3|A,3.31e-18,Chain A,4ALI,3AM3,1,A,2.1,4ALI,Crystal structure of S. aureus FabI in complex with NADP and triclosan (P1),X-RAY DIFFRACTION,TCL|NAP|GLU,,5885|5564|33032,,,22579249.0,10.1016/j.str.2012.03.013,PMC3376755,14752799.0,"Schiebel J, Chang A, Lu H, Baxter MV, Tonge PJ, Kisker C. Staphylococcus aureus FabI: inhibition, substrate recognition, and potential implications for in vivo essentiality. Structure. 2012 May 09;20(5):802–13. PMID: 22579249; PMCID: PMC3376755.",5564
227,82.4,219.0,4ALI_1|Chains, ENOYL-ACYL CARRIER REDUCTASE [Plasmodium falciparum],29.224,pdb|1VRW|A,4.76e-18,Chain A,4ALI,1VRW,1,A,2.1,4ALI,Crystal structure of S. aureus FabI in complex with NADP and triclosan (P1),X-RAY DIFFRACTION,TCL|NAP|GLU,,5885|5564|33032,,,22579249.0,10.1016/j.str.2012.03.013,PMC3376755,14752799.0,"Schiebel J, Chang A, Lu H, Baxter MV, Tonge PJ, Kisker C. Staphylococcus aureus FabI: inhibition, substrate recognition, and potential implications for in vivo essentiality. Structure. 2012 May 09;20(5):802–13. PMID: 22579249; PMCID: PMC3376755.",5564
228,82.4,219.0,4ALI_1|Chains, enoyl-ACP reductase [Plasmodium falciparum],29.224,pdb|1UH5|A,4.76e-18,Chain A,4ALI,1UH5,1,A,2.1,4ALI,Crystal structure of S. aureus FabI in complex with NADP and triclosan (P1),X-RAY DIFFRACTION,TCL|NAP|GLU,,5885|5564|33032,,,22579249.0,10.1016/j.str.2012.03.013,PMC3376755,14752799.0,"Schiebel J, Chang A, Lu H, Baxter MV, Tonge PJ, Kisker C. Staphylococcus aureus FabI: inhibition, substrate recognition, and potential implications for in vivo essentiality. Structure. 2012 May 09;20(5):802–13. PMID: 22579249; PMCID: PMC3376755.",5564
229,82.0,219.0,4ALI_1|Chains, Enoyl-acyl carrier reductase [Plasmodium falciparum],29.224,pdb|2OL4|A,5.61e-18,Chain A,4ALI,2OL4,1,A,2.1,4ALI,Crystal structure of S. aureus FabI in complex with NADP and triclosan (P1),X-RAY DIFFRACTION,TCL|NAP|GLU,,5885|5564|33032,,,22579249.0,10.1016/j.str.2012.03.013,PMC3376755,14752799.0,"Schiebel J, Chang A, Lu H, Baxter MV, Tonge PJ, Kisker C. Staphylococcus aureus FabI: inhibition, substrate recognition, and potential implications for in vivo essentiality. Structure. 2012 May 09;20(5):802–13. PMID: 22579249; PMCID: PMC3376755.",5564
230,80.5,219.0,4ALI_1|Chains, Enoyl-ACP reductase [Plasmodium falciparum],29.224,pdb|3AM5|A,1.88e-17,Chain A,4ALI,3AM5,1,A,2.1,4ALI,Crystal structure of S. aureus FabI in complex with NADP and triclosan (P1),X-RAY DIFFRACTION,TCL|NAP|GLU,,5885|5564|33032,,,22579249.0,10.1016/j.str.2012.03.013,PMC3376755,14752799.0,"Schiebel J, Chang A, Lu H, Baxter MV, Tonge PJ, Kisker C. Staphylococcus aureus FabI: inhibition, substrate recognition, and potential implications for in vivo essentiality. Structure. 2012 May 09;20(5):802–13. PMID: 22579249; PMCID: PMC3376755.",5564
231,67.4,133.0,4ALI_1|Chains, enoyl-acyl carrier reductase [Plasmodium falciparum],36.09,pdb|1NHG|A,3.17e-13,Chain A,4ALI,1NHG,1,A,2.1,4ALI,Crystal structure of S. aureus FabI in complex with NADP and triclosan (P1),X-RAY DIFFRACTION,TCL|NAP|GLU,,5885|5564|33032,,,22579249.0,10.1016/j.str.2012.03.013,PMC3376755,14752799.0,"Schiebel J, Chang A, Lu H, Baxter MV, Tonge PJ, Kisker C. Staphylococcus aureus FabI: inhibition, substrate recognition, and potential implications for in vivo essentiality. Structure. 2012 May 09;20(5):802–13. PMID: 22579249; PMCID: PMC3376755.",5564
232,170.0,257.0,4C2V_1|Chains, Calcium-dependent protein kinase 4 [Plasmodium falciparum],35.409,pdb|4RGJ|A,2.84e-49,Chain A,4C2V,4RGJ,1,A,1.49,4C2V,Aurora B kinase in complex with the specific inhibitor Barasertib,X-RAY DIFFRACTION,YJA,,16007391,O13024|Q6DE08|2VGO_A,398105|398457,24598913.0,10.1107/s2053230x14002118,PMC3944688,32988525.0,"Sessa F, Villa F. Structure of Aurora B-INCENP in complex with barasertib reveals a potential transinhibitory mechanism. Acta Crystallogr F Struct Biol Commun. 2014 Mar;70(Pt 3):294–8. PMID: 24598913; PMCID: PMC3944688.",16007391
233,158.0,293.0,4C2V_1|Chains, CGMP-dependent protein kinase [Plasmodium falciparum],31.741,pdb|5DYK|A,1.3100000000000001e-43,Chain A,4C2V,5DYK,1,A,1.49,4C2V,Aurora B kinase in complex with the specific inhibitor Barasertib,X-RAY DIFFRACTION,YJA,,16007391,O13024|Q6DE08|2VGO_A,398105|398457,24598913.0,10.1107/s2053230x14002118,PMC3944688,32988525.0,"Sessa F, Villa F. Structure of Aurora B-INCENP in complex with barasertib reveals a potential transinhibitory mechanism. Acta Crystallogr F Struct Biol Commun. 2014 Mar;70(Pt 3):294–8. PMID: 24598913; PMCID: PMC3944688.",16007391
234,129.0,290.0,4C2V_1|Chains, CELL DIVISION CONTROL PROTEIN 2 HOMOLOG [Plasmodium falciparum],31.724,pdb|1V0O|A,1.57e-35,Chain A,4C2V,1V0O,1,A,1.49,4C2V,Aurora B kinase in complex with the specific inhibitor Barasertib,X-RAY DIFFRACTION,YJA,,16007391,O13024|Q6DE08|2VGO_A,398105|398457,24598913.0,10.1107/s2053230x14002118,PMC3944688,32988525.0,"Sessa F, Villa F. Structure of Aurora B-INCENP in complex with barasertib reveals a potential transinhibitory mechanism. Acta Crystallogr F Struct Biol Commun. 2014 Mar;70(Pt 3):294–8. PMID: 24598913; PMCID: PMC3944688.",16007391
235,128.0,290.0,4C2V_1|Chains, CELL DIVISION CONTROL PROTEIN 2 HOMOLOG [Plasmodium falciparum],31.724,pdb|1V0B|A,1.75e-35,Chain A,4C2V,1V0B,1,A,1.49,4C2V,Aurora B kinase in complex with the specific inhibitor Barasertib,X-RAY DIFFRACTION,YJA,,16007391,O13024|Q6DE08|2VGO_A,398105|398457,24598913.0,10.1107/s2053230x14002118,PMC3944688,32988525.0,"Sessa F, Villa F. Structure of Aurora B-INCENP in complex with barasertib reveals a potential transinhibitory mechanism. Acta Crystallogr F Struct Biol Commun. 2014 Mar;70(Pt 3):294–8. PMID: 24598913; PMCID: PMC3944688.",16007391
236,128.0,290.0,4C2V_1|Chains, CELL DIVISION CONTROL PROTEIN 2 HOMOLOG [Plasmodium falciparum],32.069,pdb|1OB3|A,1.7800000000000002e-35,Chain A,4C2V,1OB3,1,A,1.49,4C2V,Aurora B kinase in complex with the specific inhibitor Barasertib,X-RAY DIFFRACTION,YJA,,16007391,O13024|Q6DE08|2VGO_A,398105|398457,24598913.0,10.1107/s2053230x14002118,PMC3944688,32988525.0,"Sessa F, Villa F. Structure of Aurora B-INCENP in complex with barasertib reveals a potential transinhibitory mechanism. Acta Crystallogr F Struct Biol Commun. 2014 Mar;70(Pt 3):294–8. PMID: 24598913; PMCID: PMC3944688.",16007391
237,247.0,262.0,4G4S_5|Chain, PROTEASOME SUBUNIT ALPHA TYPE [Plasmodium falciparum],48.473,pdb|5FMG|E,3e-82,Chain E,4G4S,5FMG,5,E,2.49,4G4S,Structure of Proteasome-Pba1-Pba2 Complex,X-RAY DIFFRACTION,LDZ|MG,,888|462382,P40302|P25043|3GPJ_H|4FZC_H|P30657|P23638|P23724|3MG6_L|3OEU_L|3GPJ_Z|P32379|P21242|P21243|3GPJ_I|P25451|4FZC_I|P40303|P36040|P30656|3MG4_K|3NZW_K|3OEU_K|P38624|P23639|Q05778|P22141,855362|854328|850611|853036|852239|853168|854544|852873|856830|854119|853629|856218|853456|854882|850896|856731,22930756.0,10.1074/jbc.m112.367003,PMC3481334,31628111.0,"Stadtmueller BM, Kish-Trier E, Ferrell K, Petersen CN, Robinson H, Myszka DG, Eckert DM, Formosa T, Hill CP. Structure of a proteasome Pba1-Pba2 complex: implications for proteasome assembly, activation, and biological function. J Biol Chem. 2012 Oct 26;287(44):37371–82. PMID: 22930756; PMCID: PMC3481334.",462382
238,162.0,248.0,4G4S_5|Chain, PROTEASOME SUBUNIT ALPHA TYPE [Plasmodium falciparum],39.516,pdb|5FMG|C,4.49e-49,Chain C,4G4S,5FMG,5,C,2.49,4G4S,Structure of Proteasome-Pba1-Pba2 Complex,X-RAY DIFFRACTION,LDZ|MG,,888|462382,P40302|P25043|3GPJ_H|4FZC_H|P30657|P23638|P23724|3MG6_L|3OEU_L|3GPJ_Z|P32379|P21242|P21243|3GPJ_I|P25451|4FZC_I|P40303|P36040|P30656|3MG4_K|3NZW_K|3OEU_K|P38624|P23639|Q05778|P22141,855362|854328|850611|853036|852239|853168|854544|852873|856830|854119|853629|856218|853456|854882|850896|856731,22930756.0,10.1074/jbc.m112.367003,PMC3481334,31628111.0,"Stadtmueller BM, Kish-Trier E, Ferrell K, Petersen CN, Robinson H, Myszka DG, Eckert DM, Formosa T, Hill CP. Structure of a proteasome Pba1-Pba2 complex: implications for proteasome assembly, activation, and biological function. J Biol Chem. 2012 Oct 26;287(44):37371–82. PMID: 22930756; PMCID: PMC3481334.",462382
239,129.0,219.0,4G4S_5|Chain, PROTEASOME SUBUNIT ALPHA TYPE [Plasmodium falciparum],32.877,pdb|5FMG|D,1.24e-36,Chain D,4G4S,5FMG,5,D,2.49,4G4S,Structure of Proteasome-Pba1-Pba2 Complex,X-RAY DIFFRACTION,LDZ|MG,,888|462382,P40302|P25043|3GPJ_H|4FZC_H|P30657|P23638|P23724|3MG6_L|3OEU_L|3GPJ_Z|P32379|P21242|P21243|3GPJ_I|P25451|4FZC_I|P40303|P36040|P30656|3MG4_K|3NZW_K|3OEU_K|P38624|P23639|Q05778|P22141,855362|854328|850611|853036|852239|853168|854544|852873|856830|854119|853629|856218|853456|854882|850896|856731,22930756.0,10.1074/jbc.m112.367003,PMC3481334,31628111.0,"Stadtmueller BM, Kish-Trier E, Ferrell K, Petersen CN, Robinson H, Myszka DG, Eckert DM, Formosa T, Hill CP. Structure of a proteasome Pba1-Pba2 complex: implications for proteasome assembly, activation, and biological function. J Biol Chem. 2012 Oct 26;287(44):37371–82. PMID: 22930756; PMCID: PMC3481334.",462382
240,123.0,249.0,4G4S_6|Chain, PROTEASOME SUBUNIT ALPHA TYPE [Plasmodium falciparum],33.333,pdb|5FMG|E,2.38e-34,Chain E,4G4S,5FMG,6,E,2.49,4G4S,Structure of Proteasome-Pba1-Pba2 Complex,X-RAY DIFFRACTION,LDZ|MG,,888|462382,P40302|P25043|3GPJ_H|4FZC_H|P30657|P23638|P23724|3MG6_L|3OEU_L|3GPJ_Z|P32379|P21242|P21243|3GPJ_I|P25451|4FZC_I|P40303|P36040|P30656|3MG4_K|3NZW_K|3OEU_K|P38624|P23639|Q05778|P22141,855362|854328|850611|853036|852239|853168|854544|852873|856830|854119|853629|856218|853456|854882|850896|856731,22930756.0,10.1074/jbc.m112.367003,PMC3481334,31628111.0,"Stadtmueller BM, Kish-Trier E, Ferrell K, Petersen CN, Robinson H, Myszka DG, Eckert DM, Formosa T, Hill CP. Structure of a proteasome Pba1-Pba2 complex: implications for proteasome assembly, activation, and biological function. J Biol Chem. 2012 Oct 26;287(44):37371–82. PMID: 22930756; PMCID: PMC3481334.",462382
241,113.0,174.0,4G4S_6|Chain, PROTEASOME SUBUNIT ALPHA TYPE [Plasmodium falciparum],40.805,pdb|5FMG|C,1.34e-30,Chain C,4G4S,5FMG,6,C,2.49,4G4S,Structure of Proteasome-Pba1-Pba2 Complex,X-RAY DIFFRACTION,LDZ|MG,,888|462382,P40302|P25043|3GPJ_H|4FZC_H|P30657|P23638|P23724|3MG6_L|3OEU_L|3GPJ_Z|P32379|P21242|P21243|3GPJ_I|P25451|4FZC_I|P40303|P36040|P30656|3MG4_K|3NZW_K|3OEU_K|P38624|P23639|Q05778|P22141,855362|854328|850611|853036|852239|853168|854544|852873|856830|854119|853629|856218|853456|854882|850896|856731,22930756.0,10.1074/jbc.m112.367003,PMC3481334,31628111.0,"Stadtmueller BM, Kish-Trier E, Ferrell K, Petersen CN, Robinson H, Myszka DG, Eckert DM, Formosa T, Hill CP. Structure of a proteasome Pba1-Pba2 complex: implications for proteasome assembly, activation, and biological function. J Biol Chem. 2012 Oct 26;287(44):37371–82. PMID: 22930756; PMCID: PMC3481334.",462382
242,105.0,173.0,4G4S_6|Chain, PROTEASOME SUBUNIT ALPHA TYPE [Plasmodium falciparum],36.994,pdb|5FMG|D,9.68e-28,Chain D,4G4S,5FMG,6,D,2.49,4G4S,Structure of Proteasome-Pba1-Pba2 Complex,X-RAY DIFFRACTION,LDZ|MG,,888|462382,P40302|P25043|3GPJ_H|4FZC_H|P30657|P23638|P23724|3MG6_L|3OEU_L|3GPJ_Z|P32379|P21242|P21243|3GPJ_I|P25451|4FZC_I|P40303|P36040|P30656|3MG4_K|3NZW_K|3OEU_K|P38624|P23639|Q05778|P22141,855362|854328|850611|853036|852239|853168|854544|852873|856830|854119|853629|856218|853456|854882|850896|856731,22930756.0,10.1074/jbc.m112.367003,PMC3481334,31628111.0,"Stadtmueller BM, Kish-Trier E, Ferrell K, Petersen CN, Robinson H, Myszka DG, Eckert DM, Formosa T, Hill CP. Structure of a proteasome Pba1-Pba2 complex: implications for proteasome assembly, activation, and biological function. J Biol Chem. 2012 Oct 26;287(44):37371–82. PMID: 22930756; PMCID: PMC3481334.",462382
243,213.0,219.0,4G4S_9|Chain, PROTEASOME SUBUNIT BETA TYPE [Plasmodium falciparum],50.228,pdb|5FMG|I,7.000000000000001e-70,Chain I,4G4S,5FMG,9,I,2.49,4G4S,Structure of Proteasome-Pba1-Pba2 Complex,X-RAY DIFFRACTION,LDZ|MG,,888|462382,P40302|P25043|3GPJ_H|4FZC_H|P30657|P23638|P23724|3MG6_L|3OEU_L|3GPJ_Z|P32379|P21242|P21243|3GPJ_I|P25451|4FZC_I|P40303|P36040|P30656|3MG4_K|3NZW_K|3OEU_K|P38624|P23639|Q05778|P22141,855362|854328|850611|853036|852239|853168|854544|852873|856830|854119|853629|856218|853456|854882|850896|856731,22930756.0,10.1074/jbc.m112.367003,PMC3481334,31628111.0,"Stadtmueller BM, Kish-Trier E, Ferrell K, Petersen CN, Robinson H, Myszka DG, Eckert DM, Formosa T, Hill CP. Structure of a proteasome Pba1-Pba2 complex: implications for proteasome assembly, activation, and biological function. J Biol Chem. 2012 Oct 26;287(44):37371–82. PMID: 22930756; PMCID: PMC3481334.",462382
244,79.0,212.0,4G4S_10|Chain, PROTEASOME SUBUNIT BETA TYPE [Plasmodium falciparum],27.83,pdb|5FMG|M,5.53e-18,Chain M,4G4S,5FMG,10,M,2.49,4G4S,Structure of Proteasome-Pba1-Pba2 Complex,X-RAY DIFFRACTION,LDZ|MG,,888|462382,P40302|P25043|3GPJ_H|4FZC_H|P30657|P23638|P23724|3MG6_L|3OEU_L|3GPJ_Z|P32379|P21242|P21243|3GPJ_I|P25451|4FZC_I|P40303|P36040|P30656|3MG4_K|3NZW_K|3OEU_K|P38624|P23639|Q05778|P22141,855362|854328|850611|853036|852239|853168|854544|852873|856830|854119|853629|856218|853456|854882|850896|856731,22930756.0,10.1074/jbc.m112.367003,PMC3481334,31628111.0,"Stadtmueller BM, Kish-Trier E, Ferrell K, Petersen CN, Robinson H, Myszka DG, Eckert DM, Formosa T, Hill CP. Structure of a proteasome Pba1-Pba2 complex: implications for proteasome assembly, activation, and biological function. J Biol Chem. 2012 Oct 26;287(44):37371–82. PMID: 22930756; PMCID: PMC3481334.",462382
245,123.0,175.0,4G4S_11|Chain, PROTEASOME SUBUNIT BETA TYPE [Plasmodium falciparum],35.429,pdb|5FMG|K,1.27e-35,Chain K,4G4S,5FMG,11,K,2.49,4G4S,Structure of Proteasome-Pba1-Pba2 Complex,X-RAY DIFFRACTION,LDZ|MG,,888|462382,P40302|P25043|3GPJ_H|4FZC_H|P30657|P23638|P23724|3MG6_L|3OEU_L|3GPJ_Z|P32379|P21242|P21243|3GPJ_I|P25451|4FZC_I|P40303|P36040|P30656|3MG4_K|3NZW_K|3OEU_K|P38624|P23639|Q05778|P22141,855362|854328|850611|853036|852239|853168|854544|852873|856830|854119|853629|856218|853456|854882|850896|856731,22930756.0,10.1074/jbc.m112.367003,PMC3481334,31628111.0,"Stadtmueller BM, Kish-Trier E, Ferrell K, Petersen CN, Robinson H, Myszka DG, Eckert DM, Formosa T, Hill CP. Structure of a proteasome Pba1-Pba2 complex: implications for proteasome assembly, activation, and biological function. J Biol Chem. 2012 Oct 26;287(44):37371–82. PMID: 22930756; PMCID: PMC3481334.",462382
246,70.5,159.0,4G4S_11|Chain, PROTEASOME SUBUNIT BETA TYPE [Plasmodium falciparum],30.189,pdb|5FMG|I,6e-15,Chain I,4G4S,5FMG,11,I,2.49,4G4S,Structure of Proteasome-Pba1-Pba2 Complex,X-RAY DIFFRACTION,LDZ|MG,,888|462382,P40302|P25043|3GPJ_H|4FZC_H|P30657|P23638|P23724|3MG6_L|3OEU_L|3GPJ_Z|P32379|P21242|P21243|3GPJ_I|P25451|4FZC_I|P40303|P36040|P30656|3MG4_K|3NZW_K|3OEU_K|P38624|P23639|Q05778|P22141,855362|854328|850611|853036|852239|853168|854544|852873|856830|854119|853629|856218|853456|854882|850896|856731,22930756.0,10.1074/jbc.m112.367003,PMC3481334,31628111.0,"Stadtmueller BM, Kish-Trier E, Ferrell K, Petersen CN, Robinson H, Myszka DG, Eckert DM, Formosa T, Hill CP. Structure of a proteasome Pba1-Pba2 complex: implications for proteasome assembly, activation, and biological function. J Biol Chem. 2012 Oct 26;287(44):37371–82. PMID: 22930756; PMCID: PMC3481334.",462382
247,93.6,180.0,4G4S_1|Chain, PROTEASOME SUBUNIT ALPHA TYPE [Plasmodium falciparum],33.889,pdb|5FMG|C,6.51e-23,Chain C,4G4S,5FMG,1,C,2.49,4G4S,Structure of Proteasome-Pba1-Pba2 Complex,X-RAY DIFFRACTION,LDZ|MG,,888|462382,P40302|P25043|3GPJ_H|4FZC_H|P30657|P23638|P23724|3MG6_L|3OEU_L|3GPJ_Z|P32379|P21242|P21243|3GPJ_I|P25451|4FZC_I|P40303|P36040|P30656|3MG4_K|3NZW_K|3OEU_K|P38624|P23639|Q05778|P22141,855362|854328|850611|853036|852239|853168|854544|852873|856830|854119|853629|856218|853456|854882|850896|856731,22930756.0,10.1074/jbc.m112.367003,PMC3481334,31628111.0,"Stadtmueller BM, Kish-Trier E, Ferrell K, Petersen CN, Robinson H, Myszka DG, Eckert DM, Formosa T, Hill CP. Structure of a proteasome Pba1-Pba2 complex: implications for proteasome assembly, activation, and biological function. J Biol Chem. 2012 Oct 26;287(44):37371–82. PMID: 22930756; PMCID: PMC3481334.",462382
248,91.3,231.0,4G4S_1|Chain, PROTEASOME SUBUNIT ALPHA TYPE [Plasmodium falciparum],26.407,pdb|5FMG|E,6.1300000000000005e-22,Chain E,4G4S,5FMG,1,E,2.49,4G4S,Structure of Proteasome-Pba1-Pba2 Complex,X-RAY DIFFRACTION,LDZ|MG,,888|462382,P40302|P25043|3GPJ_H|4FZC_H|P30657|P23638|P23724|3MG6_L|3OEU_L|3GPJ_Z|P32379|P21242|P21243|3GPJ_I|P25451|4FZC_I|P40303|P36040|P30656|3MG4_K|3NZW_K|3OEU_K|P38624|P23639|Q05778|P22141,855362|854328|850611|853036|852239|853168|854544|852873|856830|854119|853629|856218|853456|854882|850896|856731,22930756.0,10.1074/jbc.m112.367003,PMC3481334,31628111.0,"Stadtmueller BM, Kish-Trier E, Ferrell K, Petersen CN, Robinson H, Myszka DG, Eckert DM, Formosa T, Hill CP. Structure of a proteasome Pba1-Pba2 complex: implications for proteasome assembly, activation, and biological function. J Biol Chem. 2012 Oct 26;287(44):37371–82. PMID: 22930756; PMCID: PMC3481334.",462382
249,89.0,179.0,4G4S_1|Chain, PROTEASOME SUBUNIT ALPHA TYPE [Plasmodium falciparum],28.492,pdb|5FMG|D,3.410000000000001e-21,Chain D,4G4S,5FMG,1,D,2.49,4G4S,Structure of Proteasome-Pba1-Pba2 Complex,X-RAY DIFFRACTION,LDZ|MG,,888|462382,P40302|P25043|3GPJ_H|4FZC_H|P30657|P23638|P23724|3MG6_L|3OEU_L|3GPJ_Z|P32379|P21242|P21243|3GPJ_I|P25451|4FZC_I|P40303|P36040|P30656|3MG4_K|3NZW_K|3OEU_K|P38624|P23639|Q05778|P22141,855362|854328|850611|853036|852239|853168|854544|852873|856830|854119|853629|856218|853456|854882|850896|856731,22930756.0,10.1074/jbc.m112.367003,PMC3481334,31628111.0,"Stadtmueller BM, Kish-Trier E, Ferrell K, Petersen CN, Robinson H, Myszka DG, Eckert DM, Formosa T, Hill CP. Structure of a proteasome Pba1-Pba2 complex: implications for proteasome assembly, activation, and biological function. J Biol Chem. 2012 Oct 26;287(44):37371–82. PMID: 22930756; PMCID: PMC3481334.",462382
250,201.0,185.0,4G4S_12|Chain, PROTEASOME SUBUNIT BETA TYPE [Plasmodium falciparum],51.351,pdb|5FMG|L,7.810000000000003e-66,Chain L,4G4S,5FMG,12,L,2.49,4G4S,Structure of Proteasome-Pba1-Pba2 Complex,X-RAY DIFFRACTION,LDZ|MG,,888|462382,P40302|P25043|3GPJ_H|4FZC_H|P30657|P23638|P23724|3MG6_L|3OEU_L|3GPJ_Z|P32379|P21242|P21243|3GPJ_I|P25451|4FZC_I|P40303|P36040|P30656|3MG4_K|3NZW_K|3OEU_K|P38624|P23639|Q05778|P22141,855362|854328|850611|853036|852239|853168|854544|852873|856830|854119|853629|856218|853456|854882|850896|856731,22930756.0,10.1074/jbc.m112.367003,PMC3481334,31628111.0,"Stadtmueller BM, Kish-Trier E, Ferrell K, Petersen CN, Robinson H, Myszka DG, Eckert DM, Formosa T, Hill CP. Structure of a proteasome Pba1-Pba2 complex: implications for proteasome assembly, activation, and biological function. J Biol Chem. 2012 Oct 26;287(44):37371–82. PMID: 22930756; PMCID: PMC3481334.",462382
251,153.0,222.0,4G4S_13|Chain, PROTEASOME SUBUNIT BETA TYPE [Plasmodium falciparum],36.486,pdb|5FMG|M,3.09e-46,Chain M,4G4S,5FMG,13,M,2.49,4G4S,Structure of Proteasome-Pba1-Pba2 Complex,X-RAY DIFFRACTION,LDZ|MG,,888|462382,P40302|P25043|3GPJ_H|4FZC_H|P30657|P23638|P23724|3MG6_L|3OEU_L|3GPJ_Z|P32379|P21242|P21243|3GPJ_I|P25451|4FZC_I|P40303|P36040|P30656|3MG4_K|3NZW_K|3OEU_K|P38624|P23639|Q05778|P22141,855362|854328|850611|853036|852239|853168|854544|852873|856830|854119|853629|856218|853456|854882|850896|856731,22930756.0,10.1074/jbc.m112.367003,PMC3481334,31628111.0,"Stadtmueller BM, Kish-Trier E, Ferrell K, Petersen CN, Robinson H, Myszka DG, Eckert DM, Formosa T, Hill CP. Structure of a proteasome Pba1-Pba2 complex: implications for proteasome assembly, activation, and biological function. J Biol Chem. 2012 Oct 26;287(44):37371–82. PMID: 22930756; PMCID: PMC3481334.",462382
252,113.0,230.0,4G4S_14|Chain, PROTEASOME SUBUNIT BETA TYPE [Plasmodium falciparum],32.609,pdb|5FMG|N,1.52e-30,Chain N,4G4S,5FMG,14,N,2.49,4G4S,Structure of Proteasome-Pba1-Pba2 Complex,X-RAY DIFFRACTION,LDZ|MG,,888|462382,P40302|P25043|3GPJ_H|4FZC_H|P30657|P23638|P23724|3MG6_L|3OEU_L|3GPJ_Z|P32379|P21242|P21243|3GPJ_I|P25451|4FZC_I|P40303|P36040|P30656|3MG4_K|3NZW_K|3OEU_K|P38624|P23639|Q05778|P22141,855362|854328|850611|853036|852239|853168|854544|852873|856830|854119|853629|856218|853456|854882|850896|856731,22930756.0,10.1074/jbc.m112.367003,PMC3481334,31628111.0,"Stadtmueller BM, Kish-Trier E, Ferrell K, Petersen CN, Robinson H, Myszka DG, Eckert DM, Formosa T, Hill CP. Structure of a proteasome Pba1-Pba2 complex: implications for proteasome assembly, activation, and biological function. J Biol Chem. 2012 Oct 26;287(44):37371–82. PMID: 22930756; PMCID: PMC3481334.",462382
253,147.0,214.0,4G4S_2|Chain, PROTEASOME SUBUNIT ALPHA TYPE [Plasmodium falciparum],37.383,pdb|5FMG|D,7.84e-44,Chain D,4G4S,5FMG,2,D,2.49,4G4S,Structure of Proteasome-Pba1-Pba2 Complex,X-RAY DIFFRACTION,LDZ|MG,,888|462382,P40302|P25043|3GPJ_H|4FZC_H|P30657|P23638|P23724|3MG6_L|3OEU_L|3GPJ_Z|P32379|P21242|P21243|3GPJ_I|P25451|4FZC_I|P40303|P36040|P30656|3MG4_K|3NZW_K|3OEU_K|P38624|P23639|Q05778|P22141,855362|854328|850611|853036|852239|853168|854544|852873|856830|854119|853629|856218|853456|854882|850896|856731,22930756.0,10.1074/jbc.m112.367003,PMC3481334,31628111.0,"Stadtmueller BM, Kish-Trier E, Ferrell K, Petersen CN, Robinson H, Myszka DG, Eckert DM, Formosa T, Hill CP. Structure of a proteasome Pba1-Pba2 complex: implications for proteasome assembly, activation, and biological function. J Biol Chem. 2012 Oct 26;287(44):37371–82. PMID: 22930756; PMCID: PMC3481334.",462382
254,136.0,223.0,4G4S_2|Chain, PROTEASOME SUBUNIT ALPHA TYPE [Plasmodium falciparum],35.426,pdb|5FMG|C,3.16e-39,Chain C,4G4S,5FMG,2,C,2.49,4G4S,Structure of Proteasome-Pba1-Pba2 Complex,X-RAY DIFFRACTION,LDZ|MG,,888|462382,P40302|P25043|3GPJ_H|4FZC_H|P30657|P23638|P23724|3MG6_L|3OEU_L|3GPJ_Z|P32379|P21242|P21243|3GPJ_I|P25451|4FZC_I|P40303|P36040|P30656|3MG4_K|3NZW_K|3OEU_K|P38624|P23639|Q05778|P22141,855362|854328|850611|853036|852239|853168|854544|852873|856830|854119|853629|856218|853456|854882|850896|856731,22930756.0,10.1074/jbc.m112.367003,PMC3481334,31628111.0,"Stadtmueller BM, Kish-Trier E, Ferrell K, Petersen CN, Robinson H, Myszka DG, Eckert DM, Formosa T, Hill CP. Structure of a proteasome Pba1-Pba2 complex: implications for proteasome assembly, activation, and biological function. J Biol Chem. 2012 Oct 26;287(44):37371–82. PMID: 22930756; PMCID: PMC3481334.",462382
255,120.0,228.0,4G4S_2|Chain, PROTEASOME SUBUNIT ALPHA TYPE [Plasmodium falciparum],33.333,pdb|5FMG|E,4.67e-33,Chain E,4G4S,5FMG,2,E,2.49,4G4S,Structure of Proteasome-Pba1-Pba2 Complex,X-RAY DIFFRACTION,LDZ|MG,,888|462382,P40302|P25043|3GPJ_H|4FZC_H|P30657|P23638|P23724|3MG6_L|3OEU_L|3GPJ_Z|P32379|P21242|P21243|3GPJ_I|P25451|4FZC_I|P40303|P36040|P30656|3MG4_K|3NZW_K|3OEU_K|P38624|P23639|Q05778|P22141,855362|854328|850611|853036|852239|853168|854544|852873|856830|854119|853629|856218|853456|854882|850896|856731,22930756.0,10.1074/jbc.m112.367003,PMC3481334,31628111.0,"Stadtmueller BM, Kish-Trier E, Ferrell K, Petersen CN, Robinson H, Myszka DG, Eckert DM, Formosa T, Hill CP. Structure of a proteasome Pba1-Pba2 complex: implications for proteasome assembly, activation, and biological function. J Biol Chem. 2012 Oct 26;287(44):37371–82. PMID: 22930756; PMCID: PMC3481334.",462382
256,238.0,237.0,4G4S_3|Chain, PROTEASOME SUBUNIT ALPHA TYPE [Plasmodium falciparum],50.633,pdb|5FMG|C,4.5700000000000004e-79,Chain C,4G4S,5FMG,3,C,2.49,4G4S,Structure of Proteasome-Pba1-Pba2 Complex,X-RAY DIFFRACTION,LDZ|MG,,888|462382,P40302|P25043|3GPJ_H|4FZC_H|P30657|P23638|P23724|3MG6_L|3OEU_L|3GPJ_Z|P32379|P21242|P21243|3GPJ_I|P25451|4FZC_I|P40303|P36040|P30656|3MG4_K|3NZW_K|3OEU_K|P38624|P23639|Q05778|P22141,855362|854328|850611|853036|852239|853168|854544|852873|856830|854119|853629|856218|853456|854882|850896|856731,22930756.0,10.1074/jbc.m112.367003,PMC3481334,31628111.0,"Stadtmueller BM, Kish-Trier E, Ferrell K, Petersen CN, Robinson H, Myszka DG, Eckert DM, Formosa T, Hill CP. Structure of a proteasome Pba1-Pba2 complex: implications for proteasome assembly, activation, and biological function. J Biol Chem. 2012 Oct 26;287(44):37371–82. PMID: 22930756; PMCID: PMC3481334.",462382
257,164.0,215.0,4G4S_3|Chain, PROTEASOME SUBUNIT ALPHA TYPE [Plasmodium falciparum],37.674,pdb|5FMG|D,5.66e-50,Chain D,4G4S,5FMG,3,D,2.49,4G4S,Structure of Proteasome-Pba1-Pba2 Complex,X-RAY DIFFRACTION,LDZ|MG,,888|462382,P40302|P25043|3GPJ_H|4FZC_H|P30657|P23638|P23724|3MG6_L|3OEU_L|3GPJ_Z|P32379|P21242|P21243|3GPJ_I|P25451|4FZC_I|P40303|P36040|P30656|3MG4_K|3NZW_K|3OEU_K|P38624|P23639|Q05778|P22141,855362|854328|850611|853036|852239|853168|854544|852873|856830|854119|853629|856218|853456|854882|850896|856731,22930756.0,10.1074/jbc.m112.367003,PMC3481334,31628111.0,"Stadtmueller BM, Kish-Trier E, Ferrell K, Petersen CN, Robinson H, Myszka DG, Eckert DM, Formosa T, Hill CP. Structure of a proteasome Pba1-Pba2 complex: implications for proteasome assembly, activation, and biological function. J Biol Chem. 2012 Oct 26;287(44):37371–82. PMID: 22930756; PMCID: PMC3481334.",462382
258,155.0,220.0,4G4S_3|Chain, PROTEASOME SUBUNIT ALPHA TYPE [Plasmodium falciparum],39.545,pdb|5FMG|E,1.6799999999999999e-46,Chain E,4G4S,5FMG,3,E,2.49,4G4S,Structure of Proteasome-Pba1-Pba2 Complex,X-RAY DIFFRACTION,LDZ|MG,,888|462382,P40302|P25043|3GPJ_H|4FZC_H|P30657|P23638|P23724|3MG6_L|3OEU_L|3GPJ_Z|P32379|P21242|P21243|3GPJ_I|P25451|4FZC_I|P40303|P36040|P30656|3MG4_K|3NZW_K|3OEU_K|P38624|P23639|Q05778|P22141,855362|854328|850611|853036|852239|853168|854544|852873|856830|854119|853629|856218|853456|854882|850896|856731,22930756.0,10.1074/jbc.m112.367003,PMC3481334,31628111.0,"Stadtmueller BM, Kish-Trier E, Ferrell K, Petersen CN, Robinson H, Myszka DG, Eckert DM, Formosa T, Hill CP. Structure of a proteasome Pba1-Pba2 complex: implications for proteasome assembly, activation, and biological function. J Biol Chem. 2012 Oct 26;287(44):37371–82. PMID: 22930756; PMCID: PMC3481334.",462382
259,253.0,245.0,4G4S_4|Chain, PROTEASOME SUBUNIT ALPHA TYPE [Plasmodium falciparum],47.347,pdb|5FMG|D,7.36e-85,Chain D,4G4S,5FMG,4,D,2.49,4G4S,Structure of Proteasome-Pba1-Pba2 Complex,X-RAY DIFFRACTION,LDZ|MG,,888|462382,P40302|P25043|3GPJ_H|4FZC_H|P30657|P23638|P23724|3MG6_L|3OEU_L|3GPJ_Z|P32379|P21242|P21243|3GPJ_I|P25451|4FZC_I|P40303|P36040|P30656|3MG4_K|3NZW_K|3OEU_K|P38624|P23639|Q05778|P22141,855362|854328|850611|853036|852239|853168|854544|852873|856830|854119|853629|856218|853456|854882|850896|856731,22930756.0,10.1074/jbc.m112.367003,PMC3481334,31628111.0,"Stadtmueller BM, Kish-Trier E, Ferrell K, Petersen CN, Robinson H, Myszka DG, Eckert DM, Formosa T, Hill CP. Structure of a proteasome Pba1-Pba2 complex: implications for proteasome assembly, activation, and biological function. J Biol Chem. 2012 Oct 26;287(44):37371–82. PMID: 22930756; PMCID: PMC3481334.",462382
260,144.0,176.0,4G4S_4|Chain, PROTEASOME SUBUNIT ALPHA TYPE [Plasmodium falciparum],40.341,pdb|5FMG|C,2.7399999999999998e-42,Chain C,4G4S,5FMG,4,C,2.49,4G4S,Structure of Proteasome-Pba1-Pba2 Complex,X-RAY DIFFRACTION,LDZ|MG,,888|462382,P40302|P25043|3GPJ_H|4FZC_H|P30657|P23638|P23724|3MG6_L|3OEU_L|3GPJ_Z|P32379|P21242|P21243|3GPJ_I|P25451|4FZC_I|P40303|P36040|P30656|3MG4_K|3NZW_K|3OEU_K|P38624|P23639|Q05778|P22141,855362|854328|850611|853036|852239|853168|854544|852873|856830|854119|853629|856218|853456|854882|850896|856731,22930756.0,10.1074/jbc.m112.367003,PMC3481334,31628111.0,"Stadtmueller BM, Kish-Trier E, Ferrell K, Petersen CN, Robinson H, Myszka DG, Eckert DM, Formosa T, Hill CP. Structure of a proteasome Pba1-Pba2 complex: implications for proteasome assembly, activation, and biological function. J Biol Chem. 2012 Oct 26;287(44):37371–82. PMID: 22930756; PMCID: PMC3481334.",462382
261,122.0,224.0,4G4S_4|Chain, PROTEASOME SUBUNIT ALPHA TYPE [Plasmodium falciparum],34.821,pdb|5FMG|E,7.82e-34,Chain E,4G4S,5FMG,4,E,2.49,4G4S,Structure of Proteasome-Pba1-Pba2 Complex,X-RAY DIFFRACTION,LDZ|MG,,888|462382,P40302|P25043|3GPJ_H|4FZC_H|P30657|P23638|P23724|3MG6_L|3OEU_L|3GPJ_Z|P32379|P21242|P21243|3GPJ_I|P25451|4FZC_I|P40303|P36040|P30656|3MG4_K|3NZW_K|3OEU_K|P38624|P23639|Q05778|P22141,855362|854328|850611|853036|852239|853168|854544|852873|856830|854119|853629|856218|853456|854882|850896|856731,22930756.0,10.1074/jbc.m112.367003,PMC3481334,31628111.0,"Stadtmueller BM, Kish-Trier E, Ferrell K, Petersen CN, Robinson H, Myszka DG, Eckert DM, Formosa T, Hill CP. Structure of a proteasome Pba1-Pba2 complex: implications for proteasome assembly, activation, and biological function. J Biol Chem. 2012 Oct 26;287(44):37371–82. PMID: 22930756; PMCID: PMC3481334.",462382
262,128.0,213.0,4G4S_7|Chain, PROTEASOME SUBUNIT ALPHA TYPE [Plasmodium falciparum],34.742,pdb|5FMG|E,1.55e-35,Chain E,4G4S,5FMG,7,E,2.49,4G4S,Structure of Proteasome-Pba1-Pba2 Complex,X-RAY DIFFRACTION,LDZ|MG,,888|462382,P40302|P25043|3GPJ_H|4FZC_H|P30657|P23638|P23724|3MG6_L|3OEU_L|3GPJ_Z|P32379|P21242|P21243|3GPJ_I|P25451|4FZC_I|P40303|P36040|P30656|3MG4_K|3NZW_K|3OEU_K|P38624|P23639|Q05778|P22141,855362|854328|850611|853036|852239|853168|854544|852873|856830|854119|853629|856218|853456|854882|850896|856731,22930756.0,10.1074/jbc.m112.367003,PMC3481334,31628111.0,"Stadtmueller BM, Kish-Trier E, Ferrell K, Petersen CN, Robinson H, Myszka DG, Eckert DM, Formosa T, Hill CP. Structure of a proteasome Pba1-Pba2 complex: implications for proteasome assembly, activation, and biological function. J Biol Chem. 2012 Oct 26;287(44):37371–82. PMID: 22930756; PMCID: PMC3481334.",462382
263,118.0,173.0,4G4S_7|Chain, PROTEASOME SUBUNIT ALPHA TYPE [Plasmodium falciparum],36.416,pdb|5FMG|C,6.97e-32,Chain C,4G4S,5FMG,7,C,2.49,4G4S,Structure of Proteasome-Pba1-Pba2 Complex,X-RAY DIFFRACTION,LDZ|MG,,888|462382,P40302|P25043|3GPJ_H|4FZC_H|P30657|P23638|P23724|3MG6_L|3OEU_L|3GPJ_Z|P32379|P21242|P21243|3GPJ_I|P25451|4FZC_I|P40303|P36040|P30656|3MG4_K|3NZW_K|3OEU_K|P38624|P23639|Q05778|P22141,855362|854328|850611|853036|852239|853168|854544|852873|856830|854119|853629|856218|853456|854882|850896|856731,22930756.0,10.1074/jbc.m112.367003,PMC3481334,31628111.0,"Stadtmueller BM, Kish-Trier E, Ferrell K, Petersen CN, Robinson H, Myszka DG, Eckert DM, Formosa T, Hill CP. Structure of a proteasome Pba1-Pba2 complex: implications for proteasome assembly, activation, and biological function. J Biol Chem. 2012 Oct 26;287(44):37371–82. PMID: 22930756; PMCID: PMC3481334.",462382
264,111.0,196.0,4G4S_7|Chain, PROTEASOME SUBUNIT ALPHA TYPE [Plasmodium falciparum],34.184,pdb|5FMG|D,2.5100000000000002e-29,Chain D,4G4S,5FMG,7,D,2.49,4G4S,Structure of Proteasome-Pba1-Pba2 Complex,X-RAY DIFFRACTION,LDZ|MG,,888|462382,P40302|P25043|3GPJ_H|4FZC_H|P30657|P23638|P23724|3MG6_L|3OEU_L|3GPJ_Z|P32379|P21242|P21243|3GPJ_I|P25451|4FZC_I|P40303|P36040|P30656|3MG4_K|3NZW_K|3OEU_K|P38624|P23639|Q05778|P22141,855362|854328|850611|853036|852239|853168|854544|852873|856830|854119|853629|856218|853456|854882|850896|856731,22930756.0,10.1074/jbc.m112.367003,PMC3481334,31628111.0,"Stadtmueller BM, Kish-Trier E, Ferrell K, Petersen CN, Robinson H, Myszka DG, Eckert DM, Formosa T, Hill CP. Structure of a proteasome Pba1-Pba2 complex: implications for proteasome assembly, activation, and biological function. J Biol Chem. 2012 Oct 26;287(44):37371–82. PMID: 22930756; PMCID: PMC3481334.",462382
265,82.8,197.0,4G4S_8|Chain, PROTEASOME SUBUNIT BETA TYPE [Plasmodium falciparum],27.411,pdb|5FMG|I,1.15e-19,Chain I,4G4S,5FMG,8,I,2.49,4G4S,Structure of Proteasome-Pba1-Pba2 Complex,X-RAY DIFFRACTION,LDZ|MG,,888|462382,P40302|P25043|3GPJ_H|4FZC_H|P30657|P23638|P23724|3MG6_L|3OEU_L|3GPJ_Z|P32379|P21242|P21243|3GPJ_I|P25451|4FZC_I|P40303|P36040|P30656|3MG4_K|3NZW_K|3OEU_K|P38624|P23639|Q05778|P22141,855362|854328|850611|853036|852239|853168|854544|852873|856830|854119|853629|856218|853456|854882|850896|856731,22930756.0,10.1074/jbc.m112.367003,PMC3481334,31628111.0,"Stadtmueller BM, Kish-Trier E, Ferrell K, Petersen CN, Robinson H, Myszka DG, Eckert DM, Formosa T, Hill CP. Structure of a proteasome Pba1-Pba2 complex: implications for proteasome assembly, activation, and biological function. J Biol Chem. 2012 Oct 26;287(44):37371–82. PMID: 22930756; PMCID: PMC3481334.",462382
266,90.1,202.0,4JI9_1|Chains, CELL DIVISION CONTROL PROTEIN 2 HOMOLOG [Plasmodium falciparum],32.178,pdb|1V0B|A,6.230000000000001e-21,Chain A,4JI9,1V0B,1,A,2.4,4JI9,JAK2 kinase (JH1 domain) in complex with TG101209,X-RAY DIFFRACTION,1M3,,16722832,O60674|4HGE_A|3JY9_A|4FVQ_A|2W1I_A|2XA4_A|4AQC_A|3TJC_A|2B7A_A|3KRR_A|4FVR_A|4BBE_A|4E6D_A|3E62_A|3Q32_A|3RVG_A|4F08_A|3IO7_A,3717,23870430.0,10.1016/j.bmcl.2013.06.008,,22195078.0,"Siu M, Pastor R, Liu W, Barrett K, Berry M, Blair WS, Chang C, Chen JZ, Eigenbrot C, Ghilardi N, Gibbons P, He H, Hurley CA, Kenny JR, Cyrus Khojasteh S, Le H, Lee L, Lyssikatos JP, Magnuson S, Pulk R, Tsui V, Ultsch M, Xiao Y, Zhu B, Sampath D. 2-Amino-[1,2,4]triazolo[1,5-a]pyridines as JAK2 inhibitors. Bioorganic & Medicinal Chemistry Letters. 2013 Sep;23(17):5014–21. doi: 10.1016/j.bmcl.2013.06.008.",16722832
267,90.1,202.0,4JI9_1|Chains, CELL DIVISION CONTROL PROTEIN 2 HOMOLOG [Plasmodium falciparum],32.178,pdb|1V0O|A,6.820000000000001e-21,Chain A,4JI9,1V0O,1,A,2.4,4JI9,JAK2 kinase (JH1 domain) in complex with TG101209,X-RAY DIFFRACTION,1M3,,16722832,O60674|4HGE_A|3JY9_A|4FVQ_A|2W1I_A|2XA4_A|4AQC_A|3TJC_A|2B7A_A|3KRR_A|4FVR_A|4BBE_A|4E6D_A|3E62_A|3Q32_A|3RVG_A|4F08_A|3IO7_A,3717,23870430.0,10.1016/j.bmcl.2013.06.008,,22195078.0,"Siu M, Pastor R, Liu W, Barrett K, Berry M, Blair WS, Chang C, Chen JZ, Eigenbrot C, Ghilardi N, Gibbons P, He H, Hurley CA, Kenny JR, Cyrus Khojasteh S, Le H, Lee L, Lyssikatos JP, Magnuson S, Pulk R, Tsui V, Ultsch M, Xiao Y, Zhu B, Sampath D. 2-Amino-[1,2,4]triazolo[1,5-a]pyridines as JAK2 inhibitors. Bioorganic & Medicinal Chemistry Letters. 2013 Sep;23(17):5014–21. doi: 10.1016/j.bmcl.2013.06.008.",16722832
268,89.7,200.0,4JI9_1|Chains, CELL DIVISION CONTROL PROTEIN 2 HOMOLOG [Plasmodium falciparum],32.0,pdb|1OB3|A,8.94e-21,Chain A,4JI9,1OB3,1,A,2.4,4JI9,JAK2 kinase (JH1 domain) in complex with TG101209,X-RAY DIFFRACTION,1M3,,16722832,O60674|4HGE_A|3JY9_A|4FVQ_A|2W1I_A|2XA4_A|4AQC_A|3TJC_A|2B7A_A|3KRR_A|4FVR_A|4BBE_A|4E6D_A|3E62_A|3Q32_A|3RVG_A|4F08_A|3IO7_A,3717,23870430.0,10.1016/j.bmcl.2013.06.008,,22195078.0,"Siu M, Pastor R, Liu W, Barrett K, Berry M, Blair WS, Chang C, Chen JZ, Eigenbrot C, Ghilardi N, Gibbons P, He H, Hurley CA, Kenny JR, Cyrus Khojasteh S, Le H, Lee L, Lyssikatos JP, Magnuson S, Pulk R, Tsui V, Ultsch M, Xiao Y, Zhu B, Sampath D. 2-Amino-[1,2,4]triazolo[1,5-a]pyridines as JAK2 inhibitors. Bioorganic & Medicinal Chemistry Letters. 2013 Sep;23(17):5014–21. doi: 10.1016/j.bmcl.2013.06.008.",16722832
269,77.0,234.0,4JI9_1|Chains, Calcium-dependent protein kinase 4 [Plasmodium falciparum],31.624,pdb|4RGJ|A,1.01e-15,Chain A,4JI9,4RGJ,1,A,2.4,4JI9,JAK2 kinase (JH1 domain) in complex with TG101209,X-RAY DIFFRACTION,1M3,,16722832,O60674|4HGE_A|3JY9_A|4FVQ_A|2W1I_A|2XA4_A|4AQC_A|3TJC_A|2B7A_A|3KRR_A|4FVR_A|4BBE_A|4E6D_A|3E62_A|3Q32_A|3RVG_A|4F08_A|3IO7_A,3717,23870430.0,10.1016/j.bmcl.2013.06.008,,22195078.0,"Siu M, Pastor R, Liu W, Barrett K, Berry M, Blair WS, Chang C, Chen JZ, Eigenbrot C, Ghilardi N, Gibbons P, He H, Hurley CA, Kenny JR, Cyrus Khojasteh S, Le H, Lee L, Lyssikatos JP, Magnuson S, Pulk R, Tsui V, Ultsch M, Xiao Y, Zhu B, Sampath D. 2-Amino-[1,2,4]triazolo[1,5-a]pyridines as JAK2 inhibitors. Bioorganic & Medicinal Chemistry Letters. 2013 Sep;23(17):5014–21. doi: 10.1016/j.bmcl.2013.06.008.",16722832
270,54.7,102.0,4KM0_1|Chains, Bifunctional dihydrofolate reductase-thymidylate synthase [Plasmodium falciparum],32.353,pdb|1J3I|A,2.33e-09,Chain A,4KM0,1J3I,1,A,1.3,4KM0,Crystal structure of dihydrofolate reductase from Mycobacterium tuberculosis in complex with pyrimethamine,X-RAY DIFFRACTION,CP6|ATR,,165230|4993,P9WNX1,887777.0,24210757.0,10.1016/j.str.2013.09.022,,14754884.0,"Dias MV, Tyrakis P, Domingues RR, Paes Leme AF, Blundell TL. Mycobacterium tuberculosis dihydrofolate reductase reveals two conformational states and a possible low affinity mechanism to antifolate drugs. Structure. 2014 Jan 07;22(1):94–103. doi: 10.1016/j.str.2013.09.022. PMID: 24210757.",4993
271,77.0,238.0,4M89_1|Chains, Enoyl-ACP reductase [Plasmodium falciparum],27.731,pdb|3AM3|A,2.24e-16,Chain A,4M89,3AM3,1,A,1.9,4M89,Crystal Structure of Enoyl-Acyl Carrier Protein Reductase (FabI) from Neisseria meningitidis in complex with NAD+ and Triclosan,X-RAY DIFFRACTION,TCL|NAD,,5892|5564,,,,,,,,5564
272,75.9,238.0,4M89_1|Chains, Enoyl-acyl carrier reductase [Plasmodium falciparum],28.992,pdb|2OL4|A,6.49e-16,Chain A,4M89,2OL4,1,A,1.9,4M89,Crystal Structure of Enoyl-Acyl Carrier Protein Reductase (FabI) from Neisseria meningitidis in complex with NAD+ and Triclosan,X-RAY DIFFRACTION,TCL|NAD,,5892|5564,,,,,,,,5564
273,75.9,238.0,4M89_1|Chains, enoyl-ACP reductase [Plasmodium falciparum],28.992,pdb|1UH5|A,6.49e-16,Chain A,4M89,1UH5,1,A,1.9,4M89,Crystal Structure of Enoyl-Acyl Carrier Protein Reductase (FabI) from Neisseria meningitidis in complex with NAD+ and Triclosan,X-RAY DIFFRACTION,TCL|NAD,,5892|5564,,,,,,,,5564
274,75.9,238.0,4M89_1|Chains, ENOYL-ACYL CARRIER REDUCTASE [Plasmodium falciparum],28.992,pdb|1VRW|A,6.92e-16,Chain A,4M89,1VRW,1,A,1.9,4M89,Crystal Structure of Enoyl-Acyl Carrier Protein Reductase (FabI) from Neisseria meningitidis in complex with NAD+ and Triclosan,X-RAY DIFFRACTION,TCL|NAD,,5892|5564,,,,,,,,5564
275,73.2,238.0,4M89_1|Chains, Enoyl-ACP reductase [Plasmodium falciparum],28.571,pdb|3AM5|A,5.82e-15,Chain A,4M89,3AM5,1,A,1.9,4M89,Crystal Structure of Enoyl-Acyl Carrier Protein Reductase (FabI) from Neisseria meningitidis in complex with NAD+ and Triclosan,X-RAY DIFFRACTION,TCL|NAD,,5892|5564,,,,,,,,5564
276,63.2,136.0,4M89_1|Chains, enoyl-acyl carrier reductase [Plasmodium falciparum],36.029,pdb|1NHG|A,6.97e-12,Chain A,4M89,1NHG,1,A,1.9,4M89,Crystal Structure of Enoyl-Acyl Carrier Protein Reductase (FabI) from Neisseria meningitidis in complex with NAD+ and Triclosan,X-RAY DIFFRACTION,TCL|NAD,,5892|5564,,,,,,,,5564
277,140.0,245.0,4NCT_1|Chains, non-specific serine/threonine protein kinase [Plasmodium falciparum],34.694,pdb|8RPC|A,2.41e-38,Chain A,4NCT,8RPC,1,A,2.597,4NCT,Human DYRK1A in complex with PKC412,X-RAY DIFFRACTION,2K2,,9829523,Q13627|3ANQ_A,1859,25945585.0,10.1107/s1399004715005106,,26974607.0,"Alexeeva M, Åberg E, Engh RA, Rothweiler U. The structure of a dual-specificity tyrosine phosphorylation-regulated kinase 1A-PKC412 complex reveals disulfide-bridge formation with the anomalous catalytic loop HRD(HCD) cysteine. Acta Crystallogr D Biol Crystallogr. 2015 May;71(Pt 5):1207–15. doi: 10.1107/s1399004715005106. PMID: 25945585.",9829523
278,111.0,333.0,4NCT_1|Chains, CELL DIVISION CONTROL PROTEIN 2 HOMOLOG [Plasmodium falciparum],29.73,pdb|1OB3|A,3.29e-28,Chain A,4NCT,1OB3,1,A,2.597,4NCT,Human DYRK1A in complex with PKC412,X-RAY DIFFRACTION,2K2,,9829523,Q13627|3ANQ_A,1859,25945585.0,10.1107/s1399004715005106,,26974607.0,"Alexeeva M, Åberg E, Engh RA, Rothweiler U. The structure of a dual-specificity tyrosine phosphorylation-regulated kinase 1A-PKC412 complex reveals disulfide-bridge formation with the anomalous catalytic loop HRD(HCD) cysteine. Acta Crystallogr D Biol Crystallogr. 2015 May;71(Pt 5):1207–15. doi: 10.1107/s1399004715005106. PMID: 25945585.",9829523
279,110.0,333.0,4NCT_1|Chains, CELL DIVISION CONTROL PROTEIN 2 HOMOLOG [Plasmodium falciparum],29.429,pdb|1V0O|A,5.14e-28,Chain A,4NCT,1V0O,1,A,2.597,4NCT,Human DYRK1A in complex with PKC412,X-RAY DIFFRACTION,2K2,,9829523,Q13627|3ANQ_A,1859,25945585.0,10.1107/s1399004715005106,,26974607.0,"Alexeeva M, Åberg E, Engh RA, Rothweiler U. The structure of a dual-specificity tyrosine phosphorylation-regulated kinase 1A-PKC412 complex reveals disulfide-bridge formation with the anomalous catalytic loop HRD(HCD) cysteine. Acta Crystallogr D Biol Crystallogr. 2015 May;71(Pt 5):1207–15. doi: 10.1107/s1399004715005106. PMID: 25945585.",9829523
280,110.0,333.0,4NCT_1|Chains, CELL DIVISION CONTROL PROTEIN 2 HOMOLOG [Plasmodium falciparum],29.429,pdb|1V0B|A,5.75e-28,Chain A,4NCT,1V0B,1,A,2.597,4NCT,Human DYRK1A in complex with PKC412,X-RAY DIFFRACTION,2K2,,9829523,Q13627|3ANQ_A,1859,25945585.0,10.1107/s1399004715005106,,26974607.0,"Alexeeva M, Åberg E, Engh RA, Rothweiler U. The structure of a dual-specificity tyrosine phosphorylation-regulated kinase 1A-PKC412 complex reveals disulfide-bridge formation with the anomalous catalytic loop HRD(HCD) cysteine. Acta Crystallogr D Biol Crystallogr. 2015 May;71(Pt 5):1207–15. doi: 10.1107/s1399004715005106. PMID: 25945585.",9829523
281,140.0,245.0,4NCT_2|Chain, non-specific serine/threonine protein kinase [Plasmodium falciparum],34.694,pdb|8RPC|A,2.41e-38,Chain A,4NCT,8RPC,2,A,2.597,4NCT,Human DYRK1A in complex with PKC412,X-RAY DIFFRACTION,2K2,,9829523,Q13627|3ANQ_A,1859,25945585.0,10.1107/s1399004715005106,,26974607.0,"Alexeeva M, Åberg E, Engh RA, Rothweiler U. The structure of a dual-specificity tyrosine phosphorylation-regulated kinase 1A-PKC412 complex reveals disulfide-bridge formation with the anomalous catalytic loop HRD(HCD) cysteine. Acta Crystallogr D Biol Crystallogr. 2015 May;71(Pt 5):1207–15. doi: 10.1107/s1399004715005106. PMID: 25945585.",9829523
282,111.0,333.0,4NCT_2|Chain, CELL DIVISION CONTROL PROTEIN 2 HOMOLOG [Plasmodium falciparum],29.73,pdb|1OB3|A,3.29e-28,Chain A,4NCT,1OB3,2,A,2.597,4NCT,Human DYRK1A in complex with PKC412,X-RAY DIFFRACTION,2K2,,9829523,Q13627|3ANQ_A,1859,25945585.0,10.1107/s1399004715005106,,26974607.0,"Alexeeva M, Åberg E, Engh RA, Rothweiler U. The structure of a dual-specificity tyrosine phosphorylation-regulated kinase 1A-PKC412 complex reveals disulfide-bridge formation with the anomalous catalytic loop HRD(HCD) cysteine. Acta Crystallogr D Biol Crystallogr. 2015 May;71(Pt 5):1207–15. doi: 10.1107/s1399004715005106. PMID: 25945585.",9829523
283,110.0,333.0,4NCT_2|Chain, CELL DIVISION CONTROL PROTEIN 2 HOMOLOG [Plasmodium falciparum],29.429,pdb|1V0O|A,5.14e-28,Chain A,4NCT,1V0O,2,A,2.597,4NCT,Human DYRK1A in complex with PKC412,X-RAY DIFFRACTION,2K2,,9829523,Q13627|3ANQ_A,1859,25945585.0,10.1107/s1399004715005106,,26974607.0,"Alexeeva M, Åberg E, Engh RA, Rothweiler U. The structure of a dual-specificity tyrosine phosphorylation-regulated kinase 1A-PKC412 complex reveals disulfide-bridge formation with the anomalous catalytic loop HRD(HCD) cysteine. Acta Crystallogr D Biol Crystallogr. 2015 May;71(Pt 5):1207–15. doi: 10.1107/s1399004715005106. PMID: 25945585.",9829523
284,110.0,333.0,4NCT_2|Chain, CELL DIVISION CONTROL PROTEIN 2 HOMOLOG [Plasmodium falciparum],29.429,pdb|1V0B|A,5.75e-28,Chain A,4NCT,1V0B,2,A,2.597,4NCT,Human DYRK1A in complex with PKC412,X-RAY DIFFRACTION,2K2,,9829523,Q13627|3ANQ_A,1859,25945585.0,10.1107/s1399004715005106,,26974607.0,"Alexeeva M, Åberg E, Engh RA, Rothweiler U. The structure of a dual-specificity tyrosine phosphorylation-regulated kinase 1A-PKC412 complex reveals disulfide-bridge formation with the anomalous catalytic loop HRD(HCD) cysteine. Acta Crystallogr D Biol Crystallogr. 2015 May;71(Pt 5):1207–15. doi: 10.1107/s1399004715005106. PMID: 25945585.",9829523
285,82.8,228.0,4NR0_1|Chains, Enoyl-ACP reductase [Plasmodium falciparum],27.193,pdb|3AM3|A,2.58e-18,Chain A,4NR0,3AM3,1,A,1.799,4NR0,Crystal structure of the Pseudomonas aeruginosa Enoyl-Acyl Carrier Protein Reductase (FabI) in complex with NAD+ and triclosan,X-RAY DIFFRACTION,TCL|NAD,,5892|5564,Q9ZFE4,878311,,,,,,5564
286,81.3,228.0,4NR0_1|Chains, enoyl-ACP reductase [Plasmodium falciparum],28.07,pdb|1UH5|A,9.19e-18,Chain A,4NR0,1UH5,1,A,1.799,4NR0,Crystal structure of the Pseudomonas aeruginosa Enoyl-Acyl Carrier Protein Reductase (FabI) in complex with NAD+ and triclosan,X-RAY DIFFRACTION,TCL|NAD,,5892|5564,Q9ZFE4,878311,,,,,,5564
287,80.5,228.0,4NR0_1|Chains, Enoyl-acyl carrier reductase [Plasmodium falciparum],26.754,pdb|2OL4|A,2.18e-17,Chain A,4NR0,2OL4,1,A,1.799,4NR0,Crystal structure of the Pseudomonas aeruginosa Enoyl-Acyl Carrier Protein Reductase (FabI) in complex with NAD+ and triclosan,X-RAY DIFFRACTION,TCL|NAD,,5892|5564,Q9ZFE4,878311,,,,,,5564
288,80.5,228.0,4NR0_1|Chains, ENOYL-ACYL CARRIER REDUCTASE [Plasmodium falciparum],26.754,pdb|1VRW|A,2.21e-17,Chain A,4NR0,1VRW,1,A,1.799,4NR0,Crystal structure of the Pseudomonas aeruginosa Enoyl-Acyl Carrier Protein Reductase (FabI) in complex with NAD+ and triclosan,X-RAY DIFFRACTION,TCL|NAD,,5892|5564,Q9ZFE4,878311,,,,,,5564
289,79.3,228.0,4NR0_1|Chains, Enoyl-ACP reductase [Plasmodium falciparum],28.07,pdb|3AM5|A,5.11e-17,Chain A,4NR0,3AM5,1,A,1.799,4NR0,Crystal structure of the Pseudomonas aeruginosa Enoyl-Acyl Carrier Protein Reductase (FabI) in complex with NAD+ and triclosan,X-RAY DIFFRACTION,TCL|NAD,,5892|5564,Q9ZFE4,878311,,,,,,5564
290,67.8,133.0,4NR0_1|Chains, enoyl-acyl carrier reductase [Plasmodium falciparum],34.586,pdb|1NHG|A,1.85e-13,Chain A,4NR0,1NHG,1,A,1.799,4NR0,Crystal structure of the Pseudomonas aeruginosa Enoyl-Acyl Carrier Protein Reductase (FabI) in complex with NAD+ and triclosan,X-RAY DIFFRACTION,TCL|NAD,,5892|5564,Q9ZFE4,878311,,,,,,5564
291,61.6,102.0,4O74_1|Chains, Bromodomain protein 1 [Plasmodium falciparum],31.373,pdb|9HHD|A,4.09e-13,Chain A,4O74,9HHD,1,A,1.45,4O74,Crystal structure of the first bromodomain of human BRD4 in complex with BI 2536,X-RAY DIFFRACTION,EDO|R78|PEG,,8117|11364421|174,O60885|3MXF_A|4HBW_A|2YEM_A,23476.0,24568369.0,10.1021/cb500072z,PMC4032195,26283054.0,"Ember SWJ, Zhu J, Olesen SH, Martin MP, Becker A, Berndt N, Georg GI, Schönbrunn E. Acetyl-lysine Binding Site of Bromodomain-Containing Protein 4 (BRD4) Interacts with Diverse Kinase Inhibitors. ACS Chem. Biol. 2014 Mar 13;9(5):1160–71. doi: 10.1021/cb500072z.",11364421
292,61.6,102.0,4O76_1|Chains, Bromodomain protein 1 [Plasmodium falciparum],31.373,pdb|9HHD|A,4.09e-13,Chain A,4O76,9HHD,1,A,1.7,4O76,Crystal structure of the first bromodomain of human BRD4 in complex with TG101209,X-RAY DIFFRACTION,1M3|EDO,,16722832|174,O60885|3MXF_A|4HBW_A|2YEM_A,23476,24568369.0,10.1021/cb500072z,PMC4032195,26283054.0,"Ember SWJ, Zhu J, Olesen SH, Martin MP, Becker A, Berndt N, Georg GI, Schönbrunn E. Acetyl-lysine Binding Site of Bromodomain-Containing Protein 4 (BRD4) Interacts with Diverse Kinase Inhibitors. ACS Chem. Biol. 2014 Mar 13;9(5):1160–71. doi: 10.1021/cb500072z.",16722832
293,61.6,102.0,4OGI_1|Chains, Bromodomain protein 1 [Plasmodium falciparum],31.373,pdb|9HHD|A,4.09e-13,Chain A,4OGI,9HHD,1,A,1.73,4OGI,Crystal Structure of the first bromodomain of human BRD4 in complex with the inhibitor BI-2536,X-RAY DIFFRACTION,R78|EDO,,11364421|174,O60885|3MXF_A|4HBW_A|2YEM_A,23476.0,24584101.0,10.1038/nchembio.1471,PMC3998711,26297571.0,10.1038/nchembio.1471,11364421
294,61.6,102.0,4OGJ_1|Chains, Bromodomain protein 1 [Plasmodium falciparum],31.373,pdb|9HHD|A,4.09e-13,Chain A,4OGJ,9HHD,1,A,1.65,4OGJ,Crystal Structure of the first bromodomain of human BRD4 in complex with the inhibitor TG-101348,X-RAY DIFFRACTION,2TA|EDO,,16722836|174,O60885|3MXF_A|4HBW_A|2YEM_A,23476,24584101.0,10.1038/nchembio.1471,PMC3998711,26297571.0,10.1038/nchembio.1471,16722836
295,61.6,102.0,4PS5_1|Chains, Bromodomain protein 1 [Plasmodium falciparum],31.373,pdb|9HHD|A,4.09e-13,Chain A,4PS5,9HHD,1,A,1.4,4PS5,Crystal structure of the first bromodomain of human BRD4 in complex with TG101348,X-RAY DIFFRACTION,2TA|ACT|EDO,,16722836|174|175,O60885|3MXF_A|4HBW_A|2YEM_A,23476,24568369.0,10.1021/cb500072z,PMC4032195,26283054.0,"Ember SWJ, Zhu J, Olesen SH, Martin MP, Becker A, Berndt N, Georg GI, Schönbrunn E. Acetyl-lysine Binding Site of Bromodomain-Containing Protein 4 (BRD4) Interacts with Diverse Kinase Inhibitors. ACS Chem. Biol. 2014 Mar 13;9(5):1160–71. doi: 10.1021/cb500072z.",16722836
296,821.0,401.0,4RX0_1|Chain, DIHYDROOROTATE DEHYDROGENASE [Plasmodium falciparum],100.0,pdb|4CQ8|A,0.0,Chain A,4RX0,4CQ8,1,A,2.25,4RX0,Crystal structure of Plasmodium falciparum dihydroorotate dehydrogenase bound with Inhibitor DSM265,X-RAY DIFFRACTION,ORO|GOL|FMN|D65,,51347395|643976|967|753,Q08210,,26180101.0,10.1126/scitranslmed.aaa6645,PMC4539048,649306.0,"Phillips MA, Lotharius J, Marsh K, White J, Dayan A, White KL, Njoroge JW, El Mazouni F, Lao Y, Kokkonda S, Tomchick DR, Deng X, Laird T, Bhatia SN, March S, Ng CL, Fidock DA, Wittlin S, Lafuente-Monasterio M, Benito FJ, Alonso LM, Martinez MS, Jimenez-Diaz MB, Bazaga SF, Angulo-Barturen I, Haselden JN, Louttit J, Cui Y, Sridhar A, Zeeman AM, Kocken C, Sauerwein R, Dechering K, Avery VM, Duffy S, Delves M, Sinden R, Ruecker A, Wickham KS, Rochford R, Gahagen J, Iyer L, Riccio E, Mirsalis J, Bathhurst I, Rueckle T, Ding X, Campo B, Leroy D, Rogers MJ, Rathod PK, Burrows JN, Charman SA. A long-duration dihydroorotate dehydrogenase inhibitor (DSM265) for prevention and treatment of malaria. Sci Transl Med. 2015 Jul 15;7(296):296ra111. PMID: 26180101; PMCID: PMC4539048.",51347395
297,795.0,406.0,4RX0_1|Chain, Dihydroorotate dehydrogenase [Plasmodium falciparum],97.044,pdb|6I4B|A,0.0,Chain A,4RX0,6I4B,1,A,2.25,4RX0,Crystal structure of Plasmodium falciparum dihydroorotate dehydrogenase bound with Inhibitor DSM265,X-RAY DIFFRACTION,ORO|GOL|FMN|D65,,51347395|643976|967|753,Q08210,,26180101.0,10.1126/scitranslmed.aaa6645,PMC4539048,649306.0,"Phillips MA, Lotharius J, Marsh K, White J, Dayan A, White KL, Njoroge JW, El Mazouni F, Lao Y, Kokkonda S, Tomchick DR, Deng X, Laird T, Bhatia SN, March S, Ng CL, Fidock DA, Wittlin S, Lafuente-Monasterio M, Benito FJ, Alonso LM, Martinez MS, Jimenez-Diaz MB, Bazaga SF, Angulo-Barturen I, Haselden JN, Louttit J, Cui Y, Sridhar A, Zeeman AM, Kocken C, Sauerwein R, Dechering K, Avery VM, Duffy S, Delves M, Sinden R, Ruecker A, Wickham KS, Rochford R, Gahagen J, Iyer L, Riccio E, Mirsalis J, Bathhurst I, Rueckle T, Ding X, Campo B, Leroy D, Rogers MJ, Rathod PK, Burrows JN, Charman SA. A long-duration dihydroorotate dehydrogenase inhibitor (DSM265) for prevention and treatment of malaria. Sci Transl Med. 2015 Jul 15;7(296):296ra111. PMID: 26180101; PMCID: PMC4539048.",51347395
